year,date,tournament_id,tournament_name,match_name,stage,home_team,away_team,home_team_code,away_team_code,home_goals,away_goals,score,result,home_team_win,away_team_win,draw,extra_time,penalty_shootout,score_penalties,stadium,stadium_id,stadium_name,city,host_country,host_team,attendance,match_time,referee,notes,match_id,total_teams,matches_played,goals_scored_tournament,avg_goals_per_game,year_normalized,tournament_size_category,home_total_matches_before,home_total_wins_before,home_total_draws_before,home_total_losses_before,home_total_goals_for_before,home_total_goals_against_before,home_goal_diff_before,home_total_win_rate_before,home_goal_diff_per_match_before,home_goals_per_match_before,home_conceded_per_match_before,home_last5_points,home_last5_goal_diff,home_last5_win_rate,home_group_matches_before,home_group_wins_before,home_group_stage_win_rate_before,home_knockout_matches_before,home_knockout_wins_before,home_knockout_win_rate_before,home_times_played_as_home_before,home_times_played_as_away_before,home_home_wins_before,home_away_wins_before,home_home_win_rate_before,home_away_win_rate_before,home_home_away_win_rate_diff,home_avg_attendance_before,home_matches_season_before,home_wins_season_before,home_goals_scored_season_before,home_goals_conceded_season_before,home_win_rate_season_before,home_avg_goals_scored_season_before,home_avg_goals_conceded_season_before,home_goal_diff_season_before,home_tournaments_played_before,home_h2h_matches_before,home_h2h_wins_before,home_h2h_goal_diff_before,home_h2h_win_rate_home_before,home_has_won_world_cup_before_x,home_num_titles_before_x,home_num_finals_before_x,home_num_top3_before_x,home_is_defending_champion_x,home_total_teams_x,home_matches_played_x,home_goals_scored_tournament_x,home_avg_goals_per_game_x,home_year_normalized_x,home_tournament_size_category_x,home_has_won_world_cup_before_y,home_num_titles_before_y,home_num_finals_before_y,home_num_top3_before_y,home_is_defending_champion_y,home_total_teams_y,home_matches_played_y,home_goals_scored_tournament_y,home_avg_goals_per_game_y,home_year_normalized_y,home_tournament_size_category_y,home_elo_before,home_ranking_score,away_total_matches_before,away_total_wins_before,away_total_draws_before,away_total_losses_before,away_total_goals_for_before,away_total_goals_against_before,away_goal_diff_before,away_total_win_rate_before,away_goal_diff_per_match_before,away_goals_per_match_before,away_conceded_per_match_before,away_last5_points,away_last5_goal_diff,away_last5_win_rate,away_group_matches_before,away_group_wins_before,away_group_stage_win_rate_before,away_knockout_matches_before,away_knockout_wins_before,away_knockout_win_rate_before,away_times_played_as_home_before,away_times_played_as_away_before,away_home_wins_before,away_away_wins_before,away_home_win_rate_before,away_away_win_rate_before,away_home_away_win_rate_diff,away_avg_attendance_before,away_matches_season_before,away_wins_season_before,away_goals_scored_season_before,away_goals_conceded_season_before,away_win_rate_season_before,away_avg_goals_scored_season_before,away_avg_goals_conceded_season_before,away_goal_diff_season_before,away_tournaments_played_before,away_h2h_matches_before,away_h2h_wins_before,away_h2h_goal_diff_before,away_h2h_win_rate_home_before,away_has_won_world_cup_before_x,away_num_titles_before_x,away_num_finals_before_x,away_num_top3_before_x,away_is_defending_champion_x,away_total_teams_x,away_matches_played_x,away_goals_scored_tournament_x,away_avg_goals_per_game_x,away_year_normalized_x,away_tournament_size_category_x,away_has_won_world_cup_before_y,away_num_titles_before_y,away_num_finals_before_y,away_num_top3_before_y,away_is_defending_champion_y,away_total_teams_y,away_matches_played_y,away_goals_scored_tournament_y,away_avg_goals_per_game_y,away_year_normalized_y,away_tournament_size_category_y,away_elo_before,away_ranking_score,win_rate_diff,goal_diff_diff,form_diff,goals_per_match_diff,conceded_per_match_diff,season_win_rate_diff,season_goal_diff_diff,elo_diff,result_target,home_wc_goals_before,away_wc_goals_before,home_wc_unique_scorers_before,away_wc_unique_scorers_before,home_wc_penalty_goals_before,away_wc_penalty_goals_before,wc_goals_diff_before
1930,1930-07-13,WC-1930,1930 FIFA World Cup,France v Mexico,Group stage,France,Mexico,FRA,MEX,4.0,1.0,4-1,home team win,1.0,0.0,no,no,no,0-0,Estadio Pocitos,S-193,Estadio Pocitos,Montevideo,Uruguay,0.0,4444.0,15:00,Domingo Lombardi,,0,13,16,70,3.6,0.0,small,0,0.0,0.0,0.0,0.0,0.0,0.0,,,,,,,,0.0,0.0,,0.0,0.0,,0.0,0.0,0.0,0.0,,,,,0,0.0,0.0,0.0,,,,0.0,0,0,0.0,0.0,,1.0,1.0,1.0,1.0,0.0,13,16,70,3.6,0.0,small,0,0.0,0.0,0.0,0,13,16,70,3.6,0.0,small,1500.0,,0,1.0,0.0,0.0,4.0,1.0,3.0,,,,,,-2.0,,1.0,0.0,0.0,0.0,0.0,,1.0,0.0,0.0,0.0,0.0,,,,0,1.0,4.0,1.0,,,,3.0,0,0,1.0,3.0,,,,,,,13,16,70,3.6,0.0,small,1,2.0,4.0,6.0,0,13,16,70,3.6,0.0,small,1500.0,,,-3.0,,,,,-3.0,0.0,HomeWin,0,0,0,0,0,0,0
1930,1930-07-13,WC-1930,1930 FIFA World Cup,United States v Belgium,Group stage,United States,Belgium,USA,BEL,3.0,0.0,3-0,home team win,1.0,0.0,no,no,no,0-0,Estadio Gran Parque Central,S-192,Estadio Gran Parque Central,Montevideo,Uruguay,0.0,18346.0,15:00,Jose Macias,,1,13,16,70,3.6,0.0,small,0,0.0,0.0,1.0,1.0,4.0,-3.0,,,,,,-1.0,,1.0,1.0,1.0,0.0,0.0,,2.0,0.0,1.0,0.0,0.5,,,,0,0.0,1.0,4.0,,,,-3.0,0,0,0.0,-3.0,,0.0,0.0,0.0,1.0,0.0,13,16,70,3.6,0.0,small,0,0.0,0.0,0.0,0,13,16,70,3.6,0.0,small,1500.0,,0,1.0,0.0,0.0,3.0,0.0,3.0,,,,,,-1.0,,1.0,1.0,1.0,0.0,0.0,,3.0,0.0,1.0,0.0,0.3333333333333333,,,,0,1.0,3.0,0.0,,,,3.0,0,0,1.0,3.0,,0.0,0.0,0.0,1.0,0.0,13,16,70,3.6,0.0,small,0,0.0,0.0,1.0,0,13,16,70,3.6,0.0,small,1500.0,,,-6.0,,,,,-6.0,0.0,HomeWin,0,0,0,0,0,0,0
1930,1930-07-14,WC-1930,1930 FIFA World Cup,Romania v Peru,Group stage,Romania,Peru,ROU,PER,3.0,1.0,3-1,home team win,1.0,0.0,no,no,no,0-0,Estadio Pocitos,S-193,Estadio Pocitos,Montevideo,Uruguay,0.0,2549.0,14:50,Alberto Warnken,,2,13,16,70,3.6,0.0,small,0,0.0,0.0,1.0,0.0,3.0,-3.0,,,,,,-2.0,,1.0,1.0,1.0,0.0,0.0,,3.0,1.0,1.0,0.0,0.3333333333333333,0.0,0.3333333333333333,,0,0.0,0.0,3.0,,,,-3.0,0,0,0.0,-3.0,,,,,,,13,16,70,3.6,0.0,small,0,0.0,0.0,1.0,0,13,16,70,3.6,0.0,small,1500.0,,0,1.0,0.0,0.0,3.0,1.0,2.0,,,,,,-5.0,,1.0,1.0,1.0,0.0,0.0,,4.0,1.0,1.0,0.0,0.25,0.0,0.25,,0,1.0,3.0,1.0,,,,2.0,0,0,1.0,2.0,,,,,,,13,16,70,3.6,0.0,small,0,0.0,0.0,0.0,0,13,16,70,3.6,0.0,small,1500.0,,,-5.0,,,,,-5.0,0.0,HomeWin,0,0,0,0,0,0,0
1930,1930-07-14,WC-1930,1930 FIFA World Cup,Yugoslavia v Brazil,Group stage,Yugoslavia,Brazil,YUG,BRA,2.0,1.0,2-1,home team win,1.0,0.0,no,no,no,0-0,Estadio Gran Parque Central,S-192,Estadio Gran Parque Central,Montevideo,Uruguay,0.0,24059.0,12:45,Anibal Tejada,,3,13,16,70,3.6,0.0,small,0,0.0,0.0,1.0,1.0,3.0,-2.0,,,,,,-4.0,,1.0,1.0,1.0,0.0,0.0,,5.0,1.0,1.0,0.0,0.2,0.0,0.2,,0,0.0,1.0,3.0,,,,-2.0,0,0,0.0,-2.0,,,,,,,13,16,70,3.6,0.0,small,0,0.0,0.0,0.0,0,13,16,70,3.6,0.0,small,1500.0,,0,1.0,0.0,0.0,2.0,1.0,1.0,,,,,,-5.0,,1.0,1.0,1.0,0.0,0.0,,5.0,2.0,1.0,0.0,0.2,0.0,0.2,,0,1.0,2.0,1.0,,,,1.0,0,0,1.0,1.0,,0.0,0.0,0.0,1.0,0.0,13,16,70,3.6,0.0,small,0,0.0,0.0,0.0,0,13,16,70,3.6,0.0,small,1500.0,,,-3.0,,,,,-3.0,0.0,HomeWin,0,0,0,0,0,0,0
1930,1930-07-15,WC-1930,1930 FIFA World Cup,Argentina v France,Group stage,Argentina,France,ARG,FRA,1.0,0.0,1-0,home team win,1.0,0.0,no,no,no,0-0,Estadio Gran Parque Central,S-192,Estadio Gran Parque Central,Montevideo,Uruguay,0.0,23409.0,16:00,Gilberto Rego,,4,13,16,70,3.6,0.0,small,0,0.0,0.0,1.0,1.0,2.0,-1.0,,,,,,-6.0,,1.0,1.0,1.0,0.0,0.0,,5.0,3.0,1.0,0.0,0.2,0.0,0.2,,0,0.0,1.0,2.0,,,,-1.0,0,0,0.0,-1.0,,0.0,0.0,0.0,0.0,0.0,13,16,70,3.6,0.0,small,1,5.0,7.0,9.0,0,13,16,70,3.6,0.0,small,1500.0,,1,1.0,0.0,0.0,1.0,0.0,1.0,1.0,1.0,1.0,0.0,3.0,-6.0,1.0,1.0,1.0,1.0,0.0,0.0,,5.0,4.0,1.0,0.0,0.2,0.0,0.2,4444.0,1,1.0,1.0,0.0,1.0,1.0,0.0,1.0,0,0,1.0,1.0,,1.0,1.0,1.0,1.0,0.0,13,16,70,3.6,0.0,small,0,0.0,0.0,0.0,0,13,16,70,3.6,0.0,small,1510.0,,,-2.0,,,,,-2.0,-10.0,HomeWin,0,4,0,3,0,0,-4
1930,1930-07-16,WC-1930,1930 FIFA World Cup,Chile v Mexico,Group stage,Chile,Mexico,CHL,MEX,3.0,0.0,3-0,home team win,1.0,0.0,no,no,no,0-0,Estadio Gran Parque Central,S-192,Estadio Gran Parque Central,Montevideo,Uruguay,0.0,9249.0,14:45,Henry Cristophe,,5,13,16,70,3.6,0.0,small,0,1.0,0.0,1.0,4.0,2.0,2.0,,,,,,-1.0,,2.0,2.0,1.0,0.0,0.0,,5.0,5.0,1.0,1.0,0.2,0.2,0.0,,0,1.0,4.0,2.0,,,,2.0,0,0,0.0,-1.0,,1.0,5.0,7.0,9.0,0.0,13,16,70,3.6,0.0,small,1,3.0,6.0,6.0,0,13,16,70,3.6,0.0,small,1500.0,,1,1.0,0.0,0.0,3.0,0.0,3.0,1.0,3.0,3.0,0.0,0.0,0.0,0.0,1.0,2.0,2.0,0.0,0.0,,6.0,5.0,1.0,1.0,0.1666666666666666,0.2,-0.0333333333333333,4444.0,1,1.0,3.0,0.0,1.0,3.0,0.0,3.0,0,0,1.0,3.0,,,,,,,13,16,70,3.6,0.0,small,1,2.0,4.0,6.0,0,13,16,70,3.6,0.0,small,1490.0,,,-1.0,,,,,-1.0,10.0,HomeWin,0,1,0,1,0,0,-1
1930,1930-07-17,WC-1930,1930 FIFA World Cup,United States v Paraguay,Group stage,United States,Paraguay,USA,PRY,3.0,0.0,3-0,home team win,1.0,0.0,no,no,no,0-0,Estadio Gran Parque Central,S-192,Estadio Gran Parque Central,Montevideo,Uruguay,0.0,18306.0,14:45,Jose Macias,,6,13,16,70,3.6,0.0,small,1,0.0,0.0,2.0,1.0,7.0,-6.0,0.0,-6.0,1.0,7.0,3.0,,1.0,2.0,0.0,0.0,0.0,0.0,,0.0,0.0,0.0,0.0,,,,18346.0,1,0.0,1.0,7.0,0.0,1.0,7.0,-6.0,0,0,0.0,-3.0,,0.0,0.0,0.0,1.0,0.0,13,16,70,3.6,0.0,small,0,0.0,0.0,0.0,0,13,16,70,3.6,0.0,small,1510.0,,0,2.0,0.0,0.0,6.0,0.0,6.0,,,,,,-1.0,,2.0,0.0,0.0,0.0,0.0,,1.0,0.0,0.0,0.0,0.0,,,,0,2.0,6.0,0.0,,,,6.0,0,0,1.0,3.0,,,,,,,13,16,70,3.6,0.0,small,0,0.0,0.0,1.0,0,13,16,70,3.6,0.0,small,1500.0,,,-12.0,,,,,-12.0,10.0,HomeWin,3,0,3,0,0,0,3
1930,1930-07-17,WC-1930,1930 FIFA World Cup,Yugoslavia v Bolivia,Group stage,Yugoslavia,Bolivia,YUG,BOL,4.0,0.0,4-0,home team win,1.0,0.0,no,no,no,0-0,Estadio Gran Parque Central,S-192,Estadio Gran Parque Central,Montevideo,Uruguay,0.0,18306.0,12:45,Francisco Mateucci,,7,13,16,70,3.6,0.0,small,1,0.0,0.0,1.0,0.0,3.0,-3.0,0.0,-3.0,0.0,3.0,3.0,-1.0,1.0,1.0,0.0,0.0,0.0,0.0,,1.0,1.0,0.0,0.0,0.0,0.0,0.0,24059.0,1,0.0,0.0,3.0,0.0,0.0,3.0,-3.0,0,0,0.0,-3.0,,,,,,,13,16,70,3.6,0.0,small,0,0.0,0.0,0.0,0,13,16,70,3.6,0.0,small,1510.0,,0,2.0,0.0,0.0,6.0,1.0,5.0,,,,,,,,2.0,0.0,0.0,0.0,0.0,,0.0,0.0,0.0,0.0,,,,,0,2.0,6.0,1.0,,,,5.0,0,0,1.0,4.0,,,,,,,13,16,70,3.6,0.0,small,0,0.0,0.0,0.0,0,13,16,70,3.6,0.0,small,1500.0,,,-8.0,,,,,-8.0,10.0,HomeWin,2,0,2,0,0,0,2
1930,1930-07-18,WC-1930,1930 FIFA World Cup,Uruguay v Peru,Group stage,Uruguay,Peru,URY,PER,1.0,0.0,1-0,home team win,1.0,0.0,no,no,no,0-0,Estadio Centenario,S-191,Estadio Centenario,Montevideo,Uruguay,1.0,57735.0,14:30,Jean Langenus,,8,13,16,70,3.6,0.0,small,0,0.0,0.0,1.0,0.0,4.0,-4.0,,,,,,1.0,,1.0,1.0,1.0,0.0,0.0,,1.0,0.0,1.0,0.0,1.0,,,,0,0.0,0.0,4.0,,,,-4.0,0,0,0.0,-4.0,,0.0,0.0,0.0,1.0,0.0,13,16,70,3.6,0.0,small,0,0.0,0.0,0.0,0,13,16,70,3.6,0.0,small,1500.0,,1,1.0,0.0,0.0,1.0,0.0,1.0,1.0,1.0,1.0,0.0,0.0,4.0,0.0,1.0,2.0,2.0,0.0,0.0,,2.0,0.0,2.0,0.0,1.0,,,2549.0,1,1.0,1.0,0.0,1.0,1.0,0.0,1.0,0,0,1.0,1.0,,,,,,,13,16,70,3.6,0.0,small,0,0.0,0.0,0.0,0,13,16,70,3.6,0.0,small,1490.0,,,-5.0,,,,,-5.0,10.0,HomeWin,0,1,0,1,0,0,-1
1930,1930-07-19,WC-1930,1930 FIFA World Cup,Argentina v Mexico,Group stage,Argentina,Mexico,ARG,MEX,6.0,3.0,6-3,home team win,1.0,0.0,no,no,no,0-0,Estadio Centenario,S-191,Estadio Centenario,Montevideo,Uruguay,0.0,42100.0,15:00,Ulises Saucedo,,9,13,16,70,3.6,0.0,small,1,0.0,0.0,2.0,1.0,4.0,-3.0,0.0,-3.0,1.0,4.0,3.0,6.0,1.0,2.0,3.0,1.5,0.0,0.0,,3.0,0.0,3.0,0.0,1.0,,,23409.0,1,0.0,1.0,4.0,0.0,1.0,4.0,-3.0,0,0,0.0,-1.0,,0.0,0.0,0.0,0.0,0.0,13,16,70,3.6,0.0,small,1,5.0,7.0,9.0,0,13,16,70,3.6,0.0,small,1510.28774368332,,2,2.0,0.0,0.0,7.0,3.0,4.0,1.0,2.0,3.5,1.5,0.0,11.0,0.0,2.0,3.0,1.5,0.0,1.0,,4.0,0.0,4.0,0.0,1.0,,,6846.5,2,2.0,7.0,3.0,1.0,3.5,1.5,4.0,0,0,1.0,3.0,,,,,,,13,16,70,3.6,0.0,small,1,2.0,4.0,6.0,0,13,16,70,3.6,0.0,small,1480.28774368332,,-1.0,-7.0,1.0,-2.5,2.5,-1.0,-7.0,30.0,HomeWin,1,1,1,1,0,0,0
1930,1930-07-19,WC-1930,1930 FIFA World Cup,Chile v France,Group stage,Chile,France,CHL,FRA,1.0,0.0,1-0,home team win,1.0,0.0,no,no,no,0-0,Estadio Centenario,S-191,Estadio Centenario,Montevideo,Uruguay,0.0,2000.0,12:50,Anibal Tejada,,10,13,16,70,3.6,0.0,small,1,0.0,0.0,3.0,4.0,13.0,-9.0,0.0,-9.0,4.0,13.0,3.0,9.0,1.0,3.0,3.0,1.0,0.0,1.0,,4.0,1.0,4.0,0.0,1.0,0.0,1.0,9249.0,1,0.0,4.0,13.0,0.0,4.0,13.0,-9.0,0,0,0.0,-3.0,,1.0,5.0,7.0,9.0,0.0,13,16,70,3.6,0.0,small,1,3.0,6.0,6.0,0,13,16,70,3.6,0.0,small,1509.71225631668,,2,2.0,0.0,0.0,4.0,0.0,4.0,1.0,2.0,2.0,0.0,3.0,7.0,0.5,2.0,3.0,1.5,0.0,1.0,,4.0,2.0,4.0,0.0,1.0,0.0,1.0,13926.5,2,2.0,4.0,0.0,1.0,2.0,0.0,4.0,0,0,1.0,1.0,,1.0,1.0,1.0,1.0,0.0,13,16,70,3.6,0.0,small,0,0.0,0.0,0.0,0,13,16,70,3.6,0.0,small,1499.71225631668,,-1.0,-13.0,0.5,2.0,13.0,-1.0,-13.0,10.0,HomeWin,3,4,2,3,0,0,-1
1930,1930-07-20,WC-1930,1930 FIFA World Cup,Brazil v Bolivia,Group stage,Brazil,Bolivia,BRA,BOL,4.0,0.0,4-0,home team win,1.0,0.0,no,no,no,0-0,Estadio Centenario,S-191,Estadio Centenario,Montevideo,Uruguay,0.0,25466.0,13:00,Thomas Balway,,11,13,16,70,3.6,0.0,small,1,1.0,0.0,2.0,4.0,3.0,1.0,1.0,1.0,4.0,3.0,0.0,6.0,0.0,3.0,4.0,1.3333333333333333,0.0,1.0,,5.0,2.0,5.0,0.0,1.0,0.0,1.0,24059.0,1,1.0,4.0,3.0,1.0,4.0,3.0,1.0,0,0,0.0,-1.0,,0.0,0.0,0.0,1.0,0.0,13,16,70,3.6,0.0,small,0,0.0,0.0,0.0,0,13,16,70,3.6,0.0,small,1490.0,,1,1.0,0.0,1.0,5.0,2.0,3.0,1.0,3.0,5.0,2.0,0.0,-1.0,0.0,2.0,4.0,2.0,0.0,1.0,,5.0,3.0,5.0,0.0,1.0,0.0,1.0,18306.0,1,1.0,5.0,2.0,1.0,5.0,2.0,3.0,0,0,1.0,4.0,,,,,,,13,16,70,3.6,0.0,small,0,0.0,0.0,0.0,0,13,16,70,3.6,0.0,small,1490.28774368332,,0.0,-2.0,0.0,-1.0,1.0,0.0,-2.0,-0.287743683320059,HomeWin,1,0,1,0,0,0,1
1930,1930-07-20,WC-1930,1930 FIFA World Cup,Paraguay v Belgium,Group stage,Paraguay,Belgium,PRY,BEL,1.0,0.0,1-0,home team win,1.0,0.0,no,no,no,0-0,Estadio Centenario,S-191,Estadio Centenario,Montevideo,Uruguay,0.0,12000.0,15:00,Ricardo Vallarino,,12,13,16,70,3.6,0.0,small,1,0.0,0.0,2.0,0.0,8.0,-8.0,0.0,-8.0,0.0,8.0,0.0,-5.0,0.0,2.0,5.0,2.5,0.0,1.0,,6.0,3.0,6.0,0.0,1.0,0.0,1.0,18306.0,1,0.0,0.0,8.0,0.0,0.0,8.0,-8.0,0,0,0.0,-4.0,,,,,,,13,16,70,3.6,0.0,small,0,0.0,0.0,1.0,0,13,16,70,3.6,0.0,small,1490.28774368332,,1,1.0,0.0,1.0,1.0,3.0,-2.0,1.0,-2.0,1.0,3.0,0.0,-5.0,0.0,2.0,5.0,2.5,0.0,1.0,,6.0,4.0,6.0,0.0,1.0,0.0,1.0,18346.0,1,1.0,1.0,3.0,1.0,1.0,3.0,-2.0,0,0,1.0,1.0,,0.0,0.0,0.0,1.0,0.0,13,16,70,3.6,0.0,small,0,0.0,0.0,1.0,0,13,16,70,3.6,0.0,small,1490.0,,-1.0,-6.0,0.0,-1.0,5.0,-1.0,-6.0,0.287743683320059,HomeWin,0,0,0,0,0,0,0
1930,1930-07-21,WC-1930,1930 FIFA World Cup,Uruguay v Romania,Group stage,Uruguay,Romania,URY,ROU,4.0,0.0,4-0,home team win,1.0,0.0,no,no,no,0-0,Estadio Centenario,S-191,Estadio Centenario,Montevideo,Uruguay,1.0,70022.0,14:50,Gilberto Rego,,13,13,16,70,3.6,0.0,small,1,0.0,0.0,2.0,0.0,4.0,-4.0,0.0,-4.0,0.0,4.0,3.0,-4.0,1.0,2.0,5.0,2.5,0.0,1.0,,6.0,5.0,6.0,0.0,1.0,0.0,1.0,57735.0,1,0.0,0.0,4.0,0.0,0.0,4.0,-4.0,0,0,0.0,-1.0,,0.0,0.0,0.0,1.0,0.0,13,16,70,3.6,0.0,small,0,0.0,0.0,0.0,0,13,16,70,3.6,0.0,small,1509.71225631668,,1,2.0,0.0,0.0,5.0,0.0,5.0,2.0,5.0,5.0,0.0,3.0,-5.0,1.0,2.0,6.0,3.0,0.0,1.0,,7.0,5.0,7.0,0.0,1.0,0.0,1.0,2549.0,1,2.0,5.0,0.0,2.0,5.0,0.0,5.0,0,0,1.0,4.0,,,,,,,13,16,70,3.6,0.0,small,0,0.0,0.0,1.0,0,13,16,70,3.6,0.0,small,1510.0,,-2.0,-9.0,0.0,-5.0,4.0,-2.0,-9.0,-0.287743683320059,HomeWin,1,3,1,3,0,0,-2
1930,1930-07-22,WC-1930,1930 FIFA World Cup,Argentina v Chile,Group stage,Argentina,Chile,ARG,CHL,3.0,1.0,3-1,home team win,1.0,0.0,no,no,no,0-0,Estadio Centenario,S-191,Estadio Centenario,Montevideo,Uruguay,0.0,41459.0,14:45,Jean Langenus,,14,13,16,70,3.6,0.0,small,2,1.0,0.0,1.0,3.0,5.0,-2.0,0.5,-1.0,1.5,2.5,6.0,2.0,1.0,2.0,7.0,3.5,0.0,1.0,,8.0,5.0,8.0,0.0,1.0,0.0,1.0,32754.5,2,1.0,3.0,5.0,0.5,1.5,2.5,-2.0,0,0,0.0,-4.0,,0.0,0.0,0.0,0.0,0.0,13,16,70,3.6,0.0,small,1,5.0,7.0,9.0,0,13,16,70,3.6,0.0,small,1519.4264138428755,,2,3.0,0.0,0.0,10.0,4.0,6.0,1.5,3.0,5.0,2.0,6.0,0.0,1.0,3.0,7.0,2.3333333333333335,0.0,1.0,,8.0,6.0,8.0,0.0,1.0,0.0,1.0,5624.5,2,3.0,10.0,4.0,1.5,5.0,2.0,6.0,0,0,1.0,2.0,,1.0,5.0,7.0,9.0,0.0,13,16,70,3.6,0.0,small,1,3.0,6.0,6.0,0,13,16,70,3.6,0.0,small,1519.42451263336,,-1.0,-8.0,0.0,-3.5,0.5,-1.0,-8.0,0.0019012095158359,HomeWin,7,4,4,3,0,0,3
1930,1930-07-26,WC-1930,1930 FIFA World Cup,Argentina v United States,Semi-finals,Argentina,United States,ARG,USA,6.0,1.0,6-1,home team win,1.0,0.0,no,no,no,0-0,Estadio Centenario,S-191,Estadio Centenario,Montevideo,Uruguay,0.0,72886.0,14:45,Jean Langenus,,15,13,16,70,3.6,0.0,small,3,2.0,0.0,1.0,5.0,3.0,2.0,0.6666666666666666,0.6666666666666666,1.6666666666666667,1.0,9.0,1.0,1.0,3.0,7.0,2.3333333333333335,0.0,1.0,,8.0,7.0,8.0,0.0,1.0,0.0,1.0,35656.0,3,2.0,5.0,3.0,0.6666666666666666,1.6666666666666667,1.0,2.0,0,0,0.0,-2.0,,0.0,0.0,0.0,0.0,0.0,13,16,70,3.6,0.0,small,1,5.0,7.0,9.0,0,13,16,70,3.6,0.0,small,1529.426359121667,,2,4.0,0.0,0.0,16.0,5.0,11.0,2.0,5.5,8.0,2.5,6.0,1.0,1.0,3.0,7.0,2.3333333333333335,1.0,1.0,1.0,9.0,7.0,8.0,0.0,0.8888888888888888,0.0,0.8888888888888888,18326.0,2,4.0,16.0,5.0,2.0,8.0,2.5,11.0,0,0,1.0,5.0,,0.0,0.0,0.0,1.0,0.0,13,16,70,3.6,0.0,small,0,0.0,0.0,0.0,0,13,16,70,3.6,0.0,small,1519.71225631668,,-1.3333333333333337,-9.0,0.0,-6.333333333333333,-1.5,-1.3333333333333337,-9.0,9.714102804987078,HomeWin,10,6,6,4,0,0,4
1930,1930-07-27,WC-1930,1930 FIFA World Cup,Uruguay v Yugoslavia,Semi-finals,Uruguay,Yugoslavia,URY,YUG,6.0,1.0,6-1,home team win,1.0,0.0,no,no,no,0-0,Estadio Centenario,S-191,Estadio Centenario,Montevideo,Uruguay,1.0,79867.0,14:45,Gilberto Rego,,16,13,16,70,3.6,0.0,small,2,2.0,0.0,1.0,7.0,6.0,1.0,1.0,0.5,3.5,3.0,6.0,3.0,1.0,2.0,8.0,4.0,1.0,1.0,1.0,10.0,7.0,9.0,0.0,0.9,0.0,0.9,63878.5,2,2.0,7.0,6.0,1.0,3.5,3.0,1.0,0,0,0.0,-5.0,,0.0,0.0,0.0,1.0,0.0,13,16,70,3.6,0.0,small,0,0.0,0.0,0.0,0,13,16,70,3.6,0.0,small,1519.7205382437342,,2,3.0,0.0,0.0,11.0,1.0,10.0,1.5,5.0,5.5,0.5,6.0,-3.0,1.0,2.0,8.0,4.0,1.0,1.0,1.0,10.0,8.0,9.0,0.0,0.9,0.0,0.9,21182.5,2,3.0,11.0,1.0,1.5,5.5,0.5,10.0,0,0,1.0,5.0,,,,,,,13,16,70,3.6,0.0,small,0,0.0,0.0,0.0,0,13,16,70,3.6,0.0,small,1519.71225631668,,-0.5,-9.0,0.0,-2.0,2.5,-0.5,-9.0,0.0082819270542131,HomeWin,5,6,5,5,0,0,-1
1930,1930-07-30,WC-1930,1930 FIFA World Cup,Uruguay v Argentina,Final,Uruguay,Argentina,URY,ARG,4.0,2.0,4-2,home team win,1.0,0.0,no,no,no,0-0,Estadio Centenario,S-191,Estadio Centenario,Montevideo,Uruguay,1.0,68346.0,14:15,Jean Langenus,,17,13,16,70,3.6,0.0,small,3,2.0,0.0,1.0,7.0,7.0,0.0,0.6666666666666666,0.0,2.3333333333333335,2.3333333333333335,9.0,-3.0,1.0,2.0,8.0,4.0,1.0,1.0,1.0,11.0,8.0,9.0,0.0,0.8181818181818182,0.0,0.8181818181818182,69208.0,3,2.0,7.0,7.0,0.6666666666666666,2.3333333333333335,2.3333333333333335,0.0,0,0,0.0,-5.0,,0.0,0.0,0.0,1.0,0.0,13,16,70,3.6,0.0,small,0,0.0,0.0,0.0,0,13,16,70,3.6,0.0,small,1529.720299870712,,4,4.0,0.0,0.0,15.0,3.0,12.0,1.0,3.0,3.75,0.75,12.0,-2.0,1.0,2.0,8.0,4.0,2.0,1.0,0.5,12.0,8.0,9.0,0.0,0.75,0.0,0.75,44963.5,4,4.0,15.0,3.0,1.0,3.75,0.75,12.0,0,0,1.0,2.0,,0.0,0.0,0.0,0.0,0.0,13,16,70,3.6,0.0,small,1,5.0,7.0,9.0,0,13,16,70,3.6,0.0,small,1539.146837600778,,-0.3333333333333333,-12.0,0.0,-1.4166666666666663,1.5833333333333337,-0.3333333333333333,-12.0,-9.426537730065776,HomeWin,11,16,8,10,0,0,-5
1934,1934-05-27,WC-1934,1934 FIFA World Cup,Austria v France,Round of 16,Austria,France,AUT,FRA,3.0,2.0,3-2,home team win,1.0,0.0,no,yes,no,0-0,Stadio Benito Mussolini,S-081,Stadio Benito Mussolini,Turin,Italy,0.0,16000.0,16:00,Johannes Van Moorsel,Required Extra Time,18,16,17,70,4.1,0.0434782608695652,small,0,4.0,0.0,1.0,18.0,9.0,9.0,,,,,,-1.0,,3.0,9.0,3.0,2.0,1.0,0.5,13.0,8.0,10.0,0.0,0.7692307692307693,0.0,0.7692307692307693,,0,4.0,18.0,9.0,,,,9.0,0,0,0.0,-2.0,,0.0,0.0,0.0,0.0,0.0,16,17,70,4.1,0.0434782608695652,small,0,0.0,0.0,0.0,0,16,17,70,4.1,0.0434782608695652,small,1500.0,,3,1.0,0.0,0.0,3.0,2.0,1.0,0.3333333333333333,0.3333333333333333,1.0,0.6666666666666666,3.0,-3.0,0.3333333333333333,0.0,10.0,,1.0,1.0,1.0,14.0,8.0,11.0,0.0,0.7857142857142857,0.0,0.7857142857142857,9951.0,0,1.0,3.0,2.0,,,,1.0,1,0,1.0,1.0,,0.0,0.0,0.0,0.0,0.0,16,17,70,4.1,0.0434782608695652,small,0,0.0,0.0,0.0,0,16,17,70,4.1,0.0434782608695652,small,1490.0,,,8.0,,,,,8.0,10.0,HomeWin,0,4,0,3,0,0,-4
1934,1934-05-27,WC-1934,1934 FIFA World Cup,Czechoslovakia v Romania,Round of 16,Czechoslovakia,Romania,CSK,ROU,2.0,1.0,2-1,home team win,1.0,0.0,no,no,no,0-0,Stadio Littorio,S-080,Stadio Littorio,Trieste,Italy,0.0,9000.0,16:00,Jean Langenus,,19,16,17,70,4.1,0.0434782608695652,small,0,1.0,0.0,3.0,6.0,6.0,0.0,,,,,,0.0,,3.0,10.0,3.3333333333333335,1.0,1.0,1.0,15.0,8.0,11.0,0.0,0.7333333333333333,0.0,0.7333333333333333,,0,0.0,2.0,3.0,,,,-1.0,0,0,0.0,-1.0,,0.0,0.0,0.0,0.0,0.0,16,17,70,4.1,0.0434782608695652,small,0,0.0,0.0,0.0,0,16,17,70,4.1,0.0434782608695652,small,1500.0,,2,1.0,0.0,0.0,2.0,1.0,1.0,0.5,0.5,1.0,0.5,3.0,3.0,0.5,0.0,11.0,,1.0,1.0,1.0,16.0,8.0,12.0,0.0,0.75,0.0,0.75,36285.5,0,1.0,2.0,1.0,,,,1.0,1,0,1.0,1.0,,,,,,,16,17,70,4.1,0.0434782608695652,small,0,0.0,0.0,0.0,0,16,17,70,4.1,0.0434782608695652,small,1499.9917180729458,,,-1.0,,,,,-2.0,0.0082819270542131,HomeWin,0,3,0,3,0,0,-3
1934,1934-05-27,WC-1934,1934 FIFA World Cup,Germany v Belgium,Round of 16,Germany,Belgium,DEU,BEL,5.0,2.0,5-2,home team win,1.0,0.0,no,no,no,0-0,Stadio Giovanni Berta,S-072,Stadio Giovanni Berta,Florence,Italy,0.0,8000.0,16:00,Francesco Mattea,,20,16,17,70,4.1,0.0434782608695652,small,0,1.0,0.0,2.0,4.0,7.0,-3.0,,,,,,3.0,,2.0,11.0,5.5,1.0,1.0,1.0,17.0,8.0,12.0,0.0,0.7058823529411765,0.0,0.7058823529411765,,0,0.0,1.0,2.0,,,,-1.0,0,0,0.0,-1.0,,0.0,0.0,0.0,0.0,0.0,16,17,70,4.1,0.0434782608695652,small,0,0.0,0.0,0.0,0,16,17,70,4.1,0.0434782608695652,small,1500.0,,2,1.0,0.0,0.0,5.0,2.0,3.0,0.5,1.5,2.5,1.0,0.0,8.0,0.0,0.0,12.0,,1.0,1.0,1.0,18.0,8.0,13.0,0.0,0.7222222222222222,0.0,0.7222222222222222,15173.0,0,1.0,5.0,2.0,,,,3.0,1,0,1.0,3.0,,0.0,0.0,0.0,0.0,0.0,16,17,70,4.1,0.0434782608695652,small,0,0.0,0.0,0.0,0,16,17,70,4.1,0.0434782608695652,small,1480.0082819270542,,,-6.0,,,,,-4.0,19.991718072945787,HomeWin,0,0,0,0,0,0,0
1934,1934-05-27,WC-1934,1934 FIFA World Cup,Hungary v Egypt,Round of 16,Hungary,Egypt,HUN,EGY,4.0,2.0,4-2,home team win,1.0,0.0,no,no,no,0-0,Stadio Giorgio Ascarelli,S-075,Stadio Giorgio Ascarelli,Naples,Italy,0.0,9000.0,16:00,Rinaldo Barlassina,,21,16,17,70,4.1,0.0434782608695652,small,0,0.0,0.0,3.0,2.0,9.0,-7.0,,,,,,9.0,,2.0,12.0,6.0,1.0,2.0,2.0,19.0,8.0,14.0,0.0,0.7368421052631579,0.0,0.7368421052631579,,0,0.0,2.0,5.0,,,,-3.0,0,0,0.0,-3.0,,0.0,0.0,0.0,0.0,0.0,16,17,70,4.1,0.0434782608695652,small,0,0.0,0.0,0.0,0,16,17,70,4.1,0.0434782608695652,small,1500.0,,0,1.0,0.0,0.0,4.0,2.0,2.0,,,,,,9.0,,0.0,12.0,,1.0,2.0,2.0,20.0,8.0,14.0,0.0,0.7,0.0,0.7,,0,1.0,4.0,2.0,,,,2.0,0,0,1.0,2.0,,,,,,,16,17,70,4.1,0.0434782608695652,small,0,0.0,0.0,0.0,0,16,17,70,4.1,0.0434782608695652,small,1500.0,,,-9.0,,,,,-5.0,0.0,HomeWin,0,0,0,0,0,0,0
1934,1934-05-27,WC-1934,1934 FIFA World Cup,Italy v United States,Round of 16,Italy,United States,ITA,USA,7.0,1.0,7-1,home team win,1.0,0.0,no,no,no,0-0,Stadio Nazionale PNF,S-078,Stadio Nazionale PNF,Rome,Italy,1.0,25000.0,16:00,Rene Mercet,,22,16,17,70,4.1,0.0434782608695652,small,0,0.0,0.0,1.0,2.0,4.0,-2.0,,,,,,10.0,,0.0,13.0,,1.0,2.0,2.0,21.0,8.0,15.0,0.0,0.7142857142857143,0.0,0.7142857142857143,,0,0.0,2.0,4.0,,,,-2.0,0,0,0.0,-2.0,,0.0,0.0,0.0,0.0,0.0,16,17,70,4.1,0.0434782608695652,small,0,0.0,0.0,0.0,0,16,17,70,4.1,0.0434782608695652,small,1500.0,,3,1.0,0.0,0.0,7.0,1.0,6.0,0.3333333333333333,2.0,2.3333333333333335,0.3333333333333333,6.0,12.0,0.6666666666666666,0.0,14.0,,1.0,2.0,2.0,22.0,8.0,16.0,0.0,0.7272727272727273,0.0,0.7272727272727273,36512.666666666664,0,1.0,7.0,1.0,,,,6.0,1,0,1.0,6.0,,0.0,0.0,0.0,1.0,0.0,16,17,70,4.1,0.0434782608695652,small,0,0.0,0.0,1.0,0,16,17,70,4.1,0.0434782608695652,small,1509.991777837569,,,-8.0,,,,,-8.0,-9.991777837569089,HomeWin,0,7,0,5,0,0,-7
1934,1934-05-27,WC-1934,1934 FIFA World Cup,Spain v Brazil,Round of 16,Spain,Brazil,ESP,BRA,3.0,1.0,3-1,home team win,1.0,0.0,no,no,no,0-0,Stadio Luigi Ferraris,S-073,Stadio Luigi Ferraris,Genoa,Italy,0.0,21000.0,16:00,Alfred Birlem,,23,16,17,70,4.1,0.0434782608695652,small,0,2.0,0.0,2.0,8.0,13.0,-5.0,,,,,,5.0,,2.0,14.0,7.0,2.0,2.0,1.0,22.0,9.0,16.0,0.0,0.7272727272727273,0.0,0.7272727272727273,,0,0.0,1.0,7.0,,,,-6.0,0,0,0.0,-6.0,,0.0,0.0,0.0,0.0,0.0,16,17,70,4.1,0.0434782608695652,small,0,0.0,0.0,0.0,0,16,17,70,4.1,0.0434782608695652,small,1500.0,,2,1.0,0.0,0.0,3.0,1.0,2.0,0.5,1.0,1.5,0.5,3.0,1.0,0.5,0.0,14.0,,1.0,2.0,2.0,23.0,9.0,16.0,0.0,0.6956521739130435,0.0,0.6956521739130435,24762.5,0,1.0,3.0,1.0,,,,2.0,1,0,1.0,2.0,,0.0,0.0,0.0,0.0,0.0,16,17,70,4.1,0.0434782608695652,small,0,0.0,0.0,0.0,0,16,17,70,4.1,0.0434782608695652,small,1500.0082819270542,,,-7.0,,,,,-8.0,-0.0082819270542131,HomeWin,0,5,0,3,0,0,-5
1934,1934-05-27,WC-1934,1934 FIFA World Cup,Sweden v Argentina,Round of 16,Sweden,Argentina,SWE,ARG,3.0,2.0,3-2,home team win,1.0,0.0,no,no,no,0-0,Stadio Renato Dall'Ara,S-069,Stadio Renato Dall'Ara,Bologna,Italy,0.0,14000.0,16:00,Eugen Braun,,24,16,17,70,4.1,0.0434782608695652,small,0,1.0,0.0,2.0,6.0,5.0,1.0,,,,,,4.0,,2.0,15.0,7.5,1.0,2.0,2.0,24.0,9.0,17.0,0.0,0.7083333333333334,0.0,0.7083333333333334,,0,0.0,1.0,3.0,,,,-2.0,0,0,0.0,-2.0,,0.0,0.0,0.0,0.0,0.0,16,17,70,4.1,0.0434782608695652,small,0,0.0,0.0,0.0,0,16,17,70,4.1,0.0434782608695652,small,1500.0,,5,1.0,0.0,0.0,3.0,2.0,1.0,0.2,0.2,0.6,0.4,12.0,1.0,0.8,0.0,15.0,,1.0,2.0,2.0,24.0,10.0,17.0,0.0,0.7083333333333334,0.0,0.7083333333333334,49640.0,0,1.0,3.0,2.0,,,,1.0,1,0,1.0,1.0,,0.0,0.0,1.0,1.0,0.0,16,17,70,4.1,0.0434782608695652,small,0,0.0,1.0,1.0,0,16,17,70,4.1,0.0434782608695652,small,1528.8755865906833,,,0.0,,,,,-3.0,-28.87558659068327,HomeWin,0,18,0,12,0,0,-18
1934,1934-05-27,WC-1934,1934 FIFA World Cup,Switzerland v Netherlands,Round of 16,Switzerland,Netherlands,CHE,NLD,3.0,2.0,3-2,home team win,1.0,0.0,no,no,no,0-0,San Siro,S-074,San Siro,Milan,Italy,0.0,33000.0,16:00,Ivan Eklind,,25,16,17,70,4.1,0.0434782608695652,small,0,4.0,0.0,2.0,20.0,12.0,8.0,,,,,,1.0,,3.0,16.0,5.333333333333333,3.0,2.0,0.6666666666666666,25.0,10.0,18.0,0.0,0.72,0.0,0.72,,0,0.0,2.0,3.0,,,,-1.0,0,0,0.0,-1.0,,,,,,,16,17,70,4.1,0.0434782608695652,small,0,0.0,0.0,0.0,0,16,17,70,4.1,0.0434782608695652,small,1500.0,,0,1.0,0.0,0.0,3.0,2.0,1.0,,,,,,3.0,,0.0,16.0,,1.0,3.0,3.0,26.0,10.0,19.0,0.0,0.7307692307692307,0.0,0.7307692307692307,,0,1.0,3.0,2.0,,,,1.0,0,0,1.0,1.0,,0.0,0.0,0.0,0.0,0.0,16,17,70,4.1,0.0434782608695652,small,0,0.0,0.0,0.0,0,16,17,70,4.1,0.0434782608695652,small,1500.0,,,7.0,,,,,-2.0,0.0,HomeWin,0,0,0,0,0,0,0
1934,1934-05-31,WC-1934,1934 FIFA World Cup,Austria v Hungary,Quarter-finals,Austria,Hungary,AUT,HUN,2.0,1.0,2-1,home team win,1.0,0.0,no,no,no,0-0,Stadio Renato Dall'Ara,S-069,Stadio Renato Dall'Ara,Bologna,Italy,0.0,23000.0,16:30,Francesco Mattea,,26,16,17,70,4.1,0.0434782608695652,small,1,0.0,0.0,1.0,2.0,3.0,-1.0,0.0,-1.0,2.0,3.0,3.0,6.0,1.0,0.0,16.0,,1.0,4.0,4.0,27.0,10.0,20.0,0.0,0.7407407407407407,0.0,0.7407407407407407,16000.0,1,0.0,2.0,3.0,0.0,2.0,3.0,-1.0,0,0,0.0,-1.0,,0.0,0.0,0.0,0.0,0.0,16,17,70,4.1,0.0434782608695652,small,0,0.0,0.0,0.0,0,16,17,70,4.1,0.0434782608695652,small,1509.71225631668,,1,2.0,0.0,0.0,5.0,3.0,2.0,2.0,2.0,5.0,3.0,3.0,6.0,1.0,0.0,16.0,,2.0,5.0,2.5,28.0,10.0,21.0,0.0,0.75,0.0,0.75,9000.0,1,2.0,5.0,3.0,2.0,5.0,3.0,2.0,0,0,1.0,1.0,,0.0,0.0,0.0,0.0,0.0,16,17,70,4.1,0.0434782608695652,small,0,0.0,0.0,0.0,0,16,17,70,4.1,0.0434782608695652,small,1510.0,,-2.0,-3.0,0.0,-3.0,0.0,-2.0,-3.0,-0.287743683320059,HomeWin,3,4,3,3,0,0,-1
1934,1934-05-31,WC-1934,1934 FIFA World Cup,Czechoslovakia v Switzerland,Quarter-finals,Czechoslovakia,Switzerland,CSK,CHE,3.0,2.0,3-2,home team win,1.0,0.0,no,no,no,0-0,Stadio Benito Mussolini,S-081,Stadio Benito Mussolini,Turin,Italy,0.0,12000.0,16:30,Alois Beranek,,27,16,17,70,4.1,0.0434782608695652,small,1,1.0,0.0,1.0,5.0,4.0,1.0,1.0,1.0,5.0,4.0,3.0,5.0,1.0,0.0,16.0,,2.0,5.0,2.5,29.0,10.0,21.0,0.0,0.7241379310344828,0.0,0.7241379310344828,9000.0,1,1.0,5.0,4.0,1.0,5.0,4.0,1.0,0,0,0.0,-1.0,,0.0,0.0,0.0,0.0,0.0,16,17,70,4.1,0.0434782608695652,small,0,0.0,0.0,0.0,0,16,17,70,4.1,0.0434782608695652,small,1509.999761626978,,1,2.0,0.0,0.0,5.0,3.0,2.0,2.0,2.0,5.0,3.0,3.0,5.0,1.0,0.0,17.0,,2.0,5.0,2.5,30.0,10.0,22.0,0.0,0.7333333333333333,0.0,0.7333333333333333,33000.0,1,2.0,5.0,3.0,2.0,5.0,3.0,2.0,0,0,1.0,1.0,,,,,,,16,17,70,4.1,0.0434782608695652,small,0,0.0,0.0,0.0,0,16,17,70,4.1,0.0434782608695652,small,1510.0,,-1.0,-1.0,0.0,0.0,1.0,-1.0,-1.0,-0.0002383730220572,HomeWin,2,3,2,2,0,0,-1
1934,1934-05-31,WC-1934,1934 FIFA World Cup,Germany v Sweden,Quarter-finals,Germany,Sweden,DEU,SWE,2.0,1.0,2-1,home team win,1.0,0.0,no,no,no,0-0,San Siro,S-074,San Siro,Milan,Italy,0.0,3000.0,16:30,Rinaldo Barlassina,,28,16,17,70,4.1,0.0434782608695652,small,1,1.0,0.0,1.0,5.0,5.0,0.0,1.0,0.0,5.0,5.0,3.0,4.0,1.0,0.0,17.0,,2.0,5.0,2.5,31.0,10.0,22.0,0.0,0.7096774193548387,0.0,0.7096774193548387,8000.0,1,1.0,5.0,5.0,1.0,5.0,5.0,0.0,0,0,0.0,-1.0,,0.0,0.0,0.0,0.0,0.0,16,17,70,4.1,0.0434782608695652,small,0,0.0,0.0,0.0,0,16,17,70,4.1,0.0434782608695652,small,1509.4252263073506,,1,2.0,0.0,0.0,7.0,3.0,4.0,2.0,4.0,7.0,3.0,3.0,4.0,1.0,0.0,17.0,,2.0,6.0,3.0,31.0,11.0,22.0,1.0,0.7096774193548387,0.0909090909090909,0.6187683284457478,14000.0,1,2.0,7.0,3.0,2.0,7.0,3.0,4.0,0,0,1.0,1.0,,0.0,0.0,0.0,0.0,0.0,16,17,70,4.1,0.0434782608695652,small,0,0.0,0.0,0.0,0,16,17,70,4.1,0.0434782608695652,small,1510.8291978754717,,-1.0,-4.0,0.0,-2.0,2.0,-1.0,-4.0,-1.403971568121051,HomeWin,5,3,3,2,0,0,2
1934,1934-05-31,WC-1934,1934 FIFA World Cup,Italy v Spain,Quarter-finals,Italy,Spain,ITA,ESP,1.0,1.0,1-1,draw,0.0,0.0,yes,yes,no,0-0,Stadio Giovanni Berta,S-072,Stadio Giovanni Berta,Florence,Italy,1.0,35000.0,16:30,Louis Baert,Required Extra Time,29,16,17,70,4.1,0.0434782608695652,small,1,1.0,0.0,1.0,4.0,4.0,0.0,1.0,0.0,4.0,4.0,3.0,6.0,1.0,0.0,18.0,,2.0,6.0,3.0,32.0,11.0,23.0,1.0,0.71875,0.0909090909090909,0.6278409090909091,25000.0,1,1.0,4.0,4.0,1.0,4.0,4.0,0.0,0,0,0.0,-1.0,,0.0,0.0,0.0,0.0,0.0,16,17,70,4.1,0.0434782608695652,small,0,0.0,0.0,0.0,0,16,17,70,4.1,0.0434782608695652,small,1510.2875072262411,,1,1.0,1.0,0.0,8.0,2.0,6.0,1.0,6.0,8.0,2.0,3.0,8.0,1.0,0.0,19.0,,2.0,6.0,3.0,33.0,11.0,24.0,1.0,0.7272727272727273,0.0909090909090909,0.6363636363636364,21000.0,1,1.0,8.0,2.0,1.0,8.0,2.0,6.0,0,0,0.0,0.0,,0.0,0.0,0.0,0.0,0.0,16,17,70,4.1,0.0434782608695652,small,0,0.0,0.0,0.0,0,16,17,70,4.1,0.0434782608695652,small,1510.000238373022,,0.0,-6.0,0.0,-4.0,2.0,0.0,-6.0,0.287268853219075,Draw,7,3,4,2,0,1,4
1934,1934-06-01,WC-1934,1934 FIFA World Cup,Italy v Spain,Quarter-finals,Italy,Spain,ITA,ESP,1.0,0.0,1-0,home team win,1.0,0.0,no,no,no,0-0,Stadio Giovanni Berta,S-072,Stadio Giovanni Berta,Florence,Italy,1.0,43000.0,16:30,Rene Mercet,,30,16,17,70,4.1,0.0434782608695652,small,2,1.0,1.0,0.0,4.0,2.0,2.0,0.5,1.0,2.0,1.0,4.0,4.0,0.5,0.0,19.0,,2.0,6.0,3.0,34.0,11.0,24.0,1.0,0.7058823529411765,0.0909090909090909,0.6149732620320856,30000.0,2,1.0,4.0,2.0,0.5,2.0,1.0,2.0,0,1,0.0,0.0,0.0,0.0,0.0,0.0,0.0,0.0,16,17,70,4.1,0.0434782608695652,small,0,0.0,0.0,0.0,0,16,17,70,4.1,0.0434782608695652,small,1510.2792389658864,,2,2.0,1.0,0.0,9.0,2.0,7.0,1.0,3.5,4.5,1.0,4.0,3.0,0.5,0.0,19.0,,3.0,6.0,2.0,34.0,12.0,24.0,1.0,0.7058823529411765,0.0833333333333333,0.6225490196078431,28000.0,2,2.0,9.0,2.0,1.0,4.5,1.0,7.0,0,1,1.0,1.0,1.0,0.0,0.0,0.0,0.0,0.0,16,17,70,4.1,0.0434782608695652,small,0,0.0,0.0,0.0,0,16,17,70,4.1,0.0434782608695652,small,1510.0085066333768,,-0.5,-5.0,0.0,-2.5,0.0,-0.5,-5.0,0.270732332509624,HomeWin,9,4,6,3,0,1,5
1934,1934-06-03,WC-1934,1934 FIFA World Cup,Czechoslovakia v Germany,Semi-finals,Czechoslovakia,Germany,CSK,DEU,3.0,1.0,3-1,home team win,1.0,0.0,no,no,no,0-0,Stadio Nazionale PNF,S-078,Stadio Nazionale PNF,Rome,Italy,0.0,15000.0,16:30,Rinaldo Barlassina,,31,16,17,70,4.1,0.0434782608695652,small,2,1.0,1.0,1.0,4.0,3.0,1.0,0.5,0.5,2.0,1.5,6.0,3.0,1.0,0.0,20.0,,3.0,6.0,2.0,35.0,12.0,25.0,1.0,0.7142857142857143,0.0833333333333333,0.6309523809523809,10500.0,2,1.0,4.0,3.0,0.5,2.0,1.5,1.0,0,0,0.0,-1.0,,0.0,0.0,0.0,0.0,0.0,16,17,70,4.1,0.0434782608695652,small,0,0.0,0.0,0.0,0,16,17,70,4.1,0.0434782608695652,small,1519.999768487905,,2,3.0,0.0,0.0,8.0,4.0,4.0,1.5,2.0,4.0,2.0,6.0,4.0,1.0,0.0,21.0,,3.0,6.0,2.0,36.0,12.0,26.0,1.0,0.7222222222222222,0.0833333333333333,0.6388888888888888,5500.0,2,3.0,8.0,4.0,1.5,4.0,2.0,4.0,0,0,1.0,2.0,,0.0,0.0,0.0,0.0,0.0,16,17,70,4.1,0.0434782608695652,small,0,0.0,0.0,0.0,0,16,17,70,4.1,0.0434782608695652,small,1519.4656356374453,,-1.0,-3.0,0.0,-2.0,-0.5,-1.0,-3.0,0.5341328504596277,HomeWin,5,7,5,4,0,0,-2
1934,1934-06-03,WC-1934,1934 FIFA World Cup,Italy v Austria,Semi-finals,Italy,Austria,ITA,AUT,1.0,0.0,1-0,home team win,1.0,0.0,no,no,no,0-0,San Siro,S-074,San Siro,Milan,Italy,1.0,35000.0,16:30,Ivan Eklind,,32,16,17,70,4.1,0.0434782608695652,small,3,2.0,0.0,1.0,8.0,6.0,2.0,0.6666666666666666,0.6666666666666666,2.6666666666666665,2.0,7.0,4.0,0.6666666666666666,0.0,22.0,,3.0,6.0,2.0,37.0,12.0,27.0,1.0,0.7297297297297297,0.0833333333333333,0.6463963963963963,34333.333333333336,3,2.0,8.0,6.0,0.6666666666666666,2.6666666666666665,2.0,2.0,0,0,0.0,-2.0,,0.0,0.0,0.0,0.0,0.0,16,17,70,4.1,0.0434782608695652,small,0,0.0,0.0,0.0,0,16,17,70,4.1,0.0434782608695652,small,1520.2714466645507,,2,3.0,1.0,0.0,10.0,2.0,8.0,1.5,4.0,5.0,1.0,6.0,6.0,1.0,0.0,22.0,,4.0,6.0,1.5,38.0,12.0,27.0,1.0,0.7105263157894737,0.0833333333333333,0.6271929824561403,19500.0,2,3.0,10.0,2.0,1.5,5.0,1.0,8.0,0,0,1.0,1.0,,0.0,0.0,0.0,0.0,0.0,16,17,70,4.1,0.0434782608695652,small,0,0.0,0.0,0.0,0,16,17,70,4.1,0.0434782608695652,small,1519.7205382437342,,-0.8333333333333334,-6.0,-0.3333333333333333,-2.3333333333333335,1.0,-0.8333333333333334,-6.0,0.5509084208165405,HomeWin,11,5,8,5,0,0,6
1934,1934-06-07,WC-1934,1934 FIFA World Cup,Germany v Austria,Third place,Germany,Austria,DEU,AUT,3.0,2.0,3-2,home team win,1.0,0.0,no,no,no,0-0,Stadio Giorgio Ascarelli,S-075,Stadio Giorgio Ascarelli,Naples,Italy,0.0,7000.0,18:00,Albino Carraro,,33,16,17,70,4.1,0.0434782608695652,small,3,2.0,0.0,1.0,5.0,4.0,1.0,0.6666666666666666,0.3333333333333333,1.6666666666666667,1.3333333333333333,6.0,6.0,0.6666666666666666,0.0,22.0,,3.0,6.0,2.0,38.0,13.0,27.0,1.0,0.7105263157894737,0.0769230769230769,0.6336032388663968,8666.666666666666,3,2.0,5.0,4.0,0.6666666666666666,1.6666666666666667,1.3333333333333333,1.0,0,0,0.0,-1.0,,0.0,0.0,0.0,0.0,0.0,16,17,70,4.1,0.0434782608695652,small,0,0.0,0.0,0.0,0,16,17,70,4.1,0.0434782608695652,small,1509.481009204573,,3,3.0,0.0,1.0,11.0,8.0,3.0,1.0,1.0,3.6666666666666665,2.6666666666666665,6.0,6.0,0.6666666666666666,0.0,23.0,,4.0,6.0,1.5,39.0,13.0,28.0,1.0,0.717948717948718,0.0769230769230769,0.641025641025641,24666.666666666668,3,3.0,11.0,8.0,1.0,3.6666666666666665,2.6666666666666665,3.0,0,0,1.0,1.0,,0.0,0.0,0.0,0.0,0.0,16,17,70,4.1,0.0434782608695652,small,0,0.0,0.0,0.0,0,16,17,70,4.1,0.0434782608695652,small,1509.7363946494124,,-0.3333333333333333,-2.0,0.0,-2.0,-1.3333333333333333,-0.3333333333333333,-2.0,-0.2553854448394759,HomeWin,8,5,5,5,0,0,3
1934,1934-06-10,WC-1934,1934 FIFA World Cup,Italy v Czechoslovakia,Final,Italy,Czechoslovakia,ITA,CSK,2.0,1.0,2-1,home team win,1.0,0.0,no,yes,no,0-0,Stadio Nazionale PNF,S-078,Stadio Nazionale PNF,Rome,Italy,1.0,55000.0,17:00,Ivan Eklind,Required Extra Time,34,16,17,70,4.1,0.0434782608695652,small,4,2.0,0.0,2.0,7.0,7.0,0.0,0.5,0.0,1.75,1.75,10.0,0.0,0.75,0.0,23.0,,4.0,6.0,1.5,40.0,13.0,28.0,1.0,0.7,0.0769230769230769,0.6230769230769231,34500.0,4,2.0,7.0,7.0,0.5,1.75,1.75,0.0,0,0,0.0,-1.0,,0.0,0.0,0.0,0.0,0.0,16,17,70,4.1,0.0434782608695652,small,0,0.0,0.0,0.0,0,16,17,70,4.1,0.0434782608695652,small,1530.2555902588724,,3,4.0,1.0,0.0,12.0,3.0,9.0,1.3333333333333333,3.0,4.0,1.0,9.0,-1.0,1.0,0.0,23.0,,5.0,6.0,1.2,40.0,14.0,28.0,1.0,0.7,0.0714285714285714,0.6285714285714286,12000.0,3,4.0,12.0,3.0,1.3333333333333333,4.0,1.0,9.0,0,0,1.0,1.0,,0.0,0.0,0.0,0.0,0.0,16,17,70,4.1,0.0434782608695652,small,0,0.0,0.0,0.0,0,16,17,70,4.1,0.0434782608695652,small,1529.9843949207773,,-0.8333333333333333,-9.0,-0.25,-2.25,0.75,-0.8333333333333333,-9.0,0.2711953380951399,HomeWin,12,8,9,6,0,0,4
1938,1938-06-04,WC-1938,1938 FIFA World Cup,Switzerland v Germany,Round of 16,Switzerland,Germany,CHE,DEU,1.0,1.0,1-1,draw,0.0,0.0,yes,yes,no,0-0,Parc des Princes,S-045,Parc des Princes,Paris,France,0.0,27152.0,17:00,Jean Langenus,Required Extra Time,35,15,18,84,4.7,0.0869565217391304,small,2,3.0,0.0,1.0,9.0,6.0,3.0,1.5,1.5,4.5,3.0,3.0,0.0,0.5,0.0,24.0,,4.0,6.0,1.5,41.0,14.0,29.0,1.0,0.7073170731707317,0.0714285714285714,0.6358885017421603,22500.0,0,3.0,9.0,6.0,,,,3.0,1,0,0.0,-1.0,,,,,,,15,18,84,4.7,0.0869565217391304,small,0,0.0,0.0,0.0,0,15,18,84,4.7,0.0869565217391304,small,1499.999993139073,,4,1.0,1.0,1.0,6.0,6.0,0.0,0.25,0.0,1.5,1.5,9.0,1.0,0.75,0.0,24.0,,3.0,6.0,2.0,41.0,15.0,29.0,1.0,0.7073170731707317,0.0666666666666666,0.640650406504065,8250.0,0,0.0,1.0,1.0,,,,0.0,1,0,0.0,0.0,,0.0,0.0,0.0,1.0,0.0,15,18,84,4.7,0.0869565217391304,small,0,0.0,0.0,1.0,0,15,18,84,4.7,0.0869565217391304,small,1519.4883597872272,,1.25,3.0,-0.25,3.0,1.5,,3.0,-19.48836664815417,Draw,5,11,4,7,0,0,-6
1938,1938-06-05,WC-1938,1938 FIFA World Cup,Brazil v Poland,Round of 16,Brazil,Poland,BRA,POL,6.0,5.0,6-5,home team win,1.0,0.0,no,yes,no,0-0,Stade de la Meinau,S-050,Stade de la Meinau,Strasbourg,France,0.0,13452.0,17:30,Ivan Eklind,Required Extra Time,36,15,18,84,4.7,0.0869565217391304,small,3,3.0,1.0,1.0,12.0,9.0,3.0,1.0,1.0,4.0,3.0,3.0,1.0,0.3333333333333333,0.0,24.0,,5.0,7.0,1.4,42.0,15.0,30.0,1.0,0.7142857142857143,0.0666666666666666,0.6476190476190476,23508.333333333332,0,0.0,1.0,1.0,,,,0.0,2,0,0.0,0.0,,0.0,0.0,0.0,0.0,0.0,15,18,84,4.7,0.0869565217391304,small,0,0.0,0.0,0.0,0,15,18,84,4.7,0.0869565217391304,small,1490.0080435540322,,0,2.0,0.0,2.0,12.0,10.0,2.0,,,,,,2.0,,2.0,24.0,12.0,2.0,7.0,3.5,42.0,16.0,30.0,1.0,0.7142857142857143,0.0625,0.6517857142857143,,0,1.0,6.0,5.0,,,,1.0,0,0,1.0,1.0,,0.0,0.0,0.0,0.0,0.0,15,18,84,4.7,0.0869565217391304,small,0,0.0,0.0,0.0,0,15,18,84,4.7,0.0869565217391304,small,1500.0,,,1.0,,,,,-1.0,-9.991956445967844,HomeWin,6,0,4,0,0,0,6
1938,1938-06-05,WC-1938,1938 FIFA World Cup,Cuba v Romania,Round of 16,Cuba,Romania,CUB,ROU,3.0,3.0,3-3,draw,0.0,0.0,yes,yes,no,0-0,Stade du T.O.E.C.,S-052,Stade du T.O.E.C.,Toulouse,France,0.0,7000.0,17:00,Giuseppe Scarpi,Required Extra Time,37,15,18,84,4.7,0.0869565217391304,small,0,0.0,0.0,1.0,5.0,6.0,-1.0,,,,,,3.0,,0.0,25.0,,1.0,7.0,7.0,43.0,16.0,31.0,1.0,0.7209302325581395,0.0625,0.6584302325581395,,0,0.0,5.0,6.0,,,,-1.0,0,0,0.0,-1.0,,,,,,,15,18,84,4.7,0.0869565217391304,small,0,0.0,0.0,0.0,0,15,18,84,4.7,0.0869565217391304,small,1500.0,,3,0.0,1.0,0.0,3.0,3.0,0.0,0.0,0.0,1.0,1.0,3.0,5.0,0.3333333333333333,0.0,26.0,,1.0,7.0,7.0,44.0,16.0,32.0,1.0,0.7272727272727273,0.0625,0.6647727272727273,27190.333333333332,0,0.0,3.0,3.0,,,,0.0,2,0,0.0,0.0,,,,,,,15,18,84,4.7,0.0869565217391304,small,0,0.0,0.0,0.0,0,15,18,84,4.7,0.0869565217391304,small,1489.9919564459678,,,-1.0,,,,,-1.0,10.008043554032156,Draw,0,4,0,4,0,0,-4
1938,1938-06-05,WC-1938,1938 FIFA World Cup,Czechoslovakia v Netherlands,Round of 16,Czechoslovakia,Netherlands,CSK,NLD,3.0,0.0,3-0,home team win,1.0,0.0,no,yes,no,0-0,Stade Jules Deschaseaux,S-038,Stade Jules Deschaseaux,Le Havre,France,0.0,11000.0,18:30,Lucien Leclercq,Required Extra Time,38,15,18,84,4.7,0.0869565217391304,small,4,1.0,1.0,2.0,7.0,10.0,-3.0,0.25,-0.75,1.75,2.5,9.0,7.0,0.75,2.0,27.0,13.5,2.0,7.0,3.5,44.0,17.0,32.0,2.0,0.7272727272727273,0.1176470588235294,0.6096256684491979,22750.0,0,0.0,3.0,3.0,,,,0.0,1,0,0.0,0.0,,0.0,0.0,1.0,1.0,0.0,15,18,84,4.7,0.0869565217391304,small,0,0.0,1.0,1.0,0,15,18,84,4.7,0.0869565217391304,small,1519.9922005484768,,1,4.0,0.0,1.0,12.0,6.0,6.0,4.0,6.0,12.0,6.0,0.0,8.0,0.0,0.0,27.0,,5.0,8.0,1.6,45.0,17.0,33.0,2.0,0.7333333333333333,0.1176470588235294,0.6156862745098038,33000.0,0,1.0,3.0,0.0,,,,3.0,1,0,1.0,3.0,,0.0,0.0,0.0,0.0,0.0,15,18,84,4.7,0.0869565217391304,small,0,0.0,0.0,0.0,0,15,18,84,4.7,0.0869565217391304,small,1490.0,,-3.75,-9.0,0.75,-10.25,-3.5,,-3.0,29.99220054847683,HomeWin,9,2,7,2,0,0,7
1938,1938-06-05,WC-1938,1938 FIFA World Cup,France v Belgium,Round of 16,France,Belgium,FRA,BEL,3.0,1.0,3-1,home team win,1.0,0.0,no,no,no,0-0,Stade Olympique de Colombes,S-046,Stade Olympique de Colombes,Paris,France,1.0,30454.0,17:00,Hans Wuethrich,,39,15,18,84,4.7,0.0869565217391304,small,4,0.0,0.0,2.0,2.0,6.0,-4.0,0.0,-1.0,0.5,1.5,3.0,4.0,0.25,0.0,27.0,,2.0,8.0,4.0,46.0,17.0,33.0,2.0,0.717391304347826,0.1176470588235294,0.5997442455242966,11463.25,0,0.0,0.0,3.0,,,,-3.0,2,0,0.0,-3.0,,0.0,0.0,0.0,0.0,0.0,15,18,84,4.7,0.0869565217391304,small,0,0.0,0.0,0.0,0,15,18,84,4.7,0.0869565217391304,small,1480.28774368332,,3,2.0,0.0,3.0,9.0,7.0,2.0,0.6666666666666666,0.6666666666666666,3.0,2.3333333333333335,0.0,4.0,0.0,3.0,28.0,9.333333333333334,2.0,8.0,4.0,47.0,17.0,34.0,2.0,0.723404255319149,0.1176470588235294,0.6057571964956195,12782.0,0,1.0,3.0,1.0,,,,2.0,2,0,1.0,2.0,,0.0,0.0,0.0,0.0,0.0,15,18,84,4.7,0.0869565217391304,small,0,0.0,0.0,0.0,0,15,18,84,4.7,0.0869565217391304,small,1470.5830556197036,,-0.6666666666666666,-6.0,0.25,-2.5,-0.8333333333333335,,-5.0,9.70468806361646,HomeWin,6,2,5,1,1,0,4
1938,1938-06-05,WC-1938,1938 FIFA World Cup,Italy v Norway,Round of 16,Italy,Norway,ITA,NOR,2.0,1.0,2-1,home team win,1.0,0.0,no,yes,no,0-0,Stade Vélodrome,S-042,Stade Vélodrome,Marseille,France,0.0,19000.0,17:00,Alois Beranek,Required Extra Time,40,15,18,84,4.7,0.0869565217391304,small,5,0.0,0.0,4.0,3.0,12.0,-9.0,0.0,-1.8,0.6,2.4,13.0,2.0,0.8,2.0,29.0,14.5,2.0,8.0,4.0,48.0,17.0,35.0,2.0,0.7291666666666666,0.1176470588235294,0.6115196078431372,38600.0,0,0.0,1.0,3.0,,,,-2.0,1,0,0.0,-2.0,,1.0,1.0,1.0,1.0,1.0,15,18,84,4.7,0.0869565217391304,small,1,1.0,1.0,1.0,1,15,18,84,4.7,0.0869565217391304,small,1540.2477846311729,,0,5.0,1.0,0.0,14.0,4.0,10.0,,,,,,1.0,,0.0,30.0,,6.0,8.0,1.3333333333333333,48.0,18.0,35.0,3.0,0.7291666666666666,0.1666666666666666,0.5625,,0,1.0,2.0,1.0,,,,1.0,0,0,1.0,1.0,,,,,,,15,18,84,4.7,0.0869565217391304,small,0,0.0,0.0,0.0,0,15,18,84,4.7,0.0869565217391304,small,1500.0,,,-19.0,,,,,-3.0,40.24778463117286,HomeWin,14,0,11,0,0,0,14
1938,1938-06-09,WC-1938,1938 FIFA World Cup,Cuba v Romania,Round of 16,Cuba,Romania,CUB,ROU,2.0,1.0,2-1,home team win,1.0,0.0,no,no,no,0-0,Stade du T.O.E.C.,S-052,Stade du T.O.E.C.,Toulouse,France,0.0,8000.0,18:00,Alfred Birlem,,41,15,18,84,4.7,0.0869565217391304,small,1,0.0,0.0,1.0,1.0,2.0,-1.0,0.0,-1.0,1.0,2.0,1.0,0.0,0.0,0.0,30.0,,1.0,9.0,9.0,49.0,18.0,36.0,3.0,0.7346938775510204,0.1666666666666666,0.5680272108843538,7000.0,1,0.0,1.0,2.0,0.0,1.0,2.0,-1.0,0,1,0.0,-1.0,0.0,,,,,,15,18,84,4.7,0.0869565217391304,small,0,0.0,0.0,0.0,0,15,18,84,4.7,0.0869565217391304,small,1499.7120249964228,,4,1.0,1.0,0.0,5.0,4.0,1.0,0.25,0.25,1.25,1.0,4.0,5.0,0.25,0.0,30.0,,2.0,10.0,5.0,50.0,18.0,37.0,3.0,0.74,0.1666666666666666,0.5733333333333334,22142.75,1,1.0,5.0,4.0,1.0,5.0,4.0,1.0,2,1,1.0,1.0,1.0,,,,,,15,18,84,4.7,0.0869565217391304,small,0,0.0,0.0,0.0,0,15,18,84,4.7,0.0869565217391304,small,1490.279931449545,,-0.25,-2.0,-0.25,-0.25,1.0,-1.0,-2.0,9.432093546877695,HomeWin,5,8,3,7,0,0,-3
1938,1938-06-09,WC-1938,1938 FIFA World Cup,Switzerland v Germany,Round of 16,Switzerland,Germany,CHE,DEU,4.0,2.0,4-2,home team win,1.0,0.0,no,no,no,0-0,Parc des Princes,S-045,Parc des Princes,Paris,France,0.0,20025.0,18:00,Ivan Eklind,,42,15,18,84,4.7,0.0869565217391304,small,3,1.0,1.0,3.0,8.0,12.0,-4.0,0.3333333333333333,-1.3333333333333333,2.6666666666666665,4.0,4.0,4.0,0.3333333333333333,2.0,30.0,15.0,3.0,10.0,3.3333333333333335,50.0,19.0,37.0,3.0,0.74,0.1578947368421052,0.5821052631578947,24050.666666666668,1,0.0,4.0,5.0,0.0,4.0,5.0,-1.0,1,1,0.0,-1.0,0.0,,,,,,15,18,84,4.7,0.0869565217391304,small,0,0.0,0.0,0.0,0,15,18,84,4.7,0.0869565217391304,small,1500.5603258827143,,5,2.0,1.0,1.0,10.0,8.0,2.0,0.4,0.4,2.0,1.6,10.0,2.0,0.6,0.0,30.0,,4.0,10.0,2.5,50.0,20.0,37.0,3.0,0.74,0.15,0.59,12030.4,1,1.0,5.0,3.0,1.0,5.0,3.0,2.0,1,1,1.0,2.0,1.0,0.0,0.0,0.0,1.0,0.0,15,18,84,4.7,0.0869565217391304,small,0,0.0,0.0,1.0,0,15,18,84,4.7,0.0869565217391304,small,1518.928027043586,,-0.0666666666666667,-6.0,-0.2666666666666666,0.6666666666666665,2.4,-1.0,-3.0,-18.367701160871547,HomeWin,10,14,7,10,0,0,-4
1938,1938-06-12,WC-1938,1938 FIFA World Cup,Brazil v Czechoslovakia,Quarter-finals,Brazil,Czechoslovakia,BRA,CSK,1.0,1.0,1-1,draw,0.0,0.0,yes,yes,no,0-0,Stade du Parc Lescure,S-037,Stade du Parc Lescure,Bordeaux,France,0.0,22021.0,17:00,Pal Von Hertzka,Required Extra Time,43,15,18,84,4.7,0.0869565217391304,small,4,3.0,1.0,2.0,14.0,13.0,1.0,0.75,0.25,3.5,3.25,6.0,1.0,0.5,0.0,30.0,,6.0,10.0,1.6666666666666667,51.0,20.0,37.0,3.0,0.7254901960784313,0.15,0.5754901960784313,20994.25,1,0.0,3.0,5.0,0.0,3.0,5.0,-2.0,2,0,0.0,-2.0,,0.0,0.0,0.0,0.0,0.0,15,18,84,4.7,0.0869565217391304,small,0,0.0,0.0,0.0,0,15,18,84,4.7,0.0869565217391304,small,1500.2955559167867,,5,2.0,1.0,2.0,13.0,11.0,2.0,0.4,0.4,2.6,2.2,12.0,-3.0,0.8,2.0,30.0,15.0,3.0,10.0,3.3333333333333335,52.0,20.0,37.0,3.0,0.7115384615384616,0.15,0.5615384615384615,20400.0,1,1.0,7.0,6.0,1.0,7.0,6.0,1.0,1,0,0.0,0.0,,0.0,0.0,1.0,1.0,0.0,15,18,84,4.7,0.0869565217391304,small,0,0.0,1.0,1.0,0,15,18,84,4.7,0.0869565217391304,small,1529.1310935292845,,0.35,-1.0,-0.3,0.8999999999999999,1.0499999999999998,-1.0,-3.0,-28.835537612497777,Draw,12,12,7,10,0,0,0
1938,1938-06-12,WC-1938,1938 FIFA World Cup,Hungary v Switzerland,Quarter-finals,Hungary,Switzerland,HUN,CHE,2.0,0.0,2-0,home team win,1.0,0.0,no,no,no,0-0,Stade Victor Boucquey,S-040,Stade Victor Boucquey,Lille,France,0.0,15000.0,17:00,Rinaldo Barlassina,,44,15,18,84,4.7,0.0869565217391304,small,2,4.0,1.0,1.0,13.0,7.0,6.0,2.0,3.0,6.5,3.5,3.0,-3.0,0.5,0.0,31.0,,6.0,10.0,1.6666666666666667,52.0,21.0,37.0,4.0,0.7115384615384616,0.1904761904761904,0.5210622710622711,16000.0,0,1.0,4.0,1.0,,,,3.0,1,0,0.0,0.0,,0.0,0.0,0.0,0.0,0.0,15,18,84,4.7,0.0869565217391304,small,0,0.0,0.0,0.0,0,15,18,84,4.7,0.0869565217391304,small,1499.9917180729458,,4,2.0,0.0,1.0,7.0,4.0,3.0,0.5,0.75,1.75,1.0,7.0,-4.0,0.5,0.0,31.0,,3.0,10.0,3.3333333333333335,52.0,22.0,37.0,4.0,0.7115384615384616,0.1818181818181818,0.5297202797202798,23044.25,2,1.0,2.0,0.0,0.5,1.0,0.0,2.0,1,0,1.0,2.0,,,,,,,15,18,84,4.7,0.0869565217391304,small,0,0.0,0.0,0.0,0,15,18,84,4.7,0.0869565217391304,small,1511.0884988528576,,1.5,3.0,0.0,4.75,2.5,,1.0,-11.096780779911796,HomeWin,5,15,4,10,1,0,-10
1938,1938-06-12,WC-1938,1938 FIFA World Cup,Sweden v Cuba,Quarter-finals,Sweden,Cuba,SWE,CUB,8.0,0.0,8-0,home team win,1.0,0.0,no,no,no,0-0,Stade du Fort Carré,S-036,Stade du Fort Carré,Antibes,France,0.0,7000.0,17:00,Gustav Krist,,45,15,18,84,4.7,0.0869565217391304,small,2,2.0,1.0,2.0,10.0,10.0,0.0,1.0,0.0,5.0,5.0,3.0,-4.0,0.5,0.0,31.0,,5.0,10.0,2.0,53.0,22.0,37.0,4.0,0.6981132075471698,0.1818181818181818,0.516295025728988,8500.0,0,1.0,5.0,5.0,,,,0.0,1,0,0.0,-2.0,,0.0,0.0,0.0,0.0,0.0,15,18,84,4.7,0.0869565217391304,small,0,0.0,0.0,0.0,0,15,18,84,4.7,0.0869565217391304,small,1500.788788545377,,2,2.0,0.0,1.0,12.0,4.0,8.0,1.0,4.0,6.0,2.0,4.0,-2.0,0.5,0.0,32.0,,3.0,10.0,3.3333333333333335,54.0,22.0,38.0,4.0,0.7037037037037037,0.1818181818181818,0.5218855218855218,7500.0,2,1.0,8.0,0.0,0.5,4.0,0.0,8.0,0,0,1.0,8.0,,,,,,,15,18,84,4.7,0.0869565217391304,small,0,0.0,0.0,0.0,0,15,18,84,4.7,0.0869565217391304,small,1509.4406141947918,,0.0,-8.0,0.0,-1.0,3.0,,-8.0,-8.651825649414832,HomeWin,4,10,3,6,0,0,-6
1938,1938-06-14,WC-1938,1938 FIFA World Cup,Brazil v Czechoslovakia,Quarter-finals,Brazil,Czechoslovakia,BRA,CSK,2.0,1.0,2-1,home team win,1.0,0.0,no,no,no,0-0,Stade du Parc Lescure,S-037,Stade du Parc Lescure,Bordeaux,France,0.0,18141.0,18:00,Georges Capdeville,,46,15,18,84,4.7,0.0869565217391304,small,5,1.0,1.0,1.0,5.0,12.0,-7.0,0.2,-1.4,1.0,2.4,7.0,3.0,0.4,0.0,33.0,,3.0,10.0,3.3333333333333335,54.0,23.0,38.0,5.0,0.7037037037037037,0.217391304347826,0.4863123993558776,21199.6,2,1.0,5.0,12.0,0.5,2.5,6.0,-7.0,2,1,0.0,-8.0,0.0,0.0,0.0,0.0,0.0,0.0,15,18,84,4.7,0.0869565217391304,small,0,0.0,0.0,0.0,0,15,18,84,4.7,0.0869565217391304,small,1501.123609004694,,6,3.0,1.0,2.0,15.0,12.0,3.0,0.5,0.5,2.5,2.0,10.0,3.0,0.6,2.0,33.0,16.5,4.0,11.0,2.75,55.0,23.0,39.0,5.0,0.7090909090909091,0.217391304347826,0.491699604743083,20670.166666666668,2,2.0,9.0,7.0,1.0,4.5,3.5,2.0,1,1,1.0,1.0,1.0,0.0,0.0,1.0,1.0,0.0,15,18,84,4.7,0.0869565217391304,small,0,0.0,1.0,1.0,0,15,18,84,4.7,0.0869565217391304,small,1528.303040441377,,-0.3,-10.0,-0.1999999999999999,-1.5,0.3999999999999999,-0.5,-9.0,-27.179431436683444,HomeWin,15,14,9,12,0,1,1
1938,1938-06-16,WC-1938,1938 FIFA World Cup,Hungary v Sweden,Semi-finals,Hungary,Sweden,HUN,SWE,5.0,1.0,5-1,home team win,1.0,0.0,no,no,no,0-0,Parc des Princes,S-045,Parc des Princes,Paris,France,0.0,20000.0,18:00,Lucien Leclercq,,47,15,18,84,4.7,0.0869565217391304,small,3,4.0,1.0,2.0,14.0,9.0,5.0,1.3333333333333333,1.6666666666666667,4.666666666666667,3.0,6.0,4.0,0.6666666666666666,0.0,33.0,,7.0,11.0,1.5714285714285714,55.0,24.0,39.0,5.0,0.7090909090909091,0.2083333333333333,0.5007575757575757,15666.666666666666,1,1.0,5.0,3.0,1.0,5.0,3.0,2.0,1,0,0.0,-1.0,,0.0,0.0,0.0,0.0,0.0,15,18,84,4.7,0.0869565217391304,small,0,0.0,0.0,0.0,0,15,18,84,4.7,0.0869565217391304,small,1510.311000538031,,3,3.0,0.0,1.0,12.0,5.0,7.0,1.0,2.3333333333333335,4.0,1.6666666666666667,6.0,8.0,0.6666666666666666,0.0,33.0,,4.0,12.0,3.0,56.0,24.0,40.0,5.0,0.7142857142857143,0.2083333333333333,0.5059523809523809,8000.0,1,2.0,7.0,1.0,2.0,7.0,1.0,6.0,1,0,1.0,4.0,,0.0,0.0,0.0,0.0,0.0,15,18,84,4.7,0.0869565217391304,small,0,0.0,0.0,0.0,0,15,18,84,4.7,0.0869565217391304,small,1511.0377566447771,,0.3333333333333332,-2.0,0.0,0.666666666666667,1.3333333333333333,-1.0,-4.0,-0.7267561067462793,HomeWin,7,12,6,7,1,0,-5
1938,1938-06-16,WC-1938,1938 FIFA World Cup,Italy v Brazil,Semi-finals,Italy,Brazil,ITA,BRA,2.0,1.0,2-1,home team win,1.0,0.0,no,no,no,0-0,Stade Vélodrome,S-042,Stade Vélodrome,Marseille,France,0.0,33000.0,18:00,Hans Wuethrich,,48,15,18,84,4.7,0.0869565217391304,small,6,2.0,0.0,2.0,13.0,9.0,4.0,0.3333333333333333,0.6666666666666666,2.1666666666666665,1.5,13.0,,0.8,0.0,0.0,,4.0,0.0,0.0,0.0,0.0,0.0,0.0,,,,35333.333333333336,1,1.0,9.0,5.0,1.0,9.0,5.0,4.0,1,0,0.0,-4.0,,1.0,1.0,1.0,1.0,1.0,15,18,84,4.7,0.0869565217391304,small,1,1.0,1.0,1.0,1,15,18,84,4.7,0.0869565217391304,small,1549.0945144187483,,6,6.0,1.0,0.0,16.0,5.0,11.0,1.0,1.8333333333333333,2.6666666666666665,0.8333333333333334,10.0,-2.0,0.6,0.0,0.0,,7.0,0.0,0.0,0.0,1.0,0.0,0.0,,0.0,,20689.833333333332,3,2.0,4.0,2.0,0.6666666666666666,1.3333333333333333,0.6666666666666666,2.0,2,0,1.0,1.0,,0.0,0.0,0.0,0.0,0.0,15,18,84,4.7,0.0869565217391304,small,0,0.0,0.0,0.0,0,15,18,84,4.7,0.0869565217391304,small,1511.9043040276902,,-0.6666666666666667,-7.0,0.2,-0.5,0.6666666666666666,0.3333333333333333,2.0,37.190210391058145,HomeWin,16,18,13,11,0,0,-2
1938,1938-06-19,WC-1938,1938 FIFA World Cup,Brazil v Sweden,Third place,Brazil,Sweden,BRA,SWE,4.0,2.0,4-2,home team win,1.0,0.0,no,no,no,0-0,Stade du Parc Lescure,S-037,Stade du Parc Lescure,Bordeaux,France,0.0,12000.0,17:00,Jean Langenus,,49,15,18,84,4.7,0.0869565217391304,small,7,3.0,1.0,3.0,16.0,14.0,2.0,0.4285714285714285,0.2857142857142857,2.2857142857142856,2.0,7.0,-2.0,0.4,2.0,0.0,0.0,5.0,0.0,0.0,1.0,1.0,0.0,0.0,0.0,0.0,0.0,22448.428571428572,4,2.0,10.0,9.0,0.5,2.5,2.25,1.0,2,0,0.0,-1.0,,0.0,0.0,0.0,0.0,0.0,15,18,84,4.7,0.0869565217391304,small,0,0.0,0.0,0.0,0,15,18,84,4.7,0.0869565217391304,small,1502.970654688707,,4,4.0,1.0,3.0,20.0,16.0,4.0,1.0,1.0,5.0,4.0,6.0,0.0,0.5,2.0,1.0,0.5,6.0,0.0,0.0,2.0,1.0,1.0,0.0,0.5,0.0,0.5,11000.0,2,3.0,14.0,11.0,1.5,7.0,5.5,3.0,1,0,1.0,2.0,,0.0,0.0,0.0,0.0,0.0,15,18,84,4.7,0.0869565217391304,small,0,0.0,0.0,0.0,0,15,18,84,4.7,0.0869565217391304,small,1501.0168389530654,,-0.5714285714285714,-2.0,-0.0999999999999999,-2.7142857142857144,-2.0,-1.0,-2.0,1.9538157356416832,HomeWin,19,13,12,8,0,0,6
1938,1938-06-19,WC-1938,1938 FIFA World Cup,Italy v Hungary,Final,Italy,Hungary,ITA,HUN,4.0,2.0,4-2,home team win,1.0,0.0,no,no,no,0-0,Stade Olympique de Colombes,S-046,Stade Olympique de Colombes,Paris,France,0.0,45000.0,17:00,Georges Capdeville,,50,15,18,84,4.7,0.0869565217391304,small,7,2.0,0.0,3.0,15.0,13.0,2.0,0.2857142857142857,0.2857142857142857,2.142857142857143,1.8571428571428572,15.0,-2.0,1.0,0.0,1.0,,5.0,0.0,0.0,2.0,2.0,1.0,0.0,0.5,0.0,0.5,35000.0,2,1.0,11.0,9.0,0.5,5.5,4.5,2.0,1,0,0.0,-2.0,,1.0,1.0,1.0,1.0,1.0,15,18,84,4.7,0.0869565217391304,small,1,1.0,1.0,1.0,1,15,18,84,4.7,0.0869565217391304,small,1558.0281637577314,,4,7.0,1.0,0.0,20.0,7.0,13.0,1.75,3.25,5.0,1.75,9.0,-2.0,0.75,0.0,1.0,,8.0,0.0,0.0,2.0,3.0,1.0,0.0,0.5,0.0,0.5,16750.0,2,3.0,8.0,4.0,1.5,4.0,2.0,4.0,1,0,1.0,2.0,,0.0,0.0,0.0,0.0,0.0,15,18,84,4.7,0.0869565217391304,small,0,0.0,0.0,0.0,0,15,18,84,4.7,0.0869565217391304,small,1520.331918229743,,-1.4642857142857144,-11.0,0.25,-2.857142857142857,0.1071428571428572,-1.0,-2.0,37.69624552798837,HomeWin,18,12,15,10,1,1,6
1950,1950-06-24,WC-1950,1950 FIFA World Cup,Brazil v Mexico,First round,Brazil,Mexico,BRA,MEX,4.0,0.0,4-0,home team win,1.0,0.0,no,no,no,0-0,Estádio do Maracanã,S-020,Estádio do Maracanã,Rio de Janeiro,Brazil,1.0,81649.0,15:00,George Reader,,51,13,22,88,4.0,0.217391304347826,small,8,3.0,0.0,2.0,14.0,9.0,5.0,0.375,0.625,1.75,1.125,10.0,-1.0,0.6,0.0,1.0,,5.0,0.0,0.0,2.0,4.0,1.0,0.0,0.5,0.0,0.5,21142.375,0,2.0,9.0,5.0,,,,4.0,3,0,0.0,-2.0,,0.0,0.0,0.0,1.0,0.0,13,22,88,4.0,0.217391304347826,small,0,0.0,0.0,1.0,0,13,22,88,4.0,0.217391304347826,small,1512.9144199441555,,3,5.0,1.0,3.0,24.0,16.0,8.0,1.6666666666666667,2.6666666666666665,8.0,5.333333333333333,0.0,-5.0,0.0,2.0,1.0,0.5,7.0,0.0,0.0,2.0,5.0,1.0,0.0,0.5,0.0,0.5,18597.666666666668,0,1.0,4.0,0.0,,,,4.0,1,0,1.0,4.0,,,,,,,13,22,88,4.0,0.217391304347826,small,0,0.0,0.0,0.0,0,13,22,88,4.0,0.217391304347826,small,1471.1490735237644,,-1.2916666666666667,-3.0,0.6,-6.25,-4.208333333333333,,0.0,41.765346420391325,HomeWin,23,4,15,3,0,1,19
1950,1950-06-25,WC-1950,1950 FIFA World Cup,England v Chile,First round,England,Chile,ENG,CHL,2.0,0.0,2-0,home team win,1.0,0.0,no,no,no,0-0,Estádio do Maracanã,S-020,Estádio do Maracanã,Rio de Janeiro,Brazil,0.0,29703.0,15:00,Karel Van Der Meer,,52,13,22,88,4.0,0.217391304347826,small,0,0.0,0.0,4.0,4.0,17.0,-13.0,,,,,,-7.0,,3.0,1.0,0.3333333333333333,1.0,0.0,0.0,2.0,6.0,1.0,0.0,0.5,0.0,0.5,,0,0.0,0.0,4.0,,,,-4.0,0,0,0.0,-4.0,,0.0,0.0,0.0,0.0,0.0,13,22,88,4.0,0.217391304347826,small,0,0.0,0.0,0.0,0,13,22,88,4.0,0.217391304347826,small,1500.0,,3,1.0,0.0,0.0,2.0,0.0,2.0,0.3333333333333333,0.6666666666666666,0.6666666666666666,0.0,6.0,-4.0,0.6666666666666666,0.0,2.0,,1.0,0.0,0.0,3.0,6.0,2.0,0.0,0.6666666666666666,0.0,0.6666666666666666,17569.333333333332,0,1.0,2.0,0.0,,,,2.0,1,0,1.0,2.0,,0.0,0.0,0.0,0.0,0.0,13,22,88,4.0,0.217391304347826,small,0,0.0,0.0,0.0,0,13,22,88,4.0,0.217391304347826,small,1509.4245673545686,,,-15.0,,,,,-6.0,-9.42456735456858,HomeWin,0,5,0,4,0,0,-5
1950,1950-06-25,WC-1950,1950 FIFA World Cup,Spain v United States,First round,Spain,United States,ESP,USA,3.0,1.0,3-1,home team win,1.0,0.0,no,no,no,0-0,Estádio Vila Capanema,S-012,Estádio Vila Capanema,Curitiba,Brazil,0.0,9511.0,15:00,Mario Viana,,53,13,22,88,4.0,0.217391304347826,small,3,2.0,0.0,2.0,5.0,5.0,0.0,0.6666666666666666,0.0,1.6666666666666667,1.6666666666666667,4.0,-6.0,0.3333333333333333,3.0,2.0,0.6666666666666666,1.0,0.0,0.0,3.0,7.0,2.0,0.0,0.6666666666666666,0.0,0.6666666666666666,33000.0,0,0.0,0.0,2.0,,,,-2.0,1,0,0.0,-2.0,,0.0,0.0,0.0,0.0,0.0,13,22,88,4.0,0.217391304347826,small,0,0.0,0.0,0.0,0,13,22,88,4.0,0.217391304347826,small,1500.0162989347125,,4,2.0,1.0,1.0,7.0,4.0,3.0,0.5,0.75,1.75,1.0,6.0,-6.0,0.5,0.0,2.0,,4.0,0.0,0.0,4.0,7.0,2.0,0.0,0.5,0.0,0.5,33634.5,0,1.0,3.0,1.0,,,,2.0,2,0,1.0,2.0,,0.0,0.0,0.0,1.0,0.0,13,22,88,4.0,0.217391304347826,small,0,0.0,0.0,1.0,0,13,22,88,4.0,0.217391304347826,small,1499.704270611328,,0.1666666666666666,-3.0,-0.1666666666666666,-0.0833333333333332,0.6666666666666667,,-4.0,0.3120283233845384,HomeWin,5,8,4,6,1,0,-3
1950,1950-06-25,WC-1950,1950 FIFA World Cup,Sweden v Italy,First round,Sweden,Italy,SWE,ITA,3.0,2.0,3-2,home team win,1.0,0.0,no,no,no,0-0,Estádio do Pacaembu,S-023,Estádio do Pacaembu,São Paulo,Brazil,0.0,36502.0,15:00,Jean Lutz,,54,13,22,88,4.0,0.217391304347826,small,5,2.0,0.0,3.0,9.0,16.0,-7.0,0.4,-1.4,1.8,3.2,6.0,-5.0,0.4,2.0,2.0,1.0,3.0,0.0,0.0,5.0,7.0,2.0,0.0,0.4,0.0,0.4,11200.0,0,0.0,1.0,3.0,,,,-2.0,2,0,0.0,-2.0,,0.0,0.0,0.0,0.0,0.0,13,22,88,4.0,0.217391304347826,small,0,0.0,0.0,0.0,0,13,22,88,4.0,0.217391304347826,small,1491.0730736976168,,8,3.0,0.0,3.0,18.0,15.0,3.0,0.375,0.375,2.25,1.875,15.0,-6.0,1.0,0.0,2.0,,6.0,0.0,0.0,5.0,8.0,2.0,0.0,0.4,0.0,0.4,36250.0,0,1.0,3.0,2.0,,,,1.0,2,0,1.0,1.0,,1.0,2.0,2.0,2.0,1.0,13,22,88,4.0,0.217391304347826,small,1,2.0,2.0,2.0,1,13,22,88,4.0,0.217391304347826,small,1566.9474160984832,,0.025,-10.0,-0.6,-0.4499999999999999,1.3250000000000002,,-3.0,-75.87434240086645,HomeWin,15,22,10,17,0,1,-7
1950,1950-06-25,WC-1950,1950 FIFA World Cup,Yugoslavia v Switzerland,First round,Yugoslavia,Switzerland,YUG,CHE,3.0,0.0,3-0,home team win,1.0,0.0,no,no,no,0-0,Estádio Independência,S-007,Estádio Independência,Belo Horizonte,Brazil,0.0,7336.0,15:00,Giovanni Galeati,,55,13,22,88,4.0,0.217391304347826,small,3,7.0,1.0,1.0,22.0,10.0,12.0,2.3333333333333335,4.0,7.333333333333333,3.3333333333333335,6.0,-7.0,0.6666666666666666,0.0,2.0,,9.0,0.0,0.0,5.0,9.0,2.0,0.0,0.4,0.0,0.4,40744.0,0,0.0,2.0,3.0,,,,-1.0,1,0,0.0,-1.0,,,,,,,13,22,88,4.0,0.217391304347826,small,0,0.0,0.0,0.0,0,13,22,88,4.0,0.217391304347826,small,1509.712494689702,,5,3.0,0.0,1.0,10.0,7.0,3.0,0.6,0.6,2.0,1.4,7.0,-7.0,0.4,2.0,2.0,1.0,2.0,0.0,0.0,6.0,9.0,2.0,0.0,0.3333333333333333,0.0,0.3333333333333333,21435.4,0,1.0,3.0,0.0,,,,3.0,2,0,1.0,3.0,,,,,,,13,22,88,4.0,0.217391304347826,small,0,0.0,0.0,0.0,0,13,22,88,4.0,0.217391304347826,small,1500.7692163877723,,1.7333333333333334,9.0,0.2666666666666666,5.333333333333333,1.9333333333333336,,-4.0,8.943278301929695,HomeWin,7,15,6,10,0,0,-8
1950,1950-06-28,WC-1950,1950 FIFA World Cup,Brazil v Switzerland,First round,Brazil,Switzerland,BRA,CHE,2.0,2.0,2-2,draw,0.0,0.0,yes,no,no,0-0,Estádio do Pacaembu,S-023,Estádio do Pacaembu,São Paulo,Brazil,1.0,42032.0,15:00,Ramon Azon Roma,,56,13,22,88,4.0,0.217391304347826,small,9,2.0,1.0,3.0,10.0,13.0,-3.0,0.2222222222222222,-0.3333333333333333,1.1111111111111112,1.4444444444444444,10.0,-9.0,0.6,0.0,2.0,,6.0,0.0,0.0,6.0,10.0,2.0,0.0,0.3333333333333333,0.0,0.3333333333333333,27865.333333333332,1,0.0,0.0,3.0,0.0,0.0,3.0,-3.0,3,0,0.0,-3.0,,0.0,0.0,0.0,1.0,0.0,13,22,88,4.0,0.217391304347826,small,0,0.0,0.0,1.0,0,13,22,88,4.0,0.217391304347826,small,1521.718073709157,,6,5.0,2.0,3.0,26.0,18.0,8.0,0.8333333333333334,1.3333333333333333,4.333333333333333,3.0,4.0,-5.0,0.2,2.0,3.0,1.5,8.0,0.0,0.0,6.0,11.0,2.0,1.0,0.3333333333333333,0.0909090909090909,0.2424242424242424,19085.5,1,1.0,6.0,2.0,1.0,6.0,2.0,4.0,2,0,0.0,0.0,,,,,,,13,22,88,4.0,0.217391304347826,small,0,0.0,0.0,0.0,0,13,22,88,4.0,0.217391304347826,small,1491.026567792048,,-0.6111111111111112,-11.0,0.3999999999999999,-3.222222222222222,-1.5555555555555556,-1.0,-7.0,30.691505917108543,Draw,27,15,18,10,0,0,12
1950,1950-06-28,WC-1950,1950 FIFA World Cup,Yugoslavia v Mexico,First round,Yugoslavia,Mexico,YUG,MEX,4.0,1.0,4-1,home team win,1.0,0.0,no,no,no,0-0,Estádio dos Eucaliptos,S-017,Estádio dos Eucaliptos,Porto Alegre,Brazil,0.0,11078.0,15:00,Reginald Leafe,,57,13,22,88,4.0,0.217391304347826,small,4,2.0,2.0,3.0,12.0,15.0,-3.0,0.5,-0.75,3.0,3.75,9.0,-3.0,0.75,0.0,4.0,,7.0,0.0,0.0,7.0,11.0,3.0,1.0,0.4285714285714285,0.0909090909090909,0.3376623376623376,32392.0,1,0.0,2.0,5.0,0.0,2.0,5.0,-3.0,1,0,0.0,0.0,,,,,,,13,22,88,4.0,0.217391304347826,small,0,0.0,0.0,0.0,0,13,22,88,4.0,0.217391304347826,small,1519.4551432854262,,4,4.0,0.0,1.0,14.0,8.0,6.0,1.0,1.5,3.5,2.0,0.0,,0.0,2.0,0.0,0.0,3.0,0.0,0.0,0.0,0.0,0.0,0.0,,,,34360.5,1,2.0,7.0,1.0,2.0,7.0,1.0,6.0,1,0,1.0,3.0,,,,,,,13,22,88,4.0,0.217391304347826,small,0,0.0,0.0,0.0,0,13,22,88,4.0,0.217391304347826,small,1462.3454197587637,,-0.5,-9.0,0.75,-0.5,1.75,-2.0,-9.0,57.10972352666272,HomeWin,10,4,9,3,0,1,6
1950,1950-06-29,WC-1950,1950 FIFA World Cup,Spain v Chile,First round,Spain,Chile,ESP,CHL,2.0,0.0,2-0,home team win,1.0,0.0,no,no,no,0-0,Estádio do Maracanã,S-020,Estádio do Maracanã,Rio de Janeiro,Brazil,0.0,19790.0,15:00,Alberto Malcher,,58,13,22,88,4.0,0.217391304347826,small,4,0.0,0.0,5.0,5.0,21.0,-16.0,0.0,-4.0,1.25,5.25,7.0,1.0,0.5,3.0,0.0,0.0,2.0,1.0,0.5,1.0,0.0,1.0,0.0,1.0,,,27127.75,1,0.0,1.0,8.0,0.0,1.0,8.0,-7.0,1,0,0.0,-3.0,,0.0,0.0,0.0,0.0,0.0,13,22,88,4.0,0.217391304347826,small,0,0.0,0.0,0.0,0,13,22,88,4.0,0.217391304347826,small,1510.0073180400518,,4,3.0,1.0,1.0,9.0,4.0,5.0,0.75,1.25,2.25,1.0,6.0,2.0,0.5,0.0,0.0,,5.0,2.0,0.4,2.0,0.0,2.0,0.0,1.0,,,20602.75,1,2.0,5.0,1.0,2.0,5.0,1.0,4.0,1,0,1.0,2.0,,0.0,0.0,0.0,0.0,0.0,13,22,88,4.0,0.217391304347826,small,0,0.0,0.0,0.0,0,13,22,88,4.0,0.217391304347826,small,1499.1533730147212,,-0.75,-21.0,0.0,-1.0,4.25,-2.0,-11.0,10.853945025330631,HomeWin,8,5,7,4,1,0,3
1950,1950-06-29,WC-1950,1950 FIFA World Cup,Sweden v Paraguay,First round,Sweden,Paraguay,SWE,PRY,2.0,2.0,2-2,draw,0.0,0.0,yes,no,no,0-0,Estádio Vila Capanema,S-012,Estádio Vila Capanema,Curitiba,Brazil,0.0,7903.0,15:30,Robert Mitchell,,59,13,22,88,4.0,0.217391304347826,small,6,2.0,0.0,3.0,5.0,7.0,-2.0,0.3333333333333333,-0.3333333333333333,0.8333333333333334,1.1666666666666667,6.0,1.0,0.4,3.0,0.0,0.0,2.0,2.0,1.0,2.0,1.0,2.0,0.0,1.0,0.0,1.0,15417.0,1,0.0,0.0,4.0,0.0,0.0,4.0,-4.0,2,0,0.0,-2.0,,0.0,0.0,0.0,0.0,0.0,13,22,88,4.0,0.217391304347826,small,0,0.0,0.0,0.0,0,13,22,88,4.0,0.217391304347826,small,1503.2228456793162,,2,3.0,1.0,3.0,20.0,17.0,3.0,1.5,1.5,10.0,8.5,3.0,0.0,0.5,0.0,0.0,,7.0,2.0,0.2857142857142857,2.0,2.0,2.0,0.0,1.0,0.0,1.0,15153.0,0,1.0,5.0,4.0,,,,1.0,1,0,0.0,0.0,,,,,,,13,22,88,4.0,0.217391304347826,small,0,0.0,0.0,0.0,0,13,22,88,4.0,0.217391304347826,small,1500.2794617562658,,-1.1666666666666667,-5.0,-0.0999999999999999,-9.166666666666666,-7.333333333333333,,-5.0,2.9433839230503054,Draw,18,1,12,1,0,0,17
1950,1950-06-29,WC-1950,1950 FIFA World Cup,United States v England,First round,United States,England,USA,ENG,1.0,0.0,1-0,home team win,1.0,0.0,no,no,no,0-0,Estádio Independência,S-007,Estádio Independência,Belo Horizonte,Brazil,0.0,10151.0,15:00,Generoso Dattilo,,60,13,22,88,4.0,0.217391304347826,small,5,1.0,1.0,1.0,3.0,5.0,-2.0,0.2,-0.4,0.6,1.0,6.0,1.0,0.4,2.0,1.0,0.5,1.0,2.0,2.0,3.0,2.0,3.0,0.0,1.0,0.0,1.0,28809.8,1,0.0,2.0,2.0,0.0,2.0,2.0,0.0,2,0,0.0,0.0,,0.0,0.0,0.0,1.0,0.0,13,22,88,4.0,0.217391304347826,small,0,0.0,0.0,1.0,0,13,22,88,4.0,0.217391304347826,small,1489.7132515059886,,1,3.0,0.0,3.0,10.0,16.0,-6.0,3.0,-6.0,10.0,16.0,3.0,5.0,1.0,2.0,2.0,1.0,4.0,2.0,0.5,4.0,2.0,4.0,0.0,1.0,0.0,1.0,29703.0,1,1.0,2.0,3.0,1.0,2.0,3.0,-1.0,0,0,1.0,1.0,,0.0,0.0,0.0,0.0,0.0,13,22,88,4.0,0.217391304347826,small,0,0.0,0.0,0.0,0,13,22,88,4.0,0.217391304347826,small,1510.2711943398474,,-2.8,4.0,-0.6,-9.4,-15.0,-1.0,1.0,-20.55794283385876,HomeWin,9,2,7,2,0,0,7
1950,1950-07-01,WC-1950,1950 FIFA World Cup,Brazil v Yugoslavia,First round,Brazil,Yugoslavia,BRA,YUG,2.0,0.0,2-0,home team win,1.0,0.0,no,no,no,0-0,Estádio do Maracanã,S-020,Estádio do Maracanã,Rio de Janeiro,Brazil,1.0,142429.0,15:00,Benjamin Griffiths,,61,13,22,88,4.0,0.217391304347826,small,10,1.0,0.0,1.0,2.0,1.0,1.0,0.1,0.1,0.2,0.1,10.0,6.0,0.6,0.0,2.0,,2.0,3.0,1.5,5.0,2.0,5.0,0.0,1.0,0.0,1.0,29282.0,2,1.0,2.0,1.0,0.5,1.0,0.5,1.0,3,1,0.0,-1.0,0.0,0.0,0.0,0.0,1.0,0.0,13,22,88,4.0,0.217391304347826,small,0,0.0,0.0,1.0,0,13,22,88,4.0,0.217391304347826,small,1520.8369917999455,,5,6.0,2.0,3.0,28.0,18.0,10.0,1.2,2.0,5.6,3.6,12.0,4.0,0.8,2.0,2.0,1.0,9.0,3.0,0.3333333333333333,5.0,3.0,5.0,0.0,1.0,0.0,1.0,28129.2,2,2.0,8.0,2.0,1.0,4.0,1.0,6.0,1,1,1.0,1.0,1.0,,,,,,13,22,88,4.0,0.217391304347826,small,0,0.0,0.0,0.0,0,13,22,88,4.0,0.217391304347826,small,1527.826039278271,,-1.1,-9.0,-0.2,-5.3999999999999995,-3.5,-0.5,-5.0,-6.989047478325574,HomeWin,29,14,20,12,0,0,15
1950,1950-07-02,WC-1950,1950 FIFA World Cup,Chile v United States,First round,Chile,United States,CHL,USA,5.0,2.0,5-2,home team win,1.0,0.0,no,no,no,0-0,Estádio Ilha do Retiro,S-019,Estádio Ilha do Retiro,Recife,Brazil,0.0,8501.0,15:00,Mario Gardelli,,62,13,22,88,4.0,0.217391304347826,small,5,4.0,0.0,2.0,14.0,10.0,4.0,0.8,0.8,2.8,2.0,6.0,3.0,0.4,2.0,2.0,1.0,4.0,3.0,0.75,5.0,4.0,5.0,0.0,1.0,0.0,1.0,20440.2,2,2.0,7.0,3.0,1.0,3.5,1.5,4.0,1,0,1.0,-1.0,,0.0,0.0,0.0,0.0,0.0,13,22,88,4.0,0.217391304347826,small,0,0.0,0.0,0.0,0,13,22,88,4.0,0.217391304347826,small,1489.4656730753272,,6,3.0,0.0,3.0,10.0,9.0,1.0,0.5,0.1666666666666666,1.6666666666666667,1.5,6.0,2.0,0.4,3.0,2.0,0.6666666666666666,3.0,3.0,1.0,5.0,5.0,5.0,0.0,1.0,0.0,1.0,25700.0,2,1.0,5.0,6.0,0.5,2.5,3.0,-1.0,2,0,1.0,3.0,,0.0,0.0,0.0,1.0,0.0,13,22,88,4.0,0.217391304347826,small,0,0.0,0.0,1.0,0,13,22,88,4.0,0.217391304347826,small,1500.3042670811094,,0.3,3.0,0.0,1.133333333333333,0.5,0.5,5.0,-10.83859400578217,HomeWin,5,10,4,8,0,0,-5
1950,1950-07-02,WC-1950,1950 FIFA World Cup,Italy v Paraguay,First round,Italy,Paraguay,ITA,PRY,2.0,0.0,2-0,home team win,1.0,0.0,no,no,no,0-0,Estádio do Pacaembu,S-023,Estádio do Pacaembu,São Paulo,Brazil,0.0,25811.0,15:00,Arthur Ellis,,63,13,22,88,4.0,0.217391304347826,small,9,3.0,0.0,4.0,12.0,21.0,-9.0,0.3333333333333333,-1.0,1.3333333333333333,2.3333333333333335,12.0,-2.0,0.8,2.0,3.0,1.5,5.0,3.0,0.6,6.0,5.0,6.0,0.0,1.0,0.0,1.0,36278.0,1,1.0,4.0,8.0,1.0,4.0,8.0,-4.0,2,0,0.0,-3.0,,1.0,2.0,2.0,2.0,1.0,13,22,88,4.0,0.217391304347826,small,1,2.0,2.0,2.0,1,13,22,88,4.0,0.217391304347826,small,1554.797644116784,,3,8.0,1.0,1.0,24.0,10.0,14.0,2.6666666666666665,4.666666666666667,8.0,3.3333333333333335,4.0,-3.0,0.3333333333333333,0.0,4.0,,10.0,3.0,0.3,7.0,5.0,7.0,0.0,1.0,0.0,1.0,12736.333333333334,1,1.0,4.0,3.0,1.0,4.0,3.0,1.0,1,0,1.0,2.0,,,,,,,13,22,88,4.0,0.217391304347826,small,0,0.0,0.0,0.0,0,13,22,88,4.0,0.217391304347826,small,1500.364177128893,,-2.333333333333333,-23.0,0.4666666666666667,-6.666666666666667,-1.0,0.0,-5.0,54.433466987890824,HomeWin,24,3,19,3,1,0,21
1950,1950-07-02,WC-1950,1950 FIFA World Cup,Spain v England,First round,Spain,England,ESP,ENG,1.0,0.0,1-0,home team win,1.0,0.0,no,no,no,0-0,Estádio do Maracanã,S-020,Estádio do Maracanã,Rio de Janeiro,Brazil,0.0,74462.0,15:00,Giovanni Galeati,,64,13,22,88,4.0,0.217391304347826,small,5,1.0,1.0,2.0,3.0,7.0,-4.0,0.2,-0.8,0.6,1.4,10.0,-1.0,0.6,2.0,4.0,2.0,2.0,3.0,1.5,7.0,6.0,7.0,0.0,1.0,0.0,1.0,25660.2,2,0.0,2.0,4.0,0.0,1.0,2.0,-2.0,1,0,0.0,-2.0,,0.0,0.0,0.0,0.0,0.0,13,22,88,4.0,0.217391304347826,small,0,0.0,0.0,0.0,0,13,22,88,4.0,0.217391304347826,small,1519.6950179794458,,2,4.0,1.0,1.0,10.0,4.0,6.0,2.0,3.0,5.0,2.0,3.0,0.0,0.5,0.0,4.0,,6.0,3.0,0.5,7.0,7.0,7.0,0.0,1.0,0.0,1.0,19927.0,2,3.0,6.0,1.0,1.5,3.0,0.5,5.0,0,0,1.0,1.0,,0.0,0.0,0.0,0.0,0.0,13,22,88,4.0,0.217391304347826,small,0,0.0,0.0,0.0,0,13,22,88,4.0,0.217391304347826,small,1499.6801787647266,,-1.8,-10.0,0.0999999999999999,-4.4,-0.6000000000000001,-1.5,-7.0,20.01483921471913,HomeWin,10,2,9,2,1,0,8
1950,1950-07-02,WC-1950,1950 FIFA World Cup,Switzerland v Mexico,First round,Switzerland,Mexico,CHE,MEX,2.0,1.0,2-1,home team win,1.0,0.0,no,no,no,0-0,Estádio dos Eucaliptos,S-017,Estádio dos Eucaliptos,Porto Alegre,Brazil,0.0,3580.0,15:40,Ivan Eklind,,65,13,22,88,4.0,0.217391304347826,small,7,1.0,0.0,2.0,2.0,2.0,0.0,0.1428571428571428,0.0,0.2857142857142857,0.2857142857142857,5.0,1.0,0.2,0.0,5.0,,3.0,3.0,1.0,7.0,8.0,7.0,1.0,1.0,0.125,0.875,22363.571428571428,2,1.0,2.0,2.0,0.5,1.0,1.0,0.0,2,0,0.0,-1.0,,,,,,,13,22,88,4.0,0.217391304347826,small,0,0.0,0.0,0.0,0,13,22,88,4.0,0.217391304347826,small,1491.9076497012593,,5,3.0,2.0,3.0,14.0,16.0,-2.0,0.6,-0.4,2.8,3.2,0.0,2.0,0.0,0.0,6.0,,8.0,3.0,0.375,7.0,9.0,7.0,2.0,1.0,0.2222222222222222,0.7777777777777778,29704.0,2,1.0,4.0,6.0,0.5,2.0,3.0,-2.0,1,0,1.0,1.0,,,,,,,13,22,88,4.0,0.217391304347826,small,0,0.0,0.0,0.0,0,13,22,88,4.0,0.217391304347826,small,1453.9745237659183,,-0.4571428571428571,2.0,0.2,-2.5142857142857142,-2.9142857142857146,0.0,2.0,37.93312593534074,HomeWin,17,5,11,4,0,2,12
1950,1950-07-02,WC-1950,1950 FIFA World Cup,Uruguay v Bolivia,First round,Uruguay,Bolivia,URY,BOL,8.0,0.0,8-0,home team win,1.0,0.0,no,no,no,0-0,Estádio Independência,S-007,Estádio Independência,Belo Horizonte,Brazil,0.0,5284.0,15:00,George Reader,,66,13,22,88,4.0,0.217391304347826,small,4,0.0,0.0,6.0,6.0,23.0,-17.0,0.0,-4.25,1.5,5.75,12.0,0.0,1.0,3.0,6.0,2.0,3.0,3.0,1.0,8.0,9.0,7.0,2.0,0.875,0.2222222222222222,0.6527777777777778,68992.5,0,0.0,2.0,10.0,,,,-8.0,1,0,0.0,-1.0,,1.0,1.0,1.0,1.0,0.0,13,22,88,4.0,0.217391304347826,small,1,1.0,1.0,1.0,0,13,22,88,4.0,0.217391304347826,small,1539.9915508808067,,2,5.0,0.0,0.0,23.0,3.0,20.0,2.5,10.0,11.5,1.5,0.0,1.0,0.0,2.0,6.0,3.0,3.0,3.0,1.0,9.0,9.0,7.0,2.0,0.7777777777777778,0.2222222222222222,0.5555555555555556,21886.0,0,1.0,8.0,0.0,,,,8.0,1,0,1.0,8.0,,,,,,,13,22,88,4.0,0.217391304347826,small,0,0.0,0.0,0.0,0,13,22,88,4.0,0.217391304347826,small,1480.2794617562658,,-2.5,-37.0,1.0,-10.0,4.25,,-16.0,59.71208912454085,HomeWin,15,0,12,0,0,0,15
1950,1950-07-09,WC-1950,1950 FIFA World Cup,Brazil v Sweden,Final round,Brazil,Sweden,BRA,SWE,7.0,1.0,7-1,home team win,1.0,0.0,no,no,no,0-0,Estádio do Maracanã,S-020,Estádio do Maracanã,Rio de Janeiro,Brazil,1.0,138886.0,15:00,Arthur Ellis,,67,13,22,88,4.0,0.217391304347826,small,11,0.0,0.0,3.0,0.0,16.0,-16.0,0.0,-1.4545454545454546,0.0,1.4545454545454546,10.0,1.0,0.6,2.0,6.0,3.0,1.0,3.0,3.0,9.0,10.0,7.0,2.0,0.7777777777777778,0.2,0.5777777777777777,39568.09090909091,3,0.0,0.0,8.0,0.0,0.0,2.6666666666666665,-8.0,3,1,0.0,-8.0,0.0,0.0,0.0,0.0,1.0,0.0,13,22,88,4.0,0.217391304347826,small,0,0.0,0.0,1.0,0,13,22,88,4.0,0.217391304347826,small,1531.0381256273092,,7,7.0,2.0,3.0,35.0,19.0,16.0,1.0,2.2857142857142856,5.0,2.7142857142857144,7.0,-1.0,0.4,2.0,6.0,3.0,10.0,3.0,0.3,10.0,10.0,7.0,2.0,0.7,0.2,0.4999999999999999,14343.57142857143,2,3.0,15.0,3.0,1.5,7.5,1.5,12.0,2,1,2.0,8.0,2.0,0.0,0.0,0.0,0.0,0.0,13,22,88,4.0,0.217391304347826,small,0,0.0,0.0,0.0,0,13,22,88,4.0,0.217391304347826,small,1503.138130306689,,-1.0,-32.0,0.1999999999999999,-5.0,-1.2597402597402598,-1.5,-20.0,27.89999532062029,HomeWin,31,20,22,14,0,0,11
1950,1950-07-09,WC-1950,1950 FIFA World Cup,Uruguay v Spain,Final round,Uruguay,Spain,URY,ESP,2.0,2.0,2-2,draw,0.0,0.0,yes,no,no,0-0,Estádio do Pacaembu,S-023,Estádio do Pacaembu,São Paulo,Brazil,0.0,44802.0,15:00,Benjamin Griffiths,,68,13,22,88,4.0,0.217391304347826,small,5,3.0,1.0,4.0,21.0,24.0,-3.0,0.6,-0.6,4.2,4.8,15.0,-2.0,1.0,0.0,7.0,,8.0,3.0,0.375,11.0,10.0,8.0,2.0,0.7272727272727273,0.2,0.5272727272727273,56250.8,1,1.0,6.0,11.0,1.0,6.0,11.0,-5.0,1,0,0.0,-8.0,,1.0,1.0,1.0,1.0,0.0,13,22,88,4.0,0.217391304347826,small,1,1.0,1.0,1.0,0,13,22,88,4.0,0.217391304347826,small,1548.289622881612,,6,5.0,1.0,0.0,25.0,5.0,20.0,0.8333333333333334,3.3333333333333335,4.166666666666667,0.8333333333333334,10.0,-1.0,0.6,2.0,7.0,3.5,4.0,3.0,0.75,11.0,11.0,8.0,2.0,0.7272727272727273,0.1818181818181818,0.5454545454545454,33793.833333333336,3,1.0,10.0,2.0,0.3333333333333333,3.3333333333333335,0.6666666666666666,8.0,1,0,0.0,0.0,,0.0,0.0,0.0,0.0,0.0,13,22,88,4.0,0.217391304347826,small,0,0.0,0.0,0.0,0,13,22,88,4.0,0.217391304347826,small,1529.1195810078912,,-0.2333333333333334,-23.0,0.4,0.0333333333333332,3.9666666666666663,0.6666666666666667,-13.0,19.17004187372072,Draw,23,11,17,10,0,1,12
1950,1950-07-13,WC-1950,1950 FIFA World Cup,Brazil v Spain,Final round,Brazil,Spain,BRA,ESP,6.0,1.0,6-1,home team win,1.0,0.0,no,no,no,0-0,Estádio do Maracanã,S-020,Estádio do Maracanã,Rio de Janeiro,Brazil,1.0,152772.0,15:00,Reginald Leafe,,69,13,22,88,4.0,0.217391304347826,small,12,4.0,2.0,1.0,12.0,6.0,6.0,0.3333333333333333,0.5,1.0,0.5,13.0,-1.0,0.8,0.0,7.0,,7.0,3.0,0.4285714285714285,11.0,12.0,8.0,2.0,0.7272727272727273,0.1666666666666666,0.5606060606060607,47844.583333333336,4,3.0,8.0,3.0,0.75,2.0,0.75,5.0,3,1,0.0,0.0,0.0,0.0,0.0,0.0,1.0,0.0,13,22,88,4.0,0.217391304347826,small,0,0.0,0.0,1.0,0,13,22,88,4.0,0.217391304347826,small,1540.2368208791645,,7,8.0,2.0,3.0,41.0,20.0,21.0,1.1428571428571428,3.0,5.857142857142857,2.857142857142857,10.0,,0.6,2.0,0.0,0.0,11.0,0.0,0.0,0.0,0.0,0.0,0.0,,,,35366.42857142857,4,4.0,21.0,4.0,1.0,5.25,1.0,17.0,1,1,1.0,3.0,1.0,0.0,0.0,0.0,0.0,0.0,13,22,88,4.0,0.217391304347826,small,0,0.0,0.0,0.0,0,13,22,88,4.0,0.217391304347826,small,1529.6707799282424,,-0.8095238095238095,-15.0,0.2,-4.857142857142857,-2.357142857142857,-0.25,-12.0,10.566040950921888,HomeWin,38,13,25,11,0,1,25
1950,1950-07-13,WC-1950,1950 FIFA World Cup,Uruguay v Sweden,Final round,Uruguay,Sweden,URY,SWE,3.0,2.0,3-2,home team win,1.0,0.0,no,no,no,0-0,Estádio do Pacaembu,S-023,Estádio do Pacaembu,São Paulo,Brazil,0.0,7987.0,15:00,Giovanni Galeati,,70,13,22,88,4.0,0.217391304347826,small,6,4.0,2.0,2.0,13.0,12.0,1.0,0.6666666666666666,0.1666666666666666,2.1666666666666665,2.0,13.0,-3.0,0.8,0.0,0.0,,8.0,0.0,0.0,0.0,1.0,0.0,0.0,,0.0,,54342.666666666664,2,3.0,9.0,9.0,1.5,4.5,4.5,0.0,1,0,1.0,-3.0,,1.0,1.0,1.0,1.0,0.0,13,22,88,4.0,0.217391304347826,small,1,1.0,1.0,1.0,0,13,22,88,4.0,0.217391304347826,small,1547.7384239612609,,8,6.0,1.0,0.0,28.0,7.0,21.0,0.75,2.625,3.5,0.875,4.0,-4.0,0.2,2.0,0.0,0.0,5.0,0.0,0.0,0.0,2.0,0.0,0.0,,0.0,,29911.375,3,2.0,13.0,4.0,0.6666666666666666,4.333333333333333,1.3333333333333333,9.0,2,0,1.0,1.0,,0.0,0.0,0.0,0.0,0.0,13,22,88,4.0,0.217391304347826,small,0,0.0,0.0,0.0,0,13,22,88,4.0,0.217391304347826,small,1493.939435054834,,-0.0833333333333333,-20.0,0.6000000000000001,-1.3333333333333337,1.125,0.8333333333333334,-9.0,53.79898890642676,HomeWin,25,21,19,15,0,1,4
1950,1950-07-16,WC-1950,1950 FIFA World Cup,Sweden v Spain,Final round,Sweden,Spain,SWE,ESP,3.0,1.0,3-1,home team win,1.0,0.0,no,no,no,0-0,Estádio do Pacaembu,S-023,Estádio do Pacaembu,São Paulo,Brazil,0.0,11227.0,15:00,Karel Van Der Meer,,71,13,22,88,4.0,0.217391304347826,small,9,3.0,1.0,5.0,23.0,27.0,-4.0,0.3333333333333333,-0.4444444444444444,2.5555555555555554,3.0,4.0,-7.0,0.2,0.0,0.0,,9.0,0.0,0.0,0.0,3.0,0.0,0.0,,0.0,,27475.333333333332,4,1.0,8.0,14.0,0.25,2.0,3.5,-6.0,2,0,0.0,-1.0,,0.0,0.0,0.0,0.0,0.0,13,22,88,4.0,0.217391304347826,small,0,0.0,0.0,0.0,0,13,22,88,4.0,0.217391304347826,small,1485.4756360439678,,8,4.0,1.0,5.0,26.0,28.0,-2.0,0.5,-0.25,3.25,3.5,10.0,-9.0,0.6,0.0,0.0,,10.0,0.0,0.0,0.0,4.0,0.0,0.0,,0.0,,50042.125,5,2.0,11.0,15.0,0.4,2.2,3.0,-4.0,1,0,1.0,2.0,,0.0,0.0,0.0,0.0,0.0,13,22,88,4.0,0.217391304347826,small,0,0.0,0.0,0.0,0,13,22,88,4.0,0.217391304347826,small,1519.974801313104,,-0.1666666666666666,-2.0,-0.3999999999999999,-0.6944444444444446,-0.5,-0.15,-2.0,-34.49916526913603,HomeWin,23,14,17,12,1,1,9
1950,1950-07-16,WC-1950,1950 FIFA World Cup,Uruguay v Brazil,Final round,Uruguay,Brazil,URY,BRA,2.0,1.0,2-1,home team win,1.0,0.0,no,no,no,0-0,Estádio do Maracanã,S-020,Estádio do Maracanã,Rio de Janeiro,Brazil,1.0,173850.0,15:00,George Reader,,72,13,22,88,4.0,0.217391304347826,small,7,4.0,2.0,3.0,14.0,15.0,-1.0,0.5714285714285714,-0.1428571428571428,2.0,2.142857142857143,13.0,-9.0,0.8,0.0,0.0,,9.0,0.0,0.0,0.0,5.0,0.0,0.0,,0.0,,47720.42857142857,3,3.0,10.0,12.0,1.0,3.3333333333333335,4.0,-2.0,1,0,0.0,-2.0,,1.0,1.0,1.0,1.0,0.0,13,22,88,4.0,0.217391304347826,small,1,1.0,1.0,1.0,0,13,22,88,4.0,0.217391304347826,small,1556.2022229721267,,13,7.0,1.0,0.0,30.0,8.0,22.0,0.5384615384615384,1.6923076923076923,2.3076923076923075,0.6153846153846154,13.0,-9.0,0.8,2.0,0.0,0.0,6.0,0.0,0.0,0.0,6.0,0.0,0.0,,0.0,,55915.92307692308,5,3.0,15.0,5.0,0.6,3.0,1.0,10.0,3,0,1.0,1.0,,0.0,0.0,0.0,1.0,0.0,13,22,88,4.0,0.217391304347826,small,0,0.0,0.0,1.0,0,13,22,88,4.0,0.217391304347826,small,1549.9327994943028,,0.0329670329670329,-23.0,0.0,-0.3076923076923075,1.5274725274725274,0.4,-12.0,6.269423477823921,HomeWin,28,44,21,29,0,0,-16
1954,1954-06-16,WC-1954,1954 FIFA World Cup,Austria v Scotland,Group stage,Austria,Scotland,AUT,SCO,1.0,0.0,1-0,home team win,1.0,0.0,no,no,no,0-0,Hardturm Stadium,S-181,Hardturm Stadium,Zürich,Switzerland,0.0,25000.0,18:00,Laurent Franken,,73,16,26,140,5.4,0.2608695652173913,small,4,8.0,2.0,4.0,42.0,22.0,20.0,2.0,5.0,10.5,5.5,6.0,-5.0,0.5,2.0,1.0,0.5,12.0,0.0,0.0,1.0,6.0,1.0,0.0,1.0,0.0,1.0,20250.0,0,4.0,22.0,6.0,,,,16.0,1,0,0.0,-1.0,,0.0,0.0,0.0,0.0,0.0,16,26,140,5.4,0.2608695652173913,small,0,0.0,0.0,0.0,0,16,26,140,5.4,0.2608695652173913,small,1499.7290440667582,,0,3.0,0.0,2.0,8.0,7.0,1.0,,,,,,-5.0,,1.0,1.0,1.0,4.0,0.0,0.0,1.0,7.0,1.0,0.0,1.0,0.0,1.0,,0,1.0,1.0,0.0,,,,1.0,0,0,1.0,1.0,,,,,,,16,26,140,5.4,0.2608695652173913,small,0,0.0,0.0,0.0,0,16,26,140,5.4,0.2608695652173913,small,1500.0,,,19.0,,,,,15.0,-0.2709559332417939,HomeWin,7,0,7,0,0,0,7
1954,1954-06-16,WC-1954,1954 FIFA World Cup,Brazil v Mexico,Group stage,Brazil,Mexico,BRA,MEX,5.0,0.0,5-0,home team win,1.0,0.0,no,no,no,0-0,Charmilles Stadium,S-178,Charmilles Stadium,Geneva,Switzerland,0.0,13470.0,18:00,Paul Wyssling,,74,16,26,140,5.4,0.2608695652173913,small,14,0.0,0.0,1.0,0.0,1.0,-1.0,0.0,-0.0714285714285714,0.0,0.0714285714285714,10.0,-4.0,0.6,1.0,1.0,1.0,0.0,0.0,,1.0,8.0,1.0,0.0,1.0,0.0,1.0,64339.78571428572,0,0.0,0.0,1.0,,,,-1.0,4,1,0.0,-1.0,0.0,0.0,0.0,1.0,2.0,0.0,16,26,140,5.4,0.2608695652173913,small,0,0.0,1.0,2.0,0,16,26,140,5.4,0.2608695652173913,small,1540.1132284241942,,6,9.0,2.0,4.0,47.0,22.0,25.0,1.5,4.166666666666667,7.833333333333333,3.6666666666666665,0.0,-3.0,0.0,3.0,2.0,0.6666666666666666,12.0,0.0,0.0,1.0,9.0,1.0,1.0,1.0,0.1111111111111111,0.8888888888888888,25350.0,0,1.0,5.0,0.0,,,,5.0,2,1,2.0,9.0,2.0,,,,,,16,26,140,5.4,0.2608695652173913,small,0,0.0,0.0,0.0,0,16,26,140,5.4,0.2608695652173913,small,1445.062009258928,,-1.5,-26.0,0.6,-7.833333333333333,-3.595238095238095,,-6.0,95.05121916526603,HomeWin,45,6,30,5,0,2,39
1954,1954-06-16,WC-1954,1954 FIFA World Cup,Uruguay v Czechoslovakia,Group stage,Uruguay,Czechoslovakia,URY,CSK,2.0,0.0,2-0,home team win,1.0,0.0,no,no,no,0-0,Wankdorf Stadium,S-177,Wankdorf Stadium,Bern,Switzerland,0.0,20500.0,18:00,Arthur Ellis,,75,16,26,140,5.4,0.2608695652173913,small,8,0.0,0.0,7.0,6.0,28.0,-22.0,0.0,-2.75,0.75,3.5,13.0,1.0,0.8,4.0,3.0,0.75,3.0,0.0,0.0,2.0,9.0,2.0,1.0,1.0,0.1111111111111111,0.8888888888888888,63486.625,0,0.0,0.0,5.0,,,,-5.0,2,0,0.0,-9.0,,1.0,2.0,2.0,2.0,1.0,16,26,140,5.4,0.2608695652173913,small,1,2.0,2.0,2.0,1,16,26,140,5.4,0.2608695652173913,small,1566.0217940422351,,7,8.0,1.0,0.0,32.0,8.0,24.0,1.1428571428571428,3.4285714285714284,4.571428571428571,1.1428571428571428,7.0,-2.0,0.4,3.0,3.0,1.0,6.0,0.0,0.0,3.0,9.0,2.0,1.0,0.6666666666666666,0.1111111111111111,0.5555555555555556,20308.85714285714,0,1.0,2.0,0.0,,,,2.0,2,0,1.0,2.0,,0.0,0.0,1.0,1.0,0.0,16,26,140,5.4,0.2608695652173913,small,0,0.0,1.0,1.0,0,16,26,140,5.4,0.2608695652173913,small,1517.522345418381,,-1.1428571428571428,-46.0,0.4,-3.821428571428571,2.357142857142857,,-7.0,48.49944862385428,HomeWin,30,16,23,14,0,2,14
1954,1954-06-16,WC-1954,1954 FIFA World Cup,Yugoslavia v France,Group stage,Yugoslavia,France,YUG,FRA,1.0,0.0,1-0,home team win,1.0,0.0,no,no,no,0-0,Stade Olympique de la Pontaise,S-179,Stade Olympique de la Pontaise,Lausanne,Switzerland,0.0,16000.0,18:00,Benjamin Griffiths,,76,16,26,140,5.4,0.2608695652173913,small,6,4.0,1.0,3.0,14.0,11.0,3.0,0.6666666666666666,0.5,2.3333333333333335,1.8333333333333333,9.0,-2.0,0.6,1.0,3.0,3.0,7.0,0.0,0.0,3.0,10.0,2.0,1.0,0.6666666666666666,0.1,0.5666666666666667,47179.166666666664,0,0.0,0.0,2.0,,,,-2.0,2,0,0.0,-2.0,,,,,,,16,26,140,5.4,0.2608695652173913,small,0,0.0,0.0,0.0,0,16,26,140,5.4,0.2608695652173913,small,1517.6249054509074,,5,5.0,0.0,2.0,15.0,10.0,5.0,1.0,1.0,3.0,2.0,6.0,-2.0,0.4,3.0,3.0,1.0,4.0,0.0,0.0,4.0,10.0,2.0,1.0,0.5,0.1,0.4,15261.4,0,1.0,1.0,0.0,,,,1.0,3,0,1.0,1.0,,0.0,0.0,0.0,0.0,0.0,16,26,140,5.4,0.2608695652173913,small,0,0.0,0.0,0.0,0,16,26,140,5.4,0.2608695652173913,small,1490.0084929289535,,-0.3333333333333333,-2.0,0.1999999999999999,-0.6666666666666665,-0.1666666666666667,,-3.0,27.61641252195363,HomeWin,14,9,12,7,0,1,5
1954,1954-06-17,WC-1954,1954 FIFA World Cup,England v Belgium,Group stage,England,Belgium,ENG,BEL,4.0,4.0,4-4,draw,0.0,0.0,yes,yes,no,0-0,St. Jakob Stadium,S-176,St. Jakob Stadium,Basel,Switzerland,0.0,14000.0,18:10,Emil Schmetzer,Required Extra Time,77,16,26,140,5.4,0.2608695652173913,small,3,2.0,0.0,4.0,9.0,8.0,1.0,0.6666666666666666,0.3333333333333333,3.0,2.6666666666666665,3.0,-2.0,0.3333333333333333,4.0,4.0,1.0,2.0,0.0,0.0,4.0,11.0,2.0,2.0,0.5,0.1818181818181818,0.3181818181818182,38105.333333333336,0,0.0,0.0,1.0,,,,-1.0,1,0,0.0,-1.0,,0.0,0.0,0.0,0.0,0.0,16,26,140,5.4,0.2608695652173913,small,0,0.0,0.0,0.0,0,16,26,140,5.4,0.2608695652173913,small,1490.2556157362812,,4,1.0,1.0,2.0,6.0,6.0,0.0,0.25,0.0,1.5,1.5,0.0,-3.0,0.0,1.0,4.0,4.0,3.0,0.0,0.0,4.0,12.0,2.0,2.0,0.5,0.1666666666666666,0.3333333333333333,17200.0,0,0.0,4.0,4.0,,,,0.0,3,0,0.0,0.0,,0.0,0.0,0.0,0.0,0.0,16,26,140,5.4,0.2608695652173913,small,0,0.0,0.0,0.0,0,16,26,140,5.4,0.2608695652173913,small,1460.86230637407,,0.4166666666666666,1.0,0.3333333333333333,1.5,1.1666666666666663,,-1.0,29.393309362211312,Draw,2,3,2,2,0,0,-1
1954,1954-06-17,WC-1954,1954 FIFA World Cup,Hungary v South Korea,Group stage,Hungary,South Korea,HUN,KOR,9.0,0.0,9-0,home team win,1.0,0.0,no,no,no,0-0,Hardturm Stadium,S-181,Hardturm Stadium,Zürich,Switzerland,0.0,13000.0,18:00,Raymond Vincenti,,78,16,26,140,5.4,0.2608695652173913,small,5,0.0,1.0,4.0,7.0,16.0,-9.0,0.0,-1.8,1.4,3.2,9.0,-2.0,0.6,3.0,4.0,1.3333333333333333,2.0,1.0,0.5,4.0,13.0,2.0,3.0,0.5,0.2307692307692307,0.2692307692307692,22400.0,0,0.0,4.0,4.0,,,,0.0,2,0,0.0,0.0,,0.0,0.0,1.0,1.0,0.0,16,26,140,5.4,0.2608695652173913,small,0,0.0,1.0,1.0,0,16,26,140,5.4,0.2608695652173913,small,1511.4126658889911,,0,4.0,0.0,2.0,23.0,9.0,14.0,,,,,,1.0,,1.0,4.0,4.0,5.0,1.0,0.2,4.0,14.0,2.0,3.0,0.5,0.2142857142857142,0.2857142857142857,,0,1.0,9.0,0.0,,,,9.0,0,0,1.0,9.0,,,,,,,16,26,140,5.4,0.2608695652173913,small,0,0.0,0.0,0.0,0,16,26,140,5.4,0.2608695652173913,small,1500.0,,,-23.0,,,,,-9.0,11.412665888991114,HomeWin,14,0,12,0,1,0,14
1954,1954-06-17,WC-1954,1954 FIFA World Cup,Switzerland v Italy,Group stage,Switzerland,Italy,CHE,ITA,2.0,1.0,2-1,home team win,1.0,0.0,no,no,no,0-0,Stade Olympique de la Pontaise,S-179,Stade Olympique de la Pontaise,Lausanne,Switzerland,1.0,43000.0,17:50,Mario Viana,,79,16,26,140,5.4,0.2608695652173913,small,8,0.0,0.0,1.0,0.0,9.0,-9.0,0.0,-1.125,0.0,1.125,7.0,0.0,0.4,1.0,4.0,4.0,0.0,1.0,,4.0,15.0,2.0,3.0,0.5,0.2,0.3,20015.625,0,0.0,0.0,9.0,,,,-9.0,3,0,0.0,-9.0,,,,,,,16,26,140,5.4,0.2608695652173913,small,0,0.0,0.0,0.0,0,16,26,140,5.4,0.2608695652173913,small,1500.8201642082497,,10,4.0,2.0,3.0,16.0,17.0,-1.0,0.4,-0.1,1.6,1.7,12.0,1.0,0.8,1.0,5.0,5.0,8.0,1.0,0.125,5.0,15.0,3.0,3.0,0.6,0.2,0.3999999999999999,35231.3,0,1.0,2.0,1.0,,,,1.0,3,0,1.0,1.0,,1.0,2.0,2.0,2.0,0.0,16,26,140,5.4,0.2608695652173913,small,1,2.0,2.0,2.0,0,16,26,140,5.4,0.2608695652173913,small,1563.243617362535,,-0.4,-8.0,-0.4,-1.6,-0.575,,-10.0,-62.42345315428497,HomeWin,19,26,13,21,0,1,-7
1954,1954-06-19,WC-1954,1954 FIFA World Cup,Austria v Czechoslovakia,Group stage,Austria,Czechoslovakia,AUT,CSK,5.0,0.0,5-0,home team win,1.0,0.0,no,no,no,0-0,Hardturm Stadium,S-181,Hardturm Stadium,Zürich,Switzerland,0.0,26000.0,17:00,Vasa Stefanovic,,80,16,26,140,5.4,0.2608695652173913,small,5,8.0,1.0,2.0,25.0,12.0,13.0,1.6,2.6,5.0,2.4,9.0,3.0,0.6,1.0,6.0,6.0,10.0,1.0,0.1,6.0,15.0,4.0,3.0,0.6666666666666666,0.2,0.4666666666666666,21200.0,1,0.0,1.0,2.0,0.0,1.0,2.0,-1.0,1,0,0.0,-1.0,,0.0,0.0,0.0,0.0,0.0,16,26,140,5.4,0.2608695652173913,small,0,0.0,0.0,0.0,0,16,26,140,5.4,0.2608695652173913,small,1509.7368428038365,,8,4.0,0.0,2.0,13.0,7.0,6.0,0.5,0.75,1.625,0.875,4.0,1.0,0.2,2.0,6.0,3.0,4.0,1.0,0.25,7.0,15.0,4.0,3.0,0.5714285714285714,0.2,0.3714285714285714,20332.75,1,2.0,6.0,0.0,2.0,6.0,0.0,6.0,2,0,1.0,5.0,,0.0,0.0,1.0,1.0,0.0,16,26,140,5.4,0.2608695652173913,small,0,0.0,1.0,1.0,0,16,26,140,5.4,0.2608695652173913,small,1508.909274825628,,1.1,7.0,0.3999999999999999,3.375,1.525,-2.0,-7.0,0.8275679782084353,HomeWin,8,16,8,14,0,2,-8
1954,1954-06-19,WC-1954,1954 FIFA World Cup,Brazil v Yugoslavia,Group stage,Brazil,Yugoslavia,BRA,YUG,1.0,1.0,1-1,draw,0.0,0.0,yes,yes,no,0-0,Stade Olympique de la Pontaise,S-179,Stade Olympique de la Pontaise,Lausanne,Switzerland,0.0,24637.0,17:00,Charlie Faultless,Required Extra Time,81,16,26,140,5.4,0.2608695652173913,small,15,4.0,1.0,4.0,14.0,16.0,-2.0,0.2666666666666666,-0.1333333333333333,0.9333333333333332,1.0666666666666669,12.0,0.0,0.8,2.0,6.0,3.0,7.0,1.0,0.1428571428571428,7.0,16.0,4.0,3.0,0.5714285714285714,0.1875,0.3839285714285714,60948.46666666667,1,0.0,0.0,7.0,0.0,0.0,7.0,-7.0,4,2,0.0,-5.0,0.0,0.0,0.0,1.0,2.0,0.0,16,26,140,5.4,0.2608695652173913,small,0,0.0,1.0,2.0,0,16,26,140,5.4,0.2608695652173913,small,1547.4437052199626,,7,9.0,3.0,4.0,48.0,23.0,25.0,1.2857142857142858,3.5714285714285716,6.857142857142857,3.2857142857142856,9.0,3.0,0.6,4.0,7.0,1.75,12.0,1.0,0.0833333333333333,8.0,16.0,5.0,3.0,0.625,0.1875,0.4375,42725.0,1,1.0,6.0,1.0,1.0,6.0,1.0,5.0,2,2,1.0,1.0,0.5,,,,,,16,26,140,5.4,0.2608695652173913,small,0,0.0,0.0,0.0,0,16,26,140,5.4,0.2608695652173913,small,1526.831710992052,,-1.0190476190476192,-27.0,0.2,-5.923809523809523,-2.219047619047619,-1.0,-12.0,20.6119942279106,Draw,50,15,34,13,0,0,35
1954,1954-06-19,WC-1954,1954 FIFA World Cup,France v Mexico,Group stage,France,Mexico,FRA,MEX,3.0,2.0,3-2,home team win,1.0,0.0,no,no,no,0-0,Charmilles Stadium,S-178,Charmilles Stadium,Geneva,Switzerland,0.0,19000.0,17:10,Manuel Asensi,,82,16,26,140,5.4,0.2608695652173913,small,6,5.0,1.0,2.0,16.0,11.0,5.0,0.8333333333333334,0.8333333333333334,2.6666666666666665,1.8333333333333333,3.0,2.0,0.2,4.0,8.0,2.0,4.0,1.0,0.25,9.0,16.0,6.0,3.0,0.6666666666666666,0.1875,0.4791666666666666,15384.5,1,1.0,2.0,1.0,1.0,2.0,1.0,1.0,3,1,1.0,-1.0,1.0,0.0,0.0,0.0,0.0,0.0,16,26,140,5.4,0.2608695652173913,small,0,0.0,0.0,0.0,0,16,26,140,5.4,0.2608695652173913,small,1480.8016873878091,,7,3.0,0.0,4.0,12.0,10.0,2.0,0.4285714285714285,0.2857142857142857,1.7142857142857142,1.4285714285714286,0.0,-1.0,0.0,5.0,8.0,1.6,2.0,1.0,0.5,10.0,16.0,6.0,3.0,0.6,0.1875,0.4125,23652.85714285714,1,1.0,3.0,3.0,1.0,3.0,3.0,0.0,2,1,2.0,4.0,2.0,,,,,,16,26,140,5.4,0.2608695652173913,small,0,0.0,0.0,0.0,0,16,26,140,5.4,0.2608695652173913,small,1437.7315324631595,,0.4047619047619048,3.0,0.2,0.9523809523809524,0.4047619047619046,0.0,1.0,43.07015492464939,HomeWin,9,6,7,5,1,2,3
1954,1954-06-19,WC-1954,1954 FIFA World Cup,Uruguay v Scotland,Group stage,Uruguay,Scotland,URY,SCO,7.0,0.0,7-0,home team win,1.0,0.0,no,no,no,0-0,St. Jakob Stadium,S-176,St. Jakob Stadium,Basel,Switzerland,0.0,34000.0,16:50,Vincenzo Orlandini,,83,16,26,140,5.4,0.2608695652173913,small,9,0.0,0.0,8.0,8.0,31.0,-23.0,0.0,-2.5555555555555554,0.8888888888888888,3.4444444444444446,13.0,-1.0,0.8,5.0,8.0,1.6,3.0,1.0,0.3333333333333333,10.0,17.0,6.0,3.0,0.6,0.1764705882352941,0.4235294117647058,58710.333333333336,1,0.0,2.0,8.0,0.0,2.0,8.0,-6.0,2,0,0.0,-4.0,,1.0,2.0,2.0,2.0,1.0,16,26,140,5.4,0.2608695652173913,small,1,2.0,2.0,2.0,1,16,26,140,5.4,0.2608695652173913,small,1574.6348646349884,,1,9.0,1.0,0.0,39.0,8.0,31.0,9.0,31.0,39.0,8.0,0.0,0.0,0.0,4.0,8.0,2.0,6.0,1.0,0.1666666666666666,10.0,18.0,6.0,3.0,0.6,0.1666666666666666,0.4333333333333333,25000.0,1,2.0,9.0,0.0,2.0,9.0,0.0,9.0,0,0,1.0,7.0,,,,,,,16,26,140,5.4,0.2608695652173913,small,0,0.0,0.0,0.0,0,16,26,140,5.4,0.2608695652173913,small,1489.9922012629218,,-9.0,-54.0,0.8,-38.111111111111114,-4.555555555555555,-2.0,-15.0,84.64266337206664,HomeWin,32,0,25,0,0,0,32
1954,1954-06-20,WC-1954,1954 FIFA World Cup,Italy v Belgium,Group stage,Italy,Belgium,ITA,BEL,4.0,1.0,4-1,home team win,1.0,0.0,no,no,no,0-0,Cornaredo Stadium,S-180,Cornaredo Stadium,Lugano,Switzerland,0.0,24000.0,17:00,Carl Steiner,,84,16,26,140,5.4,0.2608695652173913,small,11,0.0,0.0,2.0,0.0,8.0,-8.0,0.0,-0.7272727272727273,0.0,0.7272727272727273,9.0,-1.0,0.6,2.0,8.0,4.0,0.0,1.0,,11.0,18.0,6.0,3.0,0.5454545454545454,0.1666666666666666,0.3787878787878788,35937.545454545456,1,0.0,0.0,8.0,0.0,0.0,8.0,-8.0,3,0,0.0,-7.0,,1.0,2.0,2.0,2.0,0.0,16,26,140,5.4,0.2608695652173913,small,1,2.0,2.0,2.0,0,16,26,140,5.4,0.2608695652173913,small,1551.4660125367527,,5,9.0,1.0,2.0,29.0,13.0,16.0,1.8,3.2,5.8,2.6,1.0,-2.0,0.0,2.0,8.0,4.0,10.0,1.0,0.1,12.0,18.0,6.0,3.0,0.5,0.1666666666666666,0.3333333333333333,16560.0,1,1.0,5.0,3.0,1.0,5.0,3.0,2.0,3,0,1.0,3.0,,0.0,0.0,0.0,0.0,0.0,16,26,140,5.4,0.2608695652173913,small,0,0.0,0.0,0.0,0,16,26,140,5.4,0.2608695652173913,small,1461.706301213007,,-1.8,-24.0,0.6,-5.8,-1.8727272727272728,-1.0,-10.0,89.7597113237457,HomeWin,28,7,23,5,1,0,21
1954,1954-06-20,WC-1954,1954 FIFA World Cup,Turkey v South Korea,Group stage,Turkey,South Korea,TUR,KOR,7.0,0.0,7-0,home team win,1.0,0.0,no,no,no,0-0,Charmilles Stadium,S-178,Charmilles Stadium,Geneva,Switzerland,0.0,,17:00,,,85,16,26,140,5.4,0.2608695652173913,small,0,0.0,1.0,5.0,8.0,20.0,-12.0,,,,,,-1.0,,4.0,8.0,2.0,2.0,1.0,0.5,12.0,19.0,6.0,3.0,0.5,0.1578947368421052,0.3421052631578947,,0,0.0,5.0,8.0,,,,-3.0,0,0,0.0,-3.0,,0.0,0.0,0.0,0.0,0.0,16,26,140,5.4,0.2608695652173913,small,0,0.0,0.0,0.0,0,16,26,140,5.4,0.2608695652173913,small,1500.0,,1,1.0,0.0,0.0,7.0,0.0,7.0,1.0,7.0,7.0,0.0,0.0,0.0,0.0,1.0,8.0,8.0,0.0,1.0,,12.0,20.0,6.0,3.0,0.5,0.15,0.35,13000.0,1,1.0,7.0,0.0,1.0,7.0,0.0,7.0,0,0,1.0,7.0,,,,,,,16,26,140,5.4,0.2608695652173913,small,0,0.0,0.0,0.0,0,16,26,140,5.4,0.2608695652173913,small,1490.328364834818,,,-19.0,,,,,-10.0,9.671635165182124,HomeWin,0,0,0,0,0,0,0
1954,1954-06-23,WC-1954,1954 FIFA World Cup,Switzerland v Italy,Group stage,Switzerland,Italy,CHE,ITA,4.0,1.0,4-1,home team win,1.0,0.0,no,no,no,0-0,St. Jakob Stadium,S-176,St. Jakob Stadium,Basel,Switzerland,1.0,30000.0,18:00,Benjamin Griffiths,,86,16,26,140,5.4,0.2608695652173913,small,9,0.0,0.0,2.0,0.0,16.0,-16.0,0.0,-1.7777777777777777,0.0,1.7777777777777777,7.0,1.0,0.4,2.0,9.0,4.5,0.0,1.0,,13.0,20.0,7.0,3.0,0.5384615384615384,0.15,0.3884615384615384,22569.444444444445,1,0.0,0.0,16.0,0.0,0.0,16.0,-16.0,3,1,0.0,-7.0,0.0,,,,,,16,26,140,5.4,0.2608695652173913,small,0,0.0,0.0,0.0,0,16,26,140,5.4,0.2608695652173913,small,1512.5977690340317,,12,5.0,2.0,3.0,20.0,18.0,2.0,0.4166666666666667,0.1666666666666666,1.6666666666666667,1.5,9.0,-1.0,0.6,2.0,9.0,4.5,8.0,1.0,0.125,13.0,21.0,7.0,3.0,0.5384615384615384,0.1428571428571428,0.3956043956043956,34942.75,2,2.0,6.0,2.0,1.0,3.0,1.0,4.0,3,1,2.0,4.0,2.0,1.0,2.0,2.0,2.0,0.0,16,26,140,5.4,0.2608695652173913,small,1,2.0,2.0,2.0,0,16,26,140,5.4,0.2608695652173913,small,1558.938504016036,,-0.4166666666666667,-18.0,-0.1999999999999999,-1.6666666666666667,0.2777777777777777,-1.0,-20.0,-46.34073498200428,HomeWin,25,32,16,27,0,2,-7
1954,1954-06-26,WC-1954,1954 FIFA World Cup,Uruguay v England,Quarter-finals,Uruguay,England,URY,ENG,4.0,2.0,4-2,home team win,1.0,0.0,no,no,no,0-0,St. Jakob Stadium,S-176,St. Jakob Stadium,Basel,Switzerland,0.0,28000.0,17:00,Carl Steiner,,87,16,26,140,5.4,0.2608695652173913,small,10,9.0,1.0,3.0,30.0,17.0,13.0,0.9,1.3,3.0,1.7,13.0,0.0,0.8,3.0,10.0,3.3333333333333335,10.0,1.0,0.1,14.0,21.0,8.0,3.0,0.5714285714285714,0.1428571428571428,0.4285714285714285,56239.3,2,1.0,6.0,7.0,0.5,3.0,3.5,-1.0,2,0,0.0,-4.0,,1.0,2.0,2.0,2.0,1.0,16,26,140,5.4,0.2608695652173913,small,1,2.0,2.0,2.0,1,16,26,140,5.4,0.2608695652173913,small,1582.245732981956,,4,10.0,1.0,0.0,43.0,10.0,33.0,2.5,8.25,10.75,2.5,4.0,1.0,0.25,4.0,11.0,2.75,7.0,1.0,0.1428571428571428,15.0,21.0,9.0,3.0,0.6,0.1428571428571428,0.4571428571428571,32079.0,1,3.0,13.0,2.0,3.0,13.0,2.0,11.0,1,0,1.0,2.0,,0.0,0.0,0.0,0.0,0.0,16,26,140,5.4,0.2608695652173913,small,0,0.0,0.0,0.0,0,16,26,140,5.4,0.2608695652173913,small,1489.4116208973442,,-1.6,-20.0,0.55,-7.75,-0.8,-2.5,-12.0,92.83411208461187,HomeWin,39,6,28,4,0,0,33
1954,1954-06-27,WC-1954,1954 FIFA World Cup,Hungary v Brazil,Quarter-finals,Hungary,Brazil,HUN,BRA,4.0,2.0,4-2,home team win,1.0,0.0,no,no,no,0-0,Wankdorf Stadium,S-177,Wankdorf Stadium,Bern,Switzerland,0.0,40000.0,17:00,Arthur Ellis,,88,16,26,140,5.4,0.2608695652173913,small,6,1.0,1.0,3.0,8.0,10.0,-2.0,0.1666666666666666,-0.3333333333333333,1.3333333333333333,1.6666666666666667,9.0,2.0,0.6,1.0,12.0,12.0,4.0,1.0,0.25,15.0,22.0,9.0,4.0,0.6,0.1818181818181818,0.4181818181818181,20833.333333333332,1,0.0,6.0,8.0,0.0,6.0,8.0,-2.0,2,0,0.0,-2.0,,0.0,0.0,1.0,1.0,0.0,16,26,140,5.4,0.2608695652173913,small,0,0.0,1.0,1.0,0,16,26,140,5.4,0.2608695652173913,small,1521.0843010541732,,16,5.0,0.0,2.0,27.0,11.0,16.0,0.3125,1.0,1.6875,0.6875,10.0,2.0,0.6,1.0,12.0,12.0,6.0,2.0,0.3333333333333333,16.0,22.0,10.0,4.0,0.625,0.1818181818181818,0.4431818181818182,58679.0,2,2.0,13.0,2.0,1.0,6.5,1.0,11.0,4,0,1.0,2.0,,0.0,0.0,1.0,2.0,0.0,16,26,140,5.4,0.2608695652173913,small,0,0.0,1.0,2.0,0,16,26,140,5.4,0.2608695652173913,small,1546.8511393690662,,-0.1458333333333333,-18.0,0.0,-0.3541666666666667,0.9791666666666669,-1.0,-13.0,-25.766838314892993,HomeWin,23,51,17,35,1,0,-28
1954,1954-06-30,WC-1954,1954 FIFA World Cup,Hungary v Uruguay,Semi-finals,Hungary,Uruguay,HUN,URY,4.0,2.0,4-2,home team win,1.0,0.0,no,yes,no,0-0,Stade Olympique de la Pontaise,S-179,Stade Olympique de la Pontaise,Lausanne,Switzerland,0.0,45000.0,18:00,Benjamin Griffiths,Required Extra Time,89,16,26,140,5.4,0.2608695652173913,small,7,9.0,3.0,5.0,50.0,27.0,23.0,1.2857142857142858,3.2857142857142856,7.142857142857143,3.857142857142857,12.0,3.0,0.8,4.0,12.0,3.0,13.0,2.0,0.1538461538461538,16.0,23.0,10.0,4.0,0.625,0.1739130434782608,0.4510869565217391,23571.428571428572,2,1.0,8.0,5.0,0.5,4.0,2.5,3.0,2,0,0.0,-2.0,,0.0,0.0,1.0,1.0,0.0,16,26,140,5.4,0.2608695652173913,small,0,0.0,1.0,1.0,0,16,26,140,5.4,0.2608695652173913,small,1531.82457357344,,11,6.0,0.0,2.0,31.0,13.0,18.0,0.5454545454545454,1.6363636363636365,2.8181818181818183,1.181818181818182,15.0,5.0,1.0,1.0,13.0,13.0,7.0,2.0,0.2857142857142857,17.0,23.0,11.0,4.0,0.6470588235294118,0.1739130434782608,0.4731457800511509,53672.09090909091,3,3.0,17.0,4.0,1.0,5.666666666666667,1.3333333333333333,13.0,2,0,1.0,2.0,,1.0,2.0,2.0,2.0,1.0,16,26,140,5.4,0.2608695652173913,small,1,2.0,2.0,2.0,1,16,26,140,5.4,0.2608695652173913,small,1589.6355760006318,,0.7402597402597404,5.0,-0.1999999999999999,4.324675324675325,2.675324675324675,-0.5,-10.0,-57.811002427191625,HomeWin,27,43,20,32,2,0,-16
1954,1954-07-03,WC-1954,1954 FIFA World Cup,Austria v Uruguay,Third place,Austria,Uruguay,AUT,URY,3.0,1.0,3-1,home team win,1.0,0.0,no,no,no,0-0,Hardturm Stadium,S-181,Hardturm Stadium,Zürich,Switzerland,0.0,32000.0,17:00,Paul Wyssling,,90,16,26,140,5.4,0.2608695652173913,small,6,10.0,1.0,1.0,45.0,14.0,31.0,1.6666666666666667,5.166666666666667,7.5,2.3333333333333335,9.0,7.0,0.6,4.0,14.0,3.5,8.0,2.0,0.25,18.0,23.0,12.0,4.0,0.6666666666666666,0.1739130434782608,0.4927536231884057,22000.0,2,3.0,15.0,6.0,1.5,7.5,3.0,9.0,1,0,0.0,-2.0,,0.0,0.0,0.0,0.0,0.0,16,26,140,5.4,0.2608695652173913,small,0,0.0,0.0,0.0,0,16,26,140,5.4,0.2608695652173913,small,1519.7130235277575,,12,5.0,0.0,2.0,16.0,8.0,8.0,0.4166666666666667,0.6666666666666666,1.3333333333333333,0.6666666666666666,12.0,7.0,0.8,2.0,15.0,7.5,5.0,2.0,0.4,18.0,24.0,12.0,5.0,0.6666666666666666,0.2083333333333333,0.4583333333333332,52949.416666666664,4,3.0,9.0,1.0,0.75,2.25,0.25,8.0,2,0,1.0,2.0,,1.0,2.0,2.0,2.0,1.0,16,26,140,5.4,0.2608695652173913,small,1,2.0,2.0,2.0,1,16,26,140,5.4,0.2608695652173913,small,1577.9868297404316,,1.25,23.0,-0.2,6.166666666666667,1.666666666666667,0.75,1.0,-58.27380621267389,HomeWin,13,45,10,33,0,0,-32
1958,1958-06-08,WC-1958,1958 FIFA World Cup,Brazil v Austria,Group stage,Brazil,Austria,BRA,AUT,3.0,0.0,3-0,home team win,1.0,0.0,no,no,no,0-0,Rimnersvallen,S-174,Rimnersvallen,Uddevalla,Sweden,0.0,17788.0,19:00,Maurice Guigue,,91,16,35,126,3.6,0.3043478260869565,small,17,10.0,1.0,2.0,46.0,17.0,29.0,0.5882352941176471,1.7058823529411764,2.7058823529411766,1.0,7.0,7.0,0.4,4.0,15.0,3.75,9.0,3.0,0.3333333333333333,19.0,24.0,13.0,5.0,0.6842105263157895,0.2083333333333333,0.4758771929824561,57580.23529411765,0,3.0,16.0,9.0,,,,7.0,5,0,0.0,-2.0,,0.0,0.0,1.0,2.0,0.0,16,35,126,3.6,0.3043478260869565,small,0,0.0,1.0,2.0,0,16,35,126,3.6,0.3043478260869565,small,1536.110866849799,,7,10.0,3.0,5.0,53.0,27.0,26.0,1.4285714285714286,3.7142857142857144,7.571428571428571,3.857142857142857,9.0,9.0,0.6,5.0,15.0,3.0,13.0,4.0,0.3076923076923077,19.0,25.0,13.0,6.0,0.6842105263157895,0.24,0.4442105263157895,23428.571428571428,0,1.0,3.0,0.0,,,,3.0,2,0,1.0,3.0,,0.0,0.0,0.0,1.0,0.0,16,35,126,3.6,0.3043478260869565,small,0,0.0,0.0,1.0,0,16,35,126,3.6,0.3043478260869565,small,1531.374725397233,,-0.8403361344537815,3.0,-0.1999999999999999,-4.8655462184873945,-2.857142857142857,,4.0,4.736141452566244,HomeWin,53,16,37,13,1,1,37
1958,1958-06-08,WC-1958,1958 FIFA World Cup,France v Paraguay,Group stage,France,Paraguay,FRA,PRY,7.0,3.0,7-3,home team win,1.0,0.0,no,no,no,0-0,Idrottsparken,S-170,Idrottsparken,Norrköping,Sweden,0.0,16518.0,19:00,Juan Gardeazabal,,92,16,35,126,3.6,0.3043478260869565,small,7,5.0,0.0,3.0,16.0,11.0,5.0,0.7142857142857143,0.7142857142857143,2.2857142857142856,1.5714285714285714,6.0,5.0,0.4,3.0,15.0,5.0,5.0,4.0,0.8,19.0,26.0,13.0,6.0,0.6842105263157895,0.2307692307692307,0.4534412955465587,15901.0,0,0.0,0.0,3.0,,,,-3.0,4,0,0.0,-3.0,,0.0,0.0,0.0,0.0,0.0,16,35,126,3.6,0.3043478260869565,small,0,0.0,0.0,0.0,0,16,35,126,3.6,0.3043478260869565,small,1489.568340053087,,4,4.0,0.0,4.0,19.0,13.0,6.0,1.0,1.5,4.75,3.25,4.0,4.0,0.25,6.0,15.0,2.5,2.0,5.0,2.5,20.0,26.0,14.0,6.0,0.7,0.2307692307692307,0.4692307692307692,16005.0,0,1.0,7.0,3.0,,,,4.0,2,0,1.0,4.0,,,,,,,16,35,126,3.6,0.3043478260869565,small,0,0.0,0.0,0.0,0,16,35,126,3.6,0.3043478260869565,small,1491.9182038831425,,-0.2857142857142857,-1.0,0.15,-2.4642857142857144,-1.6785714285714286,,-7.0,-2.3498638300552557,HomeWin,12,3,10,3,2,0,9
1958,1958-06-08,WC-1958,1958 FIFA World Cup,Hungary v Wales,Group stage,Hungary,Wales,HUN,WAL,1.0,1.0,1-1,draw,0.0,0.0,yes,no,no,0-0,Jernvallen,S-172,Jernvallen,Sandviken,Sweden,0.0,15343.0,19:00,Jose Maria Codesal,,93,16,35,126,3.6,0.3043478260869565,small,8,1.0,1.0,3.0,6.0,14.0,-8.0,0.125,-1.0,0.75,1.75,12.0,4.0,0.8,3.0,16.0,5.333333333333333,2.0,5.0,2.5,21.0,26.0,15.0,6.0,0.7142857142857143,0.2307692307692307,0.4835164835164835,26250.0,0,0.0,3.0,7.0,,,,-4.0,3,0,0.0,-4.0,,0.0,0.0,2.0,2.0,0.0,16,35,126,3.6,0.3043478260869565,small,0,0.0,2.0,2.0,0,16,35,126,3.6,0.3043478260869565,small,1543.4733198336403,,0,6.0,1.0,2.0,32.0,14.0,18.0,,,,,,1.0,,2.0,16.0,8.0,7.0,5.0,0.7142857142857143,22.0,26.0,15.0,6.0,0.6818181818181818,0.2307692307692307,0.451048951048951,,0,0.0,1.0,1.0,,,,0.0,0,0,0.0,0.0,,,,,,,16,35,126,3.6,0.3043478260869565,small,0,0.0,0.0,0.0,0,16,35,126,3.6,0.3043478260869565,small,1500.0,,,-26.0,,,,,-4.0,43.47331983364029,Draw,31,0,23,0,2,0,31
1958,1958-06-08,WC-1958,1958 FIFA World Cup,Northern Ireland v Czechoslovakia,Group stage,Northern Ireland,Czechoslovakia,NIR,CSK,1.0,0.0,1-0,home team win,1.0,0.0,no,no,no,0-0,Örjans Vall,S-167,Örjans Vall,Halmstad,Sweden,0.0,10647.0,19:00,Fritz Seipelt,,94,16,35,126,3.6,0.3043478260869565,small,0,0.0,1.0,0.0,1.0,1.0,0.0,,,,,,,,1.0,0.0,0.0,0.0,0.0,,0.0,0.0,0.0,0.0,,,,,0,0.0,1.0,1.0,,,,0.0,0,0,0.0,0.0,,,,,,,16,35,126,3.6,0.3043478260869565,small,0,0.0,0.0,0.0,0,16,35,126,3.6,0.3043478260869565,small,1500.0,,9,1.0,0.0,0.0,1.0,0.0,1.0,0.1111111111111111,0.1111111111111111,0.1111111111111111,0.0,4.0,-4.0,0.2,1.0,0.0,0.0,0.0,0.0,,0.0,1.0,0.0,0.0,,0.0,,20962.444444444445,0,1.0,1.0,0.0,,,,1.0,3,0,1.0,1.0,,0.0,0.0,1.0,1.0,0.0,16,35,126,3.6,0.3043478260869565,small,0,0.0,1.0,1.0,0,16,35,126,3.6,0.3043478260869565,small,1498.9330941017067,,,-1.0,,,,,-1.0,1.066905898293271,HomeWin,0,16,0,14,0,2,-16
1958,1958-06-08,WC-1958,1958 FIFA World Cup,Soviet Union v England,Group stage,Russia,England,SUN,ENG,2.0,2.0,2-2,draw,0.0,0.0,yes,no,no,0-0,Ullevi,S-166,Ullevi,Gothenburg,Sweden,0.0,49348.0,19:00,Istvan Zsolt,,95,16,35,126,3.6,0.3043478260869565,small,0,4.0,1.0,5.0,14.0,17.0,-3.0,,,,,,-8.0,,3.0,0.0,0.0,7.0,0.0,0.0,0.0,2.0,0.0,0.0,,0.0,,,0,0.0,0.0,1.0,,,,-1.0,0,0,0.0,-1.0,,,,,,,16,35,126,3.6,0.3043478260869565,small,0,0.0,0.0,0.0,0,16,35,126,3.6,0.3043478260869565,small,1500.0,,5,0.0,1.0,0.0,2.0,2.0,0.0,0.0,0.0,0.4,0.4,4.0,-16.0,0.2,1.0,0.0,0.0,0.0,0.0,,0.0,3.0,0.0,0.0,,0.0,,31263.2,0,0.0,2.0,2.0,,,,0.0,2,0,0.0,0.0,,0.0,0.0,0.0,0.0,0.0,16,35,126,3.6,0.3043478260869565,small,0,0.0,0.0,0.0,0,16,35,126,3.6,0.3043478260869565,small,1482.0217778786684,,,-3.0,,,,,-1.0,17.978222121331555,Draw,0,8,0,6,0,0,-8
1958,1958-06-08,WC-1958,1958 FIFA World Cup,Sweden v Mexico,Group stage,Sweden,Mexico,SWE,MEX,3.0,0.0,3-0,home team win,1.0,0.0,no,no,no,0-0,Råsunda Stadium,S-173,Råsunda Stadium,Solna,Sweden,1.0,34107.0,14:00,Nikolaj Latychev,,96,16,35,126,3.6,0.3043478260869565,small,10,1.0,2.0,3.0,10.0,12.0,-2.0,0.1,-0.2,1.0,1.2,7.0,-17.0,0.4,2.0,0.0,0.0,4.0,0.0,0.0,0.0,4.0,0.0,0.0,,0.0,,25850.5,0,0.0,2.0,2.0,,,,0.0,3,0,0.0,0.0,,0.0,0.0,0.0,1.0,0.0,16,35,126,3.6,0.3043478260869565,small,0,0.0,0.0,1.0,0,16,35,126,3.6,0.3043478260869565,small,1496.4653511746794,,8,5.0,1.0,5.0,29.0,28.0,1.0,0.625,0.125,3.625,3.5,0.0,-17.0,0.0,1.0,0.0,0.0,10.0,0.0,0.0,0.0,5.0,0.0,0.0,,0.0,,23071.25,0,1.0,3.0,0.0,,,,3.0,3,0,1.0,3.0,,,,,,,16,35,126,3.6,0.3043478260869565,small,0,0.0,0.0,0.0,0,16,35,126,3.6,0.3043478260869565,small,1428.9648797978818,,-0.525,-3.0,0.4,-2.625,-2.3,,-3.0,67.50047137679758,HomeWin,26,8,20,7,1,2,18
1958,1958-06-08,WC-1958,1958 FIFA World Cup,Yugoslavia v Scotland,Group stage,Yugoslavia,Scotland,YUG,SCO,1.0,1.0,1-1,draw,0.0,0.0,yes,no,no,0-0,Arosvallen,S-175,Arosvallen,Västerås,Sweden,0.0,9591.0,19:00,Paul Wyssling,,97,16,35,126,3.6,0.3043478260869565,small,8,0.0,0.0,9.0,8.0,34.0,-26.0,0.0,-3.25,1.0,4.25,10.0,,0.6,6.0,0.0,0.0,3.0,0.0,0.0,0.0,0.0,0.0,0.0,,,,40464.0,0,0.0,0.0,3.0,,,,-3.0,3,0,0.0,-3.0,,,,,,,16,35,126,3.6,0.3043478260869565,small,0,0.0,0.0,0.0,0,16,35,126,3.6,0.3043478260869565,small,1527.4242768429483,,2,5.0,2.0,2.0,17.0,12.0,5.0,2.5,2.5,8.5,6.0,0.0,-1.0,0.0,5.0,0.0,0.0,4.0,0.0,0.0,0.0,1.0,0.0,0.0,,0.0,,29500.0,0,0.0,1.0,1.0,,,,0.0,1,0,0.0,0.0,,,,,,,16,35,126,3.6,0.3043478260869565,small,0,0.0,0.0,0.0,0,16,35,126,3.6,0.3043478260869565,small,1482.381332915954,,-2.5,-31.0,0.6,-7.5,-1.75,,-3.0,45.04294392699421,Draw,16,0,14,0,0,0,16
1958,1958-06-11,WC-1958,1958 FIFA World Cup,Argentina v Northern Ireland,Group stage,Argentina,Northern Ireland,ARG,NIR,3.0,1.0,3-1,home team win,1.0,0.0,no,no,no,0-0,Örjans Vall,S-167,Örjans Vall,Halmstad,Sweden,0.0,14174.0,19:00,Sten Ahlner,,98,16,35,126,3.6,0.3043478260869565,small,6,0.0,1.0,2.0,1.0,9.0,-8.0,0.0,-1.3333333333333333,0.1666666666666666,1.5,9.0,-2.0,0.6,3.0,0.0,0.0,0.0,0.0,,0.0,2.0,0.0,0.0,,0.0,,43700.0,0,0.0,1.0,1.0,,,,0.0,2,0,0.0,0.0,,0.0,0.0,1.0,1.0,0.0,16,35,126,3.6,0.3043478260869565,small,0,0.0,1.0,1.0,0,16,35,126,3.6,0.3043478260869565,small,1518.0463887152116,,1,5.0,0.0,2.0,23.0,13.0,10.0,5.0,10.0,23.0,13.0,3.0,,1.0,4.0,0.0,0.0,3.0,0.0,0.0,0.0,0.0,0.0,0.0,,,,10647.0,1,1.0,3.0,1.0,1.0,3.0,1.0,2.0,0,0,1.0,2.0,,,,,,,16,35,126,3.6,0.3043478260869565,small,0,0.0,0.0,0.0,0,16,35,126,3.6,0.3043478260869565,small,1509.9692920763105,,-5.0,-18.0,-0.4,-22.833333333333332,-11.5,,-2.0,8.07709663890114,HomeWin,20,3,14,2,0,0,17
1958,1958-06-11,WC-1958,1958 FIFA World Cup,Brazil v England,Group stage,Brazil,England,BRA,ENG,0.0,0.0,0-0,draw,0.0,0.0,yes,no,no,0-0,Ullevi,S-166,Ullevi,Gothenburg,Sweden,0.0,40895.0,19:00,Albert Dusch,,99,16,35,126,3.6,0.3043478260869565,small,18,1.0,0.0,1.0,2.0,3.0,-1.0,0.0555555555555555,-0.0555555555555555,0.1111111111111111,0.1666666666666666,7.0,-1.0,0.4,2.0,0.0,0.0,0.0,0.0,,0.0,1.0,0.0,0.0,,0.0,,55369.555555555555,1,1.0,2.0,3.0,1.0,2.0,3.0,-1.0,5,0,0.0,-2.0,,0.0,0.0,1.0,2.0,0.0,16,35,126,3.6,0.3043478260869565,small,0,0.0,1.0,2.0,0,16,35,126,3.6,0.3043478260869565,small,1545.974558183977,,6,10.0,4.0,5.0,53.0,27.0,26.0,1.6666666666666667,4.333333333333333,8.833333333333334,4.5,2.0,3.0,0.0,6.0,1.0,0.1666666666666666,13.0,0.0,0.0,1.0,1.0,1.0,0.0,1.0,0.0,1.0,34277.333333333336,1,1.0,3.0,0.0,1.0,3.0,0.0,3.0,2,0,0.0,0.0,,0.0,0.0,0.0,0.0,0.0,16,35,126,3.6,0.3043478260869565,small,0,0.0,0.0,0.0,0,16,35,126,3.6,0.3043478260869565,small,1482.5387713561563,,-1.6111111111111112,-27.0,0.4,-8.722222222222223,-4.333333333333333,0.0,-4.0,63.43578682782072,Draw,56,8,39,6,1,0,48
1958,1958-06-11,WC-1958,1958 FIFA World Cup,Mexico v Wales,Group stage,Mexico,Wales,MEX,WAL,1.0,1.0,1-1,draw,0.0,0.0,yes,no,no,0-0,Råsunda Stadium,S-173,Råsunda Stadium,Solna,Sweden,0.0,15150.0,19:00,Leo Lemesic,,100,16,35,126,3.6,0.3043478260869565,small,9,1.0,3.0,3.0,10.0,12.0,-2.0,0.1111111111111111,-0.2222222222222222,1.1111111111111112,1.3333333333333333,0.0,1.0,0.0,3.0,1.0,0.3333333333333333,4.0,0.0,0.0,1.0,2.0,1.0,0.0,1.0,0.0,1.0,24297.444444444445,1,0.0,2.0,2.0,0.0,2.0,2.0,0.0,3,0,0.0,0.0,,,,,,,16,35,126,3.6,0.3043478260869565,small,0,0.0,0.0,0.0,0,16,35,126,3.6,0.3043478260869565,small,1420.8836188227694,,1,0.0,1.0,9.0,9.0,35.0,-26.0,0.0,-26.0,9.0,35.0,1.0,2.0,0.0,7.0,1.0,0.1428571428571428,3.0,1.0,0.3333333333333333,2.0,2.0,2.0,0.0,1.0,0.0,1.0,15343.0,1,0.0,1.0,4.0,0.0,1.0,4.0,-3.0,0,0,0.0,0.0,,,,,,,16,35,126,3.6,0.3043478260869565,small,0,0.0,0.0,0.0,0,16,35,126,3.6,0.3043478260869565,small,1501.2447731991886,,0.1111111111111111,24.0,0.0,-7.888888888888889,-33.666666666666664,0.0,3.0,-80.36115437641911,Draw,8,1,7,1,2,0,7
1958,1958-06-11,WC-1958,1958 FIFA World Cup,Paraguay v Scotland,Group stage,Paraguay,Scotland,PRY,SCO,3.0,2.0,3-2,home team win,1.0,0.0,no,no,no,0-0,Idrottsparken,S-170,Idrottsparken,Norrköping,Sweden,0.0,11665.0,19:00,Vincenzo Orlandini,,101,16,35,126,3.6,0.3043478260869565,small,5,0.0,2.0,0.0,2.0,2.0,0.0,0.0,0.0,0.4,0.4,4.0,2.0,0.2,2.0,1.0,0.5,0.0,1.0,,3.0,2.0,2.0,0.0,0.6666666666666666,0.0,0.6666666666666666,16107.6,1,0.0,2.0,2.0,0.0,2.0,2.0,0.0,2,0,0.0,0.0,,,,,,,16,35,126,3.6,0.3043478260869565,small,0,0.0,0.0,0.0,0,16,35,126,3.6,0.3043478260869565,small,1481.8505703966002,,3,2.0,1.0,3.0,9.0,16.0,-7.0,0.6666666666666666,-2.3333333333333335,3.0,5.333333333333333,1.0,4.0,0.0,4.0,1.0,0.25,2.0,2.0,1.0,4.0,2.0,3.0,0.0,0.75,0.0,0.75,22863.666666666668,1,1.0,6.0,9.0,1.0,6.0,9.0,-3.0,1,0,1.0,1.0,,,,,,,16,35,126,3.6,0.3043478260869565,small,0,0.0,0.0,0.0,0,16,35,126,3.6,0.3043478260869565,small,1483.6705582216978,,-0.6666666666666666,7.0,0.2,-2.6,-4.933333333333333,-1.0,3.0,-1.8199878250975416,HomeWin,6,1,5,1,1,0,5
1958,1958-06-11,WC-1958,1958 FIFA World Cup,Soviet Union v Austria,Group stage,Russia,Austria,SUN,AUT,2.0,0.0,2-0,home team win,1.0,0.0,no,no,no,0-0,Ryavallen,S-164,Ryavallen,Borås,Sweden,0.0,21239.0,19:00,Carl Frederik Jorgensen,,102,16,35,126,3.6,0.3043478260869565,small,1,0.0,1.0,3.0,3.0,12.0,-9.0,0.0,-9.0,3.0,12.0,1.0,-1.0,0.0,4.0,1.0,0.25,0.0,2.0,,4.0,3.0,3.0,0.0,0.75,0.0,0.75,49348.0,1,0.0,3.0,4.0,0.0,3.0,4.0,-1.0,0,0,0.0,-1.0,,,,,,,16,35,126,3.6,0.3043478260869565,small,0,0.0,0.0,0.0,0,16,35,126,3.6,0.3043478260869565,small,1499.483006522512,,8,1.0,1.0,0.0,4.0,2.0,2.0,0.125,0.25,0.5,0.25,9.0,3.0,0.6,2.0,1.0,0.5,0.0,3.0,,5.0,3.0,4.0,0.0,0.8,0.0,0.8,22723.5,1,1.0,4.0,2.0,1.0,4.0,2.0,2.0,2,0,1.0,2.0,,0.0,0.0,0.0,1.0,0.0,16,35,126,3.6,0.3043478260869565,small,0,0.0,0.0,1.0,0,16,35,126,3.6,0.3043478260869565,small,1521.5110340630554,,-0.125,-11.0,-0.6,2.5,11.75,-1.0,-3.0,-22.028027540543235,HomeWin,0,16,0,13,0,1,-16
1958,1958-06-11,WC-1958,1958 FIFA World Cup,Yugoslavia v France,Group stage,Yugoslavia,France,YUG,FRA,3.0,2.0,3-2,home team win,1.0,0.0,no,no,no,0-0,Arosvallen,S-175,Arosvallen,Västerås,Sweden,0.0,12217.0,19:00,Benjamin Griffiths,,103,16,35,126,3.6,0.3043478260869565,small,9,5.0,0.0,4.0,16.0,13.0,3.0,0.5555555555555556,0.3333333333333333,1.7777777777777777,1.4444444444444444,8.0,6.0,0.4,4.0,1.0,0.25,5.0,4.0,0.8,6.0,3.0,5.0,0.0,0.8333333333333334,0.0,0.8333333333333334,37033.666666666664,1,0.0,0.0,5.0,0.0,0.0,5.0,-5.0,3,1,0.0,-2.0,0.0,,,,,,16,35,126,3.6,0.3043478260869565,small,0,0.0,0.0,0.0,0,16,35,126,3.6,0.3043478260869565,small,1526.1350515372046,,8,6.0,2.0,2.0,20.0,14.0,6.0,0.75,0.75,2.5,1.75,9.0,6.0,0.6,6.0,1.0,0.1666666666666666,4.0,4.0,1.0,7.0,3.0,5.0,0.0,0.7142857142857143,0.0,0.7142857142857143,15978.125,1,1.0,4.0,3.0,1.0,4.0,3.0,1.0,4,1,2.0,2.0,2.0,0.0,0.0,0.0,0.0,0.0,16,35,126,3.6,0.3043478260869565,small,0,0.0,0.0,0.0,0,16,35,126,3.6,0.3043478260869565,small,1499.635973539629,,-0.1944444444444444,-3.0,-0.1999999999999999,-0.7222222222222223,-0.3055555555555556,-1.0,-6.0,26.49907799757557,HomeWin,17,19,15,15,0,2,-2
1958,1958-06-12,WC-1958,1958 FIFA World Cup,Sweden v Hungary,Group stage,Sweden,Hungary,SWE,HUN,2.0,1.0,2-1,home team win,1.0,0.0,no,no,no,0-0,Råsunda Stadium,S-173,Råsunda Stadium,Solna,Sweden,1.0,38850.0,19:00,Jack Mowat,,104,16,35,126,3.6,0.3043478260869565,small,11,4.0,0.0,5.0,21.0,16.0,5.0,0.3636363636363636,0.4545454545454545,1.9090909090909092,1.4545454545454546,7.0,7.0,0.4,7.0,1.0,0.1428571428571428,2.0,5.0,2.5,8.0,3.0,6.0,0.0,0.75,0.0,0.75,26601.090909090908,1,1.0,9.0,6.0,1.0,9.0,6.0,3.0,3,1,0.0,-2.0,0.0,0.0,0.0,0.0,1.0,0.0,16,35,126,3.6,0.3043478260869565,small,0,0.0,0.0,1.0,0,16,35,126,3.6,0.3043478260869565,small,1504.5466121497918,,9,6.0,1.0,5.0,31.0,29.0,2.0,0.6666666666666666,0.2222222222222222,3.4444444444444446,3.2222222222222223,10.0,14.0,0.6,2.0,1.0,0.5,10.0,6.0,0.6,9.0,3.0,7.0,0.0,0.7777777777777778,0.0,0.7777777777777778,25038.11111111111,1,2.0,5.0,1.0,2.0,5.0,1.0,4.0,3,1,1.0,-3.0,1.0,0.0,0.0,2.0,2.0,0.0,16,35,126,3.6,0.3043478260869565,small,0,0.0,2.0,2.0,0,16,35,126,3.6,0.3043478260869565,small,1542.2285466344515,,-0.303030303030303,3.0,-0.1999999999999999,-1.5353535353535357,-1.7676767676767675,-1.0,-1.0,-37.681934484659905,HomeWin,29,32,22,24,2,2,-3
1958,1958-06-15,WC-1958,1958 FIFA World Cup,Brazil v Soviet Union,Group stage,Brazil,Russia,BRA,SUN,2.0,0.0,2-0,home team win,1.0,0.0,no,no,no,0-0,Ullevi,S-166,Ullevi,Gothenburg,Sweden,0.0,50928.0,19:00,Maurice Guigue,,105,16,35,126,3.6,0.3043478260869565,small,19,6.0,1.0,3.0,33.0,16.0,17.0,0.3157894736842105,0.8947368421052632,1.736842105263158,0.8421052631578947,8.0,17.0,0.4,3.0,1.0,0.3333333333333333,7.0,7.0,1.0,10.0,3.0,8.0,0.0,0.8,0.0,0.8,54607.73684210526,2,0.0,2.0,3.0,0.0,1.0,1.5,-1.0,5,0,1.0,3.0,,0.0,0.0,1.0,2.0,0.0,16,35,126,3.6,0.3043478260869565,small,0,0.0,1.0,2.0,0,16,35,126,3.6,0.3043478260869565,small,1544.1687514433231,,2,11.0,4.0,5.0,55.0,27.0,28.0,5.5,14.0,27.5,13.5,4.0,12.0,0.5,7.0,1.0,0.1428571428571428,13.0,7.0,0.5384615384615384,10.0,4.0,8.0,0.0,0.8,0.0,0.8,35293.5,2,2.0,5.0,0.0,1.0,2.5,0.0,5.0,0,0,1.0,2.0,,,,,,,16,35,126,3.6,0.3043478260869565,small,0,0.0,0.0,0.0,0,16,35,126,3.6,0.3043478260869565,small,1510.116175946561,,-5.184210526315789,-11.0,-0.0999999999999999,-25.76315789473684,-12.657894736842106,-1.0,-6.0,34.052575496762074,HomeWin,56,0,39,0,1,0,56
1958,1958-06-15,WC-1958,1958 FIFA World Cup,Czechoslovakia v Argentina,Group stage,Czechoslovakia,Argentina,CSK,ARG,6.0,1.0,6-1,home team win,1.0,0.0,no,no,no,0-0,Olympia,S-168,Olympia,Helsingborg,Sweden,0.0,16418.0,19:00,Arthur Ellis,,106,16,35,126,3.6,0.3043478260869565,small,10,1.0,1.0,1.0,4.0,4.0,0.0,0.1,0.0,0.4,0.4,1.0,17.0,0.0,3.0,2.0,0.6666666666666666,0.0,7.0,,11.0,4.0,9.0,0.0,0.8181818181818182,0.0,0.8181818181818182,19930.9,1,1.0,4.0,4.0,1.0,4.0,4.0,0.0,3,0,0.0,-2.0,,0.0,0.0,1.0,1.0,0.0,16,35,126,3.6,0.3043478260869565,small,0,0.0,1.0,1.0,0,16,35,126,3.6,0.3043478260869565,small,1488.9638020253965,,7,5.0,1.0,5.0,20.0,18.0,2.0,0.7142857142857143,0.2857142857142857,2.857142857142857,2.5714285714285716,9.0,15.0,0.6,4.0,2.0,0.5,7.0,7.0,1.0,12.0,4.0,9.0,0.0,0.75,0.0,0.75,39482.0,1,1.0,6.0,2.0,1.0,6.0,2.0,4.0,2,0,1.0,5.0,,0.0,0.0,1.0,1.0,0.0,16,35,126,3.6,0.3043478260869565,small,0,0.0,1.0,1.0,0,16,35,126,3.6,0.3043478260869565,small,1527.8139530586648,,-0.6142857142857143,-2.0,-0.6,-2.4571428571428573,-2.1714285714285717,0.0,-4.0,-38.8501510332685,HomeWin,17,23,15,17,2,1,-6
1958,1958-06-15,WC-1958,1958 FIFA World Cup,England v Austria,Group stage,England,Austria,ENG,AUT,2.0,2.0,2-2,draw,0.0,0.0,yes,no,no,0-0,Ryavallen,S-164,Ryavallen,Borås,Sweden,0.0,15872.0,19:00,Jan Bronkhorst,,107,16,35,126,3.6,0.3043478260869565,small,7,5.0,0.0,3.0,24.0,19.0,5.0,0.7142857142857143,0.7142857142857143,3.4285714285714284,2.7142857142857144,3.0,7.0,0.0,5.0,2.0,0.4,3.0,7.0,2.3333333333333335,12.0,5.0,9.0,0.0,0.75,0.0,0.75,35222.71428571428,2,1.0,4.0,7.0,0.5,2.0,3.5,-3.0,2,0,0.0,-5.0,,0.0,0.0,0.0,0.0,0.0,16,35,126,3.6,0.3043478260869565,small,0,0.0,0.0,0.0,0,16,35,126,3.6,0.3043478260869565,small,1484.3445780968102,,9,1.0,4.0,3.0,12.0,14.0,-2.0,0.1111111111111111,-0.2222222222222222,1.3333333333333333,1.5555555555555556,9.0,5.0,0.6,4.0,3.0,0.75,4.0,7.0,1.75,13.0,5.0,10.0,0.0,0.7692307692307693,0.0,0.7692307692307693,22558.555555555555,2,0.0,4.0,4.0,0.0,2.0,2.0,0.0,2,0,0.0,0.0,,0.0,0.0,0.0,1.0,0.0,16,35,126,3.6,0.3043478260869565,small,0,0.0,0.0,1.0,0,16,35,126,3.6,0.3043478260869565,small,1510.8778646390065,,0.6031746031746033,7.0,-0.6,2.095238095238095,1.1587301587301588,0.5,-3.0,-26.533286542196265,Draw,8,16,6,13,0,1,-8
1958,1958-06-15,WC-1958,1958 FIFA World Cup,France v Scotland,Group stage,France,Scotland,FRA,SCO,2.0,1.0,2-1,home team win,1.0,0.0,no,no,no,0-0,Eyravallen,S-171,Eyravallen,Örebro,Sweden,0.0,13554.0,19:00,Juan Brozzi,,108,16,35,126,3.6,0.3043478260869565,small,9,5.0,1.0,4.0,18.0,15.0,3.0,0.5555555555555556,0.3333333333333333,2.0,1.6666666666666667,9.0,6.0,0.6,5.0,3.0,0.6,5.0,7.0,1.4,14.0,5.0,10.0,0.0,0.7142857142857143,0.0,0.7142857142857143,15560.222222222224,2,0.0,2.0,7.0,0.0,1.0,3.5,-5.0,4,0,0.0,0.0,,0.0,0.0,0.0,0.0,0.0,16,35,126,3.6,0.3043478260869565,small,0,0.0,0.0,0.0,0,16,35,126,3.6,0.3043478260869565,small,1490.3972028157468,,4,5.0,0.0,5.0,23.0,17.0,6.0,1.25,1.5,5.75,4.25,1.0,3.0,0.0,8.0,4.0,0.5,2.0,7.0,3.5,15.0,5.0,11.0,0.0,0.7333333333333333,0.0,0.7333333333333333,20064.0,2,2.0,11.0,7.0,1.0,5.5,3.5,4.0,1,0,1.0,1.0,,,,,,,16,35,126,3.6,0.3043478260869565,small,0,0.0,0.0,0.0,0,16,35,126,3.6,0.3043478260869565,small,1473.6181752403877,,-0.6944444444444444,-3.0,0.6,-3.75,-2.583333333333333,-1.0,-9.0,16.77902757535935,HomeWin,21,3,16,3,2,0,18
1958,1958-06-15,WC-1958,1958 FIFA World Cup,Hungary v Mexico,Group stage,Hungary,Mexico,HUN,MEX,4.0,0.0,4-0,home team win,1.0,0.0,no,no,no,0-0,Jernvallen,S-172,Jernvallen,Sandviken,Sweden,0.0,13300.0,19:00,Arne Eriksson,,109,16,35,126,3.6,0.3043478260869565,small,10,0.0,1.0,4.0,4.0,14.0,-10.0,0.0,-1.0,0.4,1.4,10.0,4.0,0.6,5.0,4.0,0.8,0.0,8.0,,16.0,5.0,12.0,0.0,0.75,0.0,0.75,26419.3,2,0.0,4.0,6.0,0.0,2.0,3.0,-2.0,3,0,0.0,-1.0,,0.0,0.0,2.0,2.0,0.0,16,35,126,3.6,0.3043478260869565,small,0,0.0,2.0,2.0,0,16,35,126,3.6,0.3043478260869565,small,1531.14820607084,,10,7.0,1.0,3.0,37.0,16.0,21.0,0.7,2.1,3.7,1.6,1.0,9.0,0.0,4.0,4.0,1.0,7.0,9.0,1.2857142857142858,17.0,5.0,13.0,0.0,0.7647058823529411,0.0,0.7647058823529411,23382.7,2,1.0,6.0,3.0,0.5,3.0,1.5,3.0,3,0,1.0,4.0,,,,,,,16,35,126,3.6,0.3043478260869565,small,0,0.0,0.0,0.0,0,16,35,126,3.6,0.3043478260869565,small,1423.1562155473289,,-0.7,-31.0,0.6,-3.3000000000000003,-0.2000000000000001,-0.5,-5.0,107.99199052351103,HomeWin,33,9,25,8,2,2,24
1958,1958-06-15,WC-1958,1958 FIFA World Cup,Paraguay v Yugoslavia,Group stage,Paraguay,Yugoslavia,PRY,YUG,3.0,3.0,3-3,draw,0.0,0.0,yes,no,no,0-0,Tunavallen,S-165,Tunavallen,Eskilstuna,Sweden,0.0,13103.0,19:00,Martin Macko,,110,16,35,126,3.6,0.3043478260869565,small,6,0.0,1.0,10.0,9.0,39.0,-30.0,0.0,-5.0,1.5,6.5,7.0,8.0,0.4,8.0,5.0,0.625,3.0,9.0,3.0,18.0,5.0,14.0,0.0,0.7777777777777778,0.0,0.7777777777777778,15367.166666666666,2,0.0,1.0,8.0,0.0,0.5,4.0,-7.0,2,0,0.0,-4.0,,,,,,,16,35,126,3.6,0.3043478260869565,small,0,0.0,0.0,0.0,0,16,35,126,3.6,0.3043478260869565,small,1491.9029533779103,,10,2.0,2.0,3.0,12.0,19.0,-7.0,0.2,-0.7,1.2,1.9,8.0,8.0,0.4,5.0,5.0,1.0,2.0,9.0,4.5,19.0,5.0,14.0,0.0,0.7368421052631579,0.0,0.7368421052631579,34552.0,2,1.0,9.0,12.0,0.5,4.5,6.0,-3.0,3,0,0.0,0.0,,,,,,,16,35,126,3.6,0.3043478260869565,small,0,0.0,0.0,0.0,0,16,35,126,3.6,0.3043478260869565,small,1535.3738222610868,,-0.2,-23.0,0.0,0.3,4.6,-0.5,-4.0,-43.47086888317631,Draw,9,20,8,17,1,0,-11
1958,1958-06-15,WC-1958,1958 FIFA World Cup,Sweden v Wales,Group stage,Sweden,Wales,SWE,WAL,0.0,0.0,0-0,draw,0.0,0.0,yes,no,no,0-0,Råsunda Stadium,S-173,Råsunda Stadium,Solna,Sweden,1.0,30287.0,14:00,Lucien Van Nuffel,,111,16,35,126,3.6,0.3043478260869565,small,12,6.0,3.0,2.0,23.0,17.0,6.0,0.5,0.5,1.9166666666666667,1.4166666666666667,9.0,7.0,0.6,7.0,6.0,0.8571428571428571,4.0,9.0,2.25,20.0,5.0,15.0,0.0,0.75,0.0,0.75,27621.833333333332,2,1.0,7.0,6.0,0.5,3.5,3.0,1.0,3,0,0.0,0.0,,0.0,0.0,0.0,1.0,0.0,16,35,126,3.6,0.3043478260869565,small,0,0.0,0.0,1.0,0,16,35,126,3.6,0.3043478260869565,small,1515.6269527134036,,2,6.0,2.0,5.0,31.0,29.0,2.0,3.0,1.0,15.5,14.5,2.0,8.0,0.0,3.0,6.0,2.0,10.0,10.0,1.0,21.0,5.0,16.0,0.0,0.7619047619047619,0.0,0.7619047619047619,15246.5,2,2.0,5.0,1.0,1.0,2.5,0.5,4.0,0,0,0.0,0.0,,,,,,,16,35,126,3.6,0.3043478260869565,small,0,0.0,0.0,0.0,0,16,35,126,3.6,0.3043478260869565,small,1498.9721764746291,,-2.5,4.0,0.6,-13.583333333333334,-13.083333333333334,-0.5,-3.0,16.654776238774502,Draw,31,2,23,2,2,0,29
1958,1958-06-17,WC-1958,1958 FIFA World Cup,Northern Ireland v Czechoslovakia,Group stage,Northern Ireland,Czechoslovakia,NIR,CSK,2.0,1.0,2-1,home team win,1.0,0.0,no,yes,no,0-0,Malmö Stadion,S-169,Malmö Stadion,Malmö,Sweden,0.0,6196.0,19:00,Maurice Guigue,Required Extra Time,112,16,35,126,3.6,0.3043478260869565,small,2,0.0,3.0,0.0,2.0,2.0,0.0,0.0,0.0,1.0,1.0,3.0,7.0,0.5,3.0,6.0,2.0,0.0,11.0,,22.0,5.0,17.0,0.0,0.7727272727272727,0.0,0.7727272727272727,12410.5,2,0.0,2.0,2.0,0.0,1.0,1.0,0.0,0,1,0.0,0.0,0.0,,,,,,16,35,126,3.6,0.3043478260869565,small,0,0.0,0.0,0.0,0,16,35,126,3.6,0.3043478260869565,small,1500.2017277328573,,11,2.0,0.0,1.0,4.0,4.0,0.0,0.1818181818181818,0.0,0.3636363636363636,0.3636363636363636,3.0,7.0,0.2,3.0,7.0,2.3333333333333335,0.0,11.0,,23.0,5.0,18.0,0.0,0.782608695652174,0.0,0.782608695652174,19611.545454545456,2,2.0,4.0,4.0,1.0,2.0,2.0,0.0,3,1,2.0,2.0,2.0,0.0,0.0,1.0,1.0,0.0,16,35,126,3.6,0.3043478260869565,small,0,0.0,1.0,1.0,0,16,35,126,3.6,0.3043478260869565,small,1500.077361934476,,-0.1818181818181818,0.0,0.3,0.6363636363636364,0.6363636363636364,-1.0,0.0,0.1243657983814046,HomeWin,4,23,3,19,0,2,-19
1958,1958-06-17,WC-1958,1958 FIFA World Cup,Soviet Union v England,Group stage,Russia,England,SUN,ENG,1.0,0.0,1-0,home team win,1.0,0.0,no,no,no,0-0,Ullevi,S-166,Ullevi,Gothenburg,Sweden,0.0,23182.0,19:00,Albert Dusch,,113,16,35,126,3.6,0.3043478260869565,small,3,5.0,1.0,6.0,21.0,20.0,1.0,1.6666666666666667,0.3333333333333333,7.0,6.666666666666667,4.0,5.0,0.3333333333333333,5.0,7.0,1.4,7.0,11.0,1.5714285714285714,23.0,6.0,18.0,0.0,0.782608695652174,0.0,0.782608695652174,40505.0,3,1.0,7.0,4.0,0.3333333333333333,2.3333333333333335,1.3333333333333333,3.0,0,1,0.0,-2.0,0.0,,,,,,16,35,126,3.6,0.3043478260869565,small,0,0.0,0.0,0.0,0,16,35,126,3.6,0.3043478260869565,small,1501.0931614864126,,8,2.0,1.0,1.0,5.0,4.0,1.0,0.25,0.125,0.625,0.5,4.0,2.0,0.0,4.0,7.0,1.75,0.0,11.0,,23.0,7.0,18.0,0.0,0.782608695652174,0.0,0.782608695652174,32803.875,3,2.0,5.0,4.0,0.6666666666666666,1.6666666666666667,1.3333333333333333,1.0,2,1,1.0,1.0,1.0,0.0,0.0,0.0,0.0,0.0,16,35,126,3.6,0.3043478260869565,small,0,0.0,0.0,0.0,0,16,35,126,3.6,0.3043478260869565,small,1485.1067862611817,,1.4166666666666667,0.0,0.3333333333333333,6.375,6.166666666666667,-0.3333333333333333,2.0,15.986375225231086,HomeWin,0,10,0,8,0,0,-10
1958,1958-06-17,WC-1958,1958 FIFA World Cup,Wales v Hungary,Group stage,Wales,Hungary,WAL,HUN,2.0,1.0,2-1,home team win,1.0,0.0,no,no,no,0-0,Råsunda Stadium,S-173,Råsunda Stadium,Solna,Sweden,0.0,2823.0,19:00,Nikolaj Latychev,,114,16,35,126,3.6,0.3043478260869565,small,3,1.0,4.0,4.0,12.0,15.0,-3.0,0.3333333333333333,-1.0,4.0,5.0,3.0,3.0,0.0,5.0,8.0,1.6,4.0,11.0,2.75,24.0,7.0,19.0,0.0,0.7916666666666666,0.0,0.7916666666666666,20260.0,3,0.0,4.0,5.0,0.0,1.3333333333333333,1.6666666666666667,-1.0,0,1,0.0,-1.0,0.0,,,,,,16,35,126,3.6,0.3043478260869565,small,0,0.0,0.0,0.0,0,16,35,126,3.6,0.3043478260869565,small,1499.4511726312037,,11,1.0,3.0,0.0,4.0,3.0,1.0,0.0909090909090909,0.0909090909090909,0.3636363636363636,0.2727272727272727,10.0,2.0,0.6,4.0,9.0,2.25,0.0,11.0,,25.0,7.0,20.0,0.0,0.8,0.0,0.8,25226.636363636364,3,1.0,4.0,3.0,0.3333333333333333,1.3333333333333333,1.0,1.0,3,1,1.0,1.0,1.0,0.0,0.0,2.0,2.0,0.0,16,35,126,3.6,0.3043478260869565,small,0,0.0,2.0,2.0,0,16,35,126,3.6,0.3043478260869565,small,1538.1363231294688,,0.2424242424242424,-4.0,-0.6,3.636363636363636,4.7272727272727275,-0.3333333333333333,-2.0,-38.68515049826533,HomeWin,2,37,2,28,0,2,-35
1958,1958-06-19,WC-1958,1958 FIFA World Cup,Brazil v Wales,Quarter-finals,Brazil,Wales,BRA,WAL,1.0,0.0,1-0,home team win,1.0,0.0,no,no,no,0-0,Ullevi,S-166,Ullevi,Gothenburg,Sweden,0.0,25923.0,19:00,Fritz Seipelt,,115,16,35,126,3.6,0.3043478260869565,small,20,7.0,1.0,4.0,38.0,18.0,20.0,0.35,1.0,1.9,0.9,8.0,1.0,0.4,5.0,10.0,2.0,7.0,11.0,1.5714285714285714,26.0,7.0,21.0,0.0,0.8076923076923077,0.0,0.8076923076923077,54423.75,3,1.0,7.0,5.0,0.3333333333333333,2.3333333333333335,1.6666666666666667,2.0,5,0,0.0,-1.0,,0.0,0.0,1.0,2.0,0.0,16,35,126,3.6,0.3043478260869565,small,0,0.0,1.0,2.0,0,16,35,126,3.6,0.3043478260869565,small,1553.1917659034716,,4,12.0,4.0,5.0,56.0,27.0,29.0,3.0,7.25,14.0,6.75,6.0,5.0,0.25,7.0,10.0,1.4285714285714286,14.0,12.0,0.8571428571428571,27.0,7.0,22.0,0.0,0.8148148148148148,0.0,0.8148148148148148,15900.75,4,3.0,6.0,0.0,0.75,1.5,0.0,6.0,0,0,1.0,1.0,,,,,,,16,35,126,3.6,0.3043478260869565,small,0,0.0,0.0,0.0,0,16,35,126,3.6,0.3043478260869565,small,1510.5600420849817,,-2.65,-9.0,0.15,-12.1,-5.85,-0.4166666666666667,-4.0,42.631723818489945,HomeWin,56,4,39,4,1,0,52
1958,1958-06-19,WC-1958,1958 FIFA World Cup,France v Northern Ireland,Quarter-finals,France,Northern Ireland,FRA,NIR,4.0,0.0,4-0,home team win,1.0,0.0,no,no,no,0-0,Idrottsparken,S-170,Idrottsparken,Norrköping,Sweden,0.0,11800.0,19:00,Juan Gardeazabal,,116,16,35,126,3.6,0.3043478260869565,small,10,1.0,3.0,1.0,4.0,4.0,0.0,0.1,0.0,0.4,0.4,9.0,9.0,0.6,4.0,10.0,2.5,1.0,13.0,13.0,28.0,7.0,23.0,0.0,0.8214285714285714,0.0,0.8214285714285714,15359.6,3,1.0,4.0,4.0,0.3333333333333333,1.3333333333333333,1.3333333333333333,0.0,4,0,0.0,-1.0,,0.0,0.0,0.0,0.0,0.0,16,35,126,3.6,0.3043478260869565,small,0,0.0,0.0,0.0,0,16,35,126,3.6,0.3043478260869565,small,1499.914638684733,,3,6.0,0.0,5.0,27.0,17.0,10.0,2.0,3.3333333333333335,9.0,5.666666666666667,6.0,9.0,0.6666666666666666,8.0,10.0,1.25,3.0,14.0,4.666666666666667,29.0,7.0,24.0,0.0,0.8275862068965517,0.0,0.8275862068965517,10339.0,3,3.0,15.0,7.0,1.0,5.0,2.3333333333333335,8.0,0,0,1.0,4.0,,,,,,,16,35,126,3.6,0.3043478260869565,small,0,0.0,0.0,0.0,0,16,35,126,3.6,0.3043478260869565,small,1510.1981481975922,,-1.9,-10.0,-0.0666666666666666,-8.6,-5.266666666666667,-0.6666666666666667,-8.0,-10.283509512859156,HomeWin,23,7,18,5,2,0,16
1958,1958-06-19,WC-1958,1958 FIFA World Cup,Sweden v Soviet Union,Quarter-finals,Sweden,Russia,SWE,SUN,2.0,0.0,2-0,home team win,1.0,0.0,no,no,no,0-0,Råsunda Stadium,S-173,Råsunda Stadium,Solna,Sweden,1.0,31900.0,19:00,Reginald Leafe,,117,16,35,126,3.6,0.3043478260869565,small,13,2.0,0.0,2.0,4.0,8.0,-4.0,0.1538461538461538,-0.3076923076923077,0.3076923076923077,0.6153846153846154,10.0,8.0,0.6,3.0,10.0,3.3333333333333335,1.0,14.0,14.0,30.0,7.0,24.0,0.0,0.8,0.0,0.8,27826.846153846152,3,2.0,4.0,8.0,0.6666666666666666,1.3333333333333333,2.6666666666666665,-4.0,3,0,0.0,-4.0,,0.0,0.0,0.0,1.0,0.0,16,35,126,3.6,0.3043478260869565,small,0,0.0,0.0,1.0,0,16,35,126,3.6,0.3043478260869565,small,1515.1479565568293,,4,7.0,2.0,5.0,33.0,29.0,4.0,1.75,1.0,8.25,7.25,7.0,7.0,0.5,3.0,10.0,3.3333333333333335,11.0,14.0,1.2727272727272727,30.0,8.0,24.0,0.0,0.8,0.0,0.8,36174.25,4,3.0,7.0,1.0,0.75,1.75,0.25,6.0,0,0,1.0,2.0,,,,,,,16,35,126,3.6,0.3043478260869565,small,0,0.0,0.0,0.0,0,16,35,126,3.6,0.3043478260869565,small,1510.6333610632216,,-1.5961538461538465,-8.0,0.0999999999999999,-7.9423076923076925,-6.634615384615385,-0.0833333333333333,-10.0,4.514595493607658,HomeWin,31,0,23,0,2,0,31
1958,1958-06-24,WC-1958,1958 FIFA World Cup,Brazil v France,Semi-finals,Brazil,France,BRA,FRA,5.0,2.0,5-2,home team win,1.0,0.0,no,no,no,0-0,Råsunda Stadium,S-173,Råsunda Stadium,Solna,Sweden,0.0,27100.0,19:00,Benjamin Griffiths,,118,16,35,126,3.6,0.3043478260869565,small,21,2.0,1.0,2.0,5.0,6.0,-1.0,0.0952380952380952,-0.0476190476190476,0.238095238095238,0.2857142857142857,10.0,6.0,0.6,4.0,11.0,2.75,1.0,14.0,14.0,31.0,8.0,25.0,0.0,0.8064516129032258,0.0,0.8064516129032258,53066.57142857143,4,2.0,5.0,6.0,0.5,1.25,1.5,-1.0,5,0,0.0,-2.0,,0.0,0.0,1.0,2.0,0.0,16,35,126,3.6,0.3043478260869565,small,0,0.0,1.0,2.0,0,16,35,126,3.6,0.3043478260869565,small,1561.9708476038784,,11,13.0,4.0,5.0,61.0,29.0,32.0,1.181818181818182,2.909090909090909,5.545454545454546,2.636363636363636,12.0,5.0,0.8,7.0,12.0,1.7142857142857142,15.0,14.0,0.9333333333333332,31.0,9.0,25.0,1.0,0.8064516129032258,0.1111111111111111,0.6953405017921146,15036.0,4,4.0,11.0,2.0,1.0,2.75,0.5,9.0,4,0,1.0,3.0,,0.0,0.0,0.0,0.0,0.0,16,35,126,3.6,0.3043478260869565,small,0,0.0,0.0,0.0,0,16,35,126,3.6,0.3043478260869565,small,1510.2105354782957,,-1.0865800865800868,-33.0,-0.2,-5.307359307359308,-2.3506493506493507,-0.5,-10.0,51.760312125582914,HomeWin,57,27,40,21,1,2,30
1962,1962-05-30,WC-1962,1962 FIFA World Cup,Argentina v Bulgaria,Group stage,Argentina,Bulgaria,ARG,BGR,1.0,0.0,1-0,home team win,1.0,0.0,no,no,no,0-0,Estadio El Teniente,S-025,Estadio El Teniente,Rancagua,Chile,0.0,7134.0,15:00,Juan Gardeazabal,,119,16,32,89,2.8,0.3478260869565217,small,8,6.0,0.0,6.0,29.0,22.0,7.0,0.75,0.875,3.625,2.75,6.0,0.0,0.4,8.0,12.0,1.5,4.0,14.0,3.5,31.0,10.0,25.0,1.0,0.8064516129032258,0.1,0.7064516129032258,36599.0,0,3.0,17.0,12.0,,,,5.0,3,0,0.0,-3.0,,0.0,0.0,1.0,1.0,0.0,16,32,89,2.8,0.3478260869565217,small,0,0.0,1.0,1.0,0,16,32,89,2.8,0.3478260869565217,small,1516.7003931495851,,0,6.0,0.0,3.0,25.0,19.0,6.0,,,,,,-1.0,,6.0,12.0,2.0,3.0,14.0,4.666666666666667,32.0,10.0,25.0,1.0,0.78125,0.1,0.68125,,0,1.0,1.0,0.0,,,,1.0,0,0,1.0,1.0,,,,,,,16,32,89,2.8,0.3478260869565217,small,0,0.0,0.0,0.0,0,16,32,89,2.8,0.3478260869565217,small,1500.0,,,1.0,,,,,4.0,16.700393149585125,HomeWin,24,0,18,0,2,0,24
1962,1962-05-30,WC-1962,1962 FIFA World Cup,Brazil v Mexico,Group stage,Brazil,Mexico,BRA,MEX,2.0,0.0,2-0,home team win,1.0,0.0,no,no,no,0-0,Estadio Sausalito,S-027,Estadio Sausalito,Viña del Mar,Chile,0.0,10484.0,15:00,Gottfried Dienst,,120,16,32,89,2.8,0.3478260869565217,small,22,0.0,0.0,1.0,0.0,1.0,-1.0,0.0,-0.0454545454545454,0.0,0.0454545454545454,13.0,-1.0,0.8,1.0,12.0,12.0,0.0,14.0,,33.0,10.0,25.0,1.0,0.7575757575757576,0.1,0.6575757575757576,51886.27272727273,0,0.0,0.0,1.0,,,,-1.0,6,2,0.0,-1.0,0.0,1.0,1.0,2.0,3.0,1.0,16,32,89,2.8,0.3478260869565217,small,1,1.0,2.0,3.0,1,16,32,89,2.8,0.3478260869565217,small,1570.491990735579,,11,14.0,4.0,5.0,63.0,29.0,34.0,1.2727272727272727,3.090909090909091,5.7272727272727275,2.636363636363636,1.0,-1.0,0.0,8.0,13.0,1.625,15.0,14.0,0.9333333333333332,34.0,10.0,26.0,1.0,0.7647058823529411,0.1,0.6647058823529411,22466.090909090908,0,1.0,2.0,0.0,,,,2.0,4,2,3.0,11.0,1.5,,,,,,16,32,89,2.8,0.3478260869565217,small,0,0.0,0.0,0.0,0,16,32,89,2.8,0.3478260869565217,small,1416.1680984887,,-1.2727272727272727,-35.0,0.8,-5.7272727272727275,-2.590909090909091,,-3.0,154.32389224687904,HomeWin,62,9,43,8,1,2,53
1962,1962-05-30,WC-1962,1962 FIFA World Cup,Chile v Switzerland,Group stage,Chile,Switzerland,CHL,CHE,3.0,1.0,3-1,home team win,1.0,0.0,no,no,no,0-0,Estadio Nacional,S-026,Estadio Nacional,Santiago,Chile,1.0,65006.0,15:00,Ken Aston,,121,16,32,89,2.8,0.3478260869565217,small,6,0.0,1.0,11.0,9.0,41.0,-32.0,0.0,-5.333333333333333,1.5,6.833333333333333,6.0,1.0,0.4,9.0,14.0,1.5555555555555556,3.0,14.0,4.666666666666667,35.0,10.0,27.0,1.0,0.7714285714285715,0.1,0.6714285714285715,18450.333333333332,0,0.0,0.0,2.0,,,,-2.0,2,0,0.0,-11.0,,0.0,0.0,0.0,0.0,0.0,16,32,89,2.8,0.3478260869565217,small,0,0.0,0.0,0.0,0,16,32,89,2.8,0.3478260869565217,small,1499.7775317283952,,10,4.0,0.0,3.0,13.0,10.0,3.0,0.4,0.3,1.3,1.0,10.0,3.0,0.6,4.0,14.0,3.5,3.0,14.0,4.666666666666667,35.0,11.0,27.0,1.0,0.7714285714285715,0.0909090909090909,0.6805194805194805,23312.5,0,1.0,3.0,1.0,,,,2.0,4,0,1.0,2.0,,,,,,,16,32,89,2.8,0.3478260869565217,small,0,0.0,0.0,0.0,0,16,32,89,2.8,0.3478260869565217,small,1523.9237090654735,,-0.4,-35.0,-0.1999999999999999,0.1999999999999999,5.833333333333333,,-4.0,-24.14617733707837,HomeWin,10,31,8,19,0,0,-21
1962,1962-05-30,WC-1962,1962 FIFA World Cup,Uruguay v Colombia,Group stage,Uruguay,Colombia,URY,COL,2.0,1.0,2-1,home team win,1.0,0.0,no,no,no,0-0,Estadio Carlos Dittborn,S-024,Estadio Carlos Dittborn,Arica,Chile,0.0,7908.0,15:00,Andor Dorogi,,122,16,32,89,2.8,0.3478260869565217,small,13,5.0,2.0,4.0,21.0,21.0,0.0,0.3846153846153846,0.0,1.6153846153846154,1.6153846153846154,9.0,6.0,0.6,3.0,15.0,5.0,8.0,14.0,1.75,36.0,11.0,28.0,1.0,0.7777777777777778,0.0909090909090909,0.6868686868686869,51337.92307692308,0,0.0,1.0,3.0,,,,-2.0,3,0,0.0,-2.0,,1.0,2.0,2.0,2.0,0.0,16,32,89,2.8,0.3478260869565217,small,1,2.0,2.0,2.0,0,16,32,89,2.8,0.3478260869565217,small,1566.3251278709563,,0,11.0,1.0,2.0,48.0,18.0,30.0,,,,,,7.0,,5.0,15.0,3.0,9.0,15.0,1.6666666666666667,37.0,11.0,29.0,1.0,0.7837837837837838,0.0909090909090909,0.6928746928746928,,0,1.0,2.0,1.0,,,,1.0,0,0,1.0,1.0,,,,,,,16,32,89,2.8,0.3478260869565217,small,0,0.0,0.0,0.0,0,16,32,89,2.8,0.3478260869565217,small,1500.0,,,-30.0,,,,,-3.0,66.3251278709563,HomeWin,46,0,34,0,0,0,46
1962,1962-05-31,WC-1962,1962 FIFA World Cup,Czechoslovakia v Spain,Group stage,Czechoslovakia,Spain,CSK,ESP,1.0,0.0,1-0,home team win,1.0,0.0,no,no,no,0-0,Estadio Sausalito,S-027,Estadio Sausalito,Viña del Mar,Chile,0.0,12700.0,15:00,Carl Steiner,,123,16,32,89,2.8,0.3478260869565217,small,12,0.0,0.0,1.0,1.0,2.0,-1.0,0.0,-0.0833333333333333,0.0833333333333333,0.1666666666666666,3.0,7.0,0.2,1.0,16.0,16.0,0.0,15.0,,38.0,11.0,30.0,1.0,0.7894736842105263,0.0909090909090909,0.6985645933014354,18493.583333333332,0,0.0,1.0,2.0,,,,-1.0,4,0,0.0,-1.0,,0.0,0.0,1.0,1.0,0.0,16,32,89,2.8,0.3478260869565217,small,0,0.0,1.0,1.0,0,16,32,89,2.8,0.3478260869565217,small,1490.080941469741,,9,6.0,1.0,6.0,22.0,20.0,2.0,0.6666666666666666,0.2222222222222222,2.4444444444444446,2.2222222222222223,7.0,7.0,0.4,6.0,17.0,2.8333333333333335,7.0,15.0,2.142857142857143,39.0,11.0,31.0,1.0,0.7948717948717948,0.0909090909090909,0.7039627039627039,45729.333333333336,0,1.0,1.0,0.0,,,,1.0,2,0,1.0,1.0,,0.0,0.0,0.0,0.0,0.0,16,32,89,2.8,0.3478260869565217,small,0,0.0,0.0,0.0,0,16,32,89,2.8,0.3478260869565217,small,1508.9850861823925,,-0.6666666666666666,-3.0,-0.2,-2.361111111111111,-2.055555555555556,,-2.0,-18.90414471265126,HomeWin,24,15,20,13,2,1,9
1962,1962-05-31,WC-1962,1962 FIFA World Cup,Hungary v England,Group stage,Hungary,England,HUN,ENG,2.0,1.0,2-1,home team win,1.0,0.0,no,no,no,0-0,Estadio El Teniente,S-025,Estadio El Teniente,Rancagua,Chile,0.0,7938.0,15:00,Leo Horn,,124,16,32,89,2.8,0.3478260869565217,small,12,4.0,2.0,4.0,14.0,16.0,-2.0,0.3333333333333333,-0.1666666666666666,1.1666666666666667,1.3333333333333333,7.0,11.0,0.4,1.0,18.0,18.0,9.0,15.0,1.6666666666666667,40.0,11.0,32.0,1.0,0.8,0.0909090909090909,0.7090909090909091,23359.666666666668,0,0.0,0.0,1.0,,,,-1.0,4,0,0.0,-1.0,,0.0,0.0,2.0,2.0,0.0,16,32,89,2.8,0.3478260869565217,small,0,0.0,2.0,2.0,0,16,32,89,2.8,0.3478260869565217,small,1527.0274536756906,,9,8.0,1.0,4.0,40.0,19.0,21.0,0.8888888888888888,2.3333333333333335,4.444444444444445,2.111111111111111,3.0,11.0,0.0,6.0,19.0,3.1666666666666665,7.0,15.0,2.142857142857143,40.0,12.0,32.0,2.0,0.8,0.1666666666666666,0.6333333333333334,31734.777777777777,0,1.0,2.0,1.0,,,,1.0,3,0,1.0,1.0,,0.0,0.0,0.0,0.0,0.0,16,32,89,2.8,0.3478260869565217,small,0,0.0,0.0,0.0,0,16,32,89,2.8,0.3478260869565217,small,1475.5665866843724,,-0.5555555555555556,-23.0,0.4,-3.2777777777777777,-0.7777777777777779,,-2.0,51.4608669913182,HomeWin,38,10,29,8,2,0,28
1962,1962-05-31,WC-1962,1962 FIFA World Cup,Soviet Union v Yugoslavia,Group stage,Russia,Yugoslavia,SUN,YUG,2.0,0.0,2-0,home team win,1.0,0.0,no,no,no,0-0,Estadio Carlos Dittborn,S-024,Estadio Carlos Dittborn,Arica,Chile,0.0,9622.0,15:00,Albert Dusch,,125,16,32,89,2.8,0.3478260869565217,small,5,1.0,4.0,5.0,13.0,17.0,-4.0,0.2,-0.8,2.6,3.4,7.0,9.0,0.4,6.0,19.0,3.1666666666666665,4.0,15.0,3.75,40.0,13.0,32.0,2.0,0.8,0.1538461538461538,0.6461538461538462,35319.4,0,0.0,1.0,2.0,,,,-1.0,1,0,0.0,-1.0,,,,,,,16,32,89,2.8,0.3478260869565217,small,0,0.0,0.0,0.0,0,16,32,89,2.8,0.3478260869565217,small,1500.7632942539883,,11,3.0,1.0,2.0,7.0,6.0,1.0,0.2727272727272727,0.0909090909090909,0.6363636363636364,0.5454545454545454,9.0,9.0,0.4,5.0,20.0,4.0,1.0,15.0,15.0,40.0,14.0,32.0,3.0,0.8,0.2142857142857142,0.5857142857142857,32602.090909090908,0,1.0,2.0,0.0,,,,2.0,4,0,1.0,2.0,,,,,,,16,32,89,2.8,0.3478260869565217,small,0,0.0,0.0,0.0,0,16,32,89,2.8,0.3478260869565217,small,1534.1291185129326,,-0.0727272727272727,-5.0,0.0,1.963636363636364,2.8545454545454545,,-3.0,-33.36582425894403,HomeWin,0,23,0,20,0,0,-23
1962,1962-06-02,WC-1962,1962 FIFA World Cup,Brazil v Czechoslovakia,Group stage,Brazil,Czechoslovakia,BRA,CSK,0.0,0.0,0-0,draw,0.0,0.0,yes,no,no,0-0,Estadio Sausalito,S-027,Estadio Sausalito,Viña del Mar,Chile,0.0,14903.0,15:00,Pierre Schwinte,,126,16,32,89,2.8,0.3478260869565217,small,23,6.0,3.0,3.0,23.0,19.0,4.0,0.2608695652173913,0.1739130434782608,1.0,0.8260869565217391,13.0,7.0,0.8,8.0,21.0,2.625,4.0,15.0,3.75,41.0,14.0,33.0,3.0,0.8048780487804879,0.2142857142857142,0.5905923344947736,50086.17391304348,1,0.0,0.0,2.0,0.0,0.0,2.0,-2.0,6,2,0.0,-2.0,0.0,1.0,1.0,2.0,3.0,1.0,16,32,89,2.8,0.3478260869565217,small,1,1.0,2.0,3.0,1,16,32,89,2.8,0.3478260869565217,small,1576.3209594677091,,13,14.0,5.0,5.0,63.0,29.0,34.0,1.0769230769230769,2.6153846153846154,4.846153846153846,2.230769230769231,6.0,6.0,0.4,9.0,22.0,2.4444444444444446,15.0,15.0,1.0,41.0,15.0,33.0,4.0,0.8048780487804879,0.2666666666666666,0.5382113821138212,18047.92307692308,1,1.0,2.0,0.0,1.0,2.0,0.0,2.0,4,2,1.0,1.0,0.5,0.0,0.0,1.0,1.0,0.0,16,32,89,2.8,0.3478260869565217,small,0,0.0,1.0,1.0,0,16,32,89,2.8,0.3478260869565217,small,1500.624510185993,,-0.8160535117056855,-30.0,0.4,-3.846153846153846,-1.4046822742474916,-1.0,-4.0,75.69644928171624,Draw,64,25,45,21,1,2,39
1962,1962-06-02,WC-1962,1962 FIFA World Cup,Chile v Italy,Group stage,Chile,Italy,CHL,ITA,2.0,0.0,2-0,home team win,1.0,0.0,no,no,no,0-0,Estadio Nacional,S-026,Estadio Nacional,Santiago,Chile,1.0,66057.0,15:00,Ken Aston,,127,16,32,89,2.8,0.3478260869565217,small,7,6.0,2.0,6.0,22.0,20.0,2.0,0.8571428571428571,0.2857142857142857,3.142857142857143,2.857142857142857,6.0,8.0,0.4,7.0,22.0,3.142857142857143,7.0,16.0,2.2857142857142856,42.0,15.0,34.0,4.0,0.8095238095238095,0.2666666666666666,0.5428571428571429,25101.14285714286,1,1.0,1.0,0.0,1.0,1.0,0.0,1.0,2,0,0.0,-1.0,,0.0,0.0,0.0,0.0,0.0,16,32,89,2.8,0.3478260869565217,small,0,0.0,0.0,0.0,0,16,32,89,2.8,0.3478260869565217,small,1510.4713978107309,,13,5.0,0.0,3.0,15.0,10.0,5.0,0.3846153846153846,0.3846153846153846,1.1538461538461535,0.7692307692307693,6.0,9.0,0.4,5.0,22.0,4.4,3.0,16.0,5.333333333333333,43.0,15.0,34.0,4.0,0.7906976744186046,0.2666666666666666,0.5240310077519379,34562.53846153846,0,2.0,5.0,1.0,,,,4.0,4,0,1.0,2.0,,1.0,2.0,2.0,2.0,0.0,16,32,89,2.8,0.3478260869565217,small,1,2.0,2.0,2.0,0,16,32,89,2.8,0.3478260869565217,small,1547.612563984594,,0.4725274725274724,-3.0,0.0,1.989010989010989,2.087912087912088,,-3.0,-37.14116617386344,HomeWin,13,34,10,29,0,2,-21
1962,1962-06-02,WC-1962,1962 FIFA World Cup,England v Argentina,Group stage,England,Argentina,ENG,ARG,3.0,1.0,3-1,home team win,1.0,0.0,no,no,no,0-0,Estadio El Teniente,S-025,Estadio El Teniente,Rancagua,Chile,0.0,9794.0,15:00,Nikolaj Latychev,,128,16,32,89,2.8,0.3478260869565217,small,10,9.0,1.0,4.0,30.0,19.0,11.0,0.9,1.1,3.0,1.9,3.0,9.0,0.0,4.0,23.0,5.75,10.0,16.0,1.6,44.0,15.0,35.0,4.0,0.7954545454545454,0.2666666666666666,0.5287878787878788,29355.1,1,0.0,0.0,2.0,0.0,0.0,2.0,-2.0,3,0,0.0,-2.0,,0.0,0.0,0.0,0.0,0.0,16,32,89,2.8,0.3478260869565217,small,0,0.0,0.0,0.0,0,16,32,89,2.8,0.3478260869565217,small,1467.0370122493475,,9,2.0,4.0,5.0,16.0,18.0,-2.0,0.2222222222222222,-0.2222222222222222,1.7777777777777777,2.0,6.0,9.0,0.4,7.0,24.0,3.4285714285714284,4.0,16.0,4.0,45.0,15.0,36.0,4.0,0.8,0.2666666666666666,0.5333333333333334,33325.11111111111,1,1.0,4.0,3.0,1.0,4.0,3.0,1.0,3,0,1.0,2.0,,0.0,0.0,1.0,1.0,0.0,16,32,89,2.8,0.3478260869565217,small,0,0.0,1.0,1.0,0,16,32,89,2.8,0.3478260869565217,small,1526.220087053442,,0.6777777777777778,13.0,-0.4,1.2222222222222223,-0.1,-1.0,-3.0,-59.18307480409453,HomeWin,11,25,9,19,1,2,-14
1962,1962-06-02,WC-1962,1962 FIFA World Cup,Yugoslavia v Uruguay,Group stage,Yugoslavia,Uruguay,YUG,URY,3.0,1.0,3-1,home team win,1.0,0.0,no,no,no,0-0,Estadio Carlos Dittborn,S-024,Estadio Carlos Dittborn,Arica,Chile,0.0,8829.0,15:00,Karol Galba,,129,16,32,89,2.8,0.3478260869565217,small,12,6.0,0.0,4.0,26.0,22.0,4.0,0.5,0.3333333333333333,2.1666666666666665,1.8333333333333333,6.0,7.0,0.2,7.0,25.0,3.5714285714285716,3.0,16.0,5.333333333333333,46.0,15.0,37.0,4.0,0.8043478260869565,0.2666666666666666,0.5376811594202899,30687.083333333332,1,1.0,2.0,3.0,1.0,2.0,3.0,-1.0,4,1,0.0,-2.0,0.0,,,,,,16,32,89,2.8,0.3478260869565217,small,0,0.0,0.0,0.0,0,16,32,89,2.8,0.3478260869565217,small,1523.171714349167,,14,7.0,3.0,3.0,26.0,20.0,6.0,0.5,0.4285714285714285,1.8571428571428572,1.4285714285714286,9.0,2.0,0.6,9.0,25.0,2.7777777777777777,4.0,16.0,4.0,47.0,15.0,37.0,4.0,0.7872340425531915,0.2666666666666666,0.5205673758865248,48235.78571428572,1,1.0,3.0,3.0,1.0,3.0,3.0,0.0,3,1,1.0,-3.0,1.0,1.0,2.0,2.0,2.0,0.0,16,32,89,2.8,0.3478260869565217,small,1,2.0,2.0,2.0,0,16,32,89,2.8,0.3478260869565217,small,1574.4389935519728,,0.0,-2.0,-0.3999999999999999,0.3095238095238093,0.4047619047619046,0.0,-1.0,-51.26727920280587,HomeWin,23,48,20,36,0,0,-25
1962,1962-06-03,WC-1962,1962 FIFA World Cup,Hungary v Bulgaria,Group stage,Hungary,Bulgaria,HUN,BGR,6.0,1.0,6-1,home team win,1.0,0.0,no,no,no,0-0,Estadio El Teniente,S-025,Estadio El Teniente,Rancagua,Chile,0.0,7442.0,15:00,Juan Gardeazabal,,130,16,32,89,2.8,0.3478260869565217,small,13,11.0,1.0,3.0,49.0,21.0,28.0,0.8461538461538461,2.1538461538461537,3.769230769230769,1.6153846153846154,7.0,4.0,0.4,6.0,26.0,4.333333333333333,9.0,16.0,1.7777777777777777,48.0,15.0,38.0,4.0,0.7916666666666666,0.2666666666666666,0.5249999999999999,22173.384615384617,1,1.0,3.0,4.0,1.0,3.0,4.0,-1.0,4,0,1.0,3.0,,0.0,0.0,2.0,2.0,0.0,16,32,89,2.8,0.3478260869565217,small,0,0.0,2.0,2.0,0,16,32,89,2.8,0.3478260869565217,small,1535.5570281107157,,1,9.0,1.0,4.0,46.0,20.0,26.0,9.0,26.0,46.0,20.0,0.0,6.0,0.0,7.0,27.0,3.857142857142857,7.0,16.0,2.2857142857142856,49.0,15.0,39.0,4.0,0.7959183673469388,0.2666666666666666,0.5292517006802722,7134.0,1,2.0,8.0,2.0,2.0,8.0,2.0,6.0,0,0,1.0,5.0,,,,,,,16,32,89,2.8,0.3478260869565217,small,0,0.0,0.0,0.0,0,16,32,89,2.8,0.3478260869565217,small,1490.480306096143,,-8.153846153846153,2.0,0.4,-42.23076923076923,-18.384615384615383,-1.0,-7.0,45.0767220145724,HomeWin,40,0,31,0,2,0,40
1962,1962-06-03,WC-1962,1962 FIFA World Cup,Soviet Union v Colombia,Group stage,Russia,Colombia,SUN,COL,4.0,4.0,4-4,draw,0.0,0.0,yes,no,no,0-0,Estadio Carlos Dittborn,S-024,Estadio Carlos Dittborn,Arica,Chile,0.0,8040.0,15:00,Joao Etzel Filho,,131,16,32,89,2.8,0.3478260869565217,small,6,0.0,0.0,2.0,1.0,7.0,-6.0,0.0,-1.0,0.1666666666666666,1.1666666666666667,9.0,5.0,0.6,2.0,27.0,13.5,0.0,16.0,,50.0,15.0,39.0,4.0,0.78,0.2666666666666666,0.5133333333333334,31036.5,1,0.0,1.0,7.0,0.0,1.0,7.0,-6.0,1,0,0.0,-5.0,,,,,,,16,32,89,2.8,0.3478260869565217,small,0,0.0,0.0,0.0,0,16,32,89,2.8,0.3478260869565217,small,1511.7206984177542,,1,3.0,2.0,2.0,11.0,10.0,1.0,3.0,1.0,11.0,10.0,0.0,5.0,0.0,6.0,27.0,4.5,1.0,17.0,17.0,50.0,16.0,39.0,5.0,0.78,0.3125,0.4675,7908.0,1,1.0,6.0,4.0,1.0,6.0,4.0,2.0,0,0,0.0,0.0,,,,,,,16,32,89,2.8,0.3478260869565217,small,0,0.0,0.0,0.0,0,16,32,89,2.8,0.3478260869565217,small,1491.8861343189835,,-3.0,-7.0,0.6,-10.833333333333334,-8.833333333333334,-1.0,-8.0,19.83456409877067,Draw,0,1,0,1,0,1,-1
1962,1962-06-03,WC-1962,1962 FIFA World Cup,Spain v Mexico,Group stage,Spain,Mexico,ESP,MEX,1.0,0.0,1-0,home team win,1.0,0.0,no,no,no,0-0,Estadio Sausalito,S-027,Estadio Sausalito,Viña del Mar,Chile,0.0,11875.0,15:00,Branko Tesanic,,132,16,32,89,2.8,0.3478260869565217,small,10,0.0,1.0,1.0,5.0,6.0,-1.0,0.0,-0.1,0.5,0.6,4.0,7.0,0.2,2.0,27.0,13.5,0.0,18.0,,50.0,17.0,39.0,6.0,0.78,0.3529411764705882,0.4270588235294117,42426.4,1,0.0,5.0,6.0,0.0,5.0,6.0,-1.0,2,0,0.0,0.0,,0.0,0.0,0.0,0.0,0.0,16,32,89,2.8,0.3478260869565217,small,0,0.0,0.0,0.0,0,16,32,89,2.8,0.3478260869565217,small,1498.4415174661403,,12,5.0,2.0,4.0,15.0,16.0,-1.0,0.4166666666666667,-0.0833333333333333,1.25,1.3333333333333333,1.0,5.0,0.0,2.0,27.0,13.5,9.0,18.0,2.0,51.0,17.0,39.0,6.0,0.7647058823529411,0.3529411764705882,0.4117647058823528,21467.583333333332,1,1.0,1.0,1.0,1.0,1.0,1.0,0.0,4,0,1.0,1.0,,,,,,,16,32,89,2.8,0.3478260869565217,small,0,0.0,0.0,0.0,0,16,32,89,2.8,0.3478260869565217,small,1410.33912975657,,-0.4166666666666667,0.0,0.2,-0.75,-0.7333333333333333,-1.0,-1.0,88.1023877095704,HomeWin,15,9,13,8,1,2,6
1962,1962-06-06,WC-1962,1962 FIFA World Cup,Brazil v Spain,Group stage,Brazil,Spain,BRA,ESP,2.0,1.0,2-1,home team win,1.0,0.0,no,no,no,0-0,Estadio Sausalito,S-027,Estadio Sausalito,Viña del Mar,Chile,0.0,18715.0,15:00,Sergio Bustamante,,133,16,32,89,2.8,0.3478260869565217,small,24,0.0,1.0,12.0,9.0,42.0,-33.0,0.0,-1.375,0.375,1.75,13.0,3.0,0.8,10.0,28.0,2.8,3.0,18.0,6.0,52.0,17.0,40.0,6.0,0.7692307692307693,0.3529411764705882,0.416289592760181,48620.208333333336,2,0.0,0.0,3.0,0.0,0.0,1.5,-3.0,6,2,0.0,-1.0,0.0,1.0,1.0,2.0,3.0,1.0,16,32,89,2.8,0.3478260869565217,small,1,1.0,2.0,3.0,1,16,32,89,2.8,0.3478260869565217,small,1574.1760715688226,,11,15.0,5.0,5.0,65.0,30.0,35.0,1.3636363636363635,3.1818181818181817,5.909090909090909,2.727272727272727,4.0,6.0,0.2,10.0,29.0,2.9,15.0,18.0,1.2,53.0,17.0,41.0,6.0,0.7735849056603774,0.3529411764705882,0.4206437291897891,39649.0,2,2.0,4.0,1.0,1.0,2.0,0.5,3.0,2,2,2.0,4.0,1.0,0.0,0.0,0.0,0.0,0.0,16,32,89,2.8,0.3478260869565217,small,0,0.0,0.0,0.0,0,16,32,89,2.8,0.3478260869565217,small,1505.9587167954849,,-1.3636363636363635,-68.0,0.6000000000000001,-5.534090909090909,-0.9772727272727272,-1.0,-6.0,68.21735477333777,HomeWin,67,16,48,14,1,1,51
1962,1962-06-06,WC-1962,1962 FIFA World Cup,Hungary v Argentina,Group stage,Hungary,Argentina,HUN,ARG,0.0,0.0,0-0,draw,0.0,0.0,yes,no,no,0-0,Estadio El Teniente,S-025,Estadio El Teniente,Rancagua,Chile,0.0,7945.0,15:00,Arturo Yamasaki Maldonado,,134,16,32,89,2.8,0.3478260869565217,small,14,5.0,2.0,5.0,16.0,18.0,-2.0,0.3571428571428571,-0.1428571428571428,1.1428571428571428,1.2857142857142858,9.0,4.0,0.6,3.0,29.0,9.666666666666666,9.0,18.0,2.0,54.0,17.0,41.0,6.0,0.7592592592592593,0.3529411764705882,0.406318082788671,21121.14285714286,2,1.0,2.0,3.0,0.5,1.0,1.5,-1.0,4,0,1.0,-4.0,,0.0,0.0,2.0,2.0,0.0,16,32,89,2.8,0.3478260869565217,small,0,0.0,2.0,2.0,0,16,32,89,2.8,0.3478260869565217,small,1544.2668467645922,,10,9.0,2.0,4.0,46.0,20.0,26.0,0.9,2.6,4.6,2.0,6.0,6.0,0.4,8.0,29.0,3.625,7.0,19.0,2.7142857142857144,55.0,17.0,42.0,6.0,0.7636363636363637,0.3529411764705882,0.4106951871657754,30972.0,2,2.0,8.0,2.0,1.0,4.0,1.0,6.0,3,0,0.0,0.0,,0.0,0.0,1.0,1.0,0.0,16,32,89,2.8,0.3478260869565217,small,0,0.0,1.0,1.0,0,16,32,89,2.8,0.3478260869565217,small,1514.5329480938733,,-0.5428571428571429,-28.0,0.1999999999999999,-3.457142857142857,-0.7142857142857142,-0.5,-7.0,29.733898670718872,Draw,46,26,34,20,2,2,20
1962,1962-06-06,WC-1962,1962 FIFA World Cup,Soviet Union v Uruguay,Group stage,Russia,Uruguay,SUN,URY,2.0,1.0,2-1,home team win,1.0,0.0,no,no,no,0-0,Estadio Carlos Dittborn,S-024,Estadio Carlos Dittborn,Arica,Chile,0.0,9973.0,15:00,Cesare Jonni,,135,16,32,89,2.8,0.3478260869565217,small,7,6.0,1.0,4.0,26.0,22.0,4.0,0.8571428571428571,0.5714285714285714,3.7142857142857144,3.142857142857143,7.0,7.0,0.4,8.0,29.0,3.625,3.0,20.0,6.666666666666667,56.0,17.0,43.0,6.0,0.7678571428571429,0.3529411764705882,0.4149159663865546,27751.285714285714,2,1.0,2.0,3.0,0.5,1.0,1.5,-1.0,1,0,0.0,0.0,,,,,,,16,32,89,2.8,0.3478260869565217,small,0,0.0,0.0,0.0,0,16,32,89,2.8,0.3478260869565217,small,1511.1504331537456,,15,4.0,2.0,2.0,13.0,11.0,2.0,0.2666666666666666,0.1333333333333333,0.8666666666666667,0.7333333333333333,6.0,6.0,0.4,7.0,29.0,4.142857142857143,1.0,20.0,20.0,57.0,17.0,43.0,6.0,0.7543859649122807,0.3529411764705882,0.4014447884416924,45608.666666666664,2,2.0,8.0,5.0,1.0,4.0,2.5,3.0,3,0,1.0,1.0,,1.0,2.0,2.0,2.0,0.0,16,32,89,2.8,0.3478260869565217,small,1,2.0,2.0,2.0,0,16,32,89,2.8,0.3478260869565217,small,1562.9740198645532,,0.5904761904761904,2.0,0.0,2.8476190476190477,2.4095238095238094,-0.5,-4.0,-51.8235867108076,HomeWin,0,49,0,37,0,0,-49
1962,1962-06-07,WC-1962,1962 FIFA World Cup,England v Bulgaria,Group stage,England,Bulgaria,ENG,BGR,0.0,0.0,0-0,draw,0.0,0.0,yes,no,no,0-0,Estadio El Teniente,S-025,Estadio El Teniente,Rancagua,Chile,0.0,5700.0,15:00,Arthur Blavier,,136,16,32,89,2.8,0.3478260869565217,small,11,11.0,1.0,4.0,50.0,23.0,27.0,1.0,2.4545454545454546,4.545454545454546,2.090909090909091,5.0,4.0,0.2,7.0,30.0,4.285714285714286,9.0,20.0,2.2222222222222223,58.0,17.0,44.0,6.0,0.7586206896551724,0.3529411764705882,0.4056795131845841,27576.81818181818,2,1.0,4.0,6.0,0.5,2.0,3.0,-2.0,3,0,0.0,-1.0,,0.0,0.0,0.0,0.0,0.0,16,32,89,2.8,0.3478260869565217,small,0,0.0,0.0,0.0,0,16,32,89,2.8,0.3478260869565217,small,1478.7241512089165,,2,2.0,5.0,5.0,16.0,18.0,-2.0,1.0,-1.0,8.0,9.0,0.0,9.0,0.0,8.0,31.0,3.875,4.0,20.0,5.0,59.0,17.0,45.0,6.0,0.7627118644067796,0.3529411764705882,0.4097706879361913,7288.0,2,1.0,4.0,3.0,0.5,2.0,1.5,1.0,0,0,0.0,0.0,,,,,,,16,32,89,2.8,0.3478260869565217,small,0,0.0,0.0,0.0,0,16,32,89,2.8,0.3478260869565217,small,1481.7704874422664,,0.0,29.0,0.2,-3.454545454545454,-6.909090909090909,0.0,-3.0,-3.0463362333500754,Draw,14,1,12,1,2,0,13
1962,1962-06-07,WC-1962,1962 FIFA World Cup,Italy v Switzerland,Group stage,Italy,Switzerland,ITA,CHE,3.0,0.0,3-0,home team win,1.0,0.0,no,no,no,0-0,Estadio Nacional,S-026,Estadio Nacional,Santiago,Chile,0.0,59828.0,15:00,Nikolaj Latychev,,137,16,32,89,2.8,0.3478260869565217,small,14,0.0,1.0,2.0,1.0,7.0,-6.0,0.0,-0.4285714285714285,0.0714285714285714,0.5,6.0,9.0,0.4,3.0,32.0,10.666666666666666,0.0,20.0,,59.0,18.0,45.0,7.0,0.7627118644067796,0.3888888888888889,0.3738229755178907,36812.142857142855,1,0.0,1.0,7.0,0.0,1.0,7.0,-6.0,4,2,0.0,0.0,0.0,1.0,2.0,2.0,2.0,0.0,16,32,89,2.8,0.3478260869565217,small,1,2.0,2.0,2.0,0,16,32,89,2.8,0.3478260869565217,small,1536.5476088991927,,11,10.0,1.0,4.0,33.0,19.0,14.0,0.9090909090909092,1.2727272727272727,3.0,1.7272727272727273,10.0,10.0,0.6,5.0,32.0,6.4,10.0,21.0,2.1,60.0,18.0,46.0,7.0,0.7666666666666667,0.3888888888888889,0.3777777777777778,27102.81818181818,1,1.0,3.0,2.0,1.0,3.0,2.0,1.0,4,2,1.0,-1.0,0.5,,,,,,16,32,89,2.8,0.3478260869565217,small,0,0.0,0.0,0.0,0,16,32,89,2.8,0.3478260869565217,small,1513.229842983138,,-0.9090909090909092,-20.0,-0.1999999999999999,-2.9285714285714284,-1.2272727272727273,-1.0,-7.0,23.317765916054668,HomeWin,34,32,29,20,2,0,2
1962,1962-06-07,WC-1962,1962 FIFA World Cup,Mexico v Czechoslovakia,Group stage,Mexico,Czechoslovakia,MEX,CSK,3.0,1.0,3-1,home team win,1.0,0.0,no,no,no,0-0,Estadio Sausalito,S-027,Estadio Sausalito,Viña del Mar,Chile,0.0,10648.0,15:00,Gottfried Dienst,,138,16,32,89,2.8,0.3478260869565217,small,13,5.0,2.0,5.0,21.0,24.0,-3.0,0.3846153846153846,-0.2307692307692307,1.6153846153846154,1.8461538461538465,1.0,11.0,0.0,4.0,32.0,8.0,8.0,22.0,2.75,60.0,19.0,46.0,8.0,0.7666666666666667,0.4210526315789473,0.3456140350877194,20729.69230769231,2,0.0,1.0,6.0,0.0,0.5,3.0,-5.0,4,0,2.0,1.0,,,,,,,16,32,89,2.8,0.3478260869565217,small,0,0.0,0.0,0.0,0,16,32,89,2.8,0.3478260869565217,small,1402.8219304272254,,14,1.0,1.0,12.0,12.0,43.0,-31.0,0.0714285714285714,-2.2142857142857144,0.8571428571428571,3.0714285714285716,7.0,11.0,0.4,11.0,32.0,2.909090909090909,3.0,23.0,7.666666666666667,61.0,19.0,47.0,8.0,0.7704918032786885,0.4210526315789473,0.3494391716997411,17823.285714285714,2,1.0,3.0,4.0,0.5,1.5,2.0,-1.0,4,0,1.0,2.0,,0.0,0.0,1.0,1.0,0.0,16,32,89,2.8,0.3478260869565217,small,0,0.0,1.0,1.0,0,16,32,89,2.8,0.3478260869565217,small,1502.7693980848794,,0.3131868131868132,28.0,-0.4,0.7582417582417583,-1.2252747252747254,-0.5,-4.0,-99.947467657654,HomeWin,9,26,8,22,2,2,-17
1962,1962-06-07,WC-1962,1962 FIFA World Cup,Yugoslavia v Colombia,Group stage,Yugoslavia,Colombia,YUG,COL,5.0,0.0,5-0,home team win,1.0,0.0,no,no,no,0-0,Estadio Carlos Dittborn,S-024,Estadio Carlos Dittborn,Arica,Chile,0.0,7167.0,15:00,Carlos Robles,,139,16,32,89,2.8,0.3478260869565217,small,13,6.0,2.0,7.0,23.0,23.0,0.0,0.4615384615384615,0.0,1.7692307692307692,1.7692307692307692,8.0,9.0,0.4,8.0,32.0,4.0,7.0,24.0,3.4285714285714284,61.0,20.0,47.0,9.0,0.7704918032786885,0.45,0.3204918032786885,29005.69230769231,2,1.0,2.0,3.0,0.5,1.0,1.5,-1.0,4,0,0.0,-2.0,,,,,,,16,32,89,2.8,0.3478260869565217,small,0,0.0,0.0,0.0,0,16,32,89,2.8,0.3478260869565217,small,1534.6366880365863,,2,8.0,3.0,3.0,31.0,20.0,11.0,4.0,5.5,15.5,10.0,1.0,7.0,0.0,10.0,33.0,3.3,4.0,24.0,6.0,62.0,20.0,48.0,9.0,0.7741935483870968,0.45,0.3241935483870967,7974.0,2,2.0,8.0,3.0,1.0,4.0,1.5,5.0,0,0,1.0,5.0,,,,,,,16,32,89,2.8,0.3478260869565217,small,0,0.0,0.0,0.0,0,16,32,89,2.8,0.3478260869565217,small,1492.4563995829922,,-3.5384615384615383,-11.0,0.4,-13.73076923076923,-8.23076923076923,-0.5,-6.0,42.18028845359436,HomeWin,26,1,23,1,1,1,25
1962,1962-06-10,WC-1962,1962 FIFA World Cup,Brazil v England,Quarter-finals,Brazil,England,BRA,ENG,3.0,1.0,3-1,home team win,1.0,0.0,no,no,no,0-0,Estadio Sausalito,S-027,Estadio Sausalito,Viña del Mar,Chile,0.0,17736.0,14:30,Pierre Schwinte,,140,16,32,89,2.8,0.3478260869565217,small,25,0.0,1.0,2.0,5.0,11.0,-6.0,0.0,-0.24,0.2,0.44,13.0,7.0,0.8,3.0,34.0,11.333333333333334,0.0,24.0,,63.0,20.0,49.0,9.0,0.7777777777777778,0.45,0.3277777777777778,47424.0,3,0.0,5.0,11.0,0.0,1.6666666666666667,3.6666666666666665,-6.0,6,1,0.0,-5.0,0.0,1.0,1.0,2.0,3.0,1.0,16,32,89,2.8,0.3478260869565217,small,1,1.0,2.0,3.0,1,16,32,89,2.8,0.3478260869565217,small,1582.2374665112748,,12,16.0,5.0,5.0,68.0,31.0,37.0,1.3333333333333333,3.0833333333333335,5.666666666666667,2.5833333333333335,5.0,9.0,0.2,10.0,35.0,3.5,16.0,24.0,1.5,63.0,21.0,49.0,10.0,0.7777777777777778,0.4761904761904761,0.3015873015873016,25753.75,3,3.0,7.0,2.0,1.0,2.3333333333333335,0.6666666666666666,5.0,3,1,1.0,2.0,1.0,0.0,0.0,0.0,0.0,0.0,16,32,89,2.8,0.3478260869565217,small,0,0.0,0.0,0.0,0,16,32,89,2.8,0.3478260869565217,small,1478.8118295670458,,-1.3333333333333333,-43.0,0.6000000000000001,-5.466666666666667,-2.1433333333333335,-1.0,-11.0,103.42563694422893,HomeWin,69,14,49,12,1,2,55
1962,1962-06-10,WC-1962,1962 FIFA World Cup,Chile v Soviet Union,Quarter-finals,Chile,Russia,CHL,SUN,2.0,1.0,2-1,home team win,1.0,0.0,no,no,no,0-0,Estadio Carlos Dittborn,S-024,Estadio Carlos Dittborn,Arica,Chile,1.0,17268.0,14:30,Leo Horn,,141,16,32,89,2.8,0.3478260869565217,small,8,2.0,5.0,6.0,17.0,21.0,-4.0,0.25,-0.5,2.125,2.625,9.0,11.0,0.6,8.0,35.0,4.375,5.0,25.0,5.0,64.0,21.0,50.0,10.0,0.78125,0.4761904761904761,0.3050595238095238,30220.625,2,1.0,5.0,6.0,0.5,2.5,3.0,-1.0,2,0,0.0,-2.0,,0.0,0.0,0.0,0.0,0.0,16,32,89,2.8,0.3478260869565217,small,0,0.0,0.0,0.0,0,16,32,89,2.8,0.3478260869565217,small,1521.536352896132,,8,6.0,0.0,3.0,17.0,11.0,6.0,0.75,0.75,2.125,1.375,10.0,8.0,0.6,5.0,35.0,7.0,4.0,25.0,6.25,65.0,21.0,50.0,10.0,0.7692307692307693,0.4761904761904761,0.2930402930402931,25529.0,3,3.0,7.0,2.0,1.0,2.3333333333333335,0.6666666666666666,5.0,1,0,1.0,1.0,,,,,,,16,32,89,2.8,0.3478260869565217,small,0,0.0,0.0,0.0,0,16,32,89,2.8,0.3478260869565217,small,1522.6310713332846,,-0.5,-10.0,0.0,0.0,1.25,-0.5,-6.0,-1.094718437152551,HomeWin,15,0,12,0,0,0,15
1962,1962-06-10,WC-1962,1962 FIFA World Cup,Czechoslovakia v Hungary,Quarter-finals,Czechoslovakia,Hungary,CSK,HUN,1.0,0.0,1-0,home team win,1.0,0.0,no,no,no,0-0,Estadio El Teniente,S-025,Estadio El Teniente,Rancagua,Chile,0.0,11690.0,14:30,Nikolaj Latychev,,142,16,32,89,2.8,0.3478260869565217,small,15,4.0,2.0,3.0,14.0,13.0,1.0,0.2666666666666666,0.0666666666666666,0.9333333333333332,0.8666666666666667,7.0,8.0,0.4,7.0,36.0,5.142857142857143,2.0,25.0,12.5,66.0,21.0,51.0,10.0,0.7727272727272727,0.4761904761904761,0.2965367965367965,17344.933333333334,3,2.0,9.0,7.0,0.6666666666666666,3.0,2.3333333333333335,2.0,4,0,0.0,-1.0,,0.0,0.0,1.0,1.0,0.0,16,32,89,2.8,0.3478260869565217,small,0,0.0,1.0,1.0,0,16,32,89,2.8,0.3478260869565217,small,1489.9694914991012,,15,7.0,2.0,7.0,24.0,23.0,1.0,0.4666666666666667,0.0666666666666666,1.6,1.5333333333333334,10.0,8.0,0.6,8.0,37.0,4.625,8.0,25.0,3.125,67.0,21.0,52.0,10.0,0.7761194029850746,0.4761904761904761,0.2999289267945985,20242.733333333337,3,2.0,3.0,3.0,0.6666666666666666,1.0,1.0,0.0,4,0,1.0,1.0,,0.0,0.0,2.0,2.0,0.0,16,32,89,2.8,0.3478260869565217,small,0,0.0,2.0,2.0,0,16,32,89,2.8,0.3478260869565217,small,1543.413119614757,,-0.2,0.0,-0.1999999999999999,-0.6666666666666667,-0.6666666666666667,0.0,2.0,-53.44362811565588,HomeWin,27,46,23,34,2,2,-19
1962,1962-06-13,WC-1962,1962 FIFA World Cup,Czechoslovakia v Yugoslavia,Semi-finals,Czechoslovakia,Yugoslavia,CSK,YUG,3.0,1.0,3-1,home team win,1.0,0.0,no,no,no,0-0,Estadio Sausalito,S-027,Estadio Sausalito,Viña del Mar,Chile,0.0,5890.0,14:30,Gottfried Dienst,,143,16,32,89,2.8,0.3478260869565217,small,16,9.0,2.0,5.0,46.0,21.0,25.0,0.5625,1.5625,2.875,1.3125,7.0,5.0,0.4,8.0,37.0,4.625,8.0,25.0,3.125,67.0,22.0,52.0,10.0,0.7761194029850746,0.4545454545454545,0.3215739484396201,16991.5,4,2.0,8.0,3.0,0.5,2.0,0.75,5.0,4,0,0.0,-1.0,,0.0,0.0,1.0,1.0,0.0,16,32,89,2.8,0.3478260869565217,small,0,0.0,1.0,1.0,0,16,32,89,2.8,0.3478260869565217,small,1501.4957041910172,,14,8.0,2.0,7.0,27.0,24.0,3.0,0.5714285714285714,0.2142857142857142,1.9285714285714288,1.7142857142857142,10.0,5.0,0.6,8.0,37.0,4.625,9.0,26.0,2.888888888888889,68.0,22.0,53.0,10.0,0.7794117647058824,0.4545454545454545,0.3248663101604278,27445.785714285714,3,3.0,6.0,4.0,1.0,2.0,1.3333333333333333,2.0,4,0,1.0,2.0,,,,,,,16,32,89,2.8,0.3478260869565217,small,0,0.0,0.0,0.0,0,16,32,89,2.8,0.3478260869565217,small,1543.4285714305677,,-0.0089285714285713,22.0,-0.1999999999999999,0.9464285714285714,-0.4017857142857142,-0.5,3.0,-41.93286723955043,HomeWin,28,31,24,26,2,1,-3
1962,1962-06-16,WC-1962,1962 FIFA World Cup,Chile v Yugoslavia,Third place,Chile,Yugoslavia,CHL,YUG,1.0,0.0,1-0,home team win,1.0,0.0,no,no,no,0-0,Estadio Nacional,S-026,Estadio Nacional,Santiago,Chile,1.0,66697.0,14:30,Juan Gardeazabal,,144,16,32,89,2.8,0.3478260869565217,small,9,8.0,3.0,4.0,32.0,23.0,9.0,0.8888888888888888,1.0,3.5555555555555554,2.5555555555555554,12.0,5.0,0.8,10.0,37.0,3.7,5.0,26.0,5.2,68.0,23.0,53.0,10.0,0.7794117647058824,0.4347826086956521,0.3446291560102302,28781.444444444445,3,2.0,9.0,6.0,0.6666666666666666,3.0,2.0,3.0,2,0,0.0,-2.0,,0.0,0.0,0.0,0.0,0.0,16,32,89,2.8,0.3478260869565217,small,0,0.0,0.0,0.0,0,16,32,89,2.8,0.3478260869565217,small,1531.5678613212915,,15,7.0,0.0,3.0,18.0,11.0,7.0,0.4666666666666667,0.4666666666666667,1.2,0.7333333333333333,7.0,6.0,0.4,5.0,38.0,7.6,5.0,26.0,5.2,69.0,23.0,54.0,10.0,0.782608695652174,0.4347826086956521,0.3478260869565218,26008.733333333337,4,4.0,8.0,2.0,1.0,2.0,0.5,6.0,4,0,1.0,1.0,,,,,,,16,32,89,2.8,0.3478260869565217,small,0,0.0,0.0,0.0,0,16,32,89,2.8,0.3478260869565217,small,1532.227472842709,,0.4222222222222221,2.0,0.4,2.355555555555555,1.822222222222222,-0.3333333333333333,-3.0,-0.6596115214172187,HomeWin,15,32,12,27,0,1,-17
1962,1962-06-17,WC-1962,1962 FIFA World Cup,Brazil v Czechoslovakia,Final,Brazil,Czechoslovakia,BRA,CSK,3.0,1.0,3-1,home team win,1.0,0.0,no,no,no,0-0,Estadio Nacional,S-026,Estadio Nacional,Santiago,Chile,0.0,68679.0,14:30,Nikolaj Latychev,,145,16,32,89,2.8,0.3478260869565217,small,26,8.0,3.0,5.0,32.0,24.0,8.0,0.3076923076923077,0.3076923076923077,1.2307692307692308,0.9230769230769232,13.0,4.0,0.8,10.0,38.0,3.8,6.0,26.0,4.333333333333333,70.0,23.0,54.0,10.0,0.7714285714285715,0.4347826086956521,0.3366459627329193,46282.15384615384,4,2.0,9.0,7.0,0.5,2.25,1.75,2.0,6,3,0.0,-1.0,0.0,1.0,1.0,2.0,3.0,1.0,16,32,89,2.8,0.3478260869565217,small,1,1.0,2.0,3.0,1,16,32,89,2.8,0.3478260869565217,small,1589.3455591971535,,17,17.0,5.0,5.0,71.0,32.0,39.0,1.0,2.2941176470588234,4.176470588235294,1.8823529411764703,10.0,4.0,0.6,10.0,38.0,3.8,17.0,26.0,1.5294117647058822,71.0,23.0,54.0,10.0,0.7605633802816901,0.4347826086956521,0.3257807715860379,16338.470588235294,5,4.0,10.0,3.0,0.8,2.0,0.6,7.0,4,3,2.0,3.0,0.6666666666666666,0.0,0.0,1.0,1.0,0.0,16,32,89,2.8,0.3478260869565217,small,0,0.0,1.0,1.0,0,16,32,89,2.8,0.3478260869565217,small,1512.696802778876,,-0.6923076923076923,-31.0,0.2,-2.9457013574660635,-0.9592760180995474,-0.3,-5.0,76.64875641827757,HomeWin,72,31,51,26,1,3,41
1966,1966-07-11,WC-1966,1966 FIFA World Cup,England v Uruguay,Group stage,England,Uruguay,ENG,URY,0.0,0.0,0-0,draw,0.0,0.0,yes,no,no,0-0,Wembley Stadium,S-030,Wembley Stadium,London,England,1.0,87148.0,19:30,Istvan Zsolt,,146,16,32,89,2.8,0.391304347826087,small,13,8.0,2.0,8.0,28.0,27.0,1.0,0.6153846153846154,0.0769230769230769,2.1538461538461537,2.076923076923077,4.0,2.0,0.2,8.0,38.0,4.75,10.0,27.0,2.7,72.0,23.0,55.0,10.0,0.7638888888888888,0.4347826086956521,0.3291062801932367,25137.0,0,3.0,7.0,7.0,,,,0.0,4,1,0.0,-3.0,0.0,0.0,0.0,0.0,0.0,0.0,16,32,89,2.8,0.391304347826087,small,0,0.0,0.0,0.0,0,16,32,89,2.8,0.391304347826087,small,1471.703736881167,,16,2.0,6.0,6.0,17.0,21.0,-4.0,0.125,-0.25,1.0625,1.3125,3.0,-3.0,0.2,9.0,38.0,4.222222222222222,5.0,27.0,5.4,73.0,23.0,55.0,10.0,0.7534246575342466,0.4347826086956521,0.3186420488385944,43381.4375,0,0.0,0.0,0.0,,,,0.0,4,1,0.0,-2.0,0.0,1.0,2.0,2.0,2.0,0.0,16,32,89,2.8,0.391304347826087,small,1,2.0,2.0,2.0,0,16,32,89,2.8,0.391304347826087,small,1551.493381685014,,0.4903846153846154,5.0,0.0,1.0913461538461535,0.7644230769230771,,0.0,-79.78964480384707,Draw,15,49,13,37,2,0,-34
1966,1966-07-12,WC-1966,1966 FIFA World Cup,Brazil v Bulgaria,Group stage,Brazil,Bulgaria,BRA,BGR,2.0,0.0,2-0,home team win,1.0,0.0,no,no,no,0-0,Goodison Park,S-029,Goodison Park,Liverpool,England,0.0,47308.0,19:30,Kurt Tschenscher,,147,16,32,89,2.8,0.391304347826087,small,27,11.0,2.0,4.0,50.0,23.0,27.0,0.4074074074074074,1.0,1.851851851851852,0.8518518518518519,13.0,-8.0,0.8,8.0,38.0,4.75,9.0,27.0,3.0,74.0,23.0,55.0,10.0,0.7432432432432432,0.4347826086956521,0.308460634547591,47111.666666666664,0,0.0,0.0,0.0,,,,0.0,7,0,1.0,2.0,,1.0,2.0,3.0,4.0,1.0,16,32,89,2.8,0.391304347826087,small,1,2.0,3.0,4.0,1,16,32,89,2.8,0.391304347826087,small,1597.1745381156995,,3,18.0,5.0,5.0,73.0,32.0,41.0,6.0,13.666666666666666,24.333333333333332,10.666666666666666,1.0,-8.0,0.0,11.0,38.0,3.4545454545454546,17.0,27.0,1.588235294117647,75.0,23.0,55.0,10.0,0.7333333333333333,0.4347826086956521,0.2985507246376811,6758.666666666667,0,1.0,2.0,0.0,,,,2.0,1,0,1.0,2.0,,,,,,,16,32,89,2.8,0.391304347826087,small,0,0.0,0.0,0.0,0,16,32,89,2.8,0.391304347826087,small,1481.6828090841368,,-5.592592592592593,-14.0,0.8,-22.48148148148148,-9.814814814814817,,-2.0,115.49172903156273,HomeWin,75,1,54,1,1,0,74
1966,1966-07-12,WC-1966,1966 FIFA World Cup,Soviet Union v North Korea,Group stage,Russia,North Korea,SUN,PRK,3.0,0.0,3-0,home team win,1.0,0.0,no,no,no,0-0,Ayresome Park,S-033,Ayresome Park,Middlesbrough,England,0.0,,19:30,,,148,16,32,89,2.8,0.391304347826087,small,9,0.0,1.0,3.0,1.0,9.0,-8.0,0.0,-0.8888888888888888,0.1111111111111111,1.0,7.0,-6.0,0.4,4.0,39.0,9.75,0.0,27.0,,76.0,23.0,56.0,10.0,0.7368421052631579,0.4347826086956521,0.3020594965675057,24611.11111111111,0,0.0,0.0,2.0,,,,-2.0,2,0,0.0,-2.0,,,,,,,16,32,89,2.8,0.391304347826087,small,0,0.0,0.0,0.0,0,16,32,89,2.8,0.391304347826087,small,1512.5995629081249,,0,5.0,2.0,3.0,17.0,13.0,4.0,,,,,,-5.0,,8.0,40.0,5.0,2.0,27.0,13.5,76.0,24.0,56.0,11.0,0.7368421052631579,0.4583333333333333,0.2785087719298245,,0,1.0,3.0,0.0,,,,3.0,0,0,1.0,3.0,,,,,,,16,32,89,2.8,0.391304347826087,small,0,0.0,0.0,0.0,0,16,32,89,2.8,0.391304347826087,small,1500.0,,,-12.0,,,,,-5.0,12.59956290812488,HomeWin,0,0,0,0,0,0,0
1966,1966-07-13,WC-1966,1966 FIFA World Cup,Argentina v Spain,Group stage,Argentina,Spain,ARG,ESP,2.0,1.0,2-1,home team win,1.0,0.0,no,no,no,0-0,Villa Park,S-028,Villa Park,Birmingham,England,0.0,42738.0,19:30,Dimitar Rumentchev,,149,16,32,89,2.8,0.391304347826087,small,11,0.0,0.0,1.0,0.0,3.0,-3.0,0.0,-0.2727272727272727,0.0,0.2727272727272727,7.0,3.0,0.4,1.0,40.0,40.0,0.0,28.0,,77.0,24.0,57.0,11.0,0.7402597402597403,0.4583333333333333,0.2819264069264069,28878.636363636364,0,0.0,0.0,3.0,,,,-3.0,4,0,0.0,-3.0,,0.0,0.0,1.0,1.0,0.0,16,32,89,2.8,0.391304347826087,small,0,0.0,1.0,1.0,0,16,32,89,2.8,0.391304347826087,small,1515.3866752437084,,12,7.0,1.0,4.0,28.0,23.0,5.0,0.5833333333333334,0.4166666666666667,2.3333333333333335,1.9166666666666667,3.0,5.0,0.2,9.0,40.0,4.444444444444445,3.0,28.0,9.333333333333334,78.0,24.0,57.0,11.0,0.7307692307692307,0.4583333333333333,0.2724358974358974,37904.5,0,1.0,2.0,1.0,,,,1.0,3,0,1.0,1.0,,0.0,0.0,0.0,0.0,0.0,16,32,89,2.8,0.391304347826087,small,0,0.0,0.0,0.0,0,16,32,89,2.8,0.391304347826087,small,1497.8973218530327,,-0.5833333333333334,-8.0,0.2,-2.3333333333333335,-1.643939393939394,,-4.0,17.48935339067566,HomeWin,26,17,20,15,2,1,9
1966,1966-07-13,WC-1966,1966 FIFA World Cup,France v Mexico,Group stage,France,Mexico,FRA,MEX,1.0,1.0,1-1,draw,0.0,0.0,yes,no,no,0-0,Wembley Stadium,S-030,Wembley Stadium,London,England,0.0,69237.0,19:30,Menachem Ashkenazi,,150,16,32,89,2.8,0.391304347826087,small,12,5.0,2.0,6.0,17.0,20.0,-3.0,0.4166666666666667,-0.25,1.4166666666666667,1.6666666666666667,9.0,7.0,0.6,4.0,41.0,10.25,9.0,28.0,3.111111111111111,79.0,24.0,58.0,11.0,0.7341772151898734,0.4583333333333333,0.2758438818565401,16041.333333333334,0,0.0,1.0,2.0,,,,-1.0,5,2,0.0,-1.0,0.0,0.0,0.0,0.0,1.0,0.0,16,32,89,2.8,0.391304347826087,small,0,0.0,0.0,1.0,0,16,32,89,2.8,0.391304347826087,small,1501.6893923465948,,14,6.0,1.0,6.0,30.0,23.0,7.0,0.4285714285714285,0.5,2.142857142857143,1.6428571428571428,4.0,6.0,0.2,9.0,42.0,4.666666666666667,4.0,28.0,7.0,80.0,24.0,59.0,11.0,0.7375,0.4583333333333333,0.2791666666666667,20009.571428571428,0,0.0,1.0,1.0,,,,0.0,5,2,2.0,4.0,1.0,,,,,,16,32,89,2.8,0.391304347826087,small,0,0.0,0.0,0.0,0,16,32,89,2.8,0.391304347826087,small,1415.6218370130036,,-0.0119047619047618,-10.0,0.3999999999999999,-0.726190476190476,0.0238095238095239,,-1.0,86.06755533359114,Draw,29,12,23,11,2,3,17
1966,1966-07-13,WC-1966,1966 FIFA World Cup,Italy v Chile,Group stage,Italy,Chile,ITA,CHL,2.0,0.0,2-0,home team win,1.0,0.0,no,no,no,0-0,Roker Park,S-035,Roker Park,Sunderland,England,0.0,27199.0,19:30,Gottfried Dienst,,151,16,32,89,2.8,0.391304347826087,small,15,1.0,2.0,12.0,13.0,44.0,-31.0,0.0666666666666666,-2.066666666666667,0.8666666666666667,2.933333333333333,6.0,3.0,0.4,12.0,42.0,3.5,3.0,28.0,9.333333333333334,80.0,25.0,59.0,11.0,0.7375,0.44,0.2975,38346.53333333333,0,0.0,1.0,1.0,,,,0.0,5,1,0.0,-4.0,0.0,1.0,2.0,2.0,2.0,0.0,16,32,89,2.8,0.391304347826087,small,1,2.0,2.0,2.0,0,16,32,89,2.8,0.391304347826087,small,1545.8774755006086,,10,11.0,1.0,4.0,35.0,19.0,16.0,1.1,1.6,3.5,1.9,15.0,4.0,1.0,6.0,42.0,7.0,10.0,29.0,2.9,81.0,25.0,60.0,11.0,0.7407407407407407,0.44,0.3007407407407407,32573.0,0,1.0,2.0,0.0,,,,2.0,3,1,1.0,0.0,1.0,0.0,0.0,0.0,1.0,0.0,16,32,89,2.8,0.391304347826087,small,0,0.0,0.0,1.0,0,16,32,89,2.8,0.391304347826087,small,1541.586846444187,,-1.0333333333333334,-47.0,-0.6,-2.6333333333333333,1.0333333333333332,,-2.0,4.2906290564217215,HomeWin,37,16,31,13,2,0,21
1966,1966-07-13,WC-1966,1966 FIFA World Cup,Portugal v Hungary,Group stage,Portugal,Hungary,PRT,HUN,3.0,1.0,3-1,home team win,1.0,0.0,no,no,no,0-0,Old Trafford,S-032,Old Trafford,Manchester,England,0.0,29886.0,19:30,Leo Callaghan,,152,16,32,89,2.8,0.391304347826087,small,0,7.0,0.0,4.0,18.0,13.0,5.0,,,,,,,,6.0,0.0,0.0,5.0,0.0,0.0,0.0,0.0,0.0,0.0,,,,,0,0.0,0.0,2.0,,,,-2.0,0,0,1.0,0.0,,0.0,0.0,0.0,0.0,0.0,16,32,89,2.8,0.391304347826087,small,0,0.0,0.0,0.0,0,16,32,89,2.8,0.391304347826087,small,1500.0,,16,1.0,0.0,0.0,3.0,1.0,2.0,0.0625,0.125,0.1875,0.0625,7.0,-1.0,0.4,1.0,0.0,0.0,0.0,0.0,,0.0,1.0,0.0,0.0,,0.0,,19708.1875,0,1.0,3.0,1.0,,,,2.0,5,0,1.0,2.0,,0.0,0.0,2.0,2.0,0.0,16,32,89,2.8,0.391304347826087,small,0,0.0,2.0,2.0,0,16,32,89,2.8,0.391304347826087,small,1531.886906922841,,,3.0,,,,,-4.0,-31.886906922841035,HomeWin,0,46,0,34,0,2,-46
1966,1966-07-15,WC-1966,1966 FIFA World Cup,Hungary v Brazil,Group stage,Hungary,Brazil,HUN,BRA,3.0,1.0,3-1,home team win,1.0,0.0,no,no,no,0-0,Goodison Park,S-029,Goodison Park,Liverpool,England,0.0,51387.0,19:30,Kenneth Dagnall,,153,16,32,89,2.8,0.391304347826087,small,17,9.0,2.0,6.0,47.0,24.0,23.0,0.5294117647058824,1.3529411764705883,2.764705882352941,1.411764705882353,7.0,-6.0,0.4,9.0,0.0,0.0,8.0,0.0,0.0,0.0,2.0,0.0,0.0,,0.0,,20306.882352941175,1,0.0,1.0,3.0,0.0,1.0,3.0,-2.0,5,1,0.0,-2.0,0.0,0.0,0.0,2.0,2.0,0.0,16,32,89,2.8,0.391304347826087,small,0,0.0,2.0,2.0,0,16,32,89,2.8,0.391304347826087,small,1520.971696186479,,28,10.0,2.0,6.0,50.0,25.0,25.0,0.3571428571428571,0.8928571428571429,1.7857142857142858,0.8928571428571429,13.0,-6.0,0.8,10.0,0.0,0.0,8.0,0.0,0.0,0.0,3.0,0.0,0.0,,0.0,,47118.67857142857,1,1.0,4.0,4.0,1.0,4.0,4.0,0.0,7,1,2.0,4.0,2.0,1.0,2.0,3.0,4.0,1.0,16,32,89,2.8,0.391304347826087,small,1,2.0,3.0,4.0,1,16,32,89,2.8,0.391304347826087,small,1603.9676748771217,,0.1722689075630252,-2.0,-0.4,0.9789915966386552,0.5189075630252101,-1.0,-2.0,-82.99597869064269,HomeWin,47,77,35,56,2,1,-30
1966,1966-07-15,WC-1966,1966 FIFA World Cup,Spain v Switzerland,Group stage,Spain,Switzerland,ESP,CHE,2.0,1.0,2-1,home team win,1.0,0.0,no,no,no,0-0,Hillsborough Stadium,S-034,Hillsborough Stadium,Sheffield,England,0.0,32028.0,19:30,Tofik Bakhramov,,154,16,32,89,2.8,0.391304347826087,small,13,18.0,5.0,6.0,74.0,35.0,39.0,1.3846153846153846,3.0,5.6923076923076925,2.6923076923076925,3.0,-8.0,0.2,12.0,0.0,0.0,17.0,0.0,0.0,0.0,4.0,0.0,0.0,,0.0,,38276.307692307695,1,1.0,3.0,3.0,1.0,3.0,3.0,0.0,3,0,0.0,-4.0,,0.0,0.0,0.0,0.0,0.0,16,32,89,2.8,0.391304347826087,small,0,0.0,0.0,0.0,0,16,32,89,2.8,0.391304347826087,small,1488.400281154401,,12,6.0,2.0,6.0,19.0,21.0,-2.0,0.5,-0.1666666666666666,1.5833333333333333,1.75,9.0,-11.0,0.6,5.0,0.0,0.0,9.0,0.0,0.0,0.0,5.0,0.0,0.0,,0.0,,29829.916666666668,0,1.0,3.0,3.0,,,,0.0,5,0,1.0,1.0,,,,,,,16,32,89,2.8,0.391304347826087,small,0,0.0,0.0,0.0,0,16,32,89,2.8,0.391304347826087,small,1503.899976381722,,0.8846153846153846,41.0,-0.3999999999999999,4.1089743589743595,0.9423076923076924,,0.0,-15.499695227321126,HomeWin,18,32,16,20,1,0,-14
1966,1966-07-15,WC-1966,1966 FIFA World Cup,Uruguay v France,Group stage,Uruguay,France,URY,FRA,2.0,1.0,2-1,home team win,1.0,0.0,no,no,no,0-0,White City Stadium,S-031,White City Stadium,London,England,0.0,45662.0,19:30,Karol Galba,,155,16,32,89,2.8,0.391304347826087,small,17,5.0,2.0,6.0,22.0,26.0,-4.0,0.2941176470588235,-0.2352941176470588,1.2941176470588236,1.5294117647058822,4.0,-12.0,0.2,5.0,0.0,0.0,8.0,0.0,0.0,0.0,6.0,0.0,0.0,,0.0,,45955.94117647059,1,0.0,1.0,2.0,0.0,1.0,2.0,-1.0,4,0,0.0,-1.0,,1.0,2.0,2.0,2.0,0.0,16,32,89,2.8,0.391304347826087,small,1,2.0,2.0,2.0,0,16,32,89,2.8,0.391304347826087,small,1549.2363905881568,,13,12.0,2.0,4.0,52.0,24.0,28.0,0.9230769230769232,2.1538461538461537,4.0,1.8461538461538465,7.0,-8.0,0.4,9.0,0.0,0.0,9.0,0.0,0.0,0.0,7.0,0.0,0.0,,0.0,,20133.30769230769,1,1.0,2.0,1.0,1.0,2.0,1.0,1.0,5,0,1.0,1.0,,0.0,0.0,0.0,1.0,0.0,16,32,89,2.8,0.391304347826087,small,0,0.0,0.0,1.0,0,16,32,89,2.8,0.391304347826087,small,1499.2616280026248,,-0.6289592760180995,-32.0,-0.2,-2.7058823529411766,-0.316742081447964,-1.0,-2.0,49.97476258553206,HomeWin,49,30,37,24,0,2,19
1966,1966-07-16,WC-1966,1966 FIFA World Cup,England v Mexico,Group stage,England,Mexico,ENG,MEX,2.0,0.0,2-0,home team win,1.0,0.0,no,no,no,0-0,Wembley Stadium,S-030,Wembley Stadium,London,England,1.0,92570.0,19:30,Concetto Lo Bello,,156,16,32,89,2.8,0.391304347826087,small,14,6.0,1.0,7.0,31.0,25.0,6.0,0.4285714285714285,0.4285714285714285,2.2142857142857144,1.7857142857142858,5.0,-8.0,0.2,10.0,0.0,0.0,4.0,0.0,0.0,1.0,7.0,0.0,0.0,0.0,0.0,0.0,29566.35714285714,1,0.0,2.0,3.0,0.0,2.0,3.0,-1.0,4,0,0.0,-1.0,,0.0,0.0,0.0,0.0,0.0,16,32,89,2.8,0.391304347826087,small,0,0.0,0.0,0.0,0,16,32,89,2.8,0.391304347826087,small,1473.9607279780244,,15,3.0,6.0,6.0,19.0,21.0,-2.0,0.2,-0.1333333333333333,1.2666666666666666,1.4,4.0,-6.0,0.2,10.0,0.0,0.0,5.0,0.0,0.0,1.0,8.0,0.0,0.0,0.0,0.0,0.0,23291.4,1,1.0,2.0,0.0,1.0,2.0,0.0,2.0,5,0,1.0,2.0,,,,,,,16,32,89,2.8,0.391304347826087,small,0,0.0,0.0,0.0,0,16,32,89,2.8,0.391304347826087,small,1418.0496013569737,,0.2285714285714285,8.0,0.0,0.9476190476190478,0.3857142857142859,-1.0,-3.0,55.9111266210507,HomeWin,15,13,13,12,2,3,2
1966,1966-07-16,WC-1966,1966 FIFA World Cup,Portugal v Bulgaria,Group stage,Portugal,Bulgaria,PRT,BGR,3.0,0.0,3-0,home team win,1.0,0.0,no,no,no,0-0,Old Trafford,S-032,Old Trafford,Manchester,England,0.0,25438.0,15:00,Jose Maria Codesal,,157,16,32,89,2.8,0.391304347826087,small,1,1.0,2.0,13.0,13.0,46.0,-33.0,1.0,-33.0,13.0,46.0,3.0,-3.0,1.0,13.0,0.0,0.0,3.0,0.0,0.0,2.0,8.0,0.0,0.0,0.0,0.0,0.0,29886.0,1,0.0,1.0,3.0,0.0,1.0,3.0,-2.0,0,0,0.0,-2.0,,0.0,0.0,0.0,0.0,0.0,16,32,89,2.8,0.391304347826087,small,0,0.0,0.0,0.0,0,16,32,89,2.8,0.391304347826087,small,1510.915210736362,,4,2.0,0.0,0.0,6.0,1.0,5.0,0.5,1.25,1.5,0.25,1.0,-4.0,0.0,2.0,0.0,0.0,0.0,0.0,,3.0,8.0,0.0,0.0,0.0,0.0,0.0,16896.0,1,2.0,6.0,1.0,2.0,6.0,1.0,5.0,1,0,1.0,3.0,,,,,,,16,32,89,2.8,0.391304347826087,small,0,0.0,0.0,0.0,0,16,32,89,2.8,0.391304347826087,small,1474.889672322715,,0.5,-38.0,1.0,11.5,45.75,-2.0,-7.0,36.02553841364738,HomeWin,3,1,2,1,0,0,2
1966,1966-07-16,WC-1966,1966 FIFA World Cup,Soviet Union v Italy,Group stage,Russia,Italy,SUN,ITA,1.0,0.0,1-0,home team win,1.0,0.0,no,no,no,0-0,Roker Park,S-035,Roker Park,Sunderland,England,0.0,27793.0,15:00,Rudolf Kreitlein,,158,16,32,89,2.8,0.391304347826087,small,10,0.0,1.0,4.0,1.0,12.0,-11.0,0.0,-1.1,0.1,1.2,10.0,-3.0,0.6,5.0,0.0,0.0,0.0,0.0,,4.0,8.0,0.0,0.0,0.0,0.0,0.0,24611.11111111111,1,0.0,0.0,5.0,0.0,0.0,5.0,-5.0,2,0,0.0,-3.0,,,,,,,16,32,89,2.8,0.391304347826087,small,0,0.0,0.0,0.0,0,16,32,89,2.8,0.391304347826087,small,1522.2370772255156,,16,6.0,2.0,3.0,18.0,13.0,5.0,0.375,0.3125,1.125,0.8125,9.0,-3.0,0.6,9.0,0.0,0.0,2.0,0.0,0.0,4.0,9.0,0.0,0.0,0.0,0.0,0.0,37649.8125,1,2.0,4.0,0.0,2.0,4.0,0.0,4.0,5,0,1.0,1.0,,1.0,2.0,2.0,2.0,0.0,16,32,89,2.8,0.391304347826087,small,1,2.0,2.0,2.0,0,16,32,89,2.8,0.391304347826087,small,1555.7539875468776,,-0.375,-16.0,0.0,-1.025,0.3874999999999999,-2.0,-9.0,-33.51691032136205,HomeWin,0,39,0,33,0,2,-39
1966,1966-07-19,WC-1966,1966 FIFA World Cup,Argentina v Switzerland,Group stage,Argentina,Switzerland,ARG,CHE,2.0,0.0,2-0,home team win,1.0,0.0,no,no,no,0-0,Hillsborough Stadium,S-034,Hillsborough Stadium,Sheffield,England,0.0,32127.0,19:30,Joaquim Fernandes Campos,,159,16,32,89,2.8,0.391304347826087,small,12,11.0,1.0,5.0,35.0,20.0,15.0,0.9166666666666666,1.25,2.9166666666666665,1.6666666666666667,7.0,-5.0,0.4,7.0,0.0,0.0,10.0,0.0,0.0,4.0,10.0,0.0,0.0,0.0,0.0,0.0,30033.583333333332,1,1.0,2.0,1.0,1.0,2.0,1.0,1.0,4,0,0.0,-1.0,,0.0,0.0,1.0,1.0,0.0,16,32,89,2.8,0.391304347826087,small,0,0.0,1.0,1.0,0,16,32,89,2.8,0.391304347826087,small,1524.88371594234,,13,8.0,1.0,4.0,30.0,23.0,7.0,0.6153846153846154,0.5384615384615384,2.3076923076923075,1.7692307692307692,6.0,-7.0,0.4,10.0,0.0,0.0,3.0,0.0,0.0,4.0,11.0,0.0,0.0,0.0,0.0,0.0,29999.0,1,2.0,4.0,1.0,2.0,4.0,1.0,3.0,5,0,1.0,2.0,,,,,,,16,32,89,2.8,0.391304347826087,small,0,0.0,0.0,0.0,0,16,32,89,2.8,0.391304347826087,small,1493.4541550113609,,0.3012820512820512,8.0,0.0,0.608974358974359,-0.1025641025641024,-1.0,-2.0,31.42956093097928,HomeWin,28,33,21,21,2,0,-5
1966,1966-07-19,WC-1966,1966 FIFA World Cup,North Korea v Italy,Group stage,North Korea,Italy,PRK,ITA,1.0,0.0,1-0,home team win,1.0,0.0,no,no,no,0-0,Ayresome Park,S-033,Ayresome Park,Middlesbrough,England,0.0,,19:30,,,160,16,32,89,2.8,0.391304347826087,small,1,5.0,2.0,7.0,22.0,28.0,-6.0,5.0,-6.0,22.0,28.0,0.0,-7.0,0.0,6.0,0.0,0.0,8.0,0.0,0.0,4.0,12.0,0.0,0.0,0.0,0.0,0.0,,1,0.0,1.0,4.0,0.0,1.0,4.0,-3.0,0,0,0.0,-2.0,,,,,,,16,32,89,2.8,0.391304347826087,small,0,0.0,0.0,0.0,0,16,32,89,2.8,0.391304347826087,small,1490.3624856826093,,17,1.0,0.0,1.0,1.0,3.0,-2.0,0.0588235294117647,-0.1176470588235294,0.0588235294117647,0.1764705882352941,6.0,-3.0,0.4,2.0,1.0,0.5,0.0,0.0,,5.0,12.0,1.0,0.0,0.2,0.0,0.2,37070.0,2,1.0,1.0,3.0,0.5,0.5,1.5,-2.0,5,0,1.0,1.0,,1.0,2.0,2.0,2.0,0.0,16,32,89,2.8,0.391304347826087,small,1,2.0,2.0,2.0,0,16,32,89,2.8,0.391304347826087,small,1544.792274816642,,4.9411764705882355,-4.0,-0.4,21.941176470588236,27.823529411764707,-0.5,-1.0,-54.42978913403272,HomeWin,0,39,0,33,0,2,-39
1966,1966-07-19,WC-1966,1966 FIFA World Cup,Portugal v Brazil,Group stage,Portugal,Brazil,PRT,BRA,3.0,1.0,3-1,home team win,1.0,0.0,no,no,no,0-0,Goodison Park,S-029,Goodison Park,Liverpool,England,0.0,58479.0,19:30,George Mccabe,,161,16,32,89,2.8,0.391304347826087,small,2,11.0,1.0,6.0,35.0,21.0,14.0,5.5,7.0,17.5,10.5,6.0,-1.0,1.0,8.0,2.0,0.25,10.0,0.0,0.0,5.0,13.0,1.0,1.0,0.2,0.0769230769230769,0.123076923076923,27662.0,2,1.0,2.0,2.0,0.5,1.0,1.0,0.0,0,0,0.0,-1.0,,0.0,0.0,0.0,0.0,0.0,16,32,89,2.8,0.391304347826087,small,0,0.0,0.0,0.0,0,16,32,89,2.8,0.391304347826087,small,1519.8820125766858,,29,3.0,0.0,0.0,9.0,2.0,7.0,0.1034482758620689,0.2413793103448276,0.3103448275862069,0.0689655172413793,12.0,1.0,0.8,3.0,2.0,0.6666666666666666,0.0,0.0,,5.0,14.0,1.0,1.0,0.2,0.0714285714285714,0.1285714285714286,47265.862068965514,2,3.0,9.0,2.0,1.5,4.5,1.0,7.0,7,0,1.0,2.0,,1.0,2.0,3.0,4.0,1.0,16,32,89,2.8,0.391304347826087,small,1,2.0,3.0,4.0,1,16,32,89,2.8,0.391304347826087,small,1591.6232836399035,,5.396551724137931,7.0,0.1999999999999999,17.189655172413794,10.43103448275862,-1.0,-7.0,-71.74127106321771,HomeWin,6,78,5,57,0,1,-72
1966,1966-07-20,WC-1966,1966 FIFA World Cup,England v France,Group stage,England,France,ENG,FRA,2.0,0.0,2-0,home team win,1.0,0.0,no,no,no,0-0,Wembley Stadium,S-030,Wembley Stadium,London,England,1.0,98270.0,19:30,Arturo Yamasaki Maldonado,,162,16,32,89,2.8,0.391304347826087,small,15,18.0,5.0,7.0,75.0,38.0,37.0,1.2,2.466666666666667,5.0,2.533333333333333,8.0,4.0,0.4,13.0,2.0,0.1538461538461538,17.0,1.0,0.0588235294117647,6.0,14.0,2.0,1.0,0.3333333333333333,0.0714285714285714,0.2619047619047618,33766.6,2,1.0,4.0,6.0,0.5,2.0,3.0,-2.0,4,0,0.0,-2.0,,0.0,0.0,0.0,0.0,0.0,16,32,89,2.8,0.391304347826087,small,0,0.0,0.0,0.0,0,16,32,89,2.8,0.391304347826087,small,1482.3652255338511,,14,4.0,6.0,6.0,21.0,21.0,0.0,0.2857142857142857,0.0,1.5,1.5,7.0,6.0,0.4,11.0,2.0,0.1818181818181818,5.0,1.0,0.2,7.0,14.0,2.0,1.0,0.2857142857142857,0.0714285714285714,0.2142857142857142,21956.785714285714,2,2.0,4.0,0.0,1.0,2.0,0.0,4.0,5,0,1.0,2.0,,0.0,0.0,0.0,1.0,0.0,16,32,89,2.8,0.391304347826087,small,0,0.0,0.0,1.0,0,16,32,89,2.8,0.391304347826087,small,1490.6901787908796,,0.9142857142857144,37.0,0.0,3.5,1.0333333333333332,-0.5,-6.0,-8.324953257028255,HomeWin,17,31,15,25,2,3,-14
1966,1966-07-20,WC-1966,1966 FIFA World Cup,Hungary v Bulgaria,Group stage,Hungary,Bulgaria,HUN,BGR,3.0,1.0,3-1,home team win,1.0,0.0,no,no,no,0-0,Old Trafford,S-032,Old Trafford,Manchester,England,0.0,24129.0,19:30,Roberto Goicoechea,,163,16,32,89,2.8,0.391304347826087,small,18,6.0,1.0,8.0,31.0,27.0,4.0,0.3333333333333333,0.2222222222222222,1.7222222222222223,1.5,7.0,-2.0,0.4,11.0,2.0,0.1818181818181818,4.0,1.0,0.25,7.0,15.0,2.0,1.0,0.2857142857142857,0.0666666666666666,0.219047619047619,22033.555555555555,2,0.0,2.0,5.0,0.0,1.0,2.5,-3.0,5,1,0.0,-2.0,0.0,0.0,0.0,2.0,2.0,0.0,16,32,89,2.8,0.391304347826087,small,0,0.0,2.0,2.0,0,16,32,89,2.8,0.391304347826087,small,1533.3160874236971,,5,11.0,2.0,6.0,53.0,26.0,27.0,2.2,5.4,10.6,5.2,1.0,-4.0,0.0,11.0,2.0,0.1818181818181818,8.0,1.0,0.125,7.0,16.0,2.0,1.0,0.2857142857142857,0.0625,0.2232142857142857,18604.4,2,2.0,7.0,5.0,1.0,3.5,2.5,2.0,1,1,2.0,7.0,2.0,,,,,,16,32,89,2.8,0.391304347826087,small,0,0.0,0.0,0.0,0,16,32,89,2.8,0.391304347826087,small,1465.9228704823909,,-1.866666666666667,-23.0,0.4,-8.877777777777776,-3.7,-1.0,-5.0,67.39321694130626,HomeWin,50,1,38,1,3,0,49
1966,1966-07-20,WC-1966,1966 FIFA World Cup,Soviet Union v Chile,Group stage,Russia,Chile,SUN,CHL,2.0,1.0,2-1,home team win,1.0,0.0,no,no,no,0-0,Roker Park,S-035,Roker Park,Sunderland,England,0.0,16027.0,19:30,John Adair,,164,16,32,89,2.8,0.391304347826087,small,11,0.0,1.0,5.0,2.0,15.0,-13.0,0.0,-1.181818181818182,0.1818181818181818,1.3636363636363635,10.0,-5.0,0.6,6.0,2.0,0.3333333333333333,0.0,1.0,,7.0,17.0,2.0,1.0,0.2857142857142857,0.0588235294117647,0.2268907563025209,24929.3,2,0.0,1.0,8.0,0.0,0.5,4.0,-7.0,2,1,0.0,-7.0,0.0,,,,,,16,32,89,2.8,0.391304347826087,small,0,0.0,0.0,0.0,0,16,32,89,2.8,0.391304347826087,small,1533.1987899557512,,11,7.0,2.0,3.0,20.0,14.0,6.0,0.6363636363636364,0.5454545454545454,1.818181818181818,1.2727272727272727,12.0,,0.8,10.0,0.0,0.0,2.0,0.0,0.0,0.0,0.0,0.0,0.0,,,,32084.454545454544,1,3.0,6.0,1.0,3.0,6.0,1.0,5.0,3,1,1.0,0.0,1.0,0.0,0.0,0.0,1.0,0.0,16,32,89,2.8,0.391304347826087,small,0,0.0,0.0,1.0,0,16,32,89,2.8,0.391304347826087,small,1531.710334397918,,-0.6363636363636364,-19.0,-0.2,-1.6363636363636362,0.0909090909090908,-3.0,-12.0,1.4884555578332763,HomeWin,0,16,0,13,0,0,-16
1966,1966-07-23,WC-1966,1966 FIFA World Cup,England v Argentina,Quarter-finals,England,Argentina,ENG,ARG,1.0,0.0,1-0,home team win,1.0,0.0,no,no,no,0-0,Wembley Stadium,S-030,Wembley Stadium,London,England,1.0,90584.0,15:00,Rudolf Kreitlein,,165,16,32,89,2.8,0.391304347826087,small,16,7.0,0.0,5.0,19.0,15.0,4.0,0.4375,0.25,1.1875,0.9375,8.0,0.0,0.4,7.0,0.0,0.0,5.0,0.0,0.0,0.0,1.0,0.0,0.0,,0.0,,37798.0625,3,0.0,1.0,4.0,0.0,0.3333333333333333,1.3333333333333333,-3.0,4,1,1.0,0.0,1.0,0.0,0.0,0.0,0.0,0.0,16,32,89,2.8,0.391304347826087,small,0,0.0,0.0,0.0,0,16,32,89,2.8,0.391304347826087,small,1492.6047911037112,,13,5.0,6.0,6.0,22.0,21.0,1.0,0.3846153846153846,0.0769230769230769,1.6923076923076923,1.6153846153846154,10.0,0.0,0.6,11.0,0.0,0.0,6.0,0.0,0.0,0.0,2.0,0.0,0.0,,0.0,,30194.615384615383,2,3.0,5.0,0.0,1.5,2.5,0.0,5.0,4,1,2.0,3.0,2.0,0.0,0.0,1.0,1.0,0.0,16,32,89,2.8,0.391304347826087,small,0,0.0,1.0,1.0,0,16,32,89,2.8,0.391304347826087,small,1533.9815599883032,,0.0528846153846153,3.0,-0.1999999999999999,-0.5048076923076923,-0.6778846153846154,-1.5,-8.0,-41.37676888459191,HomeWin,19,30,16,23,2,2,-11
1966,1966-07-23,WC-1966,1966 FIFA World Cup,Portugal v North Korea,Quarter-finals,Portugal,North Korea,PRT,PRK,5.0,3.0,5-3,home team win,1.0,0.0,no,no,no,0-0,Goodison Park,S-029,Goodison Park,Liverpool,England,0.0,,15:00,,,166,16,32,89,2.8,0.391304347826087,small,3,8.0,1.0,5.0,30.0,24.0,6.0,2.6666666666666665,2.0,10.0,8.0,9.0,0.0,1.0,10.0,0.0,0.0,4.0,0.0,0.0,0.0,3.0,0.0,0.0,,0.0,,37934.333333333336,3,2.0,4.0,2.0,0.6666666666666666,1.3333333333333333,0.6666666666666666,2.0,0,0,0.0,-3.0,,0.0,0.0,0.0,0.0,0.0,16,32,89,2.8,0.391304347826087,small,0,0.0,0.0,0.0,0,16,32,89,2.8,0.391304347826087,small,1531.9180374063512,,2,4.0,0.0,0.0,14.0,5.0,9.0,2.0,4.5,7.0,2.5,3.0,1.0,0.5,3.0,1.0,0.3333333333333333,1.0,0.0,0.0,0.0,4.0,0.0,1.0,,0.25,,,2,4.0,14.0,5.0,2.0,7.0,2.5,9.0,0,0,1.0,2.0,,,,,,,16,32,89,2.8,0.391304347826087,small,0,0.0,0.0,0.0,0,16,32,89,2.8,0.391304347826087,small,1501.9164091359942,,0.6666666666666665,-3.0,0.5,3.0,5.5,-1.3333333333333337,-7.0,30.00162827035706,HomeWin,9,1,7,1,0,0,8
1966,1966-07-23,WC-1966,1966 FIFA World Cup,Soviet Union v Hungary,Quarter-finals,Russia,Hungary,SUN,HUN,2.0,1.0,2-1,home team win,1.0,0.0,no,no,no,0-0,Roker Park,S-035,Roker Park,Sunderland,England,0.0,26844.0,15:00,Juan Gardeazabal,,167,16,32,89,2.8,0.391304347826087,small,12,1.0,0.0,2.0,4.0,8.0,-4.0,0.0833333333333333,-0.3333333333333333,0.3333333333333333,0.6666666666666666,12.0,2.0,0.8,2.0,2.0,1.0,1.0,0.0,0.0,1.0,4.0,1.0,1.0,1.0,0.25,0.75,24120.0,3,1.0,4.0,8.0,0.3333333333333333,1.3333333333333333,2.6666666666666665,-4.0,2,0,0.0,-2.0,,,,,,,16,32,89,2.8,0.391304347826087,small,0,0.0,0.0,0.0,0,16,32,89,2.8,0.391304347826087,small,1543.1559490231089,,19,8.0,2.0,3.0,22.0,15.0,7.0,0.4210526315789473,0.3684210526315789,1.1578947368421053,0.7894736842105263,7.0,-2.0,0.4,10.0,2.0,0.2,3.0,0.0,0.0,2.0,4.0,1.0,1.0,0.5,0.25,0.25,22143.842105263157,3,4.0,8.0,2.0,1.3333333333333333,2.6666666666666665,0.6666666666666666,6.0,5,0,1.0,1.0,,0.0,0.0,2.0,2.0,0.0,16,32,89,2.8,0.391304347826087,small,0,0.0,2.0,2.0,0,16,32,89,2.8,0.391304347826087,small,1541.4003219547749,,-0.337719298245614,-11.0,0.4,-0.824561403508772,-0.1228070175438597,-1.0,-10.0,1.7556270683342063,HomeWin,0,53,0,41,0,3,-53
1966,1966-07-26,WC-1966,1966 FIFA World Cup,England v Portugal,Semi-finals,England,Portugal,ENG,PRT,2.0,1.0,2-1,home team win,1.0,0.0,no,no,no,0-0,Wembley Stadium,S-030,Wembley Stadium,London,England,1.0,94493.0,19:30,Pierre Schwinte,,168,16,32,89,2.8,0.391304347826087,small,17,11.0,2.0,7.0,54.0,28.0,26.0,0.6470588235294118,1.5294117647058822,3.176470588235294,1.6470588235294117,10.0,-1.0,0.6,11.0,2.0,0.1818181818181818,9.0,1.0,0.1111111111111111,3.0,4.0,2.0,1.0,0.6666666666666666,0.25,0.4166666666666666,40903.117647058825,4,2.0,8.0,7.0,0.5,2.0,1.75,1.0,4,0,0.0,-1.0,,0.0,0.0,0.0,0.0,0.0,16,32,89,2.8,0.391304347826087,small,0,0.0,0.0,0.0,0,16,32,89,2.8,0.391304347826087,small,1503.7901117802176,,4,6.0,6.0,6.0,24.0,22.0,2.0,1.5,0.5,6.0,5.5,12.0,-1.0,1.0,11.0,2.0,0.1818181818181818,7.0,1.0,0.1428571428571428,4.0,4.0,2.0,1.0,0.5,0.25,0.25,37934.333333333336,4,4.0,7.0,1.0,1.0,1.75,0.25,6.0,0,0,1.0,1.0,,0.0,0.0,0.0,0.0,0.0,16,32,89,2.8,0.391304347826087,small,0,0.0,0.0,0.0,0,16,32,89,2.8,0.391304347826087,small,1541.056661048227,,-0.8529411764705882,24.0,-0.4,-2.823529411764706,-3.852941176470588,-0.5,-5.0,-37.266549268009385,HomeWin,20,14,17,9,2,2,6
1966,1966-07-28,WC-1966,1966 FIFA World Cup,Portugal v Soviet Union,Third place,Portugal,Russia,PRT,SUN,2.0,1.0,2-1,home team win,1.0,0.0,no,no,no,0-0,Wembley Stadium,S-030,Wembley Stadium,London,England,0.0,87696.0,19:30,Kenneth Dagnall,,169,16,32,89,2.8,0.391304347826087,small,5,4.0,0.0,1.0,15.0,7.0,8.0,0.8,1.6,3.0,1.4,12.0,-5.0,0.8,3.0,2.0,0.6666666666666666,2.0,1.0,0.5,4.0,5.0,2.0,1.0,0.5,0.2,0.3,52074.0,5,4.0,15.0,7.0,0.8,3.0,1.4,8.0,0,0,0.0,-1.0,,0.0,0.0,0.0,0.0,0.0,16,32,89,2.8,0.391304347826087,small,0,0.0,0.0,0.0,0,16,32,89,2.8,0.391304347826087,small,1529.9881382131891,,13,5.0,0.0,1.0,17.0,8.0,9.0,0.3846153846153846,0.6923076923076923,1.3076923076923077,0.6153846153846154,12.0,-11.0,0.8,3.0,2.0,0.6666666666666666,3.0,1.0,0.3333333333333333,4.0,6.0,2.0,1.0,0.5,0.1666666666666666,0.3333333333333333,24347.0,4,5.0,17.0,8.0,1.25,4.25,2.0,9.0,2,0,1.0,1.0,,,,,,,16,32,89,2.8,0.391304347826087,small,0,0.0,0.0,0.0,0,16,32,89,2.8,0.391304347826087,small,1553.1054184442328,,0.4153846153846154,-1.0,0.0,1.6923076923076923,0.7846153846153845,-0.4499999999999999,-1.0,-23.11728023104365,HomeWin,15,0,10,0,3,0,15
1970,1970-05-31,WC-1970,1970 FIFA World Cup,Mexico v Soviet Union,Group stage,Mexico,Russia,MEX,SUN,0.0,0.0,0-0,draw,0.0,0.0,yes,no,no,0-0,Estadio Azteca,S-099,Estadio Azteca,Mexico City,Mexico,1.0,107160.0,12:00,Kurt Tschenscher,,170,16,32,95,3.0,0.4347826086956521,small,16,8.0,2.0,4.0,23.0,17.0,6.0,0.5,0.375,1.4375,1.0625,4.0,-7.0,0.2,10.0,2.0,0.2,4.0,1.0,0.25,5.0,6.0,2.0,1.0,0.4,0.1666666666666666,0.2333333333333333,27621.3125,0,4.0,9.0,4.0,,,,5.0,6,0,0.0,-1.0,,,,,,,16,32,95,3.0,0.4347826086956521,small,0,0.0,0.0,0.0,0,16,32,95,3.0,0.4347826086956521,small,1409.645103801147,,14,1.0,3.0,13.0,13.0,46.0,-33.0,0.0714285714285714,-2.357142857142857,0.9285714285714286,3.2857142857142856,12.0,-11.0,0.8,14.0,2.0,0.1428571428571428,3.0,1.0,0.3333333333333333,5.0,7.0,2.0,1.0,0.4,0.1428571428571428,0.2571428571428572,29220.0,0,0.0,0.0,0.0,,,,0.0,3,0,0.0,0.0,,,,,,,16,32,95,3.0,0.4347826086956521,small,0,0.0,0.0,0.0,0,16,32,95,3.0,0.4347826086956521,small,1542.4410297952,,0.4285714285714286,39.0,-0.6000000000000001,0.5089285714285714,-2.2232142857142856,,5.0,-132.79592599405328,Draw,13,0,12,0,3,0,13
1970,1970-06-02,WC-1970,1970 FIFA World Cup,England v Romania,Group stage,England,Romania,ENG,ROU,1.0,0.0,1-0,home team win,1.0,0.0,no,no,no,0-0,Estadio Jalisco,S-095,Estadio Jalisco,Guadalajara,Mexico,0.0,50560.0,16:00,Vital Loraux,,171,16,32,95,3.0,0.4347826086956521,small,18,8.0,3.0,4.0,23.0,17.0,6.0,0.4444444444444444,0.3333333333333333,1.2777777777777777,0.9444444444444444,13.0,-11.0,0.8,11.0,2.0,0.1818181818181818,4.0,1.0,0.25,5.0,8.0,2.0,1.0,0.4,0.125,0.275,43880.333333333336,0,0.0,0.0,0.0,,,,0.0,5,0,0.0,0.0,,1.0,1.0,1.0,1.0,1.0,16,32,95,3.0,0.4347826086956521,small,1,1.0,1.0,1.0,1,16,32,95,3.0,0.4347826086956521,small,1514.8586346152554,,5,7.0,6.0,6.0,25.0,22.0,3.0,1.4,0.6,5.0,4.4,4.0,-8.0,0.2,12.0,2.0,0.1666666666666666,7.0,1.0,0.1428571428571428,5.0,9.0,2.0,1.0,0.4,0.1111111111111111,0.2888888888888889,19314.2,0,1.0,1.0,0.0,,,,1.0,3,0,1.0,1.0,,,,,,,16,32,95,3.0,0.4347826086956521,small,0,0.0,0.0,0.0,0,16,32,95,3.0,0.4347826086956521,small,1480.551342251176,,-0.9555555555555556,3.0,0.6000000000000001,-3.7222222222222223,-3.4555555555555557,,-1.0,34.30729236407933,HomeWin,22,12,18,10,2,0,10
1970,1970-06-02,WC-1970,1970 FIFA World Cup,Peru v Bulgaria,Group stage,Peru,Bulgaria,PER,BGR,3.0,2.0,3-2,home team win,1.0,0.0,no,no,no,0-0,Estadio Nou Camp,S-098,Estadio Nou Camp,León,Mexico,0.0,13765.0,16:00,Antonio Sbardella,,172,16,32,95,3.0,0.4347826086956521,small,2,1.0,1.0,4.0,8.0,13.0,-5.0,0.5,-2.5,4.0,6.5,0.0,-2.0,0.0,3.0,3.0,1.0,3.0,1.0,0.3333333333333333,6.0,9.0,3.0,1.0,0.5,0.1111111111111111,0.3888888888888889,30142.0,0,0.0,0.0,1.0,,,,-1.0,1,0,0.0,-1.0,,,,,,,16,32,95,3.0,0.4347826086956521,small,0,0.0,0.0,0.0,0,16,32,95,3.0,0.4347826086956521,small,1480.28774368332,,6,1.0,0.0,2.0,4.0,6.0,-2.0,0.1666666666666666,-0.3333333333333333,0.6666666666666666,1.0,1.0,-4.0,0.0,3.0,3.0,1.0,0.0,1.0,,7.0,9.0,3.0,1.0,0.4285714285714285,0.1111111111111111,0.3174603174603174,19525.166666666668,0,1.0,3.0,2.0,,,,1.0,2,0,1.0,1.0,,,,,,,16,32,95,3.0,0.4347826086956521,small,0,0.0,0.0,0.0,0,16,32,95,3.0,0.4347826086956521,small,1457.838635951313,,0.3333333333333333,-3.0,0.0,3.3333333333333335,5.5,,-2.0,22.449107732006723,HomeWin,1,2,1,2,0,0,-1
1970,1970-06-02,WC-1970,1970 FIFA World Cup,Uruguay v Israel,Group stage,Uruguay,Israel,URY,ISR,2.0,0.0,2-0,home team win,1.0,0.0,no,no,no,0-0,Estadio Cuauhtémoc,S-104,Estadio Cuauhtémoc,Puebla,Mexico,0.0,20654.0,16:00,Bob Davidson,,173,16,32,95,3.0,0.4347826086956521,small,18,0.0,1.0,6.0,4.0,18.0,-14.0,0.0,-0.7777777777777778,0.2222222222222222,1.0,7.0,-2.0,0.4,7.0,3.0,0.4285714285714285,0.0,1.0,,7.0,10.0,3.0,1.0,0.4285714285714285,0.1,0.3285714285714285,45939.61111111111,0,0.0,2.0,3.0,,,,-1.0,5,0,0.0,-1.0,,1.0,2.0,2.0,2.0,0.0,16,32,95,3.0,0.4347826086956521,small,1,2.0,2.0,2.0,0,16,32,95,3.0,0.4347826086956521,small,1557.807839799902,,0,13.0,2.0,4.0,54.0,24.0,30.0,,,,,,-3.0,,10.0,3.0,0.3,9.0,1.0,0.1111111111111111,8.0,10.0,3.0,1.0,0.375,0.1,0.275,,0,1.0,2.0,0.0,,,,2.0,0,0,1.0,2.0,,,,,,,16,32,95,3.0,0.4347826086956521,small,0,0.0,0.0,0.0,0,16,32,95,3.0,0.4347826086956521,small,1500.0,,,-44.0,,,,,-3.0,57.80783979990201,HomeWin,51,0,39,0,0,0,51
1970,1970-06-03,WC-1970,1970 FIFA World Cup,Belgium v El Salvador,Group stage,Belgium,El Salvador,BEL,SLV,3.0,0.0,3-0,home team win,1.0,0.0,no,no,no,0-0,Estadio Azteca,S-099,Estadio Azteca,Mexico City,Mexico,0.0,92205.0,16:00,Andrei Radulescu,,174,16,32,95,3.0,0.4347826086956521,small,6,0.0,0.0,1.0,0.0,2.0,-2.0,0.0,-0.3333333333333333,0.0,0.3333333333333333,1.0,-4.0,0.0,1.0,3.0,3.0,0.0,1.0,,9.0,10.0,3.0,1.0,0.3333333333333333,0.1,0.2333333333333333,17800.0,0,0.0,0.0,2.0,,,,-2.0,4,0,0.0,-2.0,,0.0,0.0,0.0,0.0,0.0,16,32,95,3.0,0.4347826086956521,small,0,0.0,0.0,0.0,0,16,32,95,3.0,0.4347826086956521,small,1454.2338097337238,,0,1.0,1.0,5.0,11.0,20.0,-9.0,,,,,,-6.0,,5.0,3.0,0.6,2.0,1.0,0.5,9.0,11.0,3.0,1.0,0.3333333333333333,0.0909090909090909,0.2424242424242424,,0,1.0,3.0,0.0,,,,3.0,0,0,1.0,3.0,,,,,,,16,32,95,3.0,0.4347826086956521,small,0,0.0,0.0,0.0,0,16,32,95,3.0,0.4347826086956521,small,1500.0,,,7.0,,,,,-5.0,-45.766190266276226,HomeWin,8,0,6,0,0,0,8
1970,1970-06-03,WC-1970,1970 FIFA World Cup,Brazil v Czechoslovakia,Group stage,Brazil,Czechoslovakia,BRA,CSK,4.0,1.0,4-1,home team win,1.0,0.0,no,no,no,0-0,Estadio Jalisco,S-095,Estadio Jalisco,Guadalajara,Mexico,0.0,52897.0,16:00,Ramon Barreto Ruiz,,175,16,32,95,3.0,0.4347826086956521,small,30,0.0,0.0,1.0,0.0,3.0,-3.0,0.0,-0.1,0.0,0.1,9.0,-8.0,0.6,1.0,3.0,3.0,0.0,1.0,,10.0,11.0,3.0,1.0,0.3,0.0909090909090909,0.209090909090909,47639.63333333333,0,0.0,0.0,3.0,,,,-3.0,8,4,0.0,-3.0,0.0,1.0,2.0,3.0,4.0,0.0,16,32,95,3.0,0.4347826086956521,small,1,2.0,3.0,4.0,0,16,32,95,3.0,0.4347826086956521,small,1579.5872588102382,,18,19.0,5.0,7.0,79.0,39.0,40.0,1.0555555555555556,2.2222222222222223,4.388888888888889,2.1666666666666665,7.0,-8.0,0.4,14.0,3.0,0.2142857142857142,17.0,1.0,0.0588235294117647,10.0,12.0,3.0,1.0,0.3,0.0833333333333333,0.2166666666666666,19246.277777777777,0,1.0,4.0,1.0,,,,3.0,5,4,3.0,6.0,0.75,0.0,0.0,2.0,2.0,0.0,16,32,95,3.0,0.4347826086956521,small,0,0.0,2.0,2.0,0,16,32,95,3.0,0.4347826086956521,small,1504.86782386033,,-1.0555555555555556,-43.0,0.1999999999999999,-4.388888888888889,-2.0666666666666664,,-6.0,74.71943494990819,HomeWin,79,32,58,27,1,3,47
1970,1970-06-03,WC-1970,1970 FIFA World Cup,Italy v Sweden,Group stage,Italy,Sweden,ITA,SWE,1.0,0.0,1-0,home team win,1.0,0.0,no,no,no,0-0,La Bombonera,S-106,La Bombonera,Toluca,Mexico,0.0,13433.0,16:00,John Taylor,,176,16,32,95,3.0,0.4347826086956521,small,18,8.0,2.0,9.0,29.0,31.0,-2.0,0.4444444444444444,-0.1111111111111111,1.6111111111111112,1.7222222222222223,6.0,-7.0,0.4,9.0,3.0,0.3333333333333333,10.0,1.0,0.1,11.0,12.0,3.0,1.0,0.2727272727272727,0.0833333333333333,0.1893939393939394,37070.0,0,0.0,1.0,4.0,,,,-3.0,6,1,0.0,-6.0,0.0,1.0,2.0,2.0,2.0,0.0,16,32,95,3.0,0.4347826086956521,small,1,2.0,2.0,2.0,0,16,32,95,3.0,0.4347826086956521,small,1533.2383513632572,,14,12.0,1.0,6.0,36.0,21.0,15.0,0.8571428571428571,1.0714285714285714,2.5714285714285716,1.5,13.0,,0.8,9.0,0.0,0.0,10.0,0.0,0.0,0.0,0.0,0.0,0.0,,,,28117.785714285714,0,1.0,1.0,0.0,,,,1.0,4,1,1.0,0.0,1.0,0.0,0.0,1.0,2.0,0.0,16,32,95,3.0,0.4347826086956521,small,0,0.0,1.0,2.0,0,16,32,95,3.0,0.4347826086956521,small,1525.0180233660624,,-0.4126984126984127,-17.0,-0.4,-0.9603174603174603,0.2222222222222223,,-4.0,8.220327997194772,HomeWin,39,31,33,23,2,2,8
1970,1970-06-06,WC-1970,1970 FIFA World Cup,Peru v Morocco,Group stage,Peru,Morocco,PER,MAR,3.0,0.0,3-0,home team win,1.0,0.0,no,no,no,0-0,Estadio Nou Camp,S-098,Estadio Nou Camp,León,Mexico,0.0,13537.0,16:00,Tofik Bakhramov,,177,16,32,95,3.0,0.4347826086956521,small,3,7.0,2.0,6.0,33.0,30.0,3.0,2.3333333333333335,1.0,11.0,10.0,3.0,-1.0,0.3333333333333333,4.0,0.0,0.0,11.0,0.0,0.0,1.0,0.0,0.0,0.0,0.0,,,24683.0,1,0.0,0.0,1.0,0.0,0.0,1.0,-1.0,1,0,1.0,0.0,,,,,,,16,32,95,3.0,0.4347826086956521,small,0,0.0,0.0,0.0,0,16,32,95,3.0,0.4347826086956521,small,1489.642504117424,,0,2.0,0.0,2.0,7.0,6.0,1.0,,,,,,-3.0,,4.0,0.0,0.0,0.0,0.0,,1.0,1.0,0.0,0.0,0.0,0.0,0.0,,0,2.0,6.0,2.0,,,,4.0,0,0,1.0,3.0,,,,,,,16,32,95,3.0,0.4347826086956521,small,0,0.0,0.0,0.0,0,16,32,95,3.0,0.4347826086956521,small,1500.0,,,2.0,,,,,-5.0,-10.357495882576131,HomeWin,4,0,4,0,0,0,4
1970,1970-06-06,WC-1970,1970 FIFA World Cup,Romania v Czechoslovakia,Group stage,Romania,Czechoslovakia,ROU,CSK,2.0,1.0,2-1,home team win,1.0,0.0,no,no,no,0-0,Estadio Jalisco,S-095,Estadio Jalisco,Guadalajara,Mexico,0.0,56818.0,16:00,Diego De Leo,,178,16,32,95,3.0,0.4347826086956521,small,6,0.0,0.0,1.0,0.0,3.0,-3.0,0.0,-0.5,0.0,0.5,1.0,-5.0,0.0,1.0,0.0,0.0,0.0,0.0,,1.0,2.0,0.0,0.0,0.0,0.0,0.0,24521.833333333332,1,0.0,0.0,3.0,0.0,0.0,3.0,-3.0,3,1,0.0,-3.0,0.0,,,,,,16,32,95,3.0,0.4347826086956521,small,0,0.0,0.0,0.0,0,16,32,95,3.0,0.4347826086956521,small,1471.5355886327286,,19,2.0,1.0,4.0,10.0,14.0,-4.0,0.1052631578947368,-0.2105263157894736,0.5263157894736842,0.7368421052631579,6.0,-6.0,0.4,4.0,0.0,0.0,3.0,0.0,0.0,1.0,3.0,0.0,0.0,0.0,0.0,0.0,21017.36842105263,1,1.0,2.0,2.0,1.0,2.0,2.0,0.0,5,1,1.0,0.0,1.0,0.0,0.0,2.0,2.0,0.0,16,32,95,3.0,0.4347826086956521,small,0,0.0,2.0,2.0,0,16,32,95,3.0,0.4347826086956521,small,1496.9858686130788,,-0.1052631578947368,1.0,-0.4,-0.5263157894736842,-0.2368421052631578,-1.0,-3.0,-25.45027998035016,HomeWin,12,33,10,28,0,3,-21
1970,1970-06-06,WC-1970,1970 FIFA World Cup,Soviet Union v Belgium,Group stage,Russia,Belgium,SUN,BEL,4.0,1.0,4-1,home team win,1.0,0.0,no,no,no,0-0,Estadio Azteca,S-099,Estadio Azteca,Mexico City,Mexico,0.0,95261.0,16:00,Ruedi Scheurer,,179,16,32,95,3.0,0.4347826086956521,small,15,8.0,2.0,10.0,30.0,33.0,-3.0,0.5333333333333333,-0.2,2.0,2.2,10.0,-9.0,0.6,10.0,0.0,0.0,10.0,0.0,0.0,1.0,4.0,0.0,0.0,0.0,0.0,0.0,34787.142857142855,1,0.0,2.0,6.0,0.0,2.0,6.0,-4.0,3,0,1.0,0.0,,,,,,,16,32,95,3.0,0.4347826086956521,small,0,0.0,0.0,0.0,0,16,32,95,3.0,0.4347826086956521,small,1538.7947137688632,,7,9.0,3.0,4.0,27.0,18.0,9.0,1.2857142857142858,1.2857142857142858,3.857142857142857,2.5714285714285716,4.0,,0.2,12.0,0.0,0.0,4.0,0.0,0.0,0.0,0.0,0.0,0.0,,,,28429.285714285714,1,1.0,4.0,1.0,1.0,4.0,1.0,3.0,4,0,1.0,3.0,,0.0,0.0,0.0,0.0,0.0,16,32,95,3.0,0.4347826086956521,small,0,0.0,0.0,0.0,0,16,32,95,3.0,0.4347826086956521,small,1465.5435002257573,,-0.7523809523809525,-12.0,0.3999999999999999,-1.8571428571428572,-0.3714285714285714,-1.0,-7.0,73.2512135431059,HomeWin,0,11,0,8,0,1,-11
1970,1970-06-06,WC-1970,1970 FIFA World Cup,Uruguay v Italy,Group stage,Uruguay,Italy,URY,ITA,0.0,0.0,0-0,draw,0.0,0.0,yes,no,no,0-0,Estadio Cuauhtémoc,S-104,Estadio Cuauhtémoc,Puebla,Mexico,0.0,29968.0,16:00,Rudolf Gloeckner,,180,16,32,95,3.0,0.4347826086956521,small,19,1.0,1.0,6.0,12.0,24.0,-12.0,0.0526315789473684,-0.631578947368421,0.631578947368421,1.263157894736842,7.0,3.0,0.4,6.0,1.0,0.1666666666666666,2.0,0.0,0.0,1.0,0.0,1.0,0.0,1.0,,,44608.78947368421,1,1.0,4.0,4.0,1.0,4.0,4.0,0.0,5,0,0.0,-3.0,,1.0,2.0,2.0,2.0,0.0,16,32,95,3.0,0.4347826086956521,small,1,2.0,2.0,2.0,0,16,32,95,3.0,0.4347826086956521,small,1566.1591820931,,19,13.0,3.0,4.0,54.0,24.0,30.0,0.6842105263157895,1.5789473684210529,2.8421052631578947,1.263157894736842,9.0,4.0,0.6,11.0,2.0,0.1818181818181818,9.0,0.0,0.0,2.0,0.0,2.0,0.0,1.0,,,35756.833333333336,1,1.0,2.0,0.0,1.0,2.0,0.0,2.0,6,0,0.0,0.0,,1.0,2.0,2.0,2.0,0.0,16,32,95,3.0,0.4347826086956521,small,1,2.0,2.0,2.0,0,16,32,95,3.0,0.4347826086956521,small,1543.0017954437965,,-0.631578947368421,-42.0,-0.1999999999999999,-2.2105263157894735,0.0,0.0,-2.0,23.157386649303817,Draw,53,40,41,34,0,2,13
1970,1970-06-07,WC-1970,1970 FIFA World Cup,Brazil v England,Group stage,Brazil,England,BRA,ENG,1.0,0.0,1-0,home team win,1.0,0.0,no,no,no,0-0,Estadio Jalisco,S-095,Estadio Jalisco,Guadalajara,Mexico,0.0,66843.0,12:00,Abraham Klein,,181,16,32,95,3.0,0.4347826086956521,small,31,12.0,2.0,6.0,36.0,21.0,15.0,0.3870967741935484,0.4838709677419355,1.1612903225806452,0.6774193548387096,9.0,2.0,0.6,10.0,2.0,0.2,10.0,0.0,0.0,2.0,1.0,2.0,0.0,1.0,0.0,1.0,47809.22580645161,1,1.0,1.0,0.0,1.0,1.0,0.0,1.0,8,2,0.0,0.0,0.0,1.0,2.0,3.0,4.0,0.0,16,32,95,3.0,0.4347826086956521,small,1,2.0,3.0,4.0,0,16,32,95,3.0,0.4347826086956521,small,1587.4692140574894,,19,20.0,5.0,7.0,80.0,39.0,41.0,1.0526315789473684,2.1578947368421053,4.2105263157894735,2.0526315789473686,15.0,0.0,1.0,15.0,2.0,0.1333333333333333,17.0,0.0,0.0,2.0,2.0,2.0,0.0,1.0,0.0,1.0,44231.89473684211,1,2.0,5.0,1.0,2.0,5.0,1.0,4.0,5,2,2.0,3.0,1.0,1.0,1.0,1.0,1.0,1.0,16,32,95,3.0,0.4347826086956521,small,1,1.0,1.0,1.0,1,16,32,95,3.0,0.4347826086956521,small,1523.8743882337028,,-0.66553480475382,-26.0,-0.4,-3.0492359932088284,-1.375212224108659,-1.0,-3.0,63.59482582378655,HomeWin,83,23,61,19,1,2,60
1970,1970-06-07,WC-1970,1970 FIFA World Cup,Mexico v El Salvador,Group stage,Mexico,El Salvador,MEX,SLV,4.0,0.0,4-0,home team win,1.0,0.0,no,no,no,0-0,Estadio Azteca,S-099,Estadio Azteca,Mexico City,Mexico,1.0,103058.0,12:00,Aly Hussein Kandil,,182,16,32,95,3.0,0.4347826086956521,small,17,7.0,6.0,7.0,25.0,23.0,2.0,0.4117647058823529,0.1176470588235294,1.4705882352941178,1.3529411764705883,5.0,-2.0,0.2,13.0,2.0,0.1538461538461538,7.0,0.0,0.0,2.0,3.0,2.0,0.0,1.0,0.0,1.0,32300.058823529413,1,1.0,1.0,1.0,1.0,1.0,1.0,0.0,6,0,0.0,-3.0,,,,,,,16,32,95,3.0,0.4347826086956521,small,0,0.0,0.0,0.0,0,16,32,95,3.0,0.4347826086956521,small,1413.2914198274834,,1,2.0,3.0,13.0,17.0,46.0,-29.0,2.0,-29.0,17.0,46.0,0.0,-2.0,0.0,15.0,2.0,0.1333333333333333,3.0,1.0,0.3333333333333333,3.0,3.0,3.0,0.0,1.0,0.0,1.0,92205.0,1,1.0,4.0,0.0,1.0,4.0,0.0,4.0,0,0,1.0,4.0,,,,,,,16,32,95,3.0,0.4347826086956521,small,0,0.0,0.0,0.0,0,16,32,95,3.0,0.4347826086956521,small,1488.6903095079665,,-1.5882352941176472,31.0,0.2,-15.529411764705882,-44.64705882352941,0.0,-4.0,-75.39888968048308,HomeWin,13,0,12,0,3,0,13
1970,1970-06-07,WC-1970,1970 FIFA World Cup,Sweden v Israel,Group stage,Sweden,Israel,SWE,ISR,1.0,1.0,1-1,draw,0.0,0.0,yes,no,no,0-0,La Bombonera,S-106,La Bombonera,Toluca,Mexico,0.0,9624.0,12:00,Seyoum Tarekegn,,183,16,32,95,3.0,0.4347826086956521,small,15,0.0,0.0,2.0,0.0,7.0,-7.0,0.0,-0.4666666666666667,0.0,0.4666666666666667,10.0,-1.0,0.6,2.0,3.0,1.5,0.0,1.0,,4.0,3.0,4.0,0.0,1.0,0.0,1.0,27138.8,1,0.0,0.0,7.0,0.0,0.0,7.0,-7.0,4,0,0.0,-4.0,,0.0,0.0,1.0,2.0,0.0,16,32,95,3.0,0.4347826086956521,small,0,0.0,1.0,2.0,0,16,32,95,3.0,0.4347826086956521,small,1515.2545792855233,,1,7.0,3.0,6.0,34.0,31.0,3.0,7.0,3.0,34.0,31.0,0.0,3.0,0.0,5.0,4.0,0.8,11.0,1.0,0.0909090909090909,5.0,3.0,5.0,0.0,1.0,0.0,1.0,20654.0,1,0.0,1.0,2.0,0.0,1.0,2.0,-1.0,0,0,0.0,0.0,,,,,,,16,32,95,3.0,0.4347826086956521,small,0,0.0,0.0,0.0,0,16,32,95,3.0,0.4347826086956521,small,1491.648657706802,,-7.0,-10.0,0.6,-34.0,-30.533333333333335,0.0,-6.0,23.605921578721336,Draw,31,0,23,0,2,0,31
1970,1970-06-10,WC-1970,1970 FIFA World Cup,Brazil v Romania,Group stage,Brazil,Romania,BRA,ROU,3.0,2.0,3-2,home team win,1.0,0.0,no,no,no,0-0,Estadio Jalisco,S-095,Estadio Jalisco,Guadalajara,Mexico,0.0,50804.0,16:00,Ferdinand Marschall,,184,16,32,95,3.0,0.4347826086956521,small,32,0.0,1.0,1.0,1.0,3.0,-2.0,0.0,-0.0625,0.03125,0.09375,9.0,6.0,0.6,2.0,4.0,2.0,0.0,2.0,,6.0,3.0,6.0,0.0,1.0,0.0,1.0,48404.03125,2,0.0,1.0,3.0,0.0,0.5,1.5,-2.0,8,0,0.0,0.0,,1.0,2.0,3.0,4.0,0.0,16,32,95,3.0,0.4347826086956521,small,1,2.0,3.0,4.0,0,16,32,95,3.0,0.4347826086956521,small,1595.6589794426616,,7,21.0,5.0,7.0,83.0,41.0,42.0,3.0,6.0,11.857142857142858,5.857142857142857,4.0,9.0,0.2,16.0,4.0,0.25,17.0,3.0,0.1764705882352941,7.0,3.0,7.0,0.0,1.0,0.0,1.0,29135.571428571428,2,3.0,8.0,3.0,1.5,4.0,1.5,5.0,3,0,1.0,1.0,,,,,,,16,32,95,3.0,0.4347826086956521,small,0,0.0,0.0,0.0,0,16,32,95,3.0,0.4347826086956521,small,1482.2667991921437,,-3.0,-44.0,0.3999999999999999,-11.825892857142858,-5.763392857142857,-1.5,-7.0,113.3921802505181,HomeWin,84,14,62,12,1,1,70
1970,1970-06-10,WC-1970,1970 FIFA World Cup,Soviet Union v El Salvador,Group stage,Russia,El Salvador,SUN,SLV,2.0,0.0,2-0,home team win,1.0,0.0,no,no,no,0-0,Estadio Azteca,S-099,Estadio Azteca,Mexico City,Mexico,0.0,89979.0,16:00,Rafael Hormazabal Diaz,,185,16,32,95,3.0,0.4347826086956521,small,16,2.0,1.0,5.0,12.0,17.0,-5.0,0.125,-0.3125,0.75,1.0625,10.0,4.0,0.6,5.0,4.0,0.8,3.0,3.0,1.0,7.0,4.0,7.0,0.0,1.0,0.0,1.0,38818.73333333333,2,1.0,4.0,5.0,0.5,2.0,2.5,-1.0,3,0,0.0,-1.0,,,,,,,16,32,95,3.0,0.4347826086956521,small,0,0.0,0.0,0.0,0,16,32,95,3.0,0.4347826086956521,small,1546.717067966023,,2,10.0,3.0,4.0,29.0,18.0,11.0,5.0,5.5,14.5,9.0,0.0,1.0,0.0,13.0,4.0,0.3076923076923077,4.0,3.0,0.75,7.0,5.0,7.0,0.0,1.0,0.0,1.0,97631.5,2,2.0,6.0,1.0,1.0,3.0,0.5,5.0,0,0,1.0,2.0,,,,,,,16,32,95,3.0,0.4347826086956521,small,0,0.0,0.0,0.0,0,16,32,95,3.0,0.4347826086956521,small,1476.5535935505538,,-4.875,-16.0,0.6,-13.75,-7.9375,-0.5,-6.0,70.16347441546918,HomeWin,0,0,0,0,0,0,0
1970,1970-06-10,WC-1970,1970 FIFA World Cup,Sweden v Uruguay,Group stage,Sweden,Uruguay,SWE,URY,1.0,0.0,Jan-00,home team win,1.0,0.0,no,no,no,0-0,Estadio Cuauhtémoc,S-104,Estadio Cuauhtémoc,Puebla,Mexico,0.0,18163.0,16:00,Henry Landauer,,186,16,32,95,3.0,0.4347826086956521,small,16,0.0,0.0,3.0,0.0,9.0,-9.0,0.0,-0.5625,0.0,0.5625,8.0,-1.0,0.4,3.0,4.0,1.3333333333333333,0.0,3.0,,8.0,5.0,7.0,0.0,0.875,0.0,0.875,26044.125,2,0.0,0.0,9.0,0.0,0.0,4.5,-9.0,4,1,0.0,-2.0,0.0,0.0,0.0,1.0,2.0,0.0,16,32,95,3.0,0.4347826086956521,small,0,0.0,1.0,2.0,0,16,32,95,3.0,0.4347826086956521,small,1514.5761898066694,,20,8.0,3.0,6.0,35.0,31.0,4.0,0.4,0.2,1.75,1.55,8.0,-2.0,0.4,6.0,4.0,0.6666666666666666,11.0,3.0,0.2727272727272727,8.0,6.0,7.0,0.0,0.875,0.0,0.875,43876.75,2,1.0,2.0,2.0,0.5,1.0,1.0,0.0,5,1,1.0,0.0,1.0,1.0,2.0,2.0,2.0,0.0,16,32,95,3.0,0.4347826086956521,small,1,2.0,2.0,2.0,0,16,32,95,3.0,0.4347826086956521,small,1565.493644192843,,-0.4,-13.0,0.0,-1.75,-0.9875,-0.5,-9.0,-50.91745438617363,HomeWin,32,53,24,41,2,0,-21
1970,1970-06-11,WC-1970,1970 FIFA World Cup,Bulgaria v Morocco,Group stage,Bulgaria,Morocco,BGR,MAR,1.0,1.0,1-1,draw,0.0,0.0,yes,no,no,0-0,Estadio Nou Camp,S-098,Estadio Nou Camp,León,Mexico,0.0,12299.0,16:00,Antonio Saldanha Ribeiro,,187,16,32,95,3.0,0.4347826086956521,small,7,13.0,3.0,5.0,54.0,25.0,29.0,1.8571428571428572,4.142857142857143,7.714285714285714,3.5714285714285716,1.0,-4.0,0.0,12.0,4.0,0.3333333333333333,9.0,3.0,0.3333333333333333,9.0,6.0,7.0,0.0,0.7777777777777778,0.0,0.7777777777777778,18702.285714285714,1,1.0,2.0,1.0,1.0,2.0,1.0,1.0,2,0,1.0,0.0,,,,,,,16,32,95,3.0,0.4347826086956521,small,0,0.0,0.0,0.0,0,16,32,95,3.0,0.4347826086956521,small,1448.4838755172095,,1,0.0,2.0,6.0,5.0,19.0,-14.0,0.0,-14.0,5.0,19.0,0.0,-3.0,0.0,8.0,4.0,0.5,0.0,3.0,,9.0,7.0,7.0,0.0,0.7777777777777778,0.0,0.7777777777777778,13537.0,1,0.0,3.0,4.0,0.0,3.0,4.0,-1.0,0,0,0.0,0.0,,,,,,,16,32,95,3.0,0.4347826086956521,small,0,0.0,0.0,0.0,0,16,32,95,3.0,0.4347826086956521,small,1489.7019755854571,,1.8571428571428572,43.0,0.0,2.7142857142857144,-15.428571428571429,1.0,2.0,-41.21810006824762,Draw,4,0,4,0,0,0,4
1970,1970-06-11,WC-1970,1970 FIFA World Cup,England v Czechoslovakia,Group stage,England,Czechoslovakia,ENG,CSK,1.0,0.0,1-0,home team win,1.0,0.0,no,no,no,0-0,Estadio Jalisco,S-095,Estadio Jalisco,Guadalajara,Mexico,0.0,49292.0,16:00,Roger Machin,,188,16,32,95,3.0,0.4347826086956521,small,20,0.0,1.0,1.0,1.0,4.0,-3.0,0.0,-0.15,0.05,0.2,12.0,-2.0,0.8,2.0,4.0,2.0,0.0,3.0,,9.0,8.0,7.0,0.0,0.7777777777777778,0.0,0.7777777777777778,45362.45,2,0.0,1.0,4.0,0.0,0.5,2.0,-3.0,5,0,0.0,0.0,,1.0,1.0,1.0,1.0,1.0,16,32,95,3.0,0.4347826086956521,small,1,1.0,1.0,1.0,1,16,32,95,3.0,0.4347826086956521,small,1515.6846228485306,,20,8.0,6.0,7.0,26.0,23.0,3.0,0.4,0.15,1.3,1.15,6.0,-2.0,0.4,14.0,4.0,0.2857142857142857,7.0,3.0,0.4285714285714285,10.0,8.0,7.0,0.0,0.7,0.0,0.7,22807.4,2,2.0,2.0,1.0,1.0,1.0,0.5,1.0,5,0,1.0,1.0,,0.0,0.0,2.0,2.0,0.0,16,32,95,3.0,0.4347826086956521,small,0,0.0,2.0,2.0,0,16,32,95,3.0,0.4347826086956521,small,1486.254658053664,,-0.4,-6.0,0.4,-1.25,-0.95,-1.0,-4.0,29.42996479486669,HomeWin,23,34,19,29,2,3,-11
1970,1970-06-11,WC-1970,1970 FIFA World Cup,Italy v Israel,Group stage,Italy,Israel,ITA,ISR,0.0,0.0,0-0,draw,0.0,0.0,yes,no,no,0-0,La Bombonera,S-106,La Bombonera,Toluca,Mexico,0.0,9890.0,16:00,Ayrton Vieira De Moraes,,189,16,32,95,3.0,0.4347826086956521,small,20,8.0,2.0,11.0,30.0,34.0,-4.0,0.4,-0.2,1.5,1.7,7.0,-2.0,0.4,11.0,4.0,0.3636363636363636,10.0,3.0,0.3,11.0,8.0,7.0,0.0,0.6363636363636364,0.0,0.6363636363636364,35452.15789473684,2,0.0,2.0,7.0,0.0,1.0,3.5,-5.0,6,0,0.0,-1.0,,1.0,2.0,2.0,2.0,0.0,16,32,95,3.0,0.4347826086956521,small,1,2.0,2.0,2.0,0,16,32,95,3.0,0.4347826086956521,small,1543.6673333440533,,2,12.0,3.0,6.0,36.0,21.0,15.0,6.0,7.5,18.0,10.5,1.0,-4.0,0.0,11.0,4.0,0.3636363636363636,10.0,3.0,0.3,11.0,9.0,7.0,0.0,0.6363636363636364,0.0,0.6363636363636364,15139.0,2,1.0,1.0,0.0,0.5,0.5,0.0,1.0,0,0,0.0,0.0,,,,,,,16,32,95,3.0,0.4347826086956521,small,0,0.0,0.0,0.0,0,16,32,95,3.0,0.4347826086956521,small,1492.3270471856558,,-5.6,-19.0,0.4,-16.5,-8.8,-0.5,-6.0,51.340286158397475,Draw,40,1,34,1,2,0,39
1970,1970-06-11,WC-1970,1970 FIFA World Cup,Mexico v Belgium,Group stage,Mexico,Belgium,MEX,BEL,1.0,0.0,1-0,home team win,1.0,0.0,no,no,no,0-0,Estadio Azteca,S-099,Estadio Azteca,Mexico City,Mexico,1.0,108192.0,16:00,Norberto Angel Coerezza,,190,16,32,95,3.0,0.4347826086956521,small,18,0.0,2.0,1.0,1.0,3.0,-2.0,0.0,-0.1111111111111111,0.0555555555555555,0.1666666666666666,8.0,-2.0,0.4,3.0,5.0,1.6666666666666667,0.0,3.0,,11.0,10.0,7.0,1.0,0.6363636363636364,0.1,0.5363636363636364,36231.055555555555,2,0.0,1.0,3.0,0.0,0.5,1.5,-2.0,6,0,0.0,0.0,,,,,,,16,32,95,3.0,0.4347826086956521,small,0,0.0,0.0,0.0,0,16,32,95,3.0,0.4347826086956521,small,1425.428135784896,,8,3.0,3.0,13.0,18.0,46.0,-28.0,0.375,-3.5,2.25,5.75,4.0,-1.0,0.2,16.0,6.0,0.375,3.0,3.0,1.0,12.0,10.0,8.0,1.0,0.6666666666666666,0.1,0.5666666666666667,36783.25,2,2.0,5.0,0.0,1.0,2.5,0.0,5.0,4,0,1.0,1.0,,0.0,0.0,0.0,0.0,0.0,16,32,95,3.0,0.4347826086956521,small,0,0.0,0.0,0.0,0,16,32,95,3.0,0.4347826086956521,small,1457.6211460285974,,-0.375,26.0,0.2,-2.1944444444444446,-5.583333333333333,-1.0,-7.0,-32.19301024370134,HomeWin,17,11,15,8,3,1,6
1970,1970-06-14,WC-1970,1970 FIFA World Cup,Brazil v Peru,Quarter-finals,Brazil,Peru,BRA,PER,4.0,2.0,4-2,home team win,1.0,0.0,no,no,no,0-0,Estadio Jalisco,S-095,Estadio Jalisco,Guadalajara,Mexico,0.0,54233.0,12:00,Vital Loraux,,191,16,32,95,3.0,0.4347826086956521,small,33,1.0,1.0,7.0,12.0,25.0,-13.0,0.0303030303030303,-0.3939393939393939,0.3636363636363636,0.7575757575757576,9.0,-2.0,0.6,7.0,6.0,0.8571428571428571,2.0,3.0,1.5,13.0,10.0,8.0,1.0,0.6153846153846154,0.1,0.5153846153846154,48476.757575757576,3,1.0,4.0,5.0,0.3333333333333333,1.3333333333333333,1.6666666666666667,-1.0,8,0,0.0,-1.0,,1.0,2.0,3.0,4.0,0.0,16,32,95,3.0,0.4347826086956521,small,1,2.0,3.0,4.0,0,16,32,95,3.0,0.4347826086956521,small,1602.506436090158,,4,22.0,5.0,7.0,87.0,43.0,44.0,5.5,11.0,21.75,10.75,6.0,-5.0,0.5,16.0,6.0,0.375,18.0,3.0,0.1666666666666666,13.0,11.0,8.0,1.0,0.6153846153846154,0.0909090909090909,0.5244755244755245,21896.5,2,4.0,12.0,5.0,2.0,6.0,2.5,7.0,1,0,1.0,2.0,,,,,,,16,32,95,3.0,0.4347826086956521,small,0,0.0,0.0,0.0,0,16,32,95,3.0,0.4347826086956521,small,1499.9405285319667,,-5.46969696969697,-57.0,0.0999999999999999,-21.386363636363637,-9.992424242424242,-1.6666666666666667,-8.0,102.56590755819116,HomeWin,87,7,64,6,1,0,80
1970,1970-06-17,WC-1970,1970 FIFA World Cup,Brazil v Uruguay,Semi-finals,Brazil,Uruguay,BRA,URY,3.0,1.0,3-1,home team win,1.0,0.0,no,no,no,0-0,Estadio Jalisco,S-095,Estadio Jalisco,Guadalajara,Mexico,0.0,51261.0,16:00,Jose Maria Ortiz De Mendibil,,192,16,32,95,3.0,0.4347826086956521,small,34,2.0,0.0,3.0,9.0,10.0,-1.0,0.0588235294117647,-0.0294117647058823,0.2647058823529412,0.2941176470588235,12.0,0.0,0.8,4.0,7.0,1.75,1.0,3.0,3.0,14.0,11.0,9.0,1.0,0.6428571428571429,0.0909090909090909,0.551948051948052,48646.05882352941,4,2.0,8.0,6.0,0.5,2.0,1.5,2.0,8,1,0.0,-2.0,0.0,1.0,2.0,3.0,4.0,0.0,16,32,95,3.0,0.4347826086956521,small,1,2.0,3.0,4.0,0,16,32,95,3.0,0.4347826086956521,small,1609.6372205127652,,21,23.0,5.0,7.0,90.0,44.0,46.0,1.0952380952380951,2.1904761904761907,4.285714285714286,2.0952380952380953,8.0,1.0,0.4,16.0,8.0,0.5,19.0,3.0,0.1578947368421052,14.0,12.0,9.0,2.0,0.6428571428571429,0.1666666666666666,0.4761904761904763,42652.28571428572,3,5.0,15.0,6.0,1.6666666666666667,5.0,2.0,9.0,5,1,1.0,1.0,1.0,1.0,2.0,2.0,2.0,0.0,16,32,95,3.0,0.4347826086956521,small,1,2.0,2.0,2.0,0,16,32,95,3.0,0.4347826086956521,small,1554.0385246325786,,-1.0364145658263306,-47.0,0.4,-4.0210084033613445,-1.8011204481792715,-1.1666666666666667,-7.0,55.5986958801866,HomeWin,91,53,67,41,1,0,38
1970,1970-06-21,WC-1970,1970 FIFA World Cup,Brazil v Italy,Final,Brazil,Italy,BRA,ITA,4.0,1.0,4-1,home team win,1.0,0.0,no,no,no,0-0,Estadio Azteca,S-099,Estadio Azteca,Mexico City,Mexico,0.0,107412.0,12:00,Rudolf Gloeckner,,193,16,32,95,3.0,0.4347826086956521,small,35,13.0,3.0,6.0,55.0,28.0,27.0,0.3714285714285714,0.7714285714285715,1.5714285714285714,0.8,15.0,-2.0,1.0,12.0,8.0,0.6666666666666666,10.0,3.0,0.3,14.0,13.0,9.0,2.0,0.6428571428571429,0.1538461538461538,0.489010989010989,48720.77142857143,5,1.0,3.0,4.0,0.2,0.6,0.8,-1.0,8,1,1.0,-1.0,1.0,1.0,2.0,3.0,4.0,0.0,16,32,95,3.0,0.4347826086956521,small,1,2.0,3.0,4.0,0,16,32,95,3.0,0.4347826086956521,small,1618.050482888263,,21,24.0,5.0,7.0,94.0,45.0,49.0,1.1428571428571428,2.3333333333333335,4.476190476190476,2.142857142857143,5.0,,0.2,16.0,0.0,0.0,20.0,0.0,0.0,0.0,0.0,0.0,0.0,,,,34174.05,3,6.0,19.0,7.0,2.0,6.333333333333333,2.3333333333333335,12.0,6,1,1.0,2.0,1.0,1.0,2.0,2.0,2.0,0.0,16,32,95,3.0,0.4347826086956521,small,1,2.0,2.0,2.0,0,16,32,95,3.0,0.4347826086956521,small,1542.2003035080652,,-0.7714285714285714,-22.0,0.8,-2.904761904761905,-1.3428571428571427,-1.8,-13.0,75.85017938019791,HomeWin,94,40,70,34,1,2,54
1974,1974-06-13,WC-1974,1974 FIFA World Cup,Brazil v Yugoslavia,First group stage,Brazil,Yugoslavia,BRA,YUG,0.0,0.0,0-0,draw,0.0,0.0,yes,no,no,0-0,Waldstadion,S-057,Waldstadion,Frankfurt,Germany,0.0,62000.0,17:00,Ruedi Scheurer,,194,16,38,97,2.6,0.4782608695652174,small,36,12.0,3.0,7.0,37.0,25.0,12.0,0.3333333333333333,0.3333333333333333,1.0277777777777777,0.6944444444444444,15.0,-2.0,1.0,11.0,0.0,0.0,11.0,0.0,0.0,1.0,0.0,0.0,0.0,0.0,,,50351.083333333336,0,1.0,2.0,4.0,,,,-2.0,9,3,1.0,-2.0,0.3333333333333333,1.0,3.0,4.0,5.0,1.0,16,38,97,2.6,0.4782608695652174,small,1,3.0,4.0,5.0,1,16,38,97,2.6,0.4782608695652174,small,1625.901374242947,,16,24.0,6.0,7.0,94.0,45.0,49.0,1.5,3.0625,5.875,2.8125,6.0,-6.0,0.4,17.0,0.0,0.0,20.0,0.0,0.0,1.0,1.0,0.0,0.0,0.0,0.0,0.0,28551.75,0,0.0,0.0,0.0,,,,0.0,5,3,1.0,1.0,0.3333333333333333,,,,,,16,38,97,2.6,0.4782608695652174,small,0,0.0,0.0,0.0,0,16,38,97,2.6,0.4782608695652174,small,1522.208487719814,,-1.1666666666666667,-37.0,0.6,-4.847222222222222,-2.1180555555555554,,-2.0,103.69288652313298,Draw,98,32,74,27,1,1,66
1974,1974-06-14,WC-1974,1974 FIFA World Cup,East Germany v Australia,First group stage,East Germany,Australia,DDR,AUS,2.0,0.0,2-0,home team win,1.0,0.0,no,no,no,0-0,Volksparkstadion,S-060,Volksparkstadion,Hamburg,Germany,0.0,,19:30,,,195,16,38,97,2.6,0.4782608695652174,small,0,8.0,4.0,5.0,32.0,24.0,8.0,,,,,,,,11.0,0.0,0.0,6.0,0.0,0.0,0.0,0.0,0.0,0.0,,,,,0,0.0,0.0,0.0,,,,0.0,0,0,1.0,-1.0,,,,,,,16,38,97,2.6,0.4782608695652174,small,0,0.0,0.0,0.0,0,16,38,97,2.6,0.4782608695652174,small,1500.0,,0,1.0,0.0,0.0,2.0,0.0,2.0,,,,,,-1.0,,1.0,0.0,0.0,0.0,0.0,,0.0,1.0,0.0,0.0,,0.0,,,0,1.0,2.0,0.0,,,,2.0,0,0,1.0,2.0,,,,,,,16,38,97,2.6,0.4782608695652174,small,0,0.0,0.0,0.0,0,16,38,97,2.6,0.4782608695652174,small,1500.0,,,6.0,,,,,-2.0,0.0,HomeWin,0,0,0,0,0,0,0
1974,1974-06-15,WC-1974,1974 FIFA World Cup,Italy v Haiti,First group stage,Italy,Haiti,ITA,HTI,3.0,1.0,3-1,home team win,1.0,0.0,no,no,no,0-0,Olympiastadion,S-065,Olympiastadion,Munich,Germany,0.0,53000.0,18:00,Vicente Llobregat,,196,16,38,97,2.6,0.4782608695652174,small,22,0.0,0.0,1.0,0.0,2.0,-2.0,0.0,-0.0909090909090909,0.0,0.0909090909090909,5.0,-1.0,0.2,1.0,0.0,0.0,0.0,0.0,,0.0,2.0,0.0,0.0,,0.0,,37661.57142857143,0,0.0,0.0,2.0,,,,-2.0,7,0,0.0,-2.0,,1.0,2.0,3.0,3.0,0.0,16,38,97,2.6,0.4782608695652174,small,1,2.0,3.0,3.0,0,16,38,97,2.6,0.4782608695652174,small,1534.3494121533813,,0,13.0,3.0,7.0,40.0,26.0,14.0,,,,,,-6.0,,12.0,0.0,0.0,11.0,0.0,0.0,0.0,3.0,0.0,0.0,,0.0,,,0,1.0,3.0,1.0,,,,2.0,0,0,1.0,2.0,,,,,,,16,38,97,2.6,0.4782608695652174,small,0,0.0,0.0,0.0,0,16,38,97,2.6,0.4782608695652174,small,1500.0,,,-16.0,,,,,-4.0,34.34941215338131,HomeWin,41,0,35,0,2,0,41
1974,1974-06-15,WC-1974,1974 FIFA World Cup,Poland v Argentina,First group stage,Poland,Argentina,POL,ARG,3.0,2.0,3-2,home team win,1.0,0.0,no,no,no,0-0,Neckarstadion,S-067,Neckarstadion,Stuttgart,Germany,0.0,32700.0,18:00,Clive Thomas,,197,16,38,97,2.6,0.4782608695652174,small,1,0.0,0.0,1.0,1.0,3.0,-2.0,0.0,-2.0,1.0,3.0,0.0,-4.0,0.0,1.0,1.0,1.0,0.0,0.0,,0.0,4.0,0.0,1.0,,0.25,,13452.0,0,0.0,1.0,3.0,,,,-2.0,1,0,0.0,-2.0,,0.0,0.0,0.0,0.0,0.0,16,38,97,2.6,0.4782608695652174,small,0,0.0,0.0,0.0,0,16,38,97,2.6,0.4782608695652174,small,1489.7124876372454,,14,1.0,0.0,1.0,8.0,8.0,0.0,0.0714285714285714,0.0,0.5714285714285714,0.5714285714285714,7.0,-5.0,0.4,1.0,1.0,1.0,1.0,0.0,0.0,0.0,5.0,0.0,1.0,,0.2,,34508.142857142855,0,1.0,3.0,2.0,,,,1.0,5,0,1.0,1.0,,0.0,0.0,1.0,1.0,0.0,16,38,97,2.6,0.4782608695652174,small,0,0.0,1.0,1.0,0,16,38,97,2.6,0.4782608695652174,small,1522.7962393117969,,-0.0714285714285714,-2.0,-0.4,0.4285714285714286,2.428571428571429,,-3.0,-33.08375167455142,HomeWin,5,30,2,23,1,2,-25
1974,1974-06-15,WC-1974,1974 FIFA World Cup,Sweden v Bulgaria,First group stage,Sweden,Bulgaria,SWE,BGR,0.0,0.0,0-0,draw,0.0,0.0,yes,no,no,0-0,Rheinstadion,S-056,Rheinstadion,Düsseldorf,Germany,0.0,23800.0,16:00,Edison A. Perez Nunez,,198,16,38,97,2.6,0.4782608695652174,small,17,8.0,1.0,6.0,32.0,27.0,5.0,0.4705882352941176,0.2941176470588235,1.8823529411764703,1.588235294117647,8.0,-5.0,0.4,11.0,1.0,0.0909090909090909,4.0,0.0,0.0,0.0,6.0,0.0,1.0,,0.1666666666666666,,25580.529411764703,0,0.0,2.0,3.0,,,,-1.0,5,0,0.0,-1.0,,0.0,0.0,1.0,2.0,0.0,16,38,97,2.6,0.4782608695652174,small,0,0.0,1.0,2.0,0,16,38,97,2.6,0.4782608695652174,small,1526.0313093669338,,8,8.0,4.0,6.0,35.0,31.0,4.0,1.0,0.5,4.375,3.875,1.0,-7.0,0.0,7.0,1.0,0.1428571428571428,11.0,0.0,0.0,1.0,6.0,0.0,1.0,0.0,0.1666666666666666,-0.1666666666666666,17901.875,0,0.0,0.0,0.0,,,,0.0,3,0,0.0,0.0,,,,,,,16,38,97,2.6,0.4782608695652174,small,0,0.0,0.0,0.0,0,16,38,97,2.6,0.4782608695652174,small,1449.6646932582776,,-0.5294117647058824,1.0,0.4,-2.4926470588235294,-2.2867647058823533,,-1.0,76.36661610865622,Draw,33,5,25,5,2,0,28
1974,1974-06-15,WC-1974,1974 FIFA World Cup,Uruguay v Netherlands,First group stage,Uruguay,Netherlands,URY,NLD,0.0,2.0,0-2,away team win,0.0,1.0,no,no,no,0-0,Niedersachsenstadion,S-061,Niedersachsenstadion,Hanover,Germany,0.0,55100.0,16:00,Karoly Palotai,,199,16,38,97,2.6,0.4782608695652174,small,22,0.0,3.0,6.0,5.0,19.0,-14.0,0.0,-0.6363636363636364,0.2272727272727272,0.8636363636363636,7.0,-3.0,0.4,9.0,1.0,0.1111111111111111,0.0,0.0,,1.0,7.0,0.0,1.0,0.0,0.1428571428571428,-0.1428571428571428,43043.59090909091,0,0.0,0.0,0.0,,,,0.0,6,0,0.0,0.0,,1.0,2.0,2.0,2.0,0.0,16,38,97,2.6,0.4782608695652174,small,1,2.0,2.0,2.0,0,16,38,97,2.6,0.4782608695652174,small,1545.6252622570807,,2,13.0,3.0,7.0,55.0,30.0,25.0,6.5,12.5,27.5,15.0,0.0,-3.0,0.0,13.0,2.0,0.1538461538461538,10.0,0.0,0.0,1.0,8.0,0.0,2.0,0.0,0.25,-0.25,22000.0,0,0.0,0.0,2.0,,,,-2.0,2,0,0.0,-2.0,,0.0,0.0,0.0,0.0,0.0,16,38,97,2.6,0.4782608695652174,small,0,0.0,0.0,0.0,0,16,38,97,2.6,0.4782608695652174,small,1480.8611070191923,,-6.5,-39.0,0.4,-27.272727272727273,-14.136363636363637,,2.0,64.76415523788842,AwayWin,54,2,42,2,0,0,52
1974,1974-06-18,WC-1974,1974 FIFA World Cup,Chile v East Germany,First group stage,Chile,East Germany,CHL,DDR,1.0,1.0,1-1,draw,0.0,0.0,yes,no,no,0-0,Olympiastadion,S-053,Olympiastadion,Berlin,Germany,0.0,,19:00,,,200,16,38,97,2.6,0.4782608695652174,small,12,1.0,0.0,2.0,4.0,6.0,-2.0,0.0833333333333333,-0.1666666666666666,0.3333333333333333,0.5,9.0,-3.0,0.6,1.0,2.0,2.0,2.0,0.0,0.0,1.0,9.0,0.0,2.0,0.0,0.2222222222222222,-0.2222222222222222,30746.333333333332,0,1.0,2.0,0.0,,,,2.0,4,0,1.0,2.0,,0.0,0.0,0.0,1.0,0.0,16,38,97,2.6,0.4782608695652174,small,0,0.0,0.0,1.0,0,16,38,97,2.6,0.4782608695652174,small,1521.7531753305602,,1,7.0,1.0,5.0,20.0,16.0,4.0,7.0,4.0,20.0,16.0,3.0,-1.0,1.0,8.0,3.0,0.375,5.0,0.0,0.0,2.0,9.0,1.0,2.0,0.5,0.2222222222222222,0.2777777777777778,,1,0.0,1.0,1.0,0.0,1.0,1.0,0.0,0,0,0.0,0.0,,,,,,,16,38,97,2.6,0.4782608695652174,small,0,0.0,0.0,0.0,0,16,38,97,2.6,0.4782608695652174,small,1510.0,,-6.916666666666667,-6.0,-0.4,-19.666666666666668,-15.5,,2.0,11.753175330560223,Draw,16,2,13,2,0,0,14
1974,1974-06-18,WC-1974,1974 FIFA World Cup,Scotland v Brazil,First group stage,Scotland,Brazil,SCO,BRA,0.0,0.0,0-0,draw,0.0,0.0,yes,no,no,0-0,Waldstadion,S-057,Waldstadion,Frankfurt,Germany,0.0,62000.0,19:30,Arie Van Gemert,,201,16,38,97,2.6,0.4782608695652174,small,5,1.0,1.0,0.0,3.0,1.0,2.0,0.2,0.4,0.6,0.2,1.0,-1.0,0.0,2.0,3.0,1.5,0.0,0.0,,3.0,9.0,1.0,2.0,0.3333333333333333,0.2222222222222222,0.1111111111111111,18762.0,0,1.0,3.0,1.0,,,,2.0,2,0,0.0,0.0,,,,,,,16,38,97,2.6,0.4782608695652174,small,0,0.0,0.0,0.0,0,16,38,97,2.6,0.4782608695652174,small,1464.1007393714012,,37,0.0,2.0,4.0,4.0,14.0,-10.0,0.0,-0.2702702702702703,0.1081081081081081,0.3783783783783784,13.0,3.0,0.8,6.0,4.0,0.6666666666666666,0.0,0.0,,4.0,9.0,2.0,2.0,0.5,0.2222222222222222,0.2777777777777778,50665.91891891892,1,0.0,0.0,0.0,0.0,0.0,0.0,0.0,9,0,0.0,0.0,,1.0,3.0,4.0,5.0,1.0,16,38,97,2.6,0.4782608695652174,small,1,3.0,4.0,5.0,1,16,38,97,2.6,0.4782608695652174,small,1623.002419733557,,0.2,12.0,-0.8,0.4918918918918918,-0.1783783783783784,,2.0,-158.90168036215573,Draw,4,98,4,74,0,1,-94
1974,1974-06-19,WC-1974,1974 FIFA World Cup,Argentina v Italy,First group stage,Argentina,Italy,ARG,ITA,1.0,1.0,1-1,draw,0.0,0.0,yes,no,no,0-0,Neckarstadion,S-067,Neckarstadion,Stuttgart,Germany,0.0,70100.0,19:30,Pavel Kazakov,,202,16,38,97,2.6,0.4782608695652174,small,15,24.0,7.0,7.0,94.0,45.0,49.0,1.6,3.2666666666666666,6.266666666666667,3.0,7.0,2.0,0.4,18.0,5.0,0.2777777777777778,20.0,0.0,0.0,5.0,9.0,3.0,2.0,0.6,0.2222222222222222,0.3777777777777777,34387.6,1,0.0,0.0,0.0,0.0,0.0,0.0,0.0,5,0,0.0,0.0,,0.0,0.0,1.0,1.0,0.0,16,38,97,2.6,0.4782608695652174,small,0,0.0,1.0,1.0,0,16,38,97,2.6,0.4782608695652174,small,1511.8468800553196,,23,8.0,2.0,6.0,33.0,28.0,5.0,0.3478260869565217,0.217391304347826,1.434782608695652,1.2173913043478262,8.0,6.0,0.4,12.0,6.0,0.5,4.0,0.0,0.0,5.0,10.0,3.0,3.0,0.6,0.3,0.3,38358.77272727273,1,0.0,3.0,4.0,0.0,3.0,4.0,-1.0,7,0,0.0,0.0,,1.0,2.0,3.0,3.0,0.0,16,38,97,2.6,0.4782608695652174,small,1,2.0,3.0,3.0,0,16,38,97,2.6,0.4782608695652174,small,1543.3639652252673,,1.2521739130434784,44.0,0.0,4.831884057971014,1.7826086956521738,0.0,1.0,-31.517085169947677,Draw,32,44,25,38,2,2,-12
1974,1974-06-19,WC-1974,1974 FIFA World Cup,Bulgaria v Uruguay,First group stage,Bulgaria,Uruguay,BGR,URY,1.0,1.0,1-1,draw,0.0,0.0,yes,no,no,0-0,Niedersachsenstadion,S-061,Niedersachsenstadion,Hanover,Germany,0.0,13400.0,19:30,John Taylor,,203,16,38,97,2.6,0.4782608695652174,small,9,13.0,4.0,7.0,41.0,27.0,14.0,1.4444444444444444,1.5555555555555556,4.555555555555555,3.0,2.0,7.0,0.0,13.0,6.0,0.4615384615384615,11.0,1.0,0.0909090909090909,6.0,10.0,4.0,3.0,0.6666666666666666,0.3,0.3666666666666666,18557.222222222223,1,1.0,4.0,2.0,1.0,4.0,2.0,2.0,3,0,0.0,0.0,,,,,,,16,38,97,2.6,0.4782608695652174,small,0,0.0,0.0,0.0,0,16,38,97,2.6,0.4782608695652174,small,1451.8279750793852,,23,0.0,4.0,6.0,6.0,20.0,-14.0,0.0,-0.6086956521739131,0.2608695652173913,0.8695652173913043,4.0,8.0,0.2,10.0,6.0,0.6,0.0,1.0,,6.0,11.0,4.0,3.0,0.6666666666666666,0.2727272727272727,0.3939393939393939,43567.782608695656,1,0.0,1.0,1.0,0.0,1.0,1.0,0.0,6,0,0.0,0.0,,1.0,2.0,2.0,2.0,0.0,16,38,97,2.6,0.4782608695652174,small,1,2.0,2.0,2.0,0,16,38,97,2.6,0.4782608695652174,small,1533.7824944703134,,1.4444444444444444,28.0,-0.2,4.294685990338164,2.130434782608696,1.0,2.0,-81.95451939092823,Draw,5,54,5,42,0,0,-49
1974,1974-06-19,WC-1974,1974 FIFA World Cup,Haiti v Poland,First group stage,Haiti,Poland,HTI,POL,0.0,7.0,0-7,away team win,0.0,1.0,no,no,no,0-0,Olympiastadion,S-065,Olympiastadion,Munich,Germany,0.0,25300.0,19:30,George Suppiah,,204,16,38,97,2.6,0.4782608695652174,small,1,13.0,4.0,7.0,56.0,31.0,25.0,13.0,25.0,56.0,31.0,0.0,4.0,0.0,14.0,6.0,0.4285714285714285,10.0,1.0,0.1,7.0,11.0,4.0,3.0,0.5714285714285714,0.2727272727272727,0.2987012987012987,53000.0,1,0.0,1.0,3.0,0.0,1.0,3.0,-2.0,0,0,0.0,0.0,,,,,,,16,38,97,2.6,0.4782608695652174,small,0,0.0,0.0,0.0,0,16,38,97,2.6,0.4782608695652174,small,1490.985446928114,,2,0.0,0.0,2.0,1.0,10.0,-9.0,0.0,-4.5,0.5,5.0,3.0,6.0,0.5,2.0,7.0,3.5,0.0,1.0,,7.0,12.0,4.0,4.0,0.5714285714285714,0.3333333333333333,0.238095238095238,23076.0,1,0.0,1.0,10.0,0.0,1.0,10.0,-9.0,1,0,0.0,-7.0,,0.0,0.0,0.0,0.0,0.0,16,38,97,2.6,0.4782608695652174,small,0,0.0,0.0,0.0,0,16,38,97,2.6,0.4782608695652174,small,1500.661846893723,,13.0,34.0,-0.5,55.5,26.0,0.0,7.0,-9.676399965608653,AwayWin,1,8,1,4,0,1,-7
1974,1974-06-19,WC-1974,1974 FIFA World Cup,Netherlands v Sweden,First group stage,Netherlands,Sweden,NLD,SWE,0.0,0.0,0-0,draw,0.0,0.0,yes,no,no,0-0,Westfalenstadion,S-055,Westfalenstadion,Dortmund,Germany,0.0,53700.0,19:30,Werner Winsemann,,205,16,38,97,2.6,0.4782608695652174,small,3,2.0,0.0,1.0,15.0,8.0,7.0,0.6666666666666666,2.3333333333333335,5.0,2.6666666666666665,3.0,4.0,0.3333333333333333,2.0,8.0,4.0,1.0,1.0,1.0,7.0,13.0,4.0,5.0,0.5714285714285714,0.3846153846153846,0.1868131868131867,33033.333333333336,1,2.0,10.0,2.0,2.0,10.0,2.0,8.0,2,0,1.0,7.0,,0.0,0.0,0.0,0.0,0.0,16,38,97,2.6,0.4782608695652174,small,0,0.0,0.0,0.0,0,16,38,97,2.6,0.4782608695652174,small,1492.7038748059597,,18,1.0,1.0,2.0,4.0,6.0,-2.0,0.0555555555555555,-0.1111111111111111,0.2222222222222222,0.3333333333333333,8.0,,0.4,2.0,0.0,0.0,2.0,0.0,0.0,0.0,0.0,0.0,0.0,,,,25481.61111111111,1,1.0,2.0,0.0,1.0,2.0,0.0,2.0,5,0,0.0,0.0,,0.0,0.0,1.0,2.0,0.0,16,38,97,2.6,0.4782608695652174,small,0,0.0,1.0,2.0,0,16,38,97,2.6,0.4782608695652174,small,1523.8680275458262,,0.611111111111111,9.0,-0.0666666666666667,4.777777777777778,2.333333333333333,1.0,6.0,-31.164152739866495,Draw,4,33,3,25,0,2,-29
1974,1974-06-22,WC-1974,1974 FIFA World Cup,Australia v Chile,First group stage,Australia,Chile,AUS,CHL,0.0,0.0,0-0,draw,0.0,0.0,yes,no,no,0-0,Olympiastadion,S-053,Olympiastadion,Berlin,Germany,0.0,17400.0,16:00,Jafar Namdar,,206,16,38,97,2.6,0.4782608695652174,small,1,8.0,5.0,6.0,35.0,31.0,4.0,8.0,4.0,35.0,31.0,0.0,1.0,0.0,8.0,1.0,0.125,11.0,0.0,0.0,1.0,0.0,1.0,0.0,1.0,,,,1,0.0,0.0,0.0,0.0,0.0,0.0,0.0,0,0,0.0,0.0,,,,,,,16,38,97,2.6,0.4782608695652174,small,0,0.0,0.0,0.0,0,16,38,97,2.6,0.4782608695652174,small,1490.0,,13,0.0,1.0,1.0,0.0,2.0,-2.0,0.0,-0.1538461538461538,0.0,0.1538461538461538,7.0,0.0,0.4,2.0,1.0,0.5,0.0,0.0,,1.0,1.0,1.0,0.0,1.0,0.0,1.0,30746.333333333332,1,0.0,0.0,2.0,0.0,0.0,2.0,-2.0,4,0,0.0,0.0,,0.0,0.0,0.0,1.0,0.0,16,38,97,2.6,0.4782608695652174,small,0,0.0,0.0,1.0,0,16,38,97,2.6,0.4782608695652174,small,1521.4150207317775,,8.0,6.0,-0.4,35.0,30.846153846153847,0.0,2.0,-31.41502073177753,Draw,0,17,0,14,0,0,-17
1974,1974-06-22,WC-1974,1974 FIFA World Cup,Scotland v Yugoslavia,First group stage,Scotland,Yugoslavia,SCO,YUG,1.0,1.0,1-1,draw,0.0,0.0,yes,no,no,0-0,Waldstadion,S-057,Waldstadion,Frankfurt,Germany,0.0,56000.0,16:00,Alfonso Gonzalez Archundia,,207,16,38,97,2.6,0.4782608695652174,small,6,7.0,2.0,5.0,20.0,16.0,4.0,1.1666666666666667,0.6666666666666666,3.3333333333333335,2.6666666666666665,2.0,1.0,0.0,9.0,2.0,0.2222222222222222,5.0,0.0,0.0,1.0,2.0,1.0,1.0,1.0,0.5,0.5,25968.333333333332,1,0.0,1.0,1.0,0.0,1.0,1.0,0.0,2,1,0.0,0.0,0.0,,,,,,16,38,97,2.6,0.4782608695652174,small,0,0.0,0.0,0.0,0,16,38,97,2.6,0.4782608695652174,small,1468.3800060450867,,17,0.0,3.0,4.0,5.0,15.0,-10.0,0.0,-0.5882352941176471,0.2941176470588235,0.8823529411764706,7.0,-2.0,0.4,7.0,2.0,0.2857142857142857,0.0,0.0,,1.0,3.0,1.0,1.0,1.0,0.3333333333333333,0.6666666666666667,30519.29411764706,1,0.0,1.0,1.0,0.0,1.0,1.0,0.0,5,1,0.0,0.0,0.0,,,,,,16,38,97,2.6,0.4782608695652174,small,0,0.0,0.0,0.0,0,16,38,97,2.6,0.4782608695652174,small,1525.107442229204,,1.1666666666666667,14.0,-0.4,3.03921568627451,1.784313725490196,0.0,0.0,-56.72743618411732,Draw,4,32,4,27,0,1,-28
1974,1974-06-23,WC-1974,1974 FIFA World Cup,Argentina v Haiti,First group stage,Argentina,Haiti,ARG,HTI,4.0,1.0,4-1,home team win,1.0,0.0,no,no,no,0-0,Olympiastadion,S-065,Olympiastadion,Munich,Germany,0.0,25900.0,16:00,Pablo Sanchez Ibanez,,208,16,38,97,2.6,0.4782608695652174,small,16,8.0,5.0,5.0,33.0,25.0,8.0,0.5,0.5,2.0625,1.5625,7.0,0.0,0.4,12.0,3.0,0.25,6.0,0.0,0.0,1.0,4.0,1.0,2.0,1.0,0.5,0.5,36619.625,2,0.0,1.0,1.0,0.0,0.5,0.5,0.0,5,0,0.0,0.0,,0.0,0.0,1.0,1.0,0.0,16,38,97,2.6,0.4782608695652174,small,0,0.0,1.0,1.0,0,16,38,97,2.6,0.4782608695652174,small,1512.7515345996242,,2,9.0,2.0,6.0,37.0,29.0,8.0,4.5,4.0,18.5,14.5,0.0,-1.0,0.0,13.0,3.0,0.2307692307692307,4.0,0.0,0.0,2.0,4.0,1.0,2.0,0.5,0.5,0.0,39150.0,2,1.0,7.0,5.0,0.5,3.5,2.5,2.0,0,0,1.0,3.0,,,,,,,16,38,97,2.6,0.4782608695652174,small,0,0.0,0.0,0.0,0,16,38,97,2.6,0.4782608695652174,small,1481.2638841186413,,-4.0,0.0,0.4,-16.4375,-12.9375,-0.5,-2.0,31.487650480982893,HomeWin,33,1,26,1,2,0,32
1974,1974-06-23,WC-1974,1974 FIFA World Cup,Bulgaria v Netherlands,First group stage,Bulgaria,Netherlands,BGR,NLD,1.0,4.0,1-4,away team win,0.0,1.0,no,no,no,0-0,Westfalenstadion,S-055,Westfalenstadion,Dortmund,Germany,0.0,53300.0,16:00,Tony Boskovic,,209,16,38,97,2.6,0.4782608695652174,small,10,0.0,0.0,3.0,2.0,14.0,-12.0,0.0,-1.2,0.2,1.4,3.0,-3.0,0.0,3.0,3.0,1.0,0.0,0.0,,3.0,4.0,1.0,2.0,0.3333333333333333,0.5,-0.1666666666666666,18041.5,2,0.0,2.0,14.0,0.0,1.0,7.0,-12.0,3,0,0.0,-3.0,,,,,,,16,38,97,2.6,0.4782608695652174,small,0,0.0,0.0,0.0,0,16,38,97,2.6,0.4782608695652174,small,1454.1440183823624,,4,0.0,4.0,7.0,7.0,24.0,-17.0,0.0,-4.25,1.75,6.0,4.0,-6.0,0.25,11.0,3.0,0.2727272727272727,0.0,0.0,,3.0,5.0,1.0,2.0,0.3333333333333333,0.4,-0.0666666666666667,38200.0,2,0.0,2.0,5.0,0.0,1.0,2.5,-3.0,2,0,0.0,-3.0,,0.0,0.0,0.0,0.0,0.0,16,38,97,2.6,0.4782608695652174,small,0,0.0,0.0,0.0,0,16,38,97,2.6,0.4782608695652174,small,1493.5984533506648,,0.0,5.0,-0.25,-1.55,-4.6,0.0,-9.0,-39.454434968302394,AwayWin,6,4,6,3,0,0,2
1974,1974-06-23,WC-1974,1974 FIFA World Cup,Poland v Italy,First group stage,Poland,Italy,POL,ITA,2.0,1.0,2-1,home team win,1.0,0.0,no,no,no,0-0,Neckarstadion,S-067,Neckarstadion,Stuttgart,Germany,0.0,70100.0,16:00,Hans Joachim Weyland,,210,16,38,97,2.6,0.4782608695652174,small,3,2.0,1.0,2.0,8.0,7.0,1.0,0.6666666666666666,0.3333333333333333,2.6666666666666665,2.3333333333333335,6.0,-6.0,0.6666666666666666,3.0,3.0,1.0,2.0,0.0,0.0,3.0,6.0,1.0,2.0,0.3333333333333333,0.3333333333333333,0.0,23817.333333333332,2,2.0,6.0,1.0,1.0,3.0,0.5,5.0,1,0,1.0,3.0,,0.0,0.0,0.0,0.0,0.0,16,38,97,2.6,0.4782608695652174,small,0,0.0,0.0,0.0,0,16,38,97,2.6,0.4782608695652174,small,1510.3834097031954,,24,3.0,0.0,1.0,17.0,9.0,8.0,0.125,0.3333333333333333,0.7083333333333334,0.375,6.0,-9.0,0.2,3.0,3.0,1.0,1.0,0.0,0.0,4.0,6.0,1.0,2.0,0.25,0.3333333333333333,-0.0833333333333333,39738.82608695652,2,3.0,12.0,3.0,1.5,6.0,1.5,9.0,7,0,1.0,1.0,,1.0,2.0,3.0,3.0,0.0,16,38,97,2.6,0.4782608695652174,small,1,2.0,3.0,3.0,0,16,38,97,2.6,0.4782608695652174,small,1542.4593106809627,,0.5416666666666666,-7.0,0.4666666666666666,1.958333333333333,1.9583333333333337,-0.5,-4.0,-32.07590097776733,HomeWin,15,45,8,39,1,2,-30
1974,1974-06-23,WC-1974,1974 FIFA World Cup,Sweden v Uruguay,First group stage,Sweden,Uruguay,SWE,URY,3.0,0.0,3-0,home team win,1.0,0.0,no,no,no,0-0,Rheinstadion,S-056,Rheinstadion,Düsseldorf,Germany,0.0,28300.0,16:00,Erich Linemayr,,211,16,38,97,2.6,0.4782608695652174,small,19,13.0,4.0,8.0,42.0,29.0,13.0,0.6842105263157895,0.6842105263157895,2.210526315789474,1.5263157894736843,6.0,-7.0,0.2,14.0,4.0,0.2857142857142857,11.0,0.0,0.0,4.0,7.0,1.0,3.0,0.25,0.4285714285714285,-0.1785714285714285,26966.78947368421,2,1.0,5.0,4.0,0.5,2.5,2.0,1.0,5,2,0.0,-1.0,0.0,0.0,0.0,1.0,2.0,0.0,16,38,97,2.6,0.4782608695652174,small,0,0.0,1.0,2.0,0,16,38,97,2.6,0.4782608695652174,small,1522.973449001121,,24,9.0,5.0,6.0,38.0,31.0,7.0,0.375,0.2916666666666667,1.5833333333333333,1.2916666666666667,2.0,-3.0,0.0,9.0,5.0,0.5555555555555556,11.0,0.0,0.0,4.0,8.0,1.0,4.0,0.25,0.5,-0.25,42310.791666666664,2,1.0,3.0,0.0,0.5,1.5,0.0,3.0,6,2,2.0,3.0,1.0,1.0,2.0,2.0,2.0,0.0,16,38,97,2.6,0.4782608695652174,small,1,2.0,2.0,2.0,0,16,38,97,2.6,0.4782608695652174,small,1531.466451167336,,0.3092105263157895,6.0,0.2,0.6271929824561406,0.2346491228070175,0.0,-2.0,-8.493002166215092,HomeWin,33,55,25,43,2,0,-22
1974,1974-06-26,WC-1974,1974 FIFA World Cup,Brazil v East Germany,Second group stage,Brazil,East Germany,BRA,DDR,1.0,0.0,1-0,home team win,1.0,0.0,no,no,no,0-0,Niedersachsenstadion,S-061,Niedersachsenstadion,Hanover,Germany,0.0,,19:30,,,212,16,38,97,2.6,0.4782608695652174,small,38,13.0,4.0,8.0,56.0,34.0,22.0,0.3421052631578947,0.5789473684210527,1.4736842105263157,0.8947368421052632,11.0,-1.0,0.6,15.0,5.0,0.3333333333333333,10.0,0.0,0.0,5.0,8.0,1.0,4.0,0.2,0.5,-0.3,50964.18421052631,2,0.0,1.0,6.0,0.0,0.5,3.0,-5.0,9,0,1.0,-3.0,,1.0,3.0,4.0,5.0,1.0,16,38,97,2.6,0.4782608695652174,small,1,3.0,4.0,5.0,1,16,38,97,2.6,0.4782608695652174,small,1618.7231530598715,,2,25.0,7.0,7.0,95.0,45.0,50.0,12.5,25.0,47.5,22.5,4.0,2.0,0.5,19.0,5.0,0.2631578947368421,20.0,0.0,0.0,6.0,8.0,1.0,4.0,0.1666666666666666,0.5,-0.3333333333333333,,2,1.0,1.0,0.0,0.5,0.5,0.0,1.0,0,0,1.0,1.0,,,,,,,16,38,97,2.6,0.4782608695652174,small,0,0.0,0.0,0.0,0,16,38,97,2.6,0.4782608695652174,small,1510.3381545987827,,-12.157894736842104,-28.0,0.0999999999999999,-46.026315789473685,-21.605263157894736,-0.5,-6.0,108.3849984610888,HomeWin,98,3,74,3,1,0,95
1974,1974-06-26,WC-1974,1974 FIFA World Cup,Netherlands v Argentina,Second group stage,Netherlands,Argentina,NLD,ARG,4.0,0.0,4-0,home team win,1.0,0.0,no,no,no,0-0,Parkstadion,S-059,Parkstadion,Gelsenkirchen,Germany,0.0,56548.0,19:30,Bob Davidson,,213,16,38,97,2.6,0.4782608695652174,small,5,1.0,1.0,1.0,3.0,2.0,1.0,0.2,0.2,0.6,0.4,7.0,3.0,0.4,3.0,5.0,1.6666666666666667,0.0,0.0,,6.0,9.0,1.0,4.0,0.1666666666666666,0.4444444444444444,-0.2777777777777778,41220.0,3,1.0,3.0,2.0,0.3333333333333333,1.0,0.6666666666666666,1.0,2,0,0.0,-1.0,,0.0,0.0,0.0,0.0,0.0,16,38,97,2.6,0.4782608695652174,small,0,0.0,0.0,0.0,0,16,38,97,2.6,0.4782608695652174,small,1502.4677197673848,,17,3.0,1.0,2.0,12.0,7.0,5.0,0.1764705882352941,0.2941176470588235,0.7058823529411765,0.4117647058823529,7.0,0.0,0.4,4.0,5.0,1.25,2.0,0.0,0.0,7.0,9.0,1.0,4.0,0.1428571428571428,0.4444444444444444,-0.3015873015873015,35989.05882352941,3,3.0,10.0,1.0,1.0,3.3333333333333335,0.3333333333333333,9.0,5,0,1.0,4.0,,0.0,0.0,1.0,1.0,0.0,16,38,97,2.6,0.4782608695652174,small,0,0.0,1.0,1.0,0,16,38,97,2.6,0.4782608695652174,small,1521.847720326737,,0.0235294117647058,-4.0,0.0,-0.1058823529411765,-0.0117647058823529,-0.6666666666666667,-8.0,-19.38000055935231,HomeWin,8,37,6,29,2,2,-29
1974,1974-06-26,WC-1974,1974 FIFA World Cup,Sweden v Poland,Second group stage,Sweden,Poland,SWE,POL,0.0,1.0,0-1,away team win,0.0,1.0,no,no,no,0-0,Neckarstadion,S-067,Neckarstadion,Stuttgart,Germany,0.0,44955.0,19:30,Ramon Barreto Ruiz,,214,16,38,97,2.6,0.4782608695652174,small,20,9.0,2.0,7.0,37.0,33.0,4.0,0.45,0.2,1.85,1.65,9.0,-3.0,0.4,14.0,5.0,0.3571428571428571,4.0,0.0,0.0,7.0,10.0,1.0,4.0,0.1428571428571428,0.4,-0.2571428571428572,27033.45,3,1.0,7.0,9.0,0.3333333333333333,2.3333333333333335,3.0,-2.0,5,0,0.0,-4.0,,0.0,0.0,1.0,2.0,0.0,16,38,97,2.6,0.4782608695652174,small,0,0.0,1.0,2.0,0,16,38,97,2.6,0.4782608695652174,small,1533.2178485750644,,4,9.0,5.0,7.0,38.0,32.0,6.0,2.25,1.5,9.5,8.0,9.0,-3.0,0.75,10.0,5.0,0.5,11.0,0.0,0.0,7.0,11.0,1.0,4.0,0.1428571428571428,0.3636363636363636,-0.2207792207792208,35388.0,3,1.0,3.0,1.0,0.3333333333333333,1.0,0.3333333333333333,2.0,1,0,0.0,-1.0,,0.0,0.0,0.0,0.0,0.0,16,38,97,2.6,0.4782608695652174,small,0,0.0,0.0,0.0,0,16,38,97,2.6,0.4782608695652174,small,1521.3040142932707,,-1.8,-2.0,-0.35,-7.65,-6.35,0.0,-4.0,11.913834281793696,AwayWin,36,17,27,10,2,1,19
1974,1974-06-30,WC-1974,1974 FIFA World Cup,Argentina v Brazil,Second group stage,Argentina,Brazil,ARG,BRA,1.0,2.0,1-2,away team win,0.0,1.0,no,no,no,0-0,Niedersachsenstadion,S-061,Niedersachsenstadion,Hanover,Germany,0.0,39400.0,16:00,Vital Loraux,,215,16,38,97,2.6,0.4782608695652174,small,18,4.0,0.0,1.0,18.0,9.0,9.0,0.2222222222222222,0.5,1.0,0.5,4.0,-10.0,0.2,4.0,5.0,1.25,1.0,0.0,0.0,7.0,12.0,1.0,4.0,0.1428571428571428,0.3333333333333333,-0.1904761904761904,37131.22222222222,4,4.0,13.0,3.0,1.0,3.25,0.75,10.0,5,0,1.0,1.0,,0.0,0.0,1.0,1.0,0.0,16,38,97,2.6,0.4782608695652174,small,0,0.0,1.0,1.0,0,16,38,97,2.6,0.4782608695652174,small,1511.290496871199,,39,9.0,2.0,8.0,38.0,35.0,3.0,0.2307692307692307,0.0769230769230769,0.9743589743589745,0.8974358974358975,11.0,-9.0,0.6,15.0,6.0,0.4,4.0,0.0,0.0,7.0,13.0,1.0,5.0,0.1428571428571428,0.3846153846153846,-0.2417582417582418,50964.18421052631,3,1.0,8.0,11.0,0.3333333333333333,2.6666666666666665,3.6666666666666665,-3.0,9,0,0.0,-1.0,,1.0,3.0,4.0,5.0,1.0,16,38,97,2.6,0.4782608695652174,small,1,3.0,4.0,5.0,1,16,38,97,2.6,0.4782608695652174,small,1625.7009880801172,,-0.0085470085470085,6.0,-0.3999999999999999,0.0256410256410256,-0.3974358974358974,0.6666666666666667,13.0,-114.4104912089183,AwayWin,37,99,29,75,2,1,-62
1974,1974-06-30,WC-1974,1974 FIFA World Cup,East Germany v Netherlands,Second group stage,East Germany,Netherlands,DDR,NLD,0.0,2.0,0-2,away team win,0.0,1.0,no,no,no,0-0,Parkstadion,S-059,Parkstadion,Gelsenkirchen,Germany,0.0,,16:00,,,216,16,38,97,2.6,0.4782608695652174,small,3,26.0,7.0,7.0,97.0,46.0,51.0,8.666666666666666,17.0,32.333333333333336,15.333333333333334,4.0,,0.3333333333333333,20.0,0.0,0.0,20.0,0.0,0.0,0.0,0.0,0.0,0.0,,,,,3,2.0,3.0,1.0,0.6666666666666666,1.0,0.3333333333333333,2.0,0,0,1.0,1.0,,,,,,,16,38,97,2.6,0.4782608695652174,small,0,0.0,0.0,0.0,0,16,38,97,2.6,0.4782608695652174,small,1503.360319578537,,6,1.0,1.0,2.0,3.0,4.0,-1.0,0.1666666666666666,-0.1666666666666666,0.5,0.6666666666666666,10.0,2.0,0.6,4.0,1.0,0.25,0.0,0.0,,0.0,1.0,0.0,1.0,,1.0,,43774.666666666664,4,1.0,3.0,4.0,0.25,0.75,1.0,-1.0,2,0,0.0,-2.0,,0.0,0.0,0.0,0.0,0.0,16,38,97,2.6,0.4782608695652174,small,0,0.0,0.0,0.0,0,16,38,97,2.6,0.4782608695652174,small,1513.024943222923,,8.5,52.0,-0.2666666666666666,31.833333333333336,14.666666666666668,0.4166666666666666,3.0,-9.664623644385983,AwayWin,3,12,3,9,0,2,-9
1974,1974-06-30,WC-1974,1974 FIFA World Cup,Poland v Yugoslavia,Second group stage,Poland,Yugoslavia,POL,YUG,2.0,1.0,2-1,home team win,1.0,0.0,no,no,no,0-0,Waldstadion,S-057,Waldstadion,Frankfurt,Germany,0.0,58000.0,16:00,Rudolf Gloeckner,,217,16,38,97,2.6,0.4782608695652174,small,5,4.0,1.0,2.0,14.0,7.0,7.0,0.8,1.4,2.8,1.4,12.0,3.0,0.8,5.0,2.0,0.4,2.0,0.0,0.0,0.0,2.0,0.0,2.0,,1.0,,37301.4,4,4.0,12.0,1.0,1.0,3.0,0.25,11.0,1,0,1.0,2.0,,0.0,0.0,0.0,0.0,0.0,16,38,97,2.6,0.4782608695652174,small,0,0.0,0.0,0.0,0,16,38,97,2.6,0.4782608695652174,small,1531.6467876681966,,18,5.0,0.0,1.0,20.0,10.0,10.0,0.2777777777777778,0.5555555555555556,1.1111111111111112,0.5555555555555556,5.0,2.0,0.2,5.0,2.0,0.4,1.0,0.0,0.0,0.0,3.0,0.0,2.0,,0.6666666666666666,,31934.88888888889,2,5.0,15.0,4.0,2.5,7.5,2.0,11.0,5,0,1.0,1.0,,,,,,,16,38,97,2.6,0.4782608695652174,small,0,0.0,0.0,0.0,0,16,38,97,2.6,0.4782608695652174,small,1523.4890512318227,,0.5222222222222223,-3.0,0.6000000000000001,1.6888888888888889,0.8444444444444443,-1.5,0.0,8.157736436373852,HomeWin,18,33,11,28,1,1,-15
1974,1974-07-03,WC-1974,1974 FIFA World Cup,Argentina v East Germany,Second group stage,Argentina,East Germany,ARG,DDR,1.0,1.0,1-1,draw,0.0,0.0,yes,no,no,0-0,Parkstadion,S-059,Parkstadion,Gelsenkirchen,Germany,0.0,,19:30,,,218,16,38,97,2.6,0.4782608695652174,small,19,8.0,5.0,6.0,34.0,27.0,7.0,0.4210526315789473,0.3684210526315789,1.7894736842105263,1.4210526315789471,4.0,3.0,0.2,13.0,2.0,0.1538461538461538,6.0,1.0,0.1666666666666666,0.0,4.0,0.0,3.0,,0.75,,37250.63157894737,5,0.0,2.0,3.0,0.0,0.4,0.6,-1.0,5,0,0.0,-1.0,,0.0,0.0,1.0,1.0,0.0,16,38,97,2.6,0.4782608695652174,small,0,0.0,1.0,1.0,0,16,38,97,2.6,0.4782608695652174,small,1504.469412208187,,4,9.0,3.0,8.0,39.0,36.0,3.0,2.25,0.75,9.75,9.0,4.0,6.0,0.25,16.0,2.0,0.125,4.0,2.0,0.5,0.0,5.0,0.0,4.0,,0.8,,,4,1.0,9.0,12.0,0.25,2.25,3.0,-3.0,0,0,0.0,0.0,,,,,,,16,38,97,2.6,0.4782608695652174,small,0,0.0,0.0,0.0,0,16,38,97,2.6,0.4782608695652174,small,1493.638418081752,,-1.8289473684210529,4.0,-0.0499999999999999,-7.9605263157894735,-7.578947368421053,-0.25,2.0,10.830994126434916,Draw,38,3,30,3,2,0,35
1974,1974-07-03,WC-1974,1974 FIFA World Cup,Netherlands v Brazil,Second group stage,Netherlands,Brazil,NLD,BRA,2.0,0.0,2-0,home team win,1.0,0.0,no,no,no,0-0,Westfalenstadion,S-055,Westfalenstadion,Dortmund,Germany,0.0,53700.0,19:30,Kurt Tschenscher,,219,16,38,97,2.6,0.4782608695652174,small,7,1.0,2.0,2.0,4.0,5.0,-1.0,0.1428571428571428,-0.1428571428571428,0.5714285714285714,0.7142857142857143,13.0,3.0,0.8,5.0,2.0,0.4,0.0,2.0,,0.0,6.0,0.0,4.0,,0.6666666666666666,,43774.666666666664,5,1.0,4.0,5.0,0.2,0.8,1.0,-1.0,2,0,0.0,0.0,,0.0,0.0,0.0,0.0,0.0,16,38,97,2.6,0.4782608695652174,small,0,0.0,0.0,0.0,0,16,38,97,2.6,0.4782608695652174,small,1522.746844719708,,40,5.0,1.0,2.0,16.0,7.0,9.0,0.125,0.225,0.4,0.175,11.0,3.0,0.6,6.0,2.0,0.3333333333333333,2.0,3.0,1.5,0.0,7.0,0.0,5.0,,0.7142857142857143,,50667.666666666664,4,5.0,14.0,1.0,1.25,3.5,0.25,13.0,9,0,1.0,2.0,,1.0,3.0,4.0,5.0,1.0,16,38,97,2.6,0.4782608695652174,small,1,3.0,4.0,5.0,1,16,38,97,2.6,0.4782608695652174,small,1632.5220727431292,,0.0178571428571428,-10.0,0.2,0.1714285714285713,0.5392857142857144,-1.05,-14.0,-109.77522802342128,HomeWin,14,101,11,77,2,1,-87
1974,1974-07-03,WC-1974,1974 FIFA World Cup,Sweden v Yugoslavia,Second group stage,Sweden,Yugoslavia,SWE,YUG,2.0,1.0,2-1,home team win,1.0,0.0,no,no,no,0-0,Rheinstadion,S-056,Rheinstadion,Düsseldorf,Germany,0.0,41300.0,19:30,Luis Pestarino,,220,16,38,97,2.6,0.4782608695652174,small,21,26.0,7.0,8.0,97.0,48.0,49.0,1.238095238095238,2.3333333333333335,4.619047619047619,2.2857142857142856,8.0,3.0,0.4,21.0,2.0,0.0952380952380952,20.0,3.0,0.15,1.0,7.0,0.0,5.0,0.0,0.7142857142857143,-0.7142857142857143,27886.85714285714,4,2.0,3.0,3.0,0.5,0.75,0.75,0.0,5,0,0.0,-2.0,,0.0,0.0,1.0,2.0,0.0,16,38,97,2.6,0.4782608695652174,small,0,0.0,1.0,2.0,0,16,38,97,2.6,0.4782608695652174,small,1522.8750752001386,,19,10.0,5.0,7.0,40.0,33.0,7.0,0.5263157894736842,0.3684210526315789,2.1052631578947367,1.736842105263158,2.0,3.0,0.0,11.0,3.0,0.2727272727272727,11.0,3.0,0.2727272727272727,1.0,8.0,0.0,6.0,0.0,0.75,-0.75,33306.73684210526,3,2.0,5.0,2.0,0.6666666666666666,1.6666666666666667,0.6666666666666666,3.0,5,0,1.0,1.0,,,,,,,16,38,97,2.6,0.4782608695652174,small,0,0.0,0.0,0.0,0,16,38,97,2.6,0.4782608695652174,small,1513.7238066218065,,0.711779448621554,42.0,0.4,2.513784461152882,0.5488721804511276,-0.1666666666666666,-3.0,9.151268578332065,HomeWin,36,34,27,29,2,1,2
1974,1974-07-06,WC-1974,1974 FIFA World Cup,Brazil v Poland,Third place,Brazil,Poland,BRA,POL,0.0,1.0,0-1,away team win,0.0,1.0,no,no,no,0-0,Olympiastadion,S-065,Olympiastadion,Munich,Germany,0.0,77100.0,16:00,Aurelio Angonese,,221,16,38,97,2.6,0.4782608695652174,small,41,8.0,5.0,7.0,35.0,29.0,6.0,0.1951219512195122,0.1463414634146341,0.8536585365853658,0.7073170731707317,8.0,-1.0,0.4,14.0,3.0,0.2142857142857142,6.0,3.0,0.5,1.0,9.0,0.0,6.0,0.0,0.6666666666666666,-0.6666666666666666,50743.475,5,0.0,3.0,5.0,0.0,0.6,1.0,-2.0,9,1,0.0,-1.0,0.0,1.0,3.0,4.0,5.0,1.0,16,38,97,2.6,0.4782608695652174,small,1,3.0,4.0,5.0,1,16,38,97,2.6,0.4782608695652174,small,1619.4635925227997,,6,26.0,7.0,9.0,97.0,49.0,48.0,4.333333333333333,8.0,16.166666666666668,8.166666666666666,15.0,-1.0,1.0,21.0,3.0,0.1428571428571428,21.0,3.0,0.1428571428571428,1.0,10.0,0.0,6.0,0.0,0.6,-0.6,40751.166666666664,5,2.0,3.0,4.0,0.4,0.6,0.8,-1.0,1,1,1.0,0.0,1.0,0.0,0.0,0.0,0.0,0.0,16,38,97,2.6,0.4782608695652174,small,0,0.0,0.0,0.0,0,16,38,97,2.6,0.4782608695652174,small,1541.4120322782128,,-4.138211382113821,-42.0,-0.6,-15.313008130081302,-7.459349593495935,-0.4,-1.0,78.05156024458688,AwayWin,101,20,77,13,1,2,81
1978,1978-06-02,WC-1978,1978 FIFA World Cup,Argentina v Hungary,First group stage,Argentina,Hungary,ARG,HUN,2.0,1.0,2-1,home team win,1.0,0.0,no,no,no,0-0,Estadio Monumental,S-002,Estadio Monumental,Buenos Aires,Argentina,1.0,71615.0,19:15,Antonio Garrido,,222,16,38,102,2.7,0.5217391304347826,small,20,6.0,0.0,1.0,21.0,10.0,11.0,0.3,0.55,1.05,0.5,5.0,-2.0,0.2,5.0,3.0,0.6,2.0,3.0,1.5,1.0,11.0,0.0,6.0,0.0,0.5454545454545454,-0.5454545454545454,37250.63157894737,0,6.0,16.0,4.0,,,,12.0,6,1,1.0,0.0,1.0,0.0,0.0,1.0,1.0,0.0,16,38,102,2.7,0.5217391304347826,small,0,0.0,1.0,1.0,0,16,38,102,2.7,0.5217391304347826,small,1504.1577720846396,,20,10.0,3.0,8.0,41.0,37.0,4.0,0.5,0.2,2.05,1.85,6.0,-1.0,0.4,17.0,3.0,0.1764705882352941,4.0,3.0,0.75,2.0,11.0,0.0,6.0,0.0,0.5454545454545454,-0.5454545454545454,22378.85,0,1.0,2.0,1.0,,,,1.0,6,1,1.0,1.0,1.0,0.0,0.0,2.0,2.0,0.0,16,38,102,2.7,0.5217391304347826,small,0,0.0,2.0,2.0,0,16,38,102,2.7,0.5217391304347826,small,1531.4508525336507,,-0.2,7.0,-0.2,-0.9999999999999998,-1.35,,11.0,-27.29308044901109,HomeWin,39,53,31,41,2,3,-14
1978,1978-06-02,WC-1978,1978 FIFA World Cup,Italy v France,First group stage,Italy,France,ITA,FRA,2.0,1.0,2-1,home team win,1.0,0.0,no,no,no,0-0,Estadio José María Minella,S-004,Estadio José María Minella,Mar del Plata,Argentina,0.0,42373.0,13:45,Nicolae Rainea,,223,16,38,102,2.7,0.5217391304347826,small,25,11.0,2.0,8.0,55.0,30.0,25.0,0.44,1.0,2.2,1.2,5.0,-4.0,0.2,12.0,3.0,0.25,9.0,3.0,0.3333333333333333,2.0,12.0,0.0,6.0,0.0,0.5,-0.5,41003.875,0,0.0,1.0,2.0,,,,-1.0,8,0,0.0,-1.0,,1.0,2.0,3.0,3.0,0.0,16,38,102,2.7,0.5217391304347826,small,1,2.0,3.0,3.0,0,16,38,102,2.7,0.5217391304347826,small,1531.5387060908874,,15,14.0,4.0,8.0,44.0,30.0,14.0,0.9333333333333332,0.9333333333333332,2.933333333333333,2.0,4.0,1.0,0.2,15.0,4.0,0.2666666666666666,11.0,3.0,0.2727272727272727,2.0,13.0,0.0,7.0,0.0,0.5384615384615384,-0.5384615384615384,27044.333333333332,0,1.0,2.0,1.0,,,,1.0,6,0,1.0,1.0,,0.0,0.0,0.0,1.0,0.0,16,38,102,2.7,0.5217391304347826,small,0,0.0,0.0,1.0,0,16,38,102,2.7,0.5217391304347826,small,1480.4506132210197,,-0.4933333333333333,11.0,0.0,-0.733333333333333,-0.8,,-2.0,51.08809286986775,HomeWin,46,31,40,25,2,3,15
1978,1978-06-02,WC-1978,1978 FIFA World Cup,Tunisia v Mexico,First group stage,Tunisia,Mexico,TUN,MEX,3.0,1.0,3-1,home team win,1.0,0.0,no,no,no,0-0,Estadio Gigante de Arroyito,S-006,Estadio Gigante de Arroyito,Rosario,Argentina,0.0,17396.0,16:45,John Gordon,,224,16,38,102,2.7,0.5217391304347826,small,0,6.0,1.0,9.0,32.0,29.0,3.0,,,,,,0.0,,12.0,4.0,0.3333333333333333,4.0,3.0,0.75,3.0,13.0,0.0,7.0,0.0,0.5384615384615384,-0.5384615384615384,,0,0.0,1.0,2.0,,,,-1.0,0,0,0.0,-1.0,,,,,,,16,38,102,2.7,0.5217391304347826,small,0,0.0,0.0,0.0,0,16,38,102,2.7,0.5217391304347826,small,1500.0,,19,1.0,0.0,0.0,3.0,1.0,2.0,0.0526315789473684,0.1052631578947368,0.1578947368421052,0.0526315789473684,8.0,2.0,0.4,1.0,5.0,5.0,0.0,3.0,,4.0,13.0,1.0,7.0,0.25,0.5384615384615384,-0.2884615384615384,40018.47368421053,0,1.0,3.0,1.0,,,,2.0,7,0,1.0,2.0,,,,,,,16,38,102,2.7,0.5217391304347826,small,0,0.0,0.0,0.0,0,16,38,102,2.7,0.5217391304347826,small,1436.3520823798576,,,1.0,,,,,-3.0,63.64791762014238,HomeWin,0,18,0,16,0,4,-18
1978,1978-06-03,WC-1978,1978 FIFA World Cup,Austria v Spain,First group stage,Austria,Spain,AUT,ESP,2.0,1.0,2-1,home team win,1.0,0.0,no,no,no,0-0,Estadio José Amalfitani,S-001,Estadio José Amalfitani,Buenos Aires,Argentina,0.0,40841.0,13:45,Karoly Palotai,,225,16,38,102,2.7,0.5217391304347826,small,10,3.0,3.0,14.0,19.0,49.0,-30.0,0.3,-3.0,1.9,4.9,7.0,5.0,0.4,17.0,6.0,0.3529411764705882,3.0,3.0,1.0,4.0,14.0,1.0,8.0,0.25,0.5714285714285714,-0.3214285714285714,21889.9,0,0.0,1.0,3.0,,,,-2.0,3,0,0.0,-2.0,,0.0,0.0,0.0,1.0,0.0,16,38,102,2.7,0.5217391304347826,small,0,0.0,0.0,1.0,0,16,38,102,2.7,0.5217391304347826,small,1510.1156564746352,,14,6.0,1.0,4.0,20.0,16.0,4.0,0.4285714285714285,0.2857142857142857,1.4285714285714286,1.1428571428571428,6.0,8.0,0.4,6.0,7.0,1.1666666666666667,5.0,3.0,0.6,4.0,15.0,1.0,9.0,0.25,0.6,-0.35,37830.0,0,1.0,2.0,1.0,,,,1.0,4,0,1.0,1.0,,0.0,0.0,0.0,0.0,0.0,16,38,102,2.7,0.5217391304347826,small,0,0.0,0.0,0.0,0,16,38,102,2.7,0.5217391304347826,small,1498.8461025247625,,-0.1285714285714285,-34.0,0.0,0.4714285714285713,3.7571428571428576,,-3.0,11.269553949872943,HomeWin,18,20,15,18,1,1,-2
1978,1978-06-03,WC-1978,1978 FIFA World Cup,Netherlands v Iran,First group stage,Netherlands,Iran,NLD,IRN,3.0,0.0,3-0,home team win,1.0,0.0,no,no,no,0-0,Estadio Ciudad de Mendoza,S-005,Estadio Ciudad de Mendoza,Mendoza,Argentina,0.0,,16:45,,,226,16,38,102,2.7,0.5217391304347826,small,8,6.0,2.0,7.0,20.0,23.0,-3.0,0.75,-0.375,2.5,2.875,13.0,4.0,0.8,6.0,7.0,1.1666666666666667,9.0,3.0,0.3333333333333333,5.0,15.0,1.0,9.0,0.2,0.6,-0.3999999999999999,45192.57142857143,0,0.0,1.0,2.0,,,,-1.0,3,0,0.0,-1.0,,0.0,0.0,1.0,1.0,0.0,16,38,102,2.7,0.5217391304347826,small,0,0.0,1.0,1.0,0,16,38,102,2.7,0.5217391304347826,small,1535.8053249400375,,0,6.0,1.0,2.0,19.0,7.0,12.0,,,,,,6.0,,7.0,7.0,1.0,2.0,3.0,1.5,5.0,16.0,1.0,9.0,0.2,0.5625,-0.3625,,0,1.0,3.0,0.0,,,,3.0,0,0,1.0,3.0,,,,,,,16,38,102,2.7,0.5217391304347826,small,0,0.0,0.0,0.0,0,16,38,102,2.7,0.5217391304347826,small,1500.0,,,-15.0,,,,,-4.0,35.80532494003751,HomeWin,16,0,13,0,2,0,16
1978,1978-06-03,WC-1978,1978 FIFA World Cup,Peru v Scotland,First group stage,Peru,Scotland,PER,SCO,3.0,1.0,3-1,home team win,1.0,0.0,no,no,no,0-0,Estadio Chateau Carreras,S-003,Estadio Chateau Carreras,Córdoba,Argentina,0.0,37927.0,16:45,Ulf Eriksson,,227,16,38,102,2.7,0.5217391304347826,small,5,0.0,0.0,1.0,0.0,3.0,-3.0,0.0,-0.6,0.0,0.6,6.0,5.0,0.4,1.0,7.0,7.0,0.0,4.0,,6.0,16.0,2.0,9.0,0.3333333333333333,0.5625,-0.2291666666666666,28363.8,0,0.0,0.0,3.0,,,,-3.0,2,0,0.0,-3.0,,,,,,,16,38,102,2.7,0.5217391304347826,small,0,0.0,0.0,0.0,0,16,38,102,2.7,0.5217391304347826,small,1492.8097441093594,,7,3.0,0.0,3.0,12.0,11.0,1.0,0.4285714285714285,0.1428571428571428,1.7142857142857142,1.5714285714285714,3.0,0.0,0.0,5.0,7.0,1.4,1.0,4.0,4.0,6.0,17.0,2.0,9.0,0.3333333333333333,0.5294117647058824,-0.196078431372549,30258.571428571428,0,1.0,3.0,1.0,,,,2.0,3,0,1.0,2.0,,,,,,,16,38,102,2.7,0.5217391304347826,small,0,0.0,0.0,0.0,0,16,38,102,2.7,0.5217391304347826,small,1469.998397042468,,-0.4285714285714285,-4.0,0.4,-1.7142857142857142,-0.9714285714285714,,-5.0,22.81134706689136,HomeWin,9,5,8,5,0,0,4
1978,1978-06-06,WC-1978,1978 FIFA World Cup,Argentina v France,First group stage,Argentina,France,ARG,FRA,2.0,1.0,2-1,home team win,1.0,0.0,no,no,no,0-0,Estadio Monumental,S-002,Estadio Monumental,Buenos Aires,Argentina,1.0,71666.0,19:15,Jean Dubach,,228,16,38,102,2.7,0.5217391304347826,small,21,0.0,3.0,5.0,6.0,18.0,-12.0,0.0,-0.5714285714285714,0.2857142857142857,0.8571428571428571,7.0,-1.0,0.4,8.0,7.0,0.875,0.0,4.0,,6.0,18.0,2.0,9.0,0.3333333333333333,0.5,-0.1666666666666666,38968.85,1,0.0,1.0,3.0,0.0,1.0,3.0,-2.0,6,1,0.0,-2.0,0.0,0.0,0.0,1.0,1.0,0.0,16,38,102,2.7,0.5217391304347826,small,0,0.0,1.0,1.0,0,16,38,102,2.7,0.5217391304347826,small,1514.9417181692752,,16,11.0,3.0,8.0,43.0,38.0,5.0,0.6875,0.3125,2.6875,2.375,1.0,2.0,0.0,18.0,8.0,0.4444444444444444,4.0,4.0,1.0,7.0,18.0,3.0,9.0,0.4285714285714285,0.5,-0.0714285714285714,28002.375,1,2.0,4.0,2.0,2.0,4.0,2.0,2.0,6,1,2.0,2.0,2.0,0.0,0.0,0.0,1.0,0.0,16,38,102,2.7,0.5217391304347826,small,0,0.0,0.0,1.0,0,16,38,102,2.7,0.5217391304347826,small,1471.9105398156903,,-0.6875,-17.0,0.4,-2.4017857142857144,-1.5178571428571428,-2.0,-4.0,43.03117835358489,HomeWin,41,32,33,26,2,3,9
1978,1978-06-06,WC-1978,1978 FIFA World Cup,Italy v Hungary,First group stage,Italy,Hungary,ITA,HUN,3.0,1.0,3-1,home team win,1.0,0.0,no,no,no,0-0,Estadio José María Minella,S-004,Estadio José María Minella,Mar del Plata,Argentina,0.0,26533.0,13:45,Ramon Barreto Ruiz,,229,16,38,102,2.7,0.5217391304347826,small,26,6.0,1.0,10.0,33.0,31.0,2.0,0.2307692307692307,0.0769230769230769,1.2692307692307692,1.1923076923076923,7.0,2.0,0.4,13.0,8.0,0.6153846153846154,4.0,4.0,1.0,8.0,18.0,3.0,9.0,0.375,0.5,-0.125,41058.64,1,0.0,2.0,4.0,0.0,2.0,4.0,-2.0,8,1,0.0,-2.0,0.0,1.0,2.0,3.0,3.0,0.0,16,38,102,2.7,0.5217391304347826,small,1,2.0,3.0,3.0,0,16,38,102,2.7,0.5217391304347826,small,1540.0787794962168,,21,15.0,4.0,8.0,47.0,31.0,16.0,0.7142857142857143,0.7619047619047619,2.238095238095238,1.4761904761904765,6.0,1.0,0.4,16.0,8.0,0.5,11.0,4.0,0.3636363636363636,8.0,19.0,3.0,9.0,0.375,0.4736842105263157,-0.0986842105263157,24723.428571428572,1,2.0,5.0,2.0,2.0,5.0,2.0,3.0,6,1,2.0,4.0,2.0,0.0,0.0,2.0,2.0,0.0,16,38,102,2.7,0.5217391304347826,small,0,0.0,2.0,2.0,0,16,38,102,2.7,0.5217391304347826,small,1520.6669064490152,,-0.4835164835164835,-14.0,0.0,-0.968864468864469,-0.283882783882784,-2.0,-5.0,19.411873047201652,HomeWin,48,54,42,42,2,3,-6
1978,1978-06-06,WC-1978,1978 FIFA World Cup,Poland v Tunisia,First group stage,Poland,Tunisia,POL,TUN,1.0,0.0,1-0,home team win,1.0,0.0,no,no,no,0-0,Estadio Gigante de Arroyito,S-006,Estadio Gigante de Arroyito,Rosario,Argentina,0.0,9624.0,16:45,Angel Martinez,,230,16,38,102,2.7,0.5217391304347826,small,7,11.0,2.0,9.0,56.0,33.0,23.0,1.5714285714285714,3.2857142857142856,8.0,4.714285714285714,15.0,3.0,1.0,13.0,8.0,0.6153846153846154,9.0,4.0,0.4444444444444444,9.0,19.0,3.0,9.0,0.3333333333333333,0.4736842105263157,-0.1403508771929824,45943.857142857145,0,0.0,2.0,5.0,,,,-3.0,2,0,0.0,-4.0,,0.0,0.0,0.0,1.0,0.0,16,38,102,2.7,0.5217391304347826,small,0,0.0,0.0,1.0,0,16,38,102,2.7,0.5217391304347826,small,1553.6214923437522,,1,7.0,0.0,1.0,22.0,10.0,12.0,7.0,12.0,22.0,10.0,3.0,0.0,1.0,6.0,8.0,1.3333333333333333,2.0,4.0,2.0,9.0,20.0,3.0,9.0,0.3333333333333333,0.45,-0.1166666666666667,17396.0,1,1.0,1.0,0.0,1.0,1.0,0.0,1.0,0,0,1.0,1.0,,,,,,,16,38,102,2.7,0.5217391304347826,small,0,0.0,0.0,0.0,0,16,38,102,2.7,0.5217391304347826,small,1508.188287396551,,-5.428571428571429,11.0,0.0,-14.0,-5.285714285714286,,-4.0,45.43320494720115,HomeWin,21,3,14,3,2,0,18
1978,1978-06-07,WC-1978,1978 FIFA World Cup,Austria v Sweden,First group stage,Austria,Sweden,AUT,SWE,1.0,0.0,1-0,home team win,1.0,0.0,no,no,no,0-0,Estadio José Amalfitani,S-001,Estadio José Amalfitani,Buenos Aires,Argentina,0.0,41424.0,13:45,Charles Corver,,231,16,38,102,2.7,0.5217391304347826,small,11,1.0,0.0,1.0,3.0,2.0,1.0,0.0909090909090909,0.0909090909090909,0.2727272727272727,0.1818181818181818,7.0,,0.4,2.0,0.0,0.0,0.0,0.0,,0.0,0.0,0.0,0.0,,,,23612.727272727272,1,1.0,3.0,2.0,1.0,3.0,2.0,1.0,3,0,0.0,-1.0,,0.0,0.0,0.0,1.0,0.0,16,38,102,2.7,0.5217391304347826,small,0,0.0,0.0,1.0,0,16,38,102,2.7,0.5217391304347826,small,1519.7914063466108,,22,7.0,1.0,4.0,21.0,16.0,5.0,0.3181818181818182,0.2272727272727272,0.9545454545454546,0.7272727272727273,8.0,0.0,0.4,7.0,0.0,0.0,5.0,0.0,0.0,1.0,0.0,0.0,0.0,0.0,,,28496.545454545456,0,2.0,3.0,1.0,,,,2.0,6,0,1.0,1.0,,0.0,0.0,1.0,2.0,0.0,16,38,102,2.7,0.5217391304347826,small,0,0.0,1.0,2.0,0,16,38,102,2.7,0.5217391304347826,small,1532.6117414121738,,-0.2272727272727272,-4.0,0.0,-0.6818181818181819,-0.5454545454545454,,-1.0,-12.820335065563086,HomeWin,20,38,17,29,1,2,-18
1978,1978-06-07,WC-1978,1978 FIFA World Cup,Brazil v Spain,First group stage,Brazil,Spain,BRA,ESP,0.0,0.0,0-0,draw,0.0,0.0,yes,no,no,0-0,Estadio José María Minella,S-004,Estadio José María Minella,Mar del Plata,Argentina,0.0,34771.0,13:45,Sergio Gonella,,232,16,38,102,2.7,0.5217391304347826,small,42,10.0,5.0,8.0,40.0,34.0,6.0,0.238095238095238,0.1428571428571428,0.9523809523809524,0.8095238095238095,7.0,1.0,0.4,12.0,0.0,0.0,11.0,1.0,0.0909090909090909,2.0,0.0,1.0,0.0,0.5,,,51386.31707317073,0,0.0,0.0,1.0,,,,-1.0,10,3,0.0,-1.0,0.0,1.0,3.0,4.0,5.0,0.0,16,38,102,2.7,0.5217391304347826,small,1,3.0,4.0,5.0,0,16,38,102,2.7,0.5217391304347826,small,1607.2541324572603,,15,26.0,8.0,9.0,97.0,49.0,48.0,1.7333333333333334,3.2,6.466666666666667,3.2666666666666666,6.0,,0.4,22.0,0.0,0.0,21.0,0.0,0.0,0.0,0.0,0.0,0.0,,,,38030.73333333333,1,0.0,0.0,0.0,0.0,0.0,0.0,0.0,4,3,2.0,4.0,0.6666666666666666,0.0,0.0,0.0,0.0,0.0,16,38,102,2.7,0.5217391304347826,small,0,0.0,0.0,0.0,0,16,38,102,2.7,0.5217391304347826,small,1489.1703526527867,,-1.4952380952380953,-42.0,0.0,-5.514285714285714,-2.4571428571428573,,-1.0,118.08377980447358,Draw,101,21,77,19,1,1,80
1978,1978-06-07,WC-1978,1978 FIFA World Cup,Netherlands v Peru,First group stage,Netherlands,Peru,NLD,PER,0.0,0.0,0-0,draw,0.0,0.0,yes,no,no,0-0,Estadio Ciudad de Mendoza,S-005,Estadio Ciudad de Mendoza,Mendoza,Argentina,0.0,28125.0,16:45,Adolf Prokop,,233,16,38,102,2.7,0.5217391304347826,small,9,6.0,3.0,7.0,20.0,23.0,-3.0,0.6666666666666666,-0.3333333333333333,2.2222222222222223,2.5555555555555554,15.0,3.0,1.0,7.0,1.0,0.1428571428571428,9.0,0.0,0.0,0.0,1.0,0.0,1.0,,1.0,,45192.57142857143,1,0.0,1.0,2.0,0.0,1.0,2.0,-1.0,3,0,1.0,-4.0,,0.0,0.0,1.0,1.0,0.0,16,38,102,2.7,0.5217391304347826,small,0,0.0,1.0,1.0,0,16,38,102,2.7,0.5217391304347826,small,1544.7783977827046,,6,6.0,2.0,2.0,19.0,7.0,12.0,1.0,2.0,3.1666666666666665,1.1666666666666667,9.0,1.0,0.6,8.0,1.0,0.125,2.0,0.0,0.0,1.0,1.0,0.0,1.0,0.0,1.0,-1.0,29957.666666666668,1,1.0,3.0,0.0,1.0,3.0,0.0,3.0,2,0,0.0,0.0,,,,,,,16,38,102,2.7,0.5217391304347826,small,0,0.0,0.0,0.0,0,16,38,102,2.7,0.5217391304347826,small,1502.1541225668482,,-0.3333333333333333,-15.0,0.4,-0.9444444444444442,1.3888888888888886,-1.0,-4.0,42.624275215856414,Draw,19,12,14,10,4,0,7
1978,1978-06-07,WC-1978,1978 FIFA World Cup,Scotland v Iran,First group stage,Scotland,Iran,SCO,IRN,1.0,1.0,1-1,draw,0.0,0.0,yes,no,no,0-0,Estadio Chateau Carreras,S-003,Estadio Chateau Carreras,Córdoba,Argentina,0.0,,16:45,,,234,16,38,102,2.7,0.5217391304347826,small,8,3.0,1.0,3.0,12.0,11.0,1.0,0.375,0.125,1.5,1.375,2.0,,0.0,6.0,0.0,0.0,1.0,0.0,0.0,0.0,0.0,0.0,0.0,,,,31217.125,1,1.0,3.0,1.0,1.0,3.0,1.0,2.0,3,0,0.0,0.0,,,,,,,16,38,102,2.7,0.5217391304347826,small,0,0.0,0.0,0.0,0,16,38,102,2.7,0.5217391304347826,small,1460.6540185849792,,1,0.0,4.0,5.0,7.0,19.0,-12.0,0.0,-12.0,7.0,19.0,0.0,1.0,0.0,9.0,0.0,0.0,0.0,1.0,,1.0,0.0,1.0,0.0,1.0,,,,1,0.0,2.0,4.0,0.0,2.0,4.0,-2.0,0,0,0.0,0.0,,,,,,,16,38,102,2.7,0.5217391304347826,small,0,0.0,0.0,0.0,0,16,38,102,2.7,0.5217391304347826,small,1491.026927157333,,0.375,13.0,0.0,-5.5,-17.625,1.0,4.0,-30.372908572353708,Draw,6,0,6,0,0,0,6
1978,1978-06-10,WC-1978,1978 FIFA World Cup,Argentina v Italy,First group stage,Argentina,Italy,ARG,ITA,0.0,1.0,0-1,away team win,0.0,1.0,no,no,no,0-0,Estadio Monumental,S-002,Estadio Monumental,Buenos Aires,Argentina,1.0,,19:15,,,235,16,38,102,2.7,0.5217391304347826,small,22,0.0,1.0,1.0,1.0,4.0,-3.0,0.0,-0.1363636363636363,0.0454545454545454,0.1818181818181818,7.0,2.0,0.4,2.0,0.0,0.0,0.0,2.0,,2.0,0.0,2.0,0.0,1.0,,,40525.857142857145,2,0.0,1.0,4.0,0.0,0.5,2.0,-3.0,6,1,0.0,0.0,0.0,0.0,0.0,1.0,1.0,0.0,16,38,102,2.7,0.5217391304347826,small,0,0.0,1.0,1.0,0,16,38,102,2.7,0.5217391304347826,small,1523.7094756209706,,27,11.0,3.0,9.0,43.0,39.0,4.0,0.4074074074074074,0.1481481481481481,1.5925925925925926,1.4444444444444444,10.0,4.0,0.6,19.0,0.0,0.0,4.0,3.0,0.75,3.0,0.0,3.0,0.0,1.0,,,40499.96153846154,2,2.0,4.0,3.0,1.0,2.0,1.5,1.0,8,1,0.0,-1.0,0.0,1.0,2.0,3.0,3.0,0.0,16,38,102,2.7,0.5217391304347826,small,1,2.0,3.0,3.0,0,16,38,102,2.7,0.5217391304347826,small,1549.52064152981,,-0.4074074074074074,-7.0,-0.1999999999999999,-1.5471380471380471,-1.2626262626262623,-1.0,-4.0,-25.811165908839484,AwayWin,43,51,35,45,3,2,-8
1978,1978-06-10,WC-1978,1978 FIFA World Cup,France v Hungary,First group stage,France,Hungary,FRA,HUN,3.0,1.0,3-1,home team win,1.0,0.0,no,no,no,0-0,Estadio José María Minella,S-004,Estadio José María Minella,Mar del Plata,Argentina,0.0,23127.0,14:30,Arnaldo Coelho,,236,16,38,102,2.7,0.5217391304347826,small,17,16.0,4.0,8.0,48.0,31.0,17.0,0.9411764705882352,1.0,2.823529411764706,1.8235294117647056,1.0,3.0,0.0,17.0,0.0,0.0,11.0,3.0,0.2727272727272727,3.0,1.0,3.0,0.0,1.0,0.0,1.0,30570.82352941177,2,3.0,6.0,2.0,1.5,3.0,1.0,4.0,6,0,1.0,1.0,,0.0,0.0,0.0,1.0,0.0,16,38,102,2.7,0.5217391304347826,small,0,0.0,0.0,1.0,0,16,38,102,2.7,0.5217391304347826,small,1463.142782363995,,22,7.0,1.0,10.0,36.0,32.0,4.0,0.3181818181818182,0.1818181818181818,1.6363636363636365,1.4545454545454546,6.0,6.0,0.4,14.0,0.0,0.0,4.0,4.0,1.0,4.0,1.0,4.0,0.0,1.0,0.0,1.0,24805.68181818182,2,1.0,5.0,5.0,0.5,2.5,2.5,0.0,6,0,1.0,2.0,,0.0,0.0,2.0,2.0,0.0,16,38,102,2.7,0.5217391304347826,small,0,0.0,2.0,2.0,0,16,38,102,2.7,0.5217391304347826,small,1511.225044415422,,0.6229946524064172,13.0,-0.4,1.1871657754010696,0.3689839572192512,1.0,4.0,-48.08226205142705,HomeWin,33,55,27,43,3,4,-22
1978,1978-06-10,WC-1978,1978 FIFA World Cup,Poland v Mexico,First group stage,Poland,Mexico,POL,MEX,3.0,1.0,3-1,home team win,1.0,0.0,no,no,no,0-0,Estadio Gigante de Arroyito,S-006,Estadio Gigante de Arroyito,Rosario,Argentina,0.0,22651.0,16:45,Jafar Namdar,,237,16,38,102,2.7,0.5217391304347826,small,8,11.0,2.0,10.0,57.0,36.0,21.0,1.375,2.625,7.125,4.5,15.0,5.0,1.0,14.0,0.0,0.0,9.0,4.0,0.4444444444444444,4.0,2.0,4.0,0.0,1.0,0.0,1.0,41403.875,1,0.0,3.0,8.0,0.0,3.0,8.0,-5.0,2,0,0.0,-2.0,,0.0,0.0,0.0,1.0,0.0,16,38,102,2.7,0.5217391304347826,small,0,0.0,0.0,1.0,0,16,38,102,2.7,0.5217391304347826,small,1562.3212227244353,,20,8.0,0.0,1.0,25.0,11.0,14.0,0.4,0.7,1.25,0.55,7.0,3.0,0.4,7.0,0.0,0.0,2.0,4.0,2.0,4.0,3.0,4.0,0.0,1.0,0.0,1.0,38887.35,1,2.0,4.0,1.0,2.0,4.0,1.0,3.0,7,0,1.0,2.0,,,,,,,16,38,102,2.7,0.5217391304347826,small,0,0.0,0.0,0.0,0,16,38,102,2.7,0.5217391304347826,small,1428.1637949833066,,0.975,7.0,0.6,5.875,3.95,-2.0,-8.0,134.15742774112869,HomeWin,22,19,15,17,2,5,3
1978,1978-06-11,WC-1978,1978 FIFA World Cup,Brazil v Austria,First group stage,Brazil,Austria,BRA,AUT,1.0,0.0,1-0,home team win,1.0,0.0,no,no,no,0-0,Estadio José María Minella,S-004,Estadio José María Minella,Mar del Plata,Argentina,0.0,35221.0,13:45,Robert Wurtz,,238,16,38,102,2.7,0.5217391304347826,small,43,3.0,3.0,15.0,20.0,52.0,-32.0,0.0697674418604651,-0.7441860465116279,0.4651162790697674,1.2093023255813953,7.0,-1.0,0.4,18.0,0.0,0.0,3.0,4.0,1.3333333333333333,4.0,4.0,4.0,0.0,1.0,0.0,1.0,50990.71428571428,1,0.0,2.0,6.0,0.0,2.0,6.0,-4.0,10,1,0.0,-2.0,0.0,1.0,3.0,4.0,5.0,0.0,16,38,102,2.7,0.5217391304347826,small,1,3.0,4.0,5.0,0,16,38,102,2.7,0.5217391304347826,small,1603.9804973695743,,12,27.0,8.0,9.0,98.0,49.0,49.0,2.25,4.083333333333333,8.166666666666666,4.083333333333333,7.0,-5.0,0.4,23.0,0.0,0.0,21.0,4.0,0.1904761904761904,4.0,5.0,4.0,0.0,1.0,0.0,1.0,25097.0,2,1.0,1.0,0.0,0.5,0.5,0.0,1.0,3,1,2.0,4.0,2.0,0.0,0.0,0.0,1.0,0.0,16,38,102,2.7,0.5217391304347826,small,0,0.0,0.0,1.0,0,16,38,102,2.7,0.5217391304347826,small,1530.1602378663504,,-2.1802325581395348,-81.0,0.0,-7.701550387596899,-2.8740310077519378,-0.5,-5.0,73.82025950322395,HomeWin,101,21,77,18,1,2,80
1978,1978-06-11,WC-1978,1978 FIFA World Cup,Peru v Iran,First group stage,Peru,Iran,PER,IRN,4.0,1.0,4-1,home team win,1.0,0.0,no,no,no,0-0,Estadio Chateau Carreras,S-003,Estadio Chateau Carreras,Córdoba,Argentina,0.0,,16:45,,,239,16,38,102,2.7,0.5217391304347826,small,7,7.0,1.0,5.0,21.0,17.0,4.0,1.0,0.5714285714285714,3.0,2.4285714285714284,10.0,-9.0,0.6,8.0,0.0,0.0,5.0,4.0,0.8,4.0,6.0,4.0,0.0,1.0,0.0,1.0,29695.85714285714,2,2.0,3.0,2.0,1.0,1.5,1.0,1.0,2,0,0.0,-4.0,,,,,,,16,38,102,2.7,0.5217391304347826,small,0,0.0,0.0,0.0,0,16,38,102,2.7,0.5217391304347826,small,1503.374829673628,,2,4.0,1.0,3.0,16.0,12.0,4.0,2.0,2.0,8.0,6.0,1.0,-4.0,0.0,7.0,1.0,0.1428571428571428,1.0,4.0,4.0,5.0,6.0,5.0,0.0,1.0,0.0,1.0,,2,2.0,7.0,2.0,1.0,3.5,1.0,5.0,0,0,1.0,3.0,,,,,,,16,38,102,2.7,0.5217391304347826,small,0,0.0,0.0,0.0,0,16,38,102,2.7,0.5217391304347826,small,1490.1549447625189,,-1.0,0.0,0.6,-5.0,-3.5714285714285716,0.0,-4.0,13.219884911109377,HomeWin,12,1,10,1,0,0,11
1978,1978-06-11,WC-1978,1978 FIFA World Cup,Scotland v Netherlands,First group stage,Scotland,Netherlands,SCO,NLD,3.0,2.0,3-2,home team win,1.0,0.0,no,no,no,0-0,Estadio Ciudad de Mendoza,S-005,Estadio Ciudad de Mendoza,Mendoza,Argentina,0.0,35130.0,16:45,Erich Linemayr,,240,16,38,102,2.7,0.5217391304347826,small,9,0.0,1.0,2.0,2.0,8.0,-6.0,0.0,-0.6666666666666666,0.2222222222222222,0.8888888888888888,3.0,-4.0,0.0,3.0,1.0,0.3333333333333333,0.0,4.0,,5.0,7.0,5.0,0.0,1.0,0.0,1.0,31217.125,2,0.0,2.0,8.0,0.0,1.0,4.0,-6.0,3,0,0.0,-3.0,,,,,,,16,38,102,2.7,0.5217391304347826,small,0,0.0,0.0,0.0,0,16,38,102,2.7,0.5217391304347826,small,1461.5260009797937,,10,1.0,4.0,5.0,10.0,21.0,-11.0,0.1,-1.1,1.0,2.1,13.0,-1.0,0.8,10.0,2.0,0.2,0.0,4.0,,6.0,7.0,6.0,0.0,1.0,0.0,1.0,43059.125,2,1.0,5.0,6.0,0.5,2.5,3.0,-1.0,3,0,1.0,1.0,,0.0,0.0,1.0,1.0,0.0,16,38,102,2.7,0.5217391304347826,small,0,0.0,1.0,1.0,0,16,38,102,2.7,0.5217391304347826,small,1543.5576906759247,,-0.1,5.0,-0.8,-0.7777777777777778,-1.2111111111111112,-0.5,-5.0,-82.03168969613125,HomeWin,7,19,7,14,0,4,-12
1978,1978-06-11,WC-1978,1978 FIFA World Cup,Spain v Sweden,First group stage,Spain,Sweden,ESP,SWE,1.0,0.0,1-0,home team win,1.0,0.0,no,no,no,0-0,Estadio José Amalfitani,S-001,Estadio José Amalfitani,Buenos Aires,Argentina,0.0,42132.0,13:45,Ferdinand Biwersi,,241,16,38,102,2.7,0.5217391304347826,small,16,6.0,2.0,3.0,21.0,10.0,11.0,0.375,0.6875,1.3125,0.625,4.0,4.0,0.2,9.0,2.0,0.2222222222222222,2.0,4.0,2.0,6.0,8.0,6.0,0.0,1.0,0.0,1.0,37827.0,2,1.0,5.0,3.0,0.5,2.5,1.5,2.0,4,1,0.0,-1.0,0.0,0.0,0.0,0.0,0.0,0.0,16,38,102,2.7,0.5217391304347826,small,0,0.0,0.0,0.0,0,16,38,102,2.7,0.5217391304347826,small,1492.4439877404727,,23,7.0,3.0,7.0,21.0,23.0,-2.0,0.3043478260869565,-0.0869565217391304,0.9130434782608696,1.0,7.0,3.0,0.4,8.0,2.0,0.25,9.0,4.0,0.4444444444444444,6.0,9.0,6.0,0.0,1.0,0.0,1.0,29058.608695652172,1,1.0,2.0,2.0,1.0,2.0,2.0,0.0,6,1,1.0,-1.0,1.0,0.0,0.0,1.0,2.0,0.0,16,38,102,2.7,0.5217391304347826,small,0,0.0,1.0,2.0,0,16,38,102,2.7,0.5217391304347826,small,1522.2429098924342,,0.0706521739130434,13.0,-0.2,0.3994565217391305,-0.375,-0.5,2.0,-29.798922151961506,HomeWin,21,38,19,29,1,2,-17
1978,1978-06-14,WC-1978,1978 FIFA World Cup,Argentina v Poland,Second group stage,Argentina,Poland,ARG,POL,2.0,0.0,2-0,home team win,1.0,0.0,no,no,no,0-0,Estadio Gigante de Arroyito,S-006,Estadio Gigante de Arroyito,Rosario,Argentina,1.0,37091.0,19:15,Ulf Eriksson,,242,16,38,102,2.7,0.5217391304347826,small,23,10.0,5.0,9.0,40.0,35.0,5.0,0.4347826086956521,0.217391304347826,1.7391304347826086,1.5217391304347827,7.0,-1.0,0.4,13.0,2.0,0.1538461538461538,11.0,5.0,0.4545454545454545,7.0,9.0,7.0,0.0,1.0,0.0,1.0,40525.857142857145,3,0.0,0.0,2.0,0.0,0.0,0.6666666666666666,-2.0,6,1,1.0,1.0,1.0,0.0,0.0,1.0,1.0,0.0,16,38,102,2.7,0.5217391304347826,small,0,0.0,1.0,1.0,0,16,38,102,2.7,0.5217391304347826,small,1514.4510169872542,,9,12.0,3.0,9.0,45.0,39.0,6.0,1.3333333333333333,0.6666666666666666,5.0,4.333333333333333,15.0,2.0,1.0,20.0,2.0,0.1,4.0,6.0,1.5,8.0,9.0,8.0,0.0,1.0,0.0,1.0,39320.22222222222,2,3.0,6.0,3.0,1.5,3.0,1.5,3.0,2,1,1.0,1.0,1.0,0.0,0.0,0.0,1.0,0.0,16,38,102,2.7,0.5217391304347826,small,0,0.0,0.0,1.0,0,16,38,102,2.7,0.5217391304347826,small,1568.640978358711,,-0.8985507246376812,-1.0,-0.6,-3.2608695652173916,-2.8115942028985503,-1.5,-5.0,-54.189961371456775,HomeWin,43,25,35,17,3,2,18
1978,1978-06-14,WC-1978,1978 FIFA World Cup,Brazil v Peru,Second group stage,Brazil,Peru,BRA,PER,3.0,0.0,3-0,home team win,1.0,0.0,no,no,no,0-0,Estadio Ciudad de Mendoza,S-005,Estadio Ciudad de Mendoza,Mendoza,Argentina,0.0,31278.0,16:45,Nicolae Rainea,,243,16,38,102,2.7,0.5217391304347826,small,44,8.0,0.0,2.0,25.0,13.0,12.0,0.1818181818181818,0.2727272727272727,0.5681818181818182,0.2954545454545454,7.0,-1.0,0.4,8.0,2.0,0.25,2.0,6.0,3.0,8.0,10.0,8.0,0.0,1.0,0.0,1.0,50623.976744186046,2,2.0,4.0,3.0,1.0,2.0,1.5,1.0,10,1,1.0,-1.0,1.0,1.0,3.0,4.0,5.0,0.0,16,38,102,2.7,0.5217391304347826,small,1,3.0,4.0,5.0,0,16,38,102,2.7,0.5217391304347826,small,1611.8871854469503,,8,28.0,8.0,9.0,101.0,49.0,52.0,3.5,6.5,12.625,6.125,10.0,-4.0,0.6,24.0,2.0,0.0833333333333333,21.0,6.0,0.2857142857142857,8.0,11.0,8.0,0.0,1.0,0.0,1.0,29695.85714285714,3,2.0,4.0,0.0,0.6666666666666666,1.3333333333333333,0.0,4.0,2,1,2.0,5.0,2.0,,,,,,16,38,102,2.7,0.5217391304347826,small,0,0.0,0.0,0.0,0,16,38,102,2.7,0.5217391304347826,small,1512.9945143212424,,-3.3181818181818183,-40.0,-0.1999999999999999,-12.056818181818182,-5.829545454545454,0.3333333333333333,-3.0,98.89267112570816,HomeWin,102,16,78,12,1,2,86
1978,1978-06-18,WC-1978,1978 FIFA World Cup,Argentina v Brazil,Second group stage,Argentina,Brazil,ARG,BRA,0.0,0.0,0-0,draw,0.0,0.0,yes,no,no,0-0,Estadio Gigante de Arroyito,S-006,Estadio Gigante de Arroyito,Rosario,Argentina,1.0,37326.0,19:15,Karoly Palotai,,244,16,38,102,2.7,0.5217391304347826,small,24,4.0,1.0,4.0,16.0,15.0,1.0,0.1666666666666666,0.0416666666666666,0.6666666666666666,0.625,10.0,-3.0,0.6,8.0,2.0,0.25,1.0,6.0,6.0,8.0,12.0,8.0,0.0,1.0,0.0,1.0,40369.72727272727,4,2.0,7.0,5.0,0.5,1.75,1.25,2.0,6,1,0.0,-5.0,0.0,0.0,0.0,1.0,1.0,0.0,16,38,102,2.7,0.5217391304347826,small,0,0.0,1.0,1.0,0,16,38,102,2.7,0.5217391304347826,small,1525.998203601549,,45,12.0,4.0,9.0,45.0,39.0,6.0,0.2666666666666666,0.1333333333333333,1.0,0.8666666666666667,7.0,-5.0,0.4,21.0,2.0,0.0952380952380952,4.0,6.0,1.5,8.0,13.0,8.0,0.0,1.0,0.0,1.0,50184.295454545456,3,3.0,6.0,3.0,1.0,2.0,1.0,3.0,10,1,0.0,-1.0,0.0,1.0,3.0,4.0,5.0,0.0,16,38,102,2.7,0.5217391304347826,small,1,3.0,4.0,5.0,0,16,38,102,2.7,0.5217391304347826,small,1619.1152820387315,,-0.1,-5.0,0.1999999999999999,-0.3333333333333333,-0.2416666666666667,-0.5,-1.0,-93.1170784371825,Draw,45,105,36,80,3,2,-60
1978,1978-06-18,WC-1978,1978 FIFA World Cup,Italy v Austria,Second group stage,Italy,Austria,ITA,AUT,1.0,0.0,1-0,home team win,1.0,0.0,no,no,no,0-0,Estadio Monumental,S-002,Estadio Monumental,Buenos Aires,Argentina,0.0,66695.0,16:45,Francis Rion,,245,16,38,102,2.7,0.5217391304347826,small,28,28.0,9.0,9.0,101.0,49.0,52.0,1.0,1.8571428571428572,3.607142857142857,1.75,10.0,-7.0,0.6,25.0,2.0,0.08,21.0,6.0,0.2857142857142857,9.0,13.0,8.0,0.0,0.8888888888888888,0.0,0.8888888888888888,40499.96153846154,3,2.0,4.0,0.0,0.6666666666666666,1.3333333333333333,0.0,4.0,8,1,1.0,1.0,1.0,1.0,2.0,3.0,3.0,0.0,16,38,102,2.7,0.5217391304347826,small,1,2.0,3.0,3.0,0,16,38,102,2.7,0.5217391304347826,small,1558.7791001635264,,13,17.0,4.0,8.0,49.0,31.0,18.0,1.3076923076923077,1.3846153846153846,3.769230769230769,2.3846153846153846,7.0,-7.0,0.4,18.0,2.0,0.1111111111111111,11.0,6.0,0.5454545454545454,9.0,14.0,8.0,0.0,0.8888888888888888,0.0,0.8888888888888888,25875.76923076923,3,4.0,7.0,2.0,1.3333333333333333,2.3333333333333335,0.6666666666666666,5.0,3,1,2.0,2.0,2.0,0.0,0.0,0.0,1.0,0.0,16,38,102,2.7,0.5217391304347826,small,0,0.0,0.0,1.0,0,16,38,102,2.7,0.5217391304347826,small,1522.2535497889742,,-0.3076923076923077,34.0,0.1999999999999999,-0.1620879120879119,-0.6346153846153846,-0.6666666666666666,-1.0,36.52555037455227,HomeWin,52,21,46,18,2,2,31
1978,1978-06-21,WC-1978,1978 FIFA World Cup,Argentina v Peru,Second group stage,Argentina,Peru,ARG,PER,6.0,0.0,6-0,home team win,1.0,0.0,no,no,no,0-0,Estadio Gigante de Arroyito,S-006,Estadio Gigante de Arroyito,Rosario,Argentina,1.0,37315.0,19:15,Robert Wurtz,,246,16,38,102,2.7,0.5217391304347826,small,25,7.0,1.0,6.0,21.0,18.0,3.0,0.28,0.12,0.84,0.72,10.0,-4.0,0.6,9.0,2.0,0.2222222222222222,5.0,6.0,1.2,9.0,15.0,8.0,0.0,0.8888888888888888,0.0,0.8888888888888888,40237.391304347824,5,2.0,3.0,3.0,0.4,0.6,0.6,0.0,6,0,0.0,-2.0,,0.0,0.0,1.0,1.0,0.0,16,38,102,2.7,0.5217391304347826,small,0,0.0,1.0,1.0,0,16,38,102,2.7,0.5217391304347826,small,1528.6159485212438,,9,13.0,4.0,9.0,51.0,39.0,12.0,1.4444444444444444,1.3333333333333333,5.666666666666667,4.333333333333333,7.0,1.0,0.4,22.0,3.0,0.1363636363636363,4.0,6.0,1.5,9.0,16.0,8.0,1.0,0.8888888888888888,0.0625,0.8263888888888888,29893.625,4,4.0,12.0,3.0,1.0,3.0,0.75,9.0,2,0,1.0,6.0,,,,,,,16,38,102,2.7,0.5217391304347826,small,0,0.0,0.0,0.0,0,16,38,102,2.7,0.5217391304347826,small,1505.7664177294614,,-1.1644444444444444,-9.0,0.1999999999999999,-4.826666666666667,-3.6133333333333337,-0.6,-9.0,22.8495307917824,HomeWin,45,16,36,12,3,2,29
1978,1978-06-21,WC-1978,1978 FIFA World Cup,Brazil v Poland,Second group stage,Brazil,Poland,BRA,POL,3.0,1.0,3-1,home team win,1.0,0.0,no,no,no,0-0,Estadio Ciudad de Mendoza,S-005,Estadio Ciudad de Mendoza,Mendoza,Argentina,0.0,39586.0,16:45,Juan Silvagno Cavanna,,247,16,38,102,2.7,0.5217391304347826,small,46,4.0,1.0,5.0,16.0,21.0,-5.0,0.0869565217391304,-0.108695652173913,0.3478260869565217,0.4565217391304347,8.0,3.0,0.4,9.0,4.0,0.4444444444444444,1.0,6.0,6.0,9.0,17.0,8.0,2.0,0.8888888888888888,0.1176470588235294,0.7712418300653594,49898.555555555555,4,2.0,7.0,11.0,0.5,1.75,2.75,-4.0,10,2,0.0,-6.0,0.0,1.0,3.0,4.0,5.0,0.0,16,38,102,2.7,0.5217391304347826,small,1,3.0,4.0,5.0,0,16,38,102,2.7,0.5217391304347826,small,1616.497537119037,,10,29.0,9.0,9.0,104.0,50.0,54.0,2.9,5.4,10.4,5.0,12.0,1.0,0.8,26.0,4.0,0.1538461538461538,21.0,6.0,0.2857142857142857,9.0,18.0,8.0,2.0,0.8888888888888888,0.1111111111111111,0.7777777777777777,39097.3,3,3.0,7.0,1.0,1.0,2.3333333333333335,0.3333333333333333,6.0,2,2,2.0,2.0,1.0,0.0,0.0,0.0,1.0,0.0,16,38,102,2.7,0.5217391304347826,small,0,0.0,0.0,1.0,0,16,38,102,2.7,0.5217391304347826,small,1557.0937917444162,,-2.8130434782608695,-59.0,-0.4,-10.05217391304348,-4.543478260869565,-0.5,-10.0,59.403745374620485,HomeWin,105,25,80,17,2,2,80
1978,1978-06-24,WC-1978,1978 FIFA World Cup,Brazil v Italy,Third place,Brazil,Italy,BRA,ITA,2.0,1.0,2-1,home team win,1.0,0.0,no,no,no,0-0,Estadio Monumental,S-002,Estadio Monumental,Buenos Aires,Argentina,0.0,69659.0,15:00,Abraham Klein,,248,16,38,102,2.7,0.5217391304347826,small,47,8.0,0.0,3.0,26.0,16.0,10.0,0.1702127659574468,0.2127659574468085,0.5531914893617021,0.3404255319148936,11.0,,0.6,9.0,0.0,0.0,2.0,0.0,0.0,0.0,0.0,0.0,0.0,,,,49674.36956521739,5,2.0,5.0,6.0,0.4,1.0,1.2,-1.0,10,2,1.0,-2.0,0.5,1.0,3.0,4.0,5.0,0.0,16,38,102,2.7,0.5217391304347826,small,1,3.0,4.0,5.0,0,16,38,102,2.7,0.5217391304347826,small,1624.804228200803,,29,30.0,9.0,9.0,106.0,51.0,55.0,1.0344827586206895,1.896551724137931,3.655172413793104,1.7586206896551724,12.0,1.0,0.8,26.0,1.0,0.0384615384615384,22.0,0.0,0.0,0.0,1.0,0.0,1.0,,1.0,,41470.148148148146,4,4.0,9.0,2.0,1.0,2.25,0.5,7.0,8,2,2.0,3.0,1.0,1.0,2.0,3.0,3.0,0.0,16,38,102,2.7,0.5217391304347826,small,1,2.0,3.0,3.0,0,16,38,102,2.7,0.5217391304347826,small,1567.7316662583858,,-0.8642699926632429,-45.0,-0.2,-3.1019809244314014,-1.4181951577402787,-0.6,-8.0,57.072561942417224,HomeWin,108,53,82,47,2,2,55
1978,1978-06-25,WC-1978,1978 FIFA World Cup,Argentina v Netherlands,Final,Argentina,Netherlands,ARG,NLD,3.0,1.0,3-1,home team win,1.0,0.0,no,yes,no,0-0,Estadio Monumental,S-002,Estadio Monumental,Buenos Aires,Argentina,1.0,71483.0,15:00,Sergio Gonella,Required Extra Time,249,16,38,102,2.7,0.5217391304347826,small,26,17.0,4.0,9.0,50.0,33.0,17.0,0.6538461538461539,0.6538461538461539,1.9230769230769231,1.2692307692307692,10.0,6.0,0.6,18.0,2.0,0.1111111111111111,12.0,0.0,0.0,1.0,1.0,1.0,1.0,1.0,1.0,0.0,40115.625,6,4.0,8.0,4.0,0.6666666666666666,1.3333333333333333,0.6666666666666666,4.0,6,1,1.0,-3.0,1.0,0.0,0.0,1.0,1.0,0.0,16,38,102,2.7,0.5217391304347826,small,0,0.0,1.0,1.0,0,16,38,102,2.7,0.5217391304347826,small,1537.959232694681,,11,14.0,4.0,9.0,54.0,40.0,14.0,1.2727272727272727,1.2727272727272727,4.909090909090909,3.636363636363636,10.0,2.0,0.6,22.0,2.0,0.0909090909090909,5.0,0.0,0.0,2.0,1.0,1.0,1.0,0.5,1.0,-0.5,42178.11111111111,3,5.0,15.0,4.0,1.6666666666666667,5.0,1.3333333333333333,11.0,3,1,1.0,-2.0,1.0,0.0,0.0,1.0,1.0,0.0,16,38,102,2.7,0.5217391304347826,small,0,0.0,1.0,1.0,0,16,38,102,2.7,0.5217391304347826,small,1531.239545484381,,-0.6188811188811189,3.0,0.0,-2.986013986013986,-2.367132867132867,-1.0,-7.0,6.719687210299753,HomeWin,51,21,40,16,3,5,30
1982,1982-06-13,WC-1982,1982 FIFA World Cup,Argentina v Belgium,First group stage,Argentina,Belgium,ARG,BEL,0.0,1.0,0-1,away team win,0.0,1.0,no,no,no,0-0,Camp Nou,S-149,Camp Nou,Barcelona,Spain,0.0,95000.0,20:00,Vojtech Christov,,250,24,52,146,2.8,0.5652173913043478,medium,27,6.0,2.0,4.0,22.0,13.0,9.0,0.2222222222222222,0.3333333333333333,0.8148148148148148,0.4814814814814814,10.0,3.0,0.6,9.0,3.0,0.3333333333333333,3.0,0.0,0.0,2.0,2.0,1.0,2.0,0.5,1.0,-0.5,41370.32,0,1.0,6.0,6.0,,,,0.0,7,0,1.0,2.0,,1.0,1.0,2.0,2.0,1.0,24,52,146,2.8,0.5652173913043478,medium,1,1.0,2.0,2.0,1,24,52,146,2.8,0.5652173913043478,medium,1547.765848661948,,9,14.0,4.0,10.0,54.0,41.0,13.0,1.5555555555555556,1.4444444444444444,6.0,4.555555555555555,4.0,3.0,0.2,23.0,3.0,0.1304347826086956,5.0,0.0,0.0,2.0,3.0,1.0,2.0,0.5,0.6666666666666666,-0.1666666666666666,44717.555555555555,0,0.0,0.0,1.0,,,,-1.0,5,0,0.0,-1.0,,0.0,0.0,0.0,0.0,0.0,24,52,146,2.8,0.5652173913043478,medium,0,0.0,0.0,0.0,0,24,52,146,2.8,0.5652173913043478,medium,1446.697199433636,,-1.3333333333333337,-4.0,0.3999999999999999,-5.185185185185185,-4.0740740740740735,,1.0,101.0686492283121,AwayWin,54,11,42,8,3,1,43
1982,1982-06-14,WC-1982,1982 FIFA World Cup,Brazil v Soviet Union,First group stage,Brazil,Russia,BRA,SUN,2.0,1.0,2-1,home team win,1.0,0.0,no,no,no,0-0,Estadio Ramón Sánchez Pizjuán,S-159,Estadio Ramón Sánchez Pizjuán,Seville,Spain,0.0,68000.0,21:00,Augusto Lamo Castillo,,251,24,52,146,2.8,0.5652173913043478,medium,48,2.0,1.0,7.0,13.0,25.0,-12.0,0.0416666666666666,-0.25,0.2708333333333333,0.5208333333333334,13.0,1.0,0.8,8.0,3.0,0.375,2.0,0.0,0.0,2.0,4.0,1.0,2.0,0.5,0.5,0.0,50099.574468085106,0,1.0,1.0,0.0,,,,1.0,11,1,1.0,1.0,1.0,1.0,3.0,4.0,6.0,0.0,24,52,146,2.8,0.5652173913043478,medium,1,3.0,4.0,6.0,0,24,52,146,2.8,0.5652173913043478,medium,1633.1761654212887,,17,31.0,9.0,9.0,108.0,52.0,56.0,1.8235294117647056,3.2941176470588234,6.352941176470588,3.0588235294117645,10.0,-1.0,0.6,27.0,3.0,0.1111111111111111,22.0,1.0,0.0454545454545454,2.0,5.0,1.0,3.0,0.5,0.6,-0.0999999999999999,42016.25,0,1.0,2.0,1.0,,,,1.0,4,1,2.0,3.0,2.0,,,,,,24,52,146,2.8,0.5652173913043478,medium,0,0.0,0.0,0.0,0,24,52,146,2.8,0.5652173913043478,medium,1554.7246132261237,,-1.781862745098039,-68.0,0.2,-6.082107843137255,-2.537990196078431,,0.0,78.45155219516505,HomeWin,110,0,84,0,2,0,110
1982,1982-06-14,WC-1982,1982 FIFA World Cup,Italy v Poland,First group stage,Italy,Poland,ITA,POL,0.0,0.0,0-0,draw,0.0,0.0,yes,no,no,0-0,Balaídos,S-162,Balaídos,Vigo,Spain,0.0,33000.0,17:15,Michel Vautrot,,252,24,52,146,2.8,0.5652173913043478,medium,30,10.0,3.0,5.0,30.0,20.0,10.0,0.3333333333333333,0.3333333333333333,1.0,0.6666666666666666,12.0,2.0,0.8,14.0,3.0,0.2142857142857142,4.0,1.0,0.25,2.0,6.0,1.0,3.0,0.5,0.5,0.0,42476.892857142855,0,0.0,1.0,2.0,,,,-1.0,9,1,0.0,-3.0,0.0,1.0,2.0,3.0,3.0,0.0,24,52,146,2.8,0.5652173913043478,medium,1,2.0,3.0,3.0,0,24,52,146,2.8,0.5652173913043478,medium,1559.3597290379,,11,17.0,5.0,9.0,50.0,33.0,17.0,1.5454545454545454,1.5454545454545454,4.545454545454546,3.0,9.0,2.0,0.6,19.0,4.0,0.2105263157894736,12.0,1.0,0.0833333333333333,2.0,7.0,1.0,4.0,0.5,0.5714285714285714,-0.0714285714285714,39141.72727272727,0,0.0,0.0,0.0,,,,0.0,3,1,0.0,-1.0,0.0,0.0,0.0,0.0,1.0,0.0,24,52,146,2.8,0.5652173913043478,medium,0,0.0,0.0,1.0,0,24,52,146,2.8,0.5652173913043478,medium,1548.78710066265,,-1.2121212121212122,-7.0,0.2,-3.545454545454546,-2.3333333333333335,,-1.0,10.572628375250131,Draw,54,26,48,18,2,2,28
1982,1982-06-15,WC-1982,1982 FIFA World Cup,Hungary v El Salvador,First group stage,Hungary,El Salvador,HUN,SLV,10.0,1.0,10-1,home team win,1.0,0.0,no,no,no,0-0,Nuevo Estadio,S-152,Nuevo Estadio,Elche,Spain,0.0,23000.0,21:00,Ebrahim Al Doy,,253,24,52,146,2.8,0.5652173913043478,medium,23,8.0,1.0,3.0,26.0,16.0,10.0,0.3478260869565217,0.4347826086956521,1.1304347826086956,0.6956521739130435,3.0,2.0,0.2,10.0,4.0,0.4,2.0,1.0,0.5,3.0,7.0,1.0,4.0,0.3333333333333333,0.5714285714285714,-0.238095238095238,24732.695652173912,0,0.0,0.0,0.0,,,,0.0,7,0,1.0,1.0,,0.0,0.0,2.0,2.0,0.0,24,52,146,2.8,0.5652173913043478,medium,0,0.0,2.0,2.0,0,24,52,146,2.8,0.5652173913043478,medium,1499.8498935839916,,3,12.0,2.0,10.0,67.0,37.0,30.0,4.0,10.0,22.333333333333332,12.333333333333334,0.0,5.0,0.0,15.0,5.0,0.3333333333333333,9.0,1.0,0.1111111111111111,4.0,7.0,2.0,4.0,0.5,0.5714285714285714,-0.0714285714285714,95080.66666666669,0,1.0,10.0,1.0,,,,9.0,1,0,1.0,9.0,,,,,,,24,52,146,2.8,0.5652173913043478,medium,0,0.0,0.0,0.0,0,24,52,146,2.8,0.5652173913043478,medium,1468.5460482904532,,-3.6521739130434785,-20.0,0.2,-21.202898550724637,-11.637681159420293,,-9.0,31.303845293538416,HomeWin,56,0,44,0,4,0,56
1982,1982-06-15,WC-1982,1982 FIFA World Cup,Peru v Cameroon,First group stage,Peru,Cameroon,PER,CMR,0.0,0.0,0-0,draw,0.0,0.0,yes,no,no,0-0,Estadio Riazor,S-147,Estadio Riazor,A Coruña,Spain,0.0,11000.0,17:15,Franz Woehrer,,254,24,52,146,2.8,0.5652173913043478,medium,10,0.0,0.0,4.0,1.0,19.0,-18.0,0.0,-1.8,0.1,1.9,7.0,-1.0,0.4,4.0,5.0,1.25,0.0,1.0,,5.0,7.0,2.0,4.0,0.4,0.5714285714285714,-0.1714285714285713,30718.222222222223,0,0.0,1.0,10.0,,,,-9.0,3,0,0.0,-9.0,,,,,,,24,52,146,2.8,0.5652173913043478,medium,0,0.0,0.0,0.0,0,24,52,146,2.8,0.5652173913043478,medium,1496.423133556024,,0,4.0,2.0,5.0,16.0,21.0,-5.0,,,,,,-2.0,,10.0,5.0,0.5,1.0,1.0,1.0,5.0,8.0,2.0,4.0,0.4,0.5,-0.0999999999999999,,0,0.0,0.0,0.0,,,,0.0,0,0,0.0,0.0,,,,,,,24,52,146,2.8,0.5652173913043478,medium,0,0.0,0.0,0.0,0,24,52,146,2.8,0.5652173913043478,medium,1500.0,,,-13.0,,,,,-9.0,-3.5768664439758595,Draw,16,0,12,0,2,0,16
1982,1982-06-15,WC-1982,1982 FIFA World Cup,Scotland v New Zealand,First group stage,Scotland,New Zealand,SCO,NZL,5.0,2.0,5-2,home team win,1.0,0.0,no,no,no,0-0,Estadio La Rosaleda,S-156,Estadio La Rosaleda,Málaga,Spain,0.0,36000.0,21:00,David Socha,,255,24,52,146,2.8,0.5652173913043478,medium,10,0.0,1.0,0.0,0.0,0.0,0.0,0.0,0.0,0.0,0.0,6.0,-2.0,0.2,1.0,6.0,6.0,0.0,1.0,,5.0,9.0,2.0,5.0,0.4,0.5555555555555556,-0.1555555555555555,31651.88888888889,0,0.0,0.0,0.0,,,,0.0,4,0,0.0,0.0,,,,,,,24,52,146,2.8,0.5652173913043478,medium,0,0.0,0.0,0.0,0,24,52,146,2.8,0.5652173913043478,medium,1473.844146171337,,0,2.0,4.0,5.0,15.0,23.0,-8.0,,,,,,-4.0,,11.0,6.0,0.5454545454545454,0.0,1.0,,6.0,9.0,2.0,5.0,0.3333333333333333,0.5555555555555556,-0.2222222222222222,,0,1.0,5.0,2.0,,,,3.0,0,0,1.0,3.0,,,,,,,24,52,146,2.8,0.5652173913043478,medium,0,0.0,0.0,0.0,0,24,52,146,2.8,0.5652173913043478,medium,1500.0,,,8.0,,,,,-3.0,-26.155853828663112,HomeWin,10,0,9,0,1,0,10
1982,1982-06-16,WC-1982,1982 FIFA World Cup,England v France,First group stage,England,France,ENG,FRA,3.0,1.0,3-1,home team win,1.0,0.0,no,no,no,0-0,Estadio San Mamés,S-151,Estadio San Mamés,Bilbao,Spain,0.0,44172.0,17:15,Antonio Garrido,,256,24,52,146,2.8,0.5652173913043478,medium,21,0.0,0.0,1.0,2.0,5.0,-3.0,0.0,-0.1428571428571428,0.0952380952380952,0.238095238095238,12.0,-5.0,0.8,1.0,7.0,7.0,0.0,1.0,,6.0,10.0,2.0,6.0,0.3333333333333333,0.6,-0.2666666666666666,45549.57142857143,0,0.0,2.0,5.0,,,,-3.0,6,1,0.0,-3.0,0.0,1.0,1.0,1.0,1.0,0.0,24,52,146,2.8,0.5652173913043478,medium,1,1.0,1.0,1.0,0,24,52,146,2.8,0.5652173913043478,medium,1524.839580506018,,18,9.0,6.0,7.0,29.0,24.0,5.0,0.5,0.2777777777777778,1.6111111111111112,1.3333333333333333,3.0,-2.0,0.2,15.0,7.0,0.4666666666666667,7.0,1.0,0.1428571428571428,7.0,10.0,2.0,6.0,0.2857142857142857,0.6,-0.3142857142857143,30157.277777777777,0,1.0,3.0,1.0,,,,2.0,7,1,2.0,4.0,2.0,0.0,0.0,0.0,1.0,0.0,24,52,146,2.8,0.5652173913043478,medium,0,0.0,0.0,1.0,0,24,52,146,2.8,0.5652173913043478,medium,1474.5179331954253,,-0.5,-8.0,0.6000000000000001,-1.5158730158730158,-1.0952380952380951,,-5.0,50.32164731059288,HomeWin,24,36,20,30,3,3,-12
1982,1982-06-16,WC-1982,1982 FIFA World Cup,Spain v Honduras,First group stage,Spain,Honduras,ESP,HND,1.0,1.0,1-1,draw,0.0,0.0,yes,no,no,0-0,Estadio Luis Casanova,S-160,Estadio Luis Casanova,Valencia,Spain,1.0,49562.0,21:00,Arturo Andres Ithurralde,,257,24,52,146,2.8,0.5652173913043478,medium,17,7.0,1.0,11.0,37.0,35.0,2.0,0.4117647058823529,0.1176470588235294,2.176470588235294,2.0588235294117645,7.0,0.0,0.4,15.0,7.0,0.4666666666666667,4.0,1.0,0.25,8.0,10.0,2.0,6.0,0.25,0.6,-0.35,38080.23529411765,0,0.0,1.0,3.0,,,,-2.0,5,0,0.0,-4.0,,0.0,0.0,0.0,0.0,0.0,24,52,146,2.8,0.5652173913043478,medium,0,0.0,0.0,0.0,0,24,52,146,2.8,0.5652173913043478,medium,1503.2995727462146,,0,7.0,4.0,7.0,22.0,24.0,-2.0,,,,,,-1.0,,9.0,7.0,0.7777777777777778,9.0,1.0,0.1111111111111111,8.0,11.0,2.0,6.0,0.25,0.5454545454545454,-0.2954545454545454,,0,0.0,1.0,1.0,,,,0.0,0,0,0.0,0.0,,,,,,,24,52,146,2.8,0.5652173913043478,medium,0,0.0,0.0,0.0,0,24,52,146,2.8,0.5652173913043478,medium,1500.0,,,4.0,,,,,-2.0,3.299572746214608,Draw,22,0,20,0,1,0,22
1982,1982-06-17,WC-1982,1982 FIFA World Cup,Chile v Austria,First group stage,Chile,Austria,CHL,AUT,0.0,1.0,0-1,away team win,0.0,1.0,no,no,no,0-0,Estadio Carlos Tartiere,S-157,Estadio Carlos Tartiere,Oviedo,Spain,0.0,22500.0,17:15,Juan Cardellino De San Vicente,,258,24,52,146,2.8,0.5652173913043478,medium,14,0.0,1.0,0.0,1.0,1.0,0.0,0.0,0.0,0.0714285714285714,0.0714285714285714,5.0,1.0,0.2,1.0,7.0,7.0,0.0,1.0,,9.0,11.0,2.0,6.0,0.2222222222222222,0.5454545454545454,-0.3232323232323232,29719.69230769231,0,0.0,1.0,1.0,,,,0.0,5,0,0.0,0.0,,0.0,0.0,0.0,1.0,0.0,24,52,146,2.8,0.5652173913043478,medium,0,0.0,0.0,1.0,0,24,52,146,2.8,0.5652173913043478,medium,1520.5132798737668,,14,7.0,2.0,6.0,20.0,17.0,3.0,0.5,0.2142857142857142,1.4285714285714286,1.2142857142857142,7.0,-1.0,0.4,10.0,7.0,0.7,5.0,1.0,0.2,9.0,12.0,2.0,6.0,0.2222222222222222,0.5,-0.2777777777777778,28791.428571428572,0,0.0,0.0,1.0,,,,-1.0,4,0,0.0,-1.0,,0.0,0.0,0.0,1.0,0.0,24,52,146,2.8,0.5652173913043478,medium,0,0.0,0.0,1.0,0,24,52,146,2.8,0.5652173913043478,medium,1513.3009836941148,,-0.5,-3.0,-0.2,-1.3571428571428572,-1.1428571428571428,,1.0,7.212296179651958,AwayWin,17,21,14,18,0,2,-4
1982,1982-06-17,WC-1982,1982 FIFA World Cup,Czechoslovakia v Kuwait,First group stage,Czechoslovakia,Kuwait,CSK,KWT,1.0,1.0,1-1,draw,0.0,0.0,yes,no,no,0-0,Estadio José Zorrilla,S-161,Estadio José Zorrilla,Valladolid,Spain,0.0,25000.0,17:15,Benjamin Dwomoh,,259,24,52,146,2.8,0.5652173913043478,medium,21,8.0,1.0,6.0,22.0,18.0,4.0,0.3809523809523809,0.1904761904761904,1.0476190476190477,0.8571428571428571,3.0,,0.2,10.0,0.0,0.0,5.0,0.0,0.0,0.0,0.0,0.0,0.0,,,,24068.571428571428,0,1.0,1.0,0.0,,,,1.0,6,0,1.0,1.0,,0.0,0.0,2.0,2.0,0.0,24,52,146,2.8,0.5652173913043478,medium,0,0.0,2.0,2.0,0,24,52,146,2.8,0.5652173913043478,medium,1477.0997003961763,,0,8.0,3.0,11.0,31.0,35.0,-4.0,,,,,,2.0,,12.0,1.0,0.0833333333333333,10.0,0.0,0.0,1.0,0.0,1.0,0.0,1.0,,,,0,0.0,1.0,1.0,,,,0.0,0,0,0.0,0.0,,,,,,,24,52,146,2.8,0.5652173913043478,medium,0,0.0,0.0,0.0,0,24,52,146,2.8,0.5652173913043478,medium,1500.0,,,8.0,,,,,1.0,-22.90029960382367,Draw,34,0,29,0,3,0,34
1982,1982-06-17,WC-1982,1982 FIFA World Cup,Yugoslavia v Northern Ireland,First group stage,Yugoslavia,Northern Ireland,YUG,NIR,0.0,0.0,0-0,draw,0.0,0.0,yes,no,no,0-0,Estadio La Romareda,S-163,Estadio La Romareda,Zaragoza,Spain,0.0,25000.0,21:00,Erik Fredriksson,,260,24,52,146,2.8,0.5652173913043478,medium,20,0.0,1.0,0.0,1.0,1.0,0.0,0.0,0.0,0.05,0.05,2.0,2.0,0.0,1.0,1.0,1.0,0.0,0.0,,1.0,1.0,1.0,0.0,1.0,0.0,1.0,33706.4,0,0.0,1.0,1.0,,,,0.0,6,0,0.0,0.0,,,,,,,24,52,146,2.8,0.5652173913043478,medium,0,0.0,0.0,0.0,0,24,52,146,2.8,0.5652173913043478,medium,1503.9871404097712,,4,8.0,6.0,7.0,35.0,29.0,6.0,2.0,1.5,8.75,7.25,6.0,1.0,0.5,15.0,1.0,0.0666666666666666,6.0,0.0,0.0,1.0,2.0,1.0,0.0,1.0,0.0,1.0,10704.25,0,0.0,0.0,0.0,,,,0.0,1,0,0.0,0.0,,,,,,,24,52,146,2.8,0.5652173913043478,medium,0,0.0,0.0,0.0,0,24,52,146,2.8,0.5652173913043478,medium,1499.9022514040298,,-2.0,-6.0,-0.5,-8.7,-7.2,,0.0,4.084889005741388,Draw,35,7,30,5,1,0,28
1982,1982-06-18,WC-1982,1982 FIFA World Cup,Argentina v Hungary,First group stage,Argentina,Hungary,ARG,HUN,4.0,1.0,4-1,home team win,1.0,0.0,no,no,no,0-0,Estadio José Rico Pérez,S-148,Estadio José Rico Pérez,Alicante,Spain,0.0,32093.0,21:00,Belaid Lacarne,,261,24,52,146,2.8,0.5652173913043478,medium,28,2.0,1.0,2.0,4.0,8.0,-4.0,0.0714285714285714,-0.1428571428571428,0.1428571428571428,0.2857142857142857,10.0,-1.0,0.6,4.0,1.0,0.25,1.0,0.0,0.0,2.0,2.0,1.0,0.0,0.5,0.0,0.5,43433.0,1,0.0,0.0,0.0,0.0,0.0,0.0,0.0,7,2,0.0,0.0,0.0,1.0,1.0,2.0,2.0,1.0,24,52,146,2.8,0.5652173913043478,medium,1,1.0,2.0,2.0,1,24,52,146,2.8,0.5652173913043478,medium,1534.9362286416565,,24,15.0,4.0,10.0,58.0,42.0,16.0,0.625,0.6666666666666666,2.4166666666666665,1.75,3.0,,0.2,24.0,0.0,0.0,5.0,0.0,0.0,0.0,0.0,0.0,0.0,,,,24660.5,1,1.0,4.0,2.0,1.0,4.0,2.0,2.0,7,2,2.0,4.0,1.0,0.0,0.0,2.0,2.0,0.0,24,52,146,2.8,0.5652173913043478,medium,0,0.0,2.0,2.0,0,24,52,146,2.8,0.5652173913043478,medium,1508.9513266843448,,-0.5535714285714286,-20.0,0.3999999999999999,-2.2738095238095237,-1.4642857142857144,-1.0,-2.0,25.98490195731165,HomeWin,54,66,42,50,3,4,-12
1982,1982-06-18,WC-1982,1982 FIFA World Cup,Brazil v Scotland,First group stage,Brazil,Scotland,BRA,SCO,4.0,1.0,4-1,home team win,1.0,0.0,no,no,no,0-0,Estadio Benito Villamarín,S-158,Estadio Benito Villamarín,Seville,Spain,0.0,47379.0,21:00,Jesus Paulino Siles,,262,24,52,146,2.8,0.5652173913043478,medium,49,12.0,2.0,11.0,68.0,41.0,27.0,0.2448979591836734,0.5510204081632653,1.3877551020408163,0.8367346938775511,13.0,-2.0,0.8,16.0,0.0,0.0,9.0,0.0,0.0,0.0,1.0,0.0,0.0,,0.0,,50472.5,1,1.0,11.0,5.0,1.0,11.0,5.0,6.0,11,1,0.0,-4.0,0.0,1.0,3.0,4.0,6.0,0.0,24,52,146,2.8,0.5652173913043478,medium,1,3.0,4.0,6.0,0,24,52,146,2.8,0.5652173913043478,medium,1640.9557574683574,,11,32.0,9.0,9.0,112.0,53.0,59.0,2.909090909090909,5.363636363636363,10.181818181818182,4.818181818181818,8.0,-3.0,0.4,28.0,0.0,0.0,22.0,0.0,0.0,0.0,2.0,0.0,0.0,,0.0,,32086.7,1,2.0,6.0,2.0,2.0,6.0,2.0,4.0,4,1,1.0,3.0,1.0,,,,,,24,52,146,2.8,0.5652173913043478,medium,0,0.0,0.0,0.0,0,24,52,146,2.8,0.5652173913043478,medium,1484.5955531709271,,-2.664192949907236,-32.0,0.4,-8.794063079777365,-3.981447124304267,-1.0,2.0,156.3602042974303,HomeWin,110,15,84,13,2,1,95
1982,1982-06-18,WC-1982,1982 FIFA World Cup,Italy v Peru,First group stage,Italy,Peru,ITA,PER,1.0,1.0,1-1,draw,0.0,0.0,yes,no,no,0-0,Balaídos,S-162,Balaídos,Vigo,Spain,0.0,25000.0,17:15,Walter Eschweiler,,263,24,52,146,2.8,0.5652173913043478,medium,31,2.0,4.0,6.0,16.0,27.0,-11.0,0.064516129032258,-0.3548387096774194,0.5161290322580645,0.8709677419354839,10.0,-2.0,0.6,12.0,1.0,0.0833333333333333,0.0,0.0,,1.0,2.0,1.0,0.0,1.0,0.0,1.0,42150.10344827586,1,1.0,6.0,6.0,1.0,6.0,6.0,0.0,9,0,0.0,-3.0,,1.0,2.0,3.0,3.0,0.0,24,52,146,2.8,0.5652173913043478,medium,1,2.0,3.0,3.0,0,24,52,146,2.8,0.5652173913043478,medium,1559.055518227081,,11,17.0,6.0,9.0,51.0,34.0,17.0,1.5454545454545454,1.5454545454545454,4.636363636363637,3.090909090909091,5.0,0.0,0.2,20.0,2.0,0.1,12.0,0.0,0.0,1.0,3.0,1.0,1.0,1.0,0.3333333333333333,0.6666666666666667,28746.4,1,0.0,1.0,1.0,0.0,1.0,1.0,0.0,3,0,0.0,0.0,,,,,,,24,52,146,2.8,0.5652173913043478,medium,0,0.0,0.0,0.0,0,24,52,146,2.8,0.5652173913043478,medium,1496.526080410924,,-1.4809384164222874,-28.0,0.3999999999999999,-4.120234604105573,-2.219941348973607,1.0,0.0,62.52943781615704,Draw,54,16,48,12,2,2,38
1982,1982-06-19,WC-1982,1982 FIFA World Cup,Belgium v El Salvador,First group stage,Belgium,El Salvador,BEL,SLV,1.0,0.0,1-0,home team win,1.0,0.0,no,no,no,0-0,Nuevo Estadio,S-152,Nuevo Estadio,Elche,Spain,0.0,15000.0,21:00,Malcolm Moffatt,,264,24,52,146,2.8,0.5652173913043478,medium,10,4.0,3.0,5.0,17.0,22.0,-5.0,0.4,-0.5,1.7,2.2,6.0,3.0,0.4,11.0,3.0,0.2727272727272727,1.0,0.0,0.0,2.0,3.0,2.0,1.0,1.0,0.3333333333333333,0.6666666666666667,49745.8,1,0.0,1.0,1.0,0.0,1.0,1.0,0.0,5,1,0.0,0.0,0.0,0.0,0.0,0.0,0.0,0.0,24,52,146,2.8,0.5652173913043478,medium,0,0.0,0.0,0.0,0,24,52,146,2.8,0.5652173913043478,medium,1459.5268194539274,,4,3.0,1.0,7.0,14.0,25.0,-11.0,0.75,-2.75,3.5,6.25,0.0,4.0,0.0,9.0,3.0,0.3333333333333333,2.0,0.0,0.0,2.0,4.0,2.0,1.0,1.0,0.25,0.75,77060.5,1,2.0,2.0,0.0,2.0,2.0,0.0,2.0,1,1,2.0,4.0,2.0,,,,,,24,52,146,2.8,0.5652173913043478,medium,0,0.0,0.0,0.0,0,24,52,146,2.8,0.5652173913043478,medium,1459.4446151901,,-0.35,6.0,0.4,-1.8,-4.05,-2.0,-2.0,0.0822042638274069,HomeWin,12,1,9,1,1,0,11
1982,1982-06-19,WC-1982,1982 FIFA World Cup,Poland v Cameroon,First group stage,Poland,Cameroon,POL,CMR,0.0,0.0,0-0,draw,0.0,0.0,yes,no,no,0-0,Estadio Riazor,S-147,Estadio Riazor,A Coruña,Spain,0.0,19000.0,17:15,Alexis Ponnet,,265,24,52,146,2.8,0.5652173913043478,medium,12,0.0,0.0,5.0,1.0,20.0,-19.0,0.0,-1.5833333333333333,0.0833333333333333,1.6666666666666667,7.0,4.0,0.4,5.0,3.0,0.6,0.0,0.0,,2.0,5.0,2.0,1.0,1.0,0.2,0.8,38629.916666666664,1,0.0,1.0,11.0,0.0,1.0,11.0,-10.0,3,0,0.0,-4.0,,0.0,0.0,0.0,1.0,0.0,24,52,146,2.8,0.5652173913043478,medium,0,0.0,0.0,1.0,0,24,52,146,2.8,0.5652173913043478,medium,1549.091311473469,,1,8.0,2.0,3.0,26.0,16.0,10.0,8.0,10.0,26.0,16.0,1.0,4.0,0.0,11.0,4.0,0.3636363636363636,2.0,0.0,0.0,2.0,6.0,2.0,2.0,1.0,0.3333333333333333,0.6666666666666667,11000.0,1,0.0,0.0,0.0,0.0,0.0,0.0,0.0,0,0,0.0,0.0,,,,,,,24,52,146,2.8,0.5652173913043478,medium,0,0.0,0.0,0.0,0,24,52,146,2.8,0.5652173913043478,medium,1499.8970531451002,,-8.0,-29.0,0.4,-25.916666666666668,-14.333333333333334,0.0,-10.0,49.19425832836873,Draw,26,0,18,0,2,0,26
1982,1982-06-19,WC-1982,1982 FIFA World Cup,Soviet Union v New Zealand,First group stage,Russia,New Zealand,SUN,NZL,3.0,0.0,3-0,home team win,1.0,0.0,no,no,no,0-0,Estadio La Rosaleda,S-156,Estadio La Rosaleda,Málaga,Spain,0.0,19000.0,21:00,Yusef Mohamed El Ghoul,,266,24,52,146,2.8,0.5652173913043478,medium,18,0.0,2.0,0.0,0.0,0.0,0.0,0.0,0.0,0.0,0.0,7.0,2.0,0.4,2.0,4.0,2.0,0.0,0.0,,3.0,6.0,2.0,2.0,0.6666666666666666,0.3333333333333333,0.3333333333333333,43544.705882352944,1,0.0,0.0,0.0,0.0,0.0,0.0,0.0,4,0,0.0,0.0,,,,,,,24,52,146,2.8,0.5652173913043478,medium,0,0.0,0.0,0.0,0,24,52,146,2.8,0.5652173913043478,medium,1546.945021179055,,1,11.0,3.0,5.0,33.0,20.0,13.0,11.0,13.0,33.0,20.0,0.0,1.0,0.0,15.0,5.0,0.3333333333333333,4.0,0.0,0.0,3.0,7.0,2.0,3.0,0.6666666666666666,0.4285714285714285,0.238095238095238,36000.0,1,1.0,4.0,2.0,1.0,4.0,2.0,2.0,0,0,1.0,3.0,,,,,,,24,52,146,2.8,0.5652173913043478,medium,0,0.0,0.0,0.0,0,24,52,146,2.8,0.5652173913043478,medium,1489.2485930004098,,-11.0,-13.0,0.4,-33.0,-20.0,-1.0,-2.0,57.69642817864519,HomeWin,0,2,0,2,0,0,-2
1982,1982-06-20,WC-1982,1982 FIFA World Cup,England v Czechoslovakia,First group stage,England,Czechoslovakia,ENG,CSK,2.0,0.0,2-0,home team win,1.0,0.0,no,no,no,0-0,Estadio San Mamés,S-151,Estadio San Mamés,Bilbao,Spain,0.0,41123.0,17:15,Charles Corver,,267,24,52,146,2.8,0.5652173913043478,medium,22,0.0,0.0,2.0,2.0,8.0,-6.0,0.0,-0.2727272727272727,0.0909090909090909,0.3636363636363636,12.0,2.0,0.8,2.0,5.0,2.5,0.0,0.0,,3.0,8.0,2.0,3.0,0.6666666666666666,0.375,0.2916666666666666,45486.954545454544,1,0.0,2.0,8.0,0.0,2.0,8.0,-6.0,6,1,0.0,-3.0,0.0,1.0,1.0,1.0,1.0,0.0,24,52,146,2.8,0.5652173913043478,medium,1,1.0,1.0,1.0,0,24,52,146,2.8,0.5652173913043478,medium,1533.401250722988,,22,10.0,6.0,7.0,31.0,24.0,7.0,0.4545454545454545,0.3181818181818182,1.4090909090909092,1.0909090909090908,1.0,,0.0,16.0,0.0,0.0,7.0,0.0,0.0,0.0,0.0,0.0,0.0,,,,24110.909090909092,1,2.0,5.0,1.0,2.0,5.0,1.0,4.0,6,1,2.0,3.0,2.0,0.0,0.0,2.0,2.0,0.0,24,52,146,2.8,0.5652173913043478,medium,0,0.0,2.0,2.0,0,24,52,146,2.8,0.5652173913043478,medium,1477.75787115065,,-0.4545454545454545,-13.0,0.8,-1.3181818181818183,-0.7272727272727272,-2.0,-10.0,55.64337957233806,HomeWin,27,35,22,30,3,4,-8
1982,1982-06-20,WC-1982,1982 FIFA World Cup,Spain v Yugoslavia,First group stage,Spain,Yugoslavia,ESP,YUG,2.0,1.0,2-1,home team win,1.0,0.0,no,no,no,0-0,Estadio Luis Casanova,S-160,Estadio Luis Casanova,Valencia,Spain,1.0,48000.0,21:00,Henning Lund-Sorensen,,268,24,52,146,2.8,0.5652173913043478,medium,18,8.0,3.0,12.0,31.0,37.0,-6.0,0.4444444444444444,-0.3333333333333333,1.7222222222222223,2.0555555555555554,8.0,-2.0,0.4,13.0,0.0,0.0,10.0,0.0,0.0,0.0,1.0,0.0,0.0,,0.0,,38718.11111111111,1,0.0,1.0,3.0,0.0,1.0,3.0,-2.0,5,0,0.0,-3.0,,0.0,0.0,0.0,0.0,0.0,24,52,146,2.8,0.5652173913043478,medium,0,0.0,0.0,0.0,0,24,52,146,2.8,0.5652173913043478,medium,1503.2046062635284,,21,8.0,4.0,7.0,24.0,25.0,-1.0,0.3809523809523809,-0.0476190476190476,1.1428571428571428,1.1904761904761905,3.0,-2.0,0.0,10.0,0.0,0.0,9.0,0.0,0.0,0.0,2.0,0.0,0.0,,0.0,,33291.80952380953,1,1.0,3.0,2.0,1.0,3.0,2.0,1.0,6,0,1.0,1.0,,,,,,,24,52,146,2.8,0.5652173913043478,medium,0,0.0,0.0,0.0,0,24,52,146,2.8,0.5652173913043478,medium,1503.8695732703036,,0.0634920634920634,-5.0,0.4,0.5793650793650795,0.8650793650793649,-1.0,-3.0,-0.664967006775214,HomeWin,23,35,21,30,2,1,-12
1982,1982-06-21,WC-1982,1982 FIFA World Cup,Algeria v Austria,First group stage,Algeria,Austria,DZA,AUT,0.0,2.0,0-2,away team win,0.0,1.0,no,no,no,0-0,Estadio Carlos Tartiere,S-157,Estadio Carlos Tartiere,Oviedo,Spain,0.0,22000.0,17:15,Tony Boskovic,,269,24,52,146,2.8,0.5652173913043478,medium,0,8.0,6.0,8.0,36.0,31.0,5.0,,,,,,-2.0,,16.0,0.0,0.0,6.0,0.0,0.0,0.0,3.0,0.0,0.0,,0.0,,,0,0.0,1.0,2.0,,,,-1.0,0,0,0.0,-1.0,,,,,,,24,52,146,2.8,0.5652173913043478,medium,0,0.0,0.0,0.0,0,24,52,146,2.8,0.5652173913043478,medium,1500.0,,15,0.0,0.0,1.0,0.0,2.0,-2.0,0.0,-0.1333333333333333,0.0,0.1333333333333333,9.0,-3.0,0.6,1.0,0.0,0.0,0.0,0.0,,0.0,4.0,0.0,0.0,,0.0,,28372.0,1,0.0,0.0,2.0,0.0,0.0,2.0,-2.0,4,0,0.0,-2.0,,0.0,0.0,0.0,1.0,0.0,24,52,146,2.8,0.5652173913043478,medium,0,0.0,0.0,1.0,0,24,52,146,2.8,0.5652173913043478,medium,1523.50854045226,,,7.0,,,,,1.0,-23.50854045226015,AwayWin,0,22,0,19,0,2,-22
1982,1982-06-21,WC-1982,1982 FIFA World Cup,France v Kuwait,First group stage,France,Kuwait,FRA,KWT,4.0,1.0,4-1,home team win,1.0,0.0,no,no,no,0-0,Estadio José Zorrilla,S-161,Estadio José Zorrilla,Valladolid,Spain,0.0,30043.0,17:15,Miroslav Stupar,,270,24,52,146,2.8,0.5652173913043478,medium,19,9.0,1.0,6.0,24.0,18.0,6.0,0.4736842105263157,0.3157894736842105,1.263157894736842,0.9473684210526316,3.0,-4.0,0.2,11.0,0.0,0.0,5.0,0.0,0.0,1.0,4.0,0.0,0.0,0.0,0.0,0.0,30894.894736842107,1,2.0,3.0,0.0,2.0,3.0,0.0,3.0,7,0,1.0,2.0,,0.0,0.0,0.0,1.0,0.0,24,52,146,2.8,0.5652173913043478,medium,0,0.0,0.0,1.0,0,24,52,146,2.8,0.5652173913043478,medium,1465.9562629784557,,1,8.0,1.0,11.0,41.0,36.0,5.0,8.0,5.0,41.0,36.0,1.0,-4.0,0.0,16.0,0.0,0.0,4.0,0.0,0.0,1.0,5.0,0.0,0.0,0.0,0.0,0.0,25000.0,1,1.0,5.0,4.0,1.0,5.0,4.0,1.0,0,0,1.0,3.0,,,,,,,24,52,146,2.8,0.5652173913043478,medium,0,0.0,0.0,0.0,0,24,52,146,2.8,0.5652173913043478,medium,1499.3418292455265,,-7.526315789473684,1.0,0.2,-39.73684210526316,-35.05263157894737,1.0,2.0,-33.385566267071,HomeWin,37,1,31,1,3,0,36
1982,1982-06-21,WC-1982,1982 FIFA World Cup,Honduras v Northern Ireland,First group stage,Honduras,Northern Ireland,HND,NIR,1.0,1.0,1-1,draw,0.0,0.0,yes,no,no,0-0,Estadio La Romareda,S-163,Estadio La Romareda,Zaragoza,Spain,0.0,15000.0,21:00,Thomson Tam Sun Chan,,271,24,52,146,2.8,0.5652173913043478,medium,1,0.0,1.0,1.0,2.0,5.0,-3.0,0.0,-3.0,2.0,5.0,1.0,,0.0,2.0,0.0,0.0,0.0,0.0,,0.0,0.0,0.0,0.0,,,,49562.0,1,0.0,2.0,5.0,0.0,2.0,5.0,-3.0,0,0,0.0,-3.0,,,,,,,24,52,146,2.8,0.5652173913043478,medium,0,0.0,0.0,0.0,0,24,52,146,2.8,0.5652173913043478,medium,1500.0949664826862,,5,0.0,2.0,0.0,2.0,2.0,0.0,0.0,0.0,0.4,0.4,7.0,-3.0,0.4,2.0,0.0,0.0,0.0,0.0,,0.0,1.0,0.0,0.0,,0.0,,13563.4,1,0.0,2.0,2.0,0.0,2.0,2.0,0.0,1,0,0.0,0.0,,,,,,,24,52,146,2.8,0.5652173913043478,medium,0,0.0,0.0,0.0,0,24,52,146,2.8,0.5652173913043478,medium,1500.0198185434974,,0.0,-3.0,-0.4,1.6,4.6,0.0,-3.0,0.0751479391888096,Draw,1,7,1,5,0,0,-6
1982,1982-06-22,WC-1982,1982 FIFA World Cup,Belgium v Hungary,First group stage,Belgium,Hungary,BEL,HUN,1.0,1.0,1-1,draw,0.0,0.0,yes,no,no,0-0,Nuevo Estadio,S-152,Nuevo Estadio,Elche,Spain,0.0,37000.0,21:00,Clive White,,272,24,52,146,2.8,0.5652173913043478,medium,11,2.0,2.0,2.0,5.0,9.0,-4.0,0.1818181818181818,-0.3636363636363636,0.4545454545454545,0.8181818181818182,9.0,-7.0,0.6,5.0,0.0,0.0,1.0,0.0,0.0,0.0,2.0,0.0,0.0,,0.0,,46587.09090909091,2,0.0,1.0,1.0,0.0,0.5,0.5,0.0,5,0,0.0,0.0,,0.0,0.0,0.0,0.0,0.0,24,52,146,2.8,0.5652173913043478,medium,0,0.0,0.0,0.0,0,24,52,146,2.8,0.5652173913043478,medium,1469.5244534250658,,25,3.0,2.0,7.0,15.0,26.0,-11.0,0.12,-0.44,0.6,1.04,3.0,-9.0,0.2,10.0,0.0,0.0,2.0,0.0,0.0,0.0,3.0,0.0,0.0,,0.0,,24957.8,2,2.0,3.0,1.0,1.0,1.5,0.5,2.0,7,0,0.0,0.0,,0.0,0.0,2.0,2.0,0.0,24,52,146,2.8,0.5652173913043478,medium,0,0.0,2.0,2.0,0,24,52,146,2.8,0.5652173913043478,medium,1499.6978408941886,,0.0618181818181818,7.0,0.3999999999999999,-0.1454545454545454,-0.2218181818181818,-1.0,-2.0,-30.173387469122872,Draw,13,67,10,51,1,4,-54
1982,1982-06-22,WC-1982,1982 FIFA World Cup,Poland v Peru,First group stage,Poland,Peru,POL,PER,5.0,1.0,5-1,home team win,1.0,0.0,no,no,no,0-0,Estadio Riazor,S-147,Estadio Riazor,A Coruña,Spain,0.0,25000.0,17:15,Mario Rubio Vazquez,,273,24,52,146,2.8,0.5652173913043478,medium,13,12.0,3.0,11.0,69.0,42.0,27.0,0.9230769230769232,2.076923076923077,5.3076923076923075,3.230769230769231,5.0,-18.0,0.2,17.0,0.0,0.0,9.0,0.0,0.0,0.0,4.0,0.0,0.0,,0.0,,37119.92307692308,2,1.0,12.0,6.0,0.5,6.0,3.0,6.0,3,0,0.0,0.0,,0.0,0.0,0.0,1.0,0.0,24,52,146,2.8,0.5652173913043478,medium,0,0.0,0.0,1.0,0,24,52,146,2.8,0.5652173913043478,medium,1547.6847739806408,,12,9.0,2.0,3.0,31.0,17.0,14.0,0.75,1.1666666666666667,2.5833333333333335,1.4166666666666667,5.0,-19.0,0.2,12.0,0.0,0.0,2.0,0.0,0.0,0.0,5.0,0.0,0.0,,0.0,,28405.81818181818,2,1.0,5.0,1.0,0.5,2.5,0.5,4.0,3,0,1.0,4.0,,,,,,,24,52,146,2.8,0.5652173913043478,medium,0,0.0,0.0,0.0,0,24,52,146,2.8,0.5652173913043478,medium,1498.3066391686232,,0.1730769230769231,13.0,0.0,2.724358974358974,1.814102564102564,0.0,2.0,49.378134812017606,HomeWin,26,17,18,13,2,2,9
1982,1982-06-22,WC-1982,1982 FIFA World Cup,Soviet Union v Scotland,First group stage,Russia,Scotland,SUN,SCO,2.0,2.0,2-2,draw,0.0,0.0,yes,no,no,0-0,Estadio La Rosaleda,S-156,Estadio La Rosaleda,Málaga,Spain,0.0,45000.0,21:00,Nicolae Rainea,,274,24,52,146,2.8,0.5652173913043478,medium,19,4.0,3.0,6.0,18.0,27.0,-9.0,0.2105263157894736,-0.4736842105263157,0.9473684210526316,1.4210526315789471,10.0,,0.6,12.0,0.0,0.0,1.0,0.0,0.0,0.0,0.0,0.0,0.0,,,,42181.11111111111,2,0.0,2.0,6.0,0.0,1.0,3.0,-4.0,4,0,0.0,-4.0,,,,,,,24,52,146,2.8,0.5652173913043478,medium,0,0.0,0.0,0.0,0,24,52,146,2.8,0.5652173913043478,medium,1555.2994831613105,,12,11.0,4.0,5.0,35.0,22.0,13.0,0.9166666666666666,1.0833333333333333,2.9166666666666665,1.8333333333333333,7.0,2.0,0.4,16.0,0.0,0.0,4.0,1.0,0.25,1.0,0.0,1.0,0.0,1.0,,,33476.90909090909,2,1.0,6.0,4.0,0.5,3.0,2.0,2.0,4,0,0.0,0.0,,,,,,,24,52,146,2.8,0.5652173913043478,medium,0,0.0,0.0,0.0,0,24,52,146,2.8,0.5652173913043478,medium,1478.8148789594484,,-0.706140350877193,-22.0,0.1999999999999999,-1.969298245614035,-0.4122807017543859,-0.5,-6.0,76.48460420186211,Draw,0,16,0,14,0,1,-16
1982,1982-06-23,WC-1982,1982 FIFA World Cup,Argentina v El Salvador,First group stage,Argentina,El Salvador,ARG,SLV,2.0,0.0,2-0,home team win,1.0,0.0,no,no,no,0-0,Estadio José Rico Pérez,S-148,Estadio José Rico Pérez,Alicante,Spain,0.0,32500.0,21:00,Luis Barrancos,,275,24,52,146,2.8,0.5652173913043478,medium,29,2.0,5.0,6.0,18.0,29.0,-11.0,0.0689655172413793,-0.3793103448275862,0.6206896551724138,1.0,10.0,1.0,0.6,13.0,0.0,0.0,0.0,1.0,,1.0,1.0,1.0,0.0,1.0,0.0,1.0,43013.0,2,1.0,8.0,8.0,0.5,4.0,4.0,0.0,7,0,0.0,0.0,,1.0,1.0,2.0,2.0,1.0,24,52,146,2.8,0.5652173913043478,medium,1,1.0,2.0,2.0,1,24,52,146,2.8,0.5652173913043478,medium,1544.1897144318127,,5,16.0,4.0,10.0,60.0,42.0,18.0,3.2,3.6,12.0,8.4,0.0,0.0,0.0,25.0,0.0,0.0,5.0,1.0,0.2,1.0,2.0,1.0,0.0,1.0,0.0,1.0,64648.4,2,2.0,6.0,2.0,1.0,3.0,1.0,4.0,1,0,1.0,2.0,,,,,,,24,52,146,2.8,0.5652173913043478,medium,0,0.0,0.0,0.0,0,24,52,146,2.8,0.5652173913043478,medium,1449.4469812189616,,-3.1310344827586207,-29.0,0.6,-11.379310344827584,-7.4,-0.5,-4.0,94.74273321285114,HomeWin,58,1,45,1,3,0,57
1982,1982-06-23,WC-1982,1982 FIFA World Cup,Brazil v New Zealand,First group stage,Brazil,New Zealand,BRA,NZL,4.0,0.0,4-0,home team win,1.0,0.0,no,no,no,0-0,Estadio Benito Villamarín,S-158,Estadio Benito Villamarín,Seville,Spain,0.0,43000.0,21:00,Damir Matovinovic,,276,24,52,146,2.8,0.5652173913043478,medium,50,0.0,0.0,6.0,1.0,22.0,-21.0,0.0,-0.42,0.02,0.44,13.0,0.0,0.8,6.0,0.0,0.0,0.0,1.0,,2.0,2.0,1.0,0.0,0.5,0.0,0.5,50409.36734693877,2,0.0,1.0,13.0,0.0,0.5,6.5,-12.0,11,0,0.0,-2.0,,1.0,3.0,4.0,6.0,0.0,24,52,146,2.8,0.5652173913043478,medium,1,3.0,4.0,6.0,0,24,52,146,2.8,0.5652173913043478,medium,1646.7364316798362,,2,33.0,9.0,9.0,116.0,53.0,63.0,16.5,31.5,58.0,26.5,0.0,-2.0,0.0,29.0,0.0,0.0,22.0,1.0,0.0454545454545454,2.0,3.0,1.0,0.0,0.5,0.0,0.5,27500.0,2,3.0,10.0,2.0,1.5,5.0,1.0,8.0,0,0,1.0,4.0,,,,,,,24,52,146,2.8,0.5652173913043478,medium,0,0.0,0.0,0.0,0,24,52,146,2.8,0.5652173913043478,medium,1480.8941310181542,,-16.5,-84.0,0.8,-57.98,-26.06,-1.5,-20.0,165.84230066168195,HomeWin,114,2,88,2,2,0,112
1982,1982-06-23,WC-1982,1982 FIFA World Cup,Italy v Cameroon,First group stage,Italy,Cameroon,ITA,CMR,1.0,1.0,1-1,draw,0.0,0.0,yes,no,no,0-0,Balaídos,S-162,Balaídos,Vigo,Spain,0.0,20000.0,17:15,Bogdan Dotchev,,277,24,52,146,2.8,0.5652173913043478,medium,32,0.0,0.0,3.0,2.0,12.0,-10.0,0.0,-0.3125,0.0625,0.375,8.0,-4.0,0.4,3.0,0.0,0.0,0.0,1.0,,2.0,4.0,1.0,0.0,0.5,0.0,0.5,41578.433333333334,2,0.0,2.0,12.0,0.0,1.0,6.0,-10.0,9,0,0.0,-4.0,,1.0,2.0,3.0,3.0,0.0,24,52,146,2.8,0.5652173913043478,medium,1,2.0,3.0,3.0,0,24,52,146,2.8,0.5652173913043478,medium,1557.2749594693817,,2,17.0,7.0,9.0,52.0,35.0,17.0,8.5,8.5,26.0,17.5,2.0,-3.0,0.0,21.0,0.0,0.0,12.0,1.0,0.0833333333333333,2.0,5.0,1.0,0.0,0.5,0.0,0.5,15000.0,2,0.0,2.0,2.0,0.0,1.0,1.0,0.0,0,0,0.0,0.0,,,,,,,24,52,146,2.8,0.5652173913043478,medium,0,0.0,0.0,0.0,0,24,52,146,2.8,0.5652173913043478,medium,1501.3035906379284,,-8.5,-27.0,0.4,-25.9375,-17.125,0.0,-10.0,55.97136883145322,Draw,55,0,49,0,2,0,55
1982,1982-06-24,WC-1982,1982 FIFA World Cup,Algeria v Chile,First group stage,Algeria,Chile,DZA,CHL,3.0,2.0,3-2,home team win,1.0,0.0,no,no,no,0-0,Estadio Carlos Tartiere,S-157,Estadio Carlos Tartiere,Oviedo,Spain,0.0,16000.0,17:15,Romulo Mendez Molina,,278,24,52,146,2.8,0.5652173913043478,medium,1,0.0,3.0,0.0,1.0,1.0,0.0,0.0,0.0,1.0,1.0,0.0,-2.0,0.0,3.0,0.0,0.0,0.0,1.0,,3.0,5.0,1.0,0.0,0.3333333333333333,0.0,0.3333333333333333,22000.0,1,0.0,1.0,1.0,0.0,1.0,1.0,0.0,0,0,0.0,0.0,,,,,,,24,52,146,2.8,0.5652173913043478,medium,0,0.0,0.0,0.0,0,24,52,146,2.8,0.5652173913043478,medium,1490.6755994708294,,15,1.0,0.0,1.0,3.0,4.0,-1.0,0.0666666666666666,-0.0666666666666666,0.2,0.2666666666666666,2.0,-3.0,0.0,2.0,0.0,0.0,0.0,1.0,,3.0,6.0,1.0,0.0,0.3333333333333333,0.0,0.3333333333333333,29204.0,1,1.0,3.0,4.0,1.0,3.0,4.0,-1.0,5,0,1.0,1.0,,0.0,0.0,0.0,1.0,0.0,24,52,146,2.8,0.5652173913043478,medium,0,0.0,0.0,1.0,0,24,52,146,2.8,0.5652173913043478,medium,1510.3057231156215,,-0.0666666666666666,1.0,0.0,0.8,0.7333333333333334,-1.0,1.0,-19.63012364479232,HomeWin,0,17,0,14,0,0,-17
1982,1982-06-24,WC-1982,1982 FIFA World Cup,France v Czechoslovakia,First group stage,France,Czechoslovakia,FRA,CSK,1.0,1.0,1-1,draw,0.0,0.0,yes,no,no,0-0,Estadio José Zorrilla,S-161,Estadio José Zorrilla,Valladolid,Spain,0.0,28000.0,17:15,Paolo Casarin,,279,24,52,146,2.8,0.5652173913043478,medium,20,7.0,2.0,7.0,22.0,20.0,2.0,0.35,0.1,1.1,1.0,6.0,-2.0,0.4,11.0,0.0,0.0,5.0,1.0,0.2,3.0,7.0,1.0,0.0,0.3333333333333333,0.0,0.3333333333333333,30852.3,2,0.0,2.0,4.0,0.0,1.0,2.0,-2.0,7,0,0.0,-1.0,,0.0,0.0,0.0,1.0,0.0,24,52,146,2.8,0.5652173913043478,medium,0,0.0,0.0,1.0,0,24,52,146,2.8,0.5652173913043478,medium,1476.914230151388,,23,8.0,2.0,11.0,42.0,37.0,5.0,0.3478260869565217,0.217391304347826,1.826086956521739,1.608695652173913,1.0,0.0,0.0,17.0,1.0,0.0588235294117647,4.0,1.0,0.25,4.0,7.0,2.0,0.0,0.5,0.0,0.5,24850.565217391304,2,1.0,6.0,5.0,0.5,3.0,2.5,1.0,6,0,0.0,0.0,,0.0,0.0,2.0,2.0,0.0,24,52,146,2.8,0.5652173913043478,medium,0,0.0,2.0,2.0,0,24,52,146,2.8,0.5652173913043478,medium,1469.3458624689963,,0.0021739130434782,-3.0,0.4,-0.7260869565217389,-0.6086956521739131,-0.5,-3.0,7.568367682391454,Draw,41,35,35,30,3,4,6
1982,1982-06-24,WC-1982,1982 FIFA World Cup,Honduras v Yugoslavia,First group stage,Honduras,Yugoslavia,HND,YUG,0.0,1.0,0-1,away team win,0.0,1.0,no,no,no,0-0,Estadio La Romareda,S-163,Estadio La Romareda,Zaragoza,Spain,0.0,25000.0,21:00,Gaston Castro,,280,24,52,146,2.8,0.5652173913043478,medium,2,8.0,4.0,12.0,32.0,38.0,-6.0,4.0,-3.0,16.0,19.0,2.0,0.0,0.0,14.0,1.0,0.0714285714285714,10.0,1.0,0.1,5.0,7.0,2.0,0.0,0.4,0.0,0.4,32281.0,2,0.0,2.0,4.0,0.0,1.0,2.0,-2.0,0,0,0.0,0.0,,,,,,,24,52,146,2.8,0.5652173913043478,medium,0,0.0,0.0,0.0,0,24,52,146,2.8,0.5652173913043478,medium,1500.0928035511631,,22,0.0,2.0,1.0,2.0,3.0,-1.0,0.0,-0.0454545454545454,0.0909090909090909,0.1363636363636363,2.0,-2.0,0.0,3.0,1.0,0.3333333333333333,0.0,1.0,,5.0,8.0,2.0,0.0,0.4,0.0,0.4,33960.36363636364,2,0.0,2.0,3.0,0.0,1.0,1.5,-1.0,6,0,0.0,-1.0,,,,,,,24,52,146,2.8,0.5652173913043478,medium,0,0.0,0.0,0.0,0,24,52,146,2.8,0.5652173913043478,medium,1493.850434004709,,4.0,-5.0,0.0,15.909090909090908,18.863636363636363,0.0,-1.0,6.242369546453801,AwayWin,2,36,2,31,0,1,-34
1982,1982-06-25,WC-1982,1982 FIFA World Cup,England v Kuwait,First group stage,England,Kuwait,ENG,KWT,1.0,0.0,1-0,home team win,1.0,0.0,no,no,no,0-0,Estadio San Mamés,S-151,Estadio San Mamés,Bilbao,Spain,0.0,39700.0,17:15,Gilberto Aristizabal Murcia,,281,24,52,146,2.8,0.5652173913043478,medium,23,9.0,6.0,8.0,37.0,31.0,6.0,0.391304347826087,0.2608695652173913,1.608695652173913,1.3478260869565215,12.0,-1.0,0.8,17.0,1.0,0.0588235294117647,6.0,1.0,0.1666666666666666,6.0,8.0,2.0,0.0,0.3333333333333333,0.0,0.3333333333333333,45297.217391304344,2,1.0,2.0,2.0,0.5,1.0,1.0,0.0,6,0,1.0,1.0,,1.0,1.0,1.0,1.0,0.0,24,52,146,2.8,0.5652173913043478,medium,1,1.0,1.0,1.0,0,24,52,146,2.8,0.5652173913043478,medium,1541.8132594046413,,2,11.0,6.0,7.0,32.0,24.0,8.0,5.5,4.0,16.0,12.0,1.0,2.0,0.0,17.0,2.0,0.1176470588235294,7.0,1.0,0.1428571428571428,7.0,8.0,3.0,0.0,0.4285714285714285,0.0,0.4285714285714285,27521.5,2,3.0,6.0,1.0,1.5,3.0,0.5,5.0,0,0,1.0,1.0,,,,,,,24,52,146,2.8,0.5652173913043478,medium,0,0.0,0.0,0.0,0,24,52,146,2.8,0.5652173913043478,medium,1488.383862072594,,-5.108695652173913,-2.0,0.8,-14.391304347826086,-10.652173913043478,-1.0,-5.0,53.4293973320473,HomeWin,29,2,24,2,3,0,27
1982,1982-06-25,WC-1982,1982 FIFA World Cup,Spain v Northern Ireland,First group stage,Spain,Northern Ireland,ESP,NIR,0.0,1.0,0-1,away team win,0.0,1.0,no,no,no,0-0,Estadio Luis Casanova,S-160,Estadio Luis Casanova,Valencia,Spain,1.0,,21:00,,,282,24,52,146,2.8,0.5652173913043478,medium,19,0.0,1.0,2.0,2.0,6.0,-4.0,0.0,-0.2105263157894736,0.1052631578947368,0.3157894736842105,8.0,2.0,0.4,3.0,3.0,1.0,0.0,1.0,,8.0,8.0,4.0,0.0,0.5,0.0,0.5,39206.63157894737,2,0.0,2.0,6.0,0.0,1.0,3.0,-4.0,5,0,0.0,-1.0,,0.0,0.0,0.0,0.0,0.0,24,52,146,2.8,0.5652173913043478,medium,0,0.0,0.0,0.0,0,24,52,146,2.8,0.5652173913043478,medium,1513.2237455291229,,6,8.0,4.0,8.0,24.0,26.0,-2.0,1.3333333333333333,-0.3333333333333333,4.0,4.333333333333333,5.0,3.0,0.2,11.0,3.0,0.2727272727272727,9.0,2.0,0.2222222222222222,9.0,8.0,5.0,0.0,0.5555555555555556,0.0,0.5555555555555556,13802.833333333334,2,1.0,3.0,3.0,0.5,1.5,1.5,0.0,1,0,0.0,-1.0,,,,,,,24,52,146,2.8,0.5652173913043478,medium,0,0.0,0.0,0.0,0,24,52,146,2.8,0.5652173913043478,medium,1500.0219814750203,,-1.3333333333333333,-2.0,0.2,-3.8947368421052633,-4.017543859649122,-0.5,-4.0,13.201764054102114,AwayWin,25,8,23,6,3,0,17
1982,1982-06-28,WC-1982,1982 FIFA World Cup,Austria v France,Second group stage,Austria,France,AUT,FRA,0.0,1.0,0-1,away team win,0.0,1.0,no,no,no,0-0,Vicente Calderón,S-155,Vicente Calderón,Madrid,Spain,0.0,37000.0,17:15,Karoly Palotai,,283,24,52,146,2.8,0.5652173913043478,medium,16,3.0,2.0,2.0,6.0,9.0,-3.0,0.1875,-0.1875,0.375,0.5625,9.0,6.0,0.6,6.0,3.0,0.5,1.0,3.0,3.0,10.0,8.0,6.0,0.0,0.6,0.0,0.6,27973.75,2,1.0,2.0,1.0,0.5,1.0,0.5,1.0,4,1,1.0,1.0,1.0,0.0,0.0,0.0,1.0,0.0,24,52,146,2.8,0.5652173913043478,medium,0,0.0,0.0,1.0,0,24,52,146,2.8,0.5652173913043478,medium,1532.8329409814307,,21,9.0,1.0,7.0,24.0,19.0,5.0,0.4285714285714285,0.238095238095238,1.1428571428571428,0.9047619047619048,7.0,7.0,0.4,12.0,4.0,0.3333333333333333,5.0,3.0,0.6,11.0,8.0,7.0,0.0,0.6363636363636364,0.0,0.6363636363636364,30716.47619047619,3,2.0,3.0,1.0,0.6666666666666666,1.0,0.3333333333333333,2.0,7,1,1.0,0.0,1.0,0.0,0.0,0.0,1.0,0.0,24,52,146,2.8,0.5652173913043478,medium,0,0.0,0.0,1.0,0,24,52,146,2.8,0.5652173913043478,medium,1476.6964294681163,,-0.2410714285714285,-8.0,0.1999999999999999,-0.7678571428571428,-0.3422619047619047,-0.1666666666666666,-1.0,56.13651151331442,AwayWin,24,42,21,36,2,3,-18
1982,1982-06-28,WC-1982,1982 FIFA World Cup,Poland v Belgium,Second group stage,Poland,Belgium,POL,BEL,3.0,0.0,3-0,home team win,1.0,0.0,no,no,no,0-0,Camp Nou,S-149,Camp Nou,Barcelona,Spain,0.0,65000.0,21:00,Jesus Paulino Siles,,284,24,52,146,2.8,0.5652173913043478,medium,14,9.0,2.0,11.0,43.0,37.0,6.0,0.6428571428571429,0.4285714285714285,3.0714285714285716,2.642857142857143,5.0,4.0,0.2,18.0,4.0,0.2222222222222222,4.0,3.0,0.75,11.0,9.0,7.0,0.0,0.6363636363636364,0.0,0.6363636363636364,36254.21428571428,3,2.0,7.0,5.0,0.6666666666666666,2.3333333333333335,1.6666666666666667,2.0,3,0,1.0,0.0,,0.0,0.0,0.0,1.0,0.0,24,52,146,2.8,0.5652173913043478,medium,0,0.0,0.0,1.0,0,24,52,146,2.8,0.5652173913043478,medium,1556.2730491856985,,12,10.0,2.0,3.0,34.0,17.0,17.0,0.8333333333333334,1.4166666666666667,2.8333333333333335,1.4166666666666667,7.0,3.0,0.4,13.0,5.0,0.3846153846153846,2.0,3.0,1.5,12.0,9.0,8.0,0.0,0.6666666666666666,0.0,0.6666666666666666,45788.166666666664,3,2.0,8.0,1.0,0.6666666666666666,2.6666666666666665,0.3333333333333333,7.0,5,0,1.0,3.0,,0.0,0.0,0.0,0.0,0.0,24,52,146,2.8,0.5652173913043478,medium,0,0.0,0.0,0.0,0,24,52,146,2.8,0.5652173913043478,medium,1470.3907365207867,,-0.1904761904761904,-11.0,-0.2,0.2380952380952381,1.226190476190476,0.0,-5.0,85.88231266491175,HomeWin,31,14,23,11,2,1,17
1982,1982-06-29,WC-1982,1982 FIFA World Cup,Italy v Argentina,Second group stage,Italy,Argentina,ITA,ARG,2.0,1.0,2-1,home team win,1.0,0.0,no,no,no,0-0,Estadi de Sarrià,S-150,Estadi de Sarrià,Barcelona,Spain,0.0,43000.0,17:15,Nicolae Rainea,,285,24,52,146,2.8,0.5652173913043478,medium,33,3.0,2.0,8.0,15.0,29.0,-14.0,0.0909090909090909,-0.4242424242424242,0.4545454545454545,0.8787878787878788,6.0,4.0,0.2,11.0,6.0,0.5454545454545454,2.0,3.0,1.5,13.0,9.0,9.0,0.0,0.6923076923076923,0.0,0.6923076923076923,40882.354838709674,3,2.0,3.0,4.0,0.6666666666666666,1.0,1.3333333333333333,-1.0,9,2,0.0,-3.0,0.0,1.0,2.0,3.0,3.0,0.0,24,52,146,2.8,0.5652173913043478,medium,1,2.0,3.0,3.0,0,24,52,146,2.8,0.5652173913043478,medium,1555.67776730068,,30,18.0,7.0,9.0,54.0,36.0,18.0,0.6,0.6,1.8,1.2,12.0,5.0,0.8,22.0,7.0,0.3181818181818182,12.0,3.0,0.25,14.0,9.0,10.0,0.0,0.7142857142857143,0.0,0.7142857142857143,42637.53571428572,3,1.0,4.0,3.0,0.3333333333333333,1.3333333333333333,1.0,1.0,7,2,2.0,2.0,1.0,1.0,1.0,2.0,2.0,1.0,24,52,146,2.8,0.5652173913043478,medium,1,1.0,2.0,2.0,1,24,52,146,2.8,0.5652173913043478,medium,1551.528439375208,,-0.509090909090909,-32.0,-0.6000000000000001,-1.3454545454545457,-0.3212121212121211,0.3333333333333333,-2.0,4.14932792547188,HomeWin,56,60,50,47,2,4,-4
1982,1982-07-01,WC-1982,1982 FIFA World Cup,Austria v Northern Ireland,Second group stage,Austria,Northern Ireland,AUT,NIR,2.0,2.0,2-2,draw,0.0,0.0,yes,no,no,0-0,Vicente Calderón,S-155,Vicente Calderón,Madrid,Spain,0.0,20000.0,17:15,Adolf Prokop,,286,24,52,146,2.8,0.5652173913043478,medium,17,16.0,4.0,11.0,61.0,44.0,17.0,0.9411764705882352,1.0,3.588235294117647,2.588235294117647,6.0,5.0,0.4,26.0,8.0,0.3076923076923077,5.0,3.0,0.6,15.0,9.0,11.0,0.0,0.7333333333333333,0.0,0.7333333333333333,28504.70588235294,3,2.0,7.0,4.0,0.6666666666666666,2.3333333333333335,1.3333333333333333,3.0,4,0,0.0,-2.0,,0.0,0.0,0.0,1.0,0.0,24,52,146,2.8,0.5652173913043478,medium,0,0.0,0.0,1.0,0,24,52,146,2.8,0.5652173913043478,medium,1521.2311172311506,,7,9.0,2.0,7.0,26.0,21.0,5.0,1.2857142857142858,0.7142857142857143,3.7142857142857144,3.0,8.0,6.0,0.4,13.0,8.0,0.6153846153846154,5.0,3.0,0.6,15.0,10.0,11.0,0.0,0.7333333333333333,0.0,0.7333333333333333,13802.833333333334,3,2.0,5.0,3.0,0.6666666666666666,1.6666666666666667,1.0,2.0,1,0,0.0,0.0,,,,,,,24,52,146,2.8,0.5652173913043478,medium,0,0.0,0.0,0.0,0,24,52,146,2.8,0.5652173913043478,medium,1510.4017760205668,,-0.3445378151260505,12.0,0.0,-0.1260504201680672,-0.4117647058823528,0.0,1.0,10.829341210583834,Draw,24,9,21,7,2,0,15
1982,1982-07-01,WC-1982,1982 FIFA World Cup,Belgium v Soviet Union,Second group stage,Belgium,Russia,BEL,SUN,0.0,1.0,0-1,away team win,0.0,1.0,no,no,no,0-0,Camp Nou,S-149,Camp Nou,Barcelona,Spain,0.0,45000.0,21:00,Michel Vautrot,,287,24,52,146,2.8,0.5652173913043478,medium,13,3.0,3.0,2.0,8.0,11.0,-3.0,0.2307692307692307,-0.2307692307692307,0.6153846153846154,0.8461538461538461,7.0,4.0,0.4,7.0,8.0,1.1428571428571428,1.0,3.0,3.0,15.0,11.0,11.0,0.0,0.7333333333333333,0.0,0.7333333333333333,47266.0,4,1.0,4.0,3.0,0.25,1.0,0.75,1.0,5,1,0.0,0.0,0.0,0.0,0.0,0.0,0.0,0.0,24,52,146,2.8,0.5652173913043478,medium,0,0.0,0.0,0.0,0,24,52,146,2.8,0.5652173913043478,medium,1462.813482756345,,20,3.0,2.0,9.0,15.0,30.0,-15.0,0.15,-0.75,0.75,1.5,10.0,2.0,0.6,12.0,8.0,0.6666666666666666,2.0,3.0,1.5,16.0,11.0,11.0,0.0,0.6875,0.0,0.6875,42329.47368421053,3,2.0,3.0,5.0,0.6666666666666666,1.0,1.6666666666666667,-2.0,4,1,0.0,-4.0,0.0,,,,,,24,52,146,2.8,0.5652173913043478,medium,0,0.0,0.0,0.0,0,24,52,146,2.8,0.5652173913043478,medium,1553.1329645320293,,0.0807692307692307,12.0,-0.1999999999999999,-0.1346153846153845,-0.6538461538461539,-0.4166666666666666,3.0,-90.31948177568438,AwayWin,14,0,11,0,1,0,14
1982,1982-07-02,WC-1982,1982 FIFA World Cup,Argentina v Brazil,Second group stage,Argentina,Brazil,ARG,BRA,1.0,3.0,1-3,away team win,0.0,1.0,no,no,no,0-0,Estadi de Sarrià,S-150,Estadi de Sarrià,Barcelona,Spain,0.0,44000.0,17:15,Mario Rubio Vazquez,,288,24,52,146,2.8,0.5652173913043478,medium,31,12.0,4.0,5.0,36.0,22.0,14.0,0.3870967741935484,0.4516129032258064,1.1612903225806452,0.7096774193548387,9.0,3.0,0.6,17.0,9.0,0.5294117647058824,4.0,3.0,0.75,17.0,11.0,12.0,0.0,0.7058823529411765,0.0,0.7058823529411765,42650.03448275862,4,2.0,7.0,4.0,0.5,1.75,1.0,3.0,7,2,2.0,4.0,1.0,1.0,1.0,2.0,2.0,1.0,24,52,146,2.8,0.5652173913043478,medium,1,1.0,2.0,2.0,1,24,52,146,2.8,0.5652173913043478,medium,1541.647860955453,,51,16.0,4.0,12.0,62.0,47.0,15.0,0.3137254901960784,0.2941176470588235,1.2156862745098038,0.9215686274509804,15.0,5.0,1.0,27.0,9.0,0.3333333333333333,5.0,4.0,0.8,18.0,11.0,13.0,0.0,0.7222222222222222,0.0,0.7222222222222222,50261.18,3,2.0,8.0,7.0,0.6666666666666666,2.6666666666666665,2.3333333333333335,1.0,11,2,0.0,-3.0,0.0,1.0,3.0,4.0,6.0,0.0,24,52,146,2.8,0.5652173913043478,medium,1,3.0,4.0,6.0,0,24,52,146,2.8,0.5652173913043478,medium,1652.2953840109485,,0.0733712839974699,-1.0,-0.4,-0.0543959519291585,-0.2118912080961416,-0.1666666666666666,2.0,-110.6475230554954,AwayWin,61,118,48,91,4,2,-57
1982,1982-07-04,WC-1982,1982 FIFA World Cup,France v Northern Ireland,Second group stage,France,Northern Ireland,FRA,NIR,4.0,1.0,4-1,home team win,1.0,0.0,no,no,no,0-0,Vicente Calderón,S-155,Vicente Calderón,Madrid,Spain,0.0,37000.0,17:15,Alojzy Jarguz,,289,24,52,146,2.8,0.5652173913043478,medium,22,34.0,9.0,9.0,119.0,54.0,65.0,1.5454545454545454,2.9545454545454546,5.409090909090909,2.4545454545454546,10.0,4.0,0.6,30.0,9.0,0.3,22.0,4.0,0.1818181818181818,18.0,12.0,13.0,0.0,0.7222222222222222,0.0,0.7222222222222222,31002.090909090908,4,4.0,13.0,3.0,1.0,3.25,0.75,10.0,7,1,2.0,3.0,2.0,0.0,0.0,0.0,1.0,0.0,24,52,146,2.8,0.5652173913043478,medium,0,0.0,0.0,1.0,0,24,52,146,2.8,0.5652173913043478,medium,1488.2982532183964,,8,10.0,2.0,11.0,47.0,38.0,9.0,1.25,1.125,5.875,4.75,6.0,5.0,0.2,19.0,9.0,0.4736842105263157,4.0,4.0,1.0,19.0,12.0,13.0,0.0,0.6842105263157895,0.0,0.6842105263157895,14688.142857142857,4,3.0,11.0,6.0,0.75,2.75,1.5,5.0,1,1,2.0,7.0,2.0,,,,,,24,52,146,2.8,0.5652173913043478,medium,0,0.0,0.0,0.0,0,24,52,146,2.8,0.5652173913043478,medium,1510.713368615569,,0.2954545454545454,56.0,0.3999999999999999,-0.4659090909090908,-2.2954545454545454,0.25,5.0,-22.415115397172485,HomeWin,43,11,37,8,3,0,32
1982,1982-07-05,WC-1982,1982 FIFA World Cup,Italy v Brazil,Second group stage,Italy,Brazil,ITA,BRA,3.0,2.0,3-2,home team win,1.0,0.0,no,no,no,0-0,Estadi de Sarrià,S-150,Estadi de Sarrià,Barcelona,Spain,0.0,44000.0,17:15,Abraham Klein,,290,24,52,146,2.8,0.5652173913043478,medium,34,3.0,3.0,3.0,9.0,15.0,-6.0,0.088235294117647,-0.1764705882352941,0.2647058823529412,0.4411764705882353,6.0,5.0,0.2,8.0,9.0,1.125,1.0,4.0,4.0,20.0,12.0,13.0,0.0,0.65,0.0,0.65,40948.53125,4,1.0,5.0,7.0,0.25,1.25,1.75,-2.0,9,3,0.0,-7.0,0.0,1.0,2.0,3.0,3.0,0.0,24,52,146,2.8,0.5652173913043478,medium,1,2.0,3.0,3.0,0,24,52,146,2.8,0.5652173913043478,medium,1565.558345720435,,52,19.0,7.0,9.0,57.0,38.0,19.0,0.3653846153846153,0.3653846153846153,1.0961538461538465,0.7307692307692307,15.0,3.0,1.0,23.0,10.0,0.4347826086956521,12.0,4.0,0.3333333333333333,21.0,12.0,14.0,0.0,0.6666666666666666,0.0,0.6666666666666666,50138.41176470588,4,2.0,7.0,5.0,0.5,1.75,1.25,2.0,11,3,2.0,-2.0,0.6666666666666666,1.0,3.0,4.0,6.0,0.0,24,52,146,2.8,0.5652173913043478,medium,1,3.0,4.0,6.0,0,24,52,146,2.8,0.5652173913043478,medium,1659.2141631847692,,-0.2771493212669683,-25.0,-0.8,-0.8314479638009051,-0.2895927601809954,-0.25,-4.0,-93.65581746433418,HomeWin,58,121,52,94,2,2,-63
1982,1982-07-05,WC-1982,1982 FIFA World Cup,Spain v England,Second group stage,Spain,England,ESP,ENG,0.0,0.0,0-0,draw,0.0,0.0,yes,no,no,0-0,Estadio Santiago Bernabéu,S-154,Estadio Santiago Bernabéu,Madrid,Spain,1.0,75000.0,21:00,Alexis Ponnet,,291,24,52,146,2.8,0.5652173913043478,medium,20,34.0,9.0,10.0,121.0,57.0,64.0,1.7,3.2,6.05,2.85,8.0,1.0,0.4,31.0,10.0,0.3225806451612903,22.0,5.0,0.2272727272727272,22.0,12.0,15.0,0.0,0.6818181818181818,0.0,0.6818181818181818,39206.63157894737,3,4.0,15.0,6.0,1.3333333333333333,5.0,2.0,9.0,5,1,2.0,2.0,2.0,0.0,0.0,0.0,0.0,0.0,24,52,146,2.8,0.5652173913043478,medium,0,0.0,0.0,0.0,0,24,52,146,2.8,0.5652173913043478,medium,1502.8439509835764,,24,8.0,5.0,8.0,24.0,26.0,-2.0,0.3333333333333333,-0.0833333333333333,1.0,1.0833333333333333,12.0,1.0,0.8,12.0,10.0,0.8333333333333334,9.0,5.0,0.5555555555555556,22.0,13.0,15.0,0.0,0.6818181818181818,0.0,0.6818181818181818,45064.0,3,1.0,3.0,3.0,0.3333333333333333,1.0,1.0,0.0,6,1,1.0,1.0,1.0,1.0,1.0,1.0,1.0,0.0,24,52,146,2.8,0.5652173913043478,medium,1,1.0,1.0,1.0,0,24,52,146,2.8,0.5652173913043478,medium,1550.2874467693068,,1.3666666666666667,66.0,-0.4,5.05,1.7666666666666668,1.0,9.0,-47.44349578573042,Draw,25,30,23,25,3,3,-5
1982,1982-07-08,WC-1982,1982 FIFA World Cup,Poland v Italy,Semi-finals,Poland,Italy,POL,ITA,0.0,2.0,0-2,away team win,0.0,1.0,no,no,no,0-0,Camp Nou,S-149,Camp Nou,Barcelona,Spain,0.0,50000.0,17:15,Juan Cardellino De San Vicente,,292,24,52,146,2.8,0.5652173913043478,medium,15,11.0,7.0,7.0,32.0,24.0,8.0,0.7333333333333333,0.5333333333333333,2.1333333333333333,1.6,8.0,3.0,0.4,18.0,11.0,0.6111111111111112,7.0,5.0,0.7142857142857143,23.0,13.0,16.0,0.0,0.6956521739130435,0.0,0.6956521739130435,38170.6,4,3.0,6.0,1.0,0.75,1.5,0.25,5.0,3,2,0.0,-1.0,0.0,0.0,0.0,0.0,1.0,0.0,24,52,146,2.8,0.5652173913043478,medium,0,0.0,0.0,1.0,0,24,52,146,2.8,0.5652173913043478,medium,1563.8503029501403,,35,10.0,2.0,4.0,34.0,19.0,15.0,0.2857142857142857,0.4285714285714285,0.9714285714285714,0.5428571428571428,9.0,2.0,0.4,13.0,11.0,0.8461538461538461,3.0,5.0,1.6666666666666667,23.0,14.0,16.0,0.0,0.6956521739130435,0.0,0.6956521739130435,41041.0,5,2.0,8.0,3.0,0.4,1.6,0.6,5.0,9,2,1.0,-1.0,0.5,1.0,2.0,3.0,3.0,0.0,24,52,146,2.8,0.5652173913043478,medium,1,2.0,3.0,3.0,0,24,52,146,2.8,0.5652173913043478,medium,1578.1905283507515,,0.4476190476190476,-7.0,0.0,1.1619047619047618,1.0571428571428574,0.35,0.0,-14.340225400611416,AwayWin,34,61,24,53,2,2,-27
1982,1982-07-10,WC-1982,1982 FIFA World Cup,Poland v France,Third place,Poland,France,POL,FRA,3.0,2.0,3-2,home team win,1.0,0.0,no,no,no,0-0,Estadio José Rico Pérez,S-148,Estadio José Rico Pérez,Alicante,Spain,0.0,28000.0,20:00,Antonio Garrido,,293,24,52,146,2.8,0.5652173913043478,medium,16,20.0,7.0,9.0,59.0,38.0,21.0,1.25,1.3125,3.6875,2.375,8.0,3.0,0.4,23.0,12.0,0.5217391304347826,13.0,5.0,0.3846153846153846,23.0,15.0,16.0,1.0,0.6956521739130435,0.0666666666666666,0.6289855072463768,38909.9375,5,3.0,9.0,5.0,0.6,1.8,1.0,4.0,3,0,1.0,1.0,,0.0,0.0,0.0,1.0,0.0,24,52,146,2.8,0.5652173913043478,medium,0,0.0,0.0,1.0,0,24,52,146,2.8,0.5652173913043478,medium,1554.262813593471,,23,11.0,2.0,4.0,37.0,21.0,16.0,0.4782608695652174,0.6956521739130435,1.608695652173913,0.9130434782608696,10.0,2.0,0.6,13.0,12.0,0.9230769230769232,4.0,5.0,1.25,23.0,16.0,16.0,1.0,0.6956521739130435,0.0625,0.6331521739130435,31262.869565217392,5,3.0,11.0,5.0,0.6,2.2,1.0,6.0,7,0,1.0,1.0,,0.0,0.0,0.0,1.0,0.0,24,52,146,2.8,0.5652173913043478,medium,0,0.0,0.0,1.0,0,24,52,146,2.8,0.5652173913043478,medium,1498.9425184734232,,0.7717391304347826,5.0,-0.1999999999999999,2.078804347826087,1.4619565217391304,0.0,-2.0,55.32029512004783,HomeWin,34,47,24,39,2,3,-13
1986,1986-05-31,WC-1986,1986 FIFA World Cup,Bulgaria v Italy,Group stage,Bulgaria,Italy,BGR,ITA,1.0,1.0,1-1,draw,0.0,0.0,yes,no,no,0-0,Estadio Azteca,S-099,Estadio Azteca,Mexico City,Mexico,0.0,96000.0,12:00,Erik Fredriksson,,294,24,52,132,2.5,0.6086956521739131,medium,11,10.0,2.0,12.0,49.0,41.0,8.0,0.9090909090909092,0.7272727272727273,4.454545454545454,3.727272727272727,3.0,3.0,0.0,19.0,12.0,0.631578947368421,5.0,5.0,1.0,24.0,16.0,16.0,1.0,0.6666666666666666,0.0625,0.6041666666666666,21246.81818181818,0,3.0,13.0,9.0,,,,4.0,4,0,0.0,-1.0,,,,,,,24,52,132,2.5,0.6086956521739131,medium,0,0.0,0.0,0.0,0,24,52,132,2.5,0.6086956521739131,medium,1445.2747519656425,,36,0.0,5.0,7.0,8.0,25.0,-17.0,0.0,-0.4722222222222222,0.2222222222222222,0.6944444444444444,11.0,2.0,0.6,12.0,13.0,1.0833333333333333,0.0,5.0,,24.0,17.0,16.0,2.0,0.6666666666666666,0.1176470588235294,0.5490196078431372,41304.5,0,0.0,1.0,1.0,,,,0.0,10,0,0.0,0.0,,1.0,3.0,4.0,4.0,1.0,24,52,132,2.5,0.6086956521739131,medium,1,3.0,4.0,4.0,1,24,52,132,2.5,0.6086956521739131,medium,1587.778017707421,,0.9090909090909092,25.0,-0.6,4.232323232323232,3.032828282828283,,4.0,-142.50326574177848,Draw,7,63,7,54,0,2,-56
1986,1986-06-01,WC-1986,1986 FIFA World Cup,Canada v France,Group stage,Canada,France,CAN,FRA,0.0,1.0,0-1,away team win,0.0,1.0,no,no,no,0-0,Estadio Nou Camp,S-098,Estadio Nou Camp,León,Mexico,0.0,65500.0,16:00,Hernan Silva Arce,,295,24,52,132,2.5,0.6086956521739131,medium,0,20.0,8.0,9.0,60.0,39.0,21.0,,,,,,3.0,,24.0,13.0,0.5416666666666666,13.0,5.0,0.3846153846153846,24.0,18.0,16.0,2.0,0.6666666666666666,0.1111111111111111,0.5555555555555556,,0,0.0,1.0,1.0,,,,0.0,0,0,0.0,0.0,,,,,,,24,52,132,2.5,0.6086956521739131,medium,0,0.0,0.0,0.0,0,24,52,132,2.5,0.6086956521739131,medium,1500.0,,24,0.0,0.0,1.0,0.0,1.0,-1.0,0.0,-0.0416666666666666,0.0,0.0416666666666666,10.0,4.0,0.6,1.0,13.0,13.0,0.0,6.0,,24.0,19.0,16.0,3.0,0.6666666666666666,0.1578947368421052,0.5087719298245614,31126.916666666668,0,0.0,0.0,1.0,,,,-1.0,8,0,0.0,-1.0,,0.0,0.0,0.0,1.0,0.0,24,52,132,2.5,0.6086956521739131,medium,0,0.0,0.0,1.0,0,24,52,132,2.5,0.6086956521739131,medium,1490.5214438349626,,,22.0,,,,,1.0,9.47855616503739,AwayWin,0,49,0,41,0,3,-49
1986,1986-06-01,WC-1986,1986 FIFA World Cup,Spain v Brazil,Group stage,Spain,Brazil,ESP,BRA,0.0,1.0,0-1,away team win,0.0,1.0,no,no,no,0-0,Estadio Jalisco,S-095,Estadio Jalisco,Guadalajara,Mexico,0.0,35748.0,12:00,Christopher Bambridge,,296,24,52,132,2.5,0.6086956521739131,medium,21,11.0,2.0,12.0,50.0,41.0,9.0,0.5238095238095238,0.4285714285714285,2.380952380952381,1.9523809523809523,8.0,3.0,0.4,20.0,13.0,0.65,5.0,6.0,1.2,25.0,19.0,16.0,3.0,0.64,0.1578947368421052,0.4821052631578947,40996.3,0,1.0,1.0,0.0,,,,1.0,6,4,1.0,1.0,0.25,0.0,0.0,0.0,0.0,0.0,24,52,132,2.5,0.6086956521739131,medium,0,0.0,0.0,0.0,0,24,52,132,2.5,0.6086956521739131,medium,1504.2010597737635,,53,8.0,5.0,9.0,24.0,27.0,-3.0,0.1509433962264151,-0.0566037735849056,0.4528301886792453,0.5094339622641509,12.0,4.0,0.8,13.0,14.0,1.0769230769230769,9.0,6.0,0.6666666666666666,26.0,19.0,17.0,3.0,0.6538461538461539,0.1578947368421052,0.4959514170040486,50020.36538461538,0,0.0,0.0,1.0,,,,-1.0,12,4,1.0,-5.0,0.25,1.0,3.0,4.0,6.0,0.0,24,52,132,2.5,0.6086956521739131,medium,1,3.0,4.0,6.0,0,24,52,132,2.5,0.6086956521739131,medium,1646.5819805544525,,0.3728661275831088,12.0,-0.4,1.9281221922731355,1.4429469901168015,,2.0,-142.38092078068894,AwayWin,25,123,23,96,3,2,-98
1986,1986-06-02,WC-1986,1986 FIFA World Cup,Argentina v South Korea,Group stage,Argentina,South Korea,ARG,KOR,3.0,1.0,3-1,home team win,1.0,0.0,no,no,no,0-0,Estadio Olímpico Universitario,S-100,Estadio Olímpico Universitario,Mexico City,Mexico,0.0,60000.0,12:00,Victoriano Sanchez Arminio,,297,24,52,132,2.5,0.6086956521739131,medium,32,35.0,9.0,10.0,122.0,57.0,65.0,1.09375,2.03125,3.8125,1.78125,6.0,5.0,0.4,32.0,15.0,0.46875,22.0,6.0,0.2727272727272727,27.0,19.0,18.0,3.0,0.6666666666666666,0.1578947368421052,0.5087719298245614,42695.03333333333,0,1.0,1.0,0.0,,,,1.0,8,0,3.0,5.0,,1.0,1.0,2.0,2.0,0.0,24,52,132,2.5,0.6086956521739131,medium,1,1.0,2.0,2.0,0,24,52,132,2.5,0.6086956521739131,medium,1534.7290817816324,,2,17.0,4.0,12.0,65.0,48.0,17.0,8.5,8.5,32.5,24.0,0.0,5.0,0.0,28.0,15.0,0.5357142857142857,5.0,6.0,1.2,27.0,20.0,18.0,3.0,0.6666666666666666,0.15,0.5166666666666666,13000.0,0,1.0,3.0,1.0,,,,2.0,1,0,1.0,2.0,,,,,,,24,52,132,2.5,0.6086956521739131,medium,0,0.0,0.0,0.0,0,24,52,132,2.5,0.6086956521739131,medium,1480.6066649896347,,-7.40625,48.0,0.4,-28.6875,-22.21875,,-1.0,54.12241679199769,HomeWin,62,0,49,0,4,0,62
1986,1986-06-02,WC-1986,1986 FIFA World Cup,Morocco v Poland,Group stage,Morocco,Poland,MAR,POL,0.0,0.0,0-0,draw,0.0,0.0,yes,no,no,0-0,Estadio Universitario,S-102,Estadio Universitario,Monterrey,Mexico,0.0,19900.0,16:00,Jose Luis Martinez Bazan,,298,24,52,132,2.5,0.6086956521739131,medium,2,0.0,0.0,3.0,1.0,19.0,-18.0,0.0,-9.0,0.5,9.5,1.0,3.0,0.0,3.0,15.0,5.0,0.0,7.0,,28.0,20.0,19.0,3.0,0.6785714285714286,0.15,0.5285714285714286,12918.0,0,0.0,1.0,3.0,,,,-2.0,1,0,0.0,-2.0,,,,,,,24,52,132,2.5,0.6086956521739131,medium,0,0.0,0.0,0.0,0,24,52,132,2.5,0.6086956521739131,medium,1488.521157844389,,17,0.0,2.0,1.0,1.0,4.0,-3.0,0.0,-0.1764705882352941,0.0588235294117647,0.2352941176470588,10.0,4.0,0.6,3.0,15.0,5.0,0.0,7.0,,29.0,20.0,19.0,3.0,0.6551724137931034,0.15,0.5051724137931034,38268.17647058824,0,0.0,0.0,0.0,,,,0.0,4,0,0.0,0.0,,0.0,0.0,0.0,2.0,0.0,24,52,132,2.5,0.6086956521739131,medium,0,0.0,0.0,2.0,0,24,52,132,2.5,0.6086956521739131,medium,1562.6838882319316,,0.0,-15.0,-0.6,0.4411764705882353,9.264705882352942,,-2.0,-74.16273038754252,Draw,1,37,1,27,0,2,-36
1986,1986-06-02,WC-1986,1986 FIFA World Cup,Soviet Union v Hungary,Group stage,Russia,Hungary,SUN,HUN,6.0,0.0,6-0,home team win,1.0,0.0,no,no,no,0-0,Estadio Sergio León Chavez,S-097,Estadio Sergio León Chavez,Irapuato,Mexico,0.0,16500.0,12:00,Luigi Agnolin,,299,24,52,132,2.5,0.6086956521739131,medium,21,11.0,3.0,4.0,37.0,21.0,16.0,0.5238095238095238,0.7619047619047619,1.761904761904762,1.0,10.0,3.0,0.6,14.0,15.0,1.0714285714285714,4.0,7.0,1.75,30.0,20.0,19.0,3.0,0.6333333333333333,0.15,0.4833333333333333,42463.0,0,0.0,0.0,0.0,,,,0.0,5,1,0.0,0.0,0.0,,,,,,24,52,132,2.5,0.6086956521739131,medium,0,0.0,0.0,0.0,0,24,52,132,2.5,0.6086956521739131,medium,1560.5903799250284,,26,13.0,4.0,5.0,42.0,22.0,20.0,0.5,0.7692307692307693,1.6153846153846154,0.8461538461538461,4.0,1.0,0.2,18.0,15.0,0.8333333333333334,4.0,7.0,1.75,31.0,20.0,19.0,3.0,0.6129032258064516,0.15,0.4629032258064516,25420.96153846154,0,1.0,6.0,0.0,,,,6.0,8,1,2.0,7.0,2.0,0.0,0.0,2.0,2.0,0.0,24,52,132,2.5,0.6086956521739131,medium,0,0.0,2.0,2.0,0,24,52,132,2.5,0.6086956521739131,medium,1498.8315577984677,,0.0238095238095238,-4.0,0.3999999999999999,0.1465201465201464,0.1538461538461538,,-6.0,61.758822126560744,HomeWin,0,68,0,52,0,4,-68
1986,1986-06-03,WC-1986,1986 FIFA World Cup,Algeria v Northern Ireland,Group stage,Algeria,Northern Ireland,DZA,NIR,1.0,1.0,1-1,draw,0.0,0.0,yes,no,no,0-0,Estadio Tres de Marzo,S-096,Estadio Tres de Marzo,Guadalajara,Mexico,0.0,22000.0,12:00,Valeri Butenko,,300,24,52,132,2.5,0.6086956521739131,medium,2,12.0,3.0,12.0,69.0,48.0,21.0,6.0,10.5,34.5,24.0,3.0,2.0,0.5,18.0,16.0,0.8888888888888888,9.0,7.0,0.7777777777777778,31.0,21.0,19.0,4.0,0.6129032258064516,0.1904761904761904,0.4224270353302611,19000.0,0,0.0,0.0,6.0,,,,-6.0,1,0,0.0,-7.0,,,,,,,24,52,132,2.5,0.6086956521739131,medium,0,0.0,0.0,0.0,0,24,52,132,2.5,0.6086956521739131,medium,1501.2399994052157,,9,1.0,1.0,1.0,4.0,5.0,-1.0,0.1111111111111111,-0.1111111111111111,0.4444444444444444,0.5555555555555556,6.0,-2.0,0.2,3.0,16.0,5.333333333333333,0.0,7.0,,31.0,22.0,19.0,4.0,0.6129032258064516,0.1818181818181818,0.4310850439882698,17477.125,0,0.0,1.0,1.0,,,,0.0,2,0,0.0,0.0,,,,,,,24,52,132,2.5,0.6086956521739131,medium,0,0.0,0.0,0.0,0,24,52,132,2.5,0.6086956521739131,medium,1500.0691033605422,,5.888888888888889,22.0,0.3,34.05555555555556,23.444444444444443,,-6.0,1.1708960446735546,Draw,3,12,2,9,0,0,-9
1986,1986-06-03,WC-1986,1986 FIFA World Cup,Portugal v England,Group stage,Portugal,England,PRT,ENG,1.0,0.0,1-0,home team win,1.0,0.0,no,no,no,0-0,Estadio Tecnológico,S-101,Estadio Tecnológico,Monterrey,Mexico,0.0,23000.0,16:00,Volker Roth,,301,24,52,132,2.5,0.6086956521739131,medium,6,3.0,4.0,3.0,10.0,16.0,-6.0,0.5,-1.0,1.6666666666666667,2.6666666666666665,12.0,-3.0,0.8,9.0,16.0,1.7777777777777777,1.0,7.0,7.0,32.0,22.0,19.0,4.0,0.59375,0.1818181818181818,0.4119318181818182,59198.4,0,0.0,1.0,1.0,,,,0.0,1,1,0.0,0.0,0.0,0.0,0.0,0.0,1.0,0.0,24,52,132,2.5,0.6086956521739131,medium,0,0.0,0.0,1.0,0,24,52,132,2.5,0.6086956521739131,medium,1540.652526862222,,25,6.0,0.0,1.0,18.0,8.0,10.0,0.24,0.4,0.72,0.32,13.0,-4.0,0.8,4.0,16.0,4.0,3.0,7.0,2.3333333333333335,32.0,23.0,19.0,4.0,0.59375,0.1739130434782608,0.4198369565217391,46261.44,0,1.0,1.0,0.0,,,,1.0,7,1,1.0,0.0,1.0,1.0,1.0,1.0,1.0,0.0,24,52,132,2.5,0.6086956521739131,medium,1,1.0,1.0,1.0,0,24,52,132,2.5,0.6086956521739131,medium,1548.9303379791197,,0.26,-16.0,0.0,0.9466666666666668,2.3466666666666667,,-1.0,-8.277811116897738,HomeWin,15,30,10,25,3,3,-15
1986,1986-06-04,WC-1986,1986 FIFA World Cup,Paraguay v Iraq,Group stage,Paraguay,Iraq,PRY,IRQ,1.0,0.0,1-0,home team win,1.0,0.0,no,no,no,0-0,La Bombonera,S-106,La Bombonera,Toluca,Mexico,0.0,24000.0,12:00,Edwin Picon-Ackong,,302,24,52,132,2.5,0.6086956521739131,medium,7,11.0,7.0,8.0,32.0,25.0,7.0,1.5714285714285714,1.0,4.571428571428571,3.5714285714285716,5.0,-4.0,0.2,19.0,16.0,0.8421052631578947,7.0,7.0,1.0,32.0,24.0,19.0,4.0,0.59375,0.1666666666666666,0.4270833333333333,15043.714285714286,0,0.0,0.0,1.0,,,,-1.0,3,0,1.0,0.0,,,,,,,24,52,132,2.5,0.6086956521739131,medium,0,0.0,0.0,0.0,0,24,52,132,2.5,0.6086956521739131,medium,1493.1476571260648,,0,3.0,2.0,3.0,13.0,19.0,-6.0,,,,,,-4.0,,6.0,17.0,2.8333333333333335,2.0,7.0,3.5,32.0,25.0,19.0,5.0,0.59375,0.2,0.39375,,0,1.0,1.0,0.0,,,,1.0,0,0,1.0,1.0,,,,,,,24,52,132,2.5,0.6086956521739131,medium,0,0.0,0.0,0.0,0,24,52,132,2.5,0.6086956521739131,medium,1500.0,,,13.0,,,,,-2.0,-6.852342873935186,HomeWin,12,0,11,0,1,0,12
1986,1986-06-04,WC-1986,1986 FIFA World Cup,Scotland v Denmark,Group stage,Scotland,Denmark,SCO,DNK,0.0,1.0,0-1,away team win,0.0,1.0,no,no,no,0-0,Estadio Neza 86,S-103,Estadio Neza 86,Nezahualcóyotl,Mexico,0.0,18000.0,16:00,Lajos Nemeth,,303,24,52,132,2.5,0.6086956521739131,medium,13,0.0,0.0,1.0,0.0,1.0,-1.0,0.0,-0.0769230769230769,0.0,0.0769230769230769,8.0,4.0,0.4,1.0,18.0,18.0,0.0,7.0,,33.0,25.0,20.0,5.0,0.6060606060606061,0.2,0.406060606060606,34437.166666666664,0,0.0,0.0,1.0,,,,-1.0,5,0,0.0,-1.0,,,,,,,24,52,132,2.5,0.6086956521739131,medium,0,0.0,0.0,0.0,0,24,52,132,2.5,0.6086956521739131,medium,1480.9813975887296,,0,2.0,5.0,7.0,18.0,30.0,-12.0,,,,,,4.0,,14.0,18.0,1.2857142857142858,0.0,7.0,,34.0,25.0,20.0,5.0,0.5882352941176471,0.2,0.388235294117647,,0,0.0,0.0,1.0,,,,-1.0,0,0,0.0,-1.0,,,,,,,24,52,132,2.5,0.6086956521739131,medium,0,0.0,0.0,0.0,0,24,52,132,2.5,0.6086956521739131,medium,1500.0,,,11.0,,,,,0.0,-19.01860241127042,AwayWin,16,0,14,0,1,0,16
1986,1986-06-05,WC-1986,1986 FIFA World Cup,France v Soviet Union,Group stage,France,Russia,FRA,SUN,1.0,1.0,1-1,draw,0.0,0.0,yes,no,no,0-0,Estadio Nou Camp,S-098,Estadio Nou Camp,León,Mexico,0.0,36540.0,12:00,Romualdo Arppi Filho,,304,24,52,132,2.5,0.6086956521739131,medium,25,1.0,0.0,0.0,1.0,0.0,1.0,0.04,0.04,0.04,0.0,10.0,5.0,0.6,1.0,18.0,18.0,0.0,7.0,,34.0,26.0,20.0,5.0,0.5882352941176471,0.1923076923076923,0.3959276018099548,32501.84,1,1.0,1.0,0.0,1.0,1.0,0.0,1.0,8,0,1.0,1.0,,0.0,0.0,0.0,1.0,0.0,24,52,132,2.5,0.6086956521739131,medium,0,0.0,0.0,1.0,0,24,52,132,2.5,0.6086956521739131,medium,1500.7941909482772,,22,11.0,3.0,12.0,51.0,42.0,9.0,0.5,0.4090909090909091,2.3181818181818183,1.9090909090909092,10.0,7.0,0.6,21.0,18.0,0.8571428571428571,5.0,8.0,1.6,34.0,27.0,20.0,6.0,0.5882352941176471,0.2222222222222222,0.3660130718954248,41226.666666666664,1,1.0,2.0,1.0,1.0,2.0,1.0,1.0,5,0,0.0,0.0,,,,,,,24,52,132,2.5,0.6086956521739131,medium,0,0.0,0.0,0.0,0,24,52,132,2.5,0.6086956521739131,medium,1568.831306524156,,-0.46,-8.0,0.0,-2.2781818181818183,-1.9090909090909092,0.0,0.0,-68.03711557587872,Draw,50,0,42,0,3,0,50
1986,1986-06-05,WC-1986,1986 FIFA World Cup,Italy v Argentina,Group stage,Italy,Argentina,ITA,ARG,1.0,1.0,1-1,draw,0.0,0.0,yes,no,no,0-0,Estadio Cuauhtémoc,S-104,Estadio Cuauhtémoc,Puebla,Mexico,0.0,32000.0,12:00,Jan Keizer,,305,24,52,132,2.5,0.6086956521739131,medium,37,13.0,5.0,5.0,43.0,23.0,20.0,0.3513513513513513,0.5405405405405406,1.162162162162162,0.6216216216216216,11.0,5.0,0.6,19.0,18.0,0.9473684210526316,4.0,8.0,2.0,34.0,28.0,20.0,6.0,0.5882352941176471,0.2142857142857142,0.3739495798319328,42867.22857142857,1,1.0,7.0,1.0,1.0,7.0,1.0,6.0,10,3,0.0,0.0,0.0,1.0,3.0,4.0,4.0,1.0,24,52,132,2.5,0.6086956521739131,medium,1,3.0,4.0,4.0,1,24,52,132,2.5,0.6086956521739131,medium,1583.8919547819992,,33,20.0,9.0,9.0,61.0,40.0,21.0,0.6060606060606061,0.6363636363636364,1.8484848484848484,1.2121212121212122,9.0,-2.0,0.6,25.0,18.0,0.72,13.0,8.0,0.6153846153846154,34.0,29.0,20.0,6.0,0.5882352941176471,0.2068965517241379,0.3813387423935092,43253.25806451613,1,0.0,2.0,2.0,0.0,2.0,2.0,0.0,8,3,2.0,2.0,0.6666666666666666,1.0,1.0,2.0,2.0,0.0,24,52,132,2.5,0.6086956521739131,medium,1,1.0,2.0,2.0,0,24,52,132,2.5,0.6086956521739131,medium,1543.1837927763186,,-0.2547092547092547,-1.0,0.0,-0.6863226863226863,-0.5904995904995906,1.0,6.0,40.708162005680606,Draw,64,65,55,51,2,4,-1
1986,1986-06-05,WC-1986,1986 FIFA World Cup,South Korea v Bulgaria,Group stage,South Korea,Bulgaria,KOR,BGR,1.0,1.0,1-1,draw,0.0,0.0,yes,no,no,0-0,Estadio Olímpico Universitario,S-100,Estadio Olímpico Universitario,Mexico City,Mexico,0.0,45000.0,16:00,Fallaj Khuzam Al Shanar,,306,24,52,132,2.5,0.6086956521739131,medium,3,17.0,5.0,12.0,66.0,49.0,17.0,5.666666666666667,5.666666666666667,22.0,16.333333333333332,0.0,3.0,0.0,29.0,19.0,0.6551724137931034,5.0,8.0,1.6,35.0,29.0,21.0,6.0,0.6,0.2068965517241379,0.3931034482758621,36500.0,1,1.0,4.0,2.0,1.0,4.0,2.0,2.0,1,0,0.0,-2.0,,,,,,,24,52,132,2.5,0.6086956521739131,medium,0,0.0,0.0,0.0,0,24,52,132,2.5,0.6086956521739131,medium,1472.1519539949486,,12,0.0,1.0,3.0,2.0,20.0,-18.0,0.0,-1.5,0.1666666666666666,1.6666666666666667,4.0,3.0,0.0,4.0,19.0,4.75,0.0,8.0,,36.0,29.0,21.0,6.0,0.5833333333333334,0.2068965517241379,0.3764367816091954,27476.25,1,0.0,2.0,4.0,0.0,2.0,4.0,-2.0,4,0,0.0,0.0,,,,,,,24,52,132,2.5,0.6086956521739131,medium,0,0.0,0.0,0.0,0,24,52,132,2.5,0.6086956521739131,medium,1449.1608148910643,,5.666666666666667,35.0,0.0,21.833333333333332,14.666666666666666,1.0,4.0,22.99113910388428,Draw,1,8,1,8,0,0,-7
1986,1986-06-06,WC-1986,1986 FIFA World Cup,Brazil v Algeria,Group stage,Brazil,Algeria,BRA,DZA,1.0,0.0,1-0,home team win,1.0,0.0,no,no,no,0-0,Estadio Jalisco,S-095,Estadio Jalisco,Guadalajara,Mexico,0.0,48000.0,12:00,Romulo Mendez Molina,,307,24,52,132,2.5,0.6086956521739131,medium,54,0.0,6.0,7.0,9.0,26.0,-17.0,0.0,-0.3148148148148148,0.1666666666666666,0.4814814814814814,12.0,4.0,0.8,13.0,20.0,1.5384615384615383,0.0,8.0,,36.0,30.0,21.0,7.0,0.5833333333333334,0.2333333333333333,0.35,49751.07547169811,1,0.0,2.0,2.0,0.0,2.0,2.0,0.0,12,0,0.0,0.0,,1.0,3.0,4.0,6.0,0.0,24,52,132,2.5,0.6086956521739131,medium,1,3.0,4.0,6.0,0,24,52,132,2.5,0.6086956521739131,medium,1652.6989076297896,,3,36.0,9.0,10.0,123.0,57.0,66.0,12.0,22.0,41.0,19.0,4.0,8.0,0.3333333333333333,33.0,20.0,0.6060606060606061,22.0,9.0,0.4090909090909091,37.0,30.0,22.0,7.0,0.5945945945945946,0.2333333333333333,0.3612612612612613,20000.0,1,2.0,2.0,0.0,2.0,2.0,0.0,2.0,1,0,1.0,1.0,,,,,,,24,52,132,2.5,0.6086956521739131,medium,0,0.0,0.0,0.0,0,24,52,132,2.5,0.6086956521739131,medium,1501.2062984355796,,-12.0,-83.0,0.4666666666666667,-40.833333333333336,-18.51851851851852,-2.0,-2.0,151.49260919421,HomeWin,124,4,97,3,2,0,120
1986,1986-06-06,WC-1986,1986 FIFA World Cup,England v Morocco,Group stage,England,Morocco,ENG,MAR,0.0,0.0,0-0,draw,0.0,0.0,yes,no,no,0-0,Estadio Tecnológico,S-101,Estadio Tecnológico,Monterrey,Mexico,0.0,20200.0,16:00,Gabriel Gonzalez Roa,,308,24,52,132,2.5,0.6086956521739131,medium,26,1.0,1.0,2.0,4.0,6.0,-2.0,0.0384615384615384,-0.0769230769230769,0.1538461538461538,0.2307692307692307,10.0,,0.6,4.0,0.0,0.0,0.0,0.0,,0.0,0.0,0.0,0.0,,,,45366.769230769234,1,0.0,1.0,2.0,0.0,1.0,2.0,-1.0,7,0,0.0,-1.0,,1.0,1.0,1.0,1.0,0.0,24,52,132,2.5,0.6086956521739131,medium,1,1.0,1.0,1.0,0,24,52,132,2.5,0.6086956521739131,medium,1538.6921284947991,,3,11.0,8.0,8.0,32.0,25.0,7.0,3.6666666666666665,2.3333333333333335,10.666666666666666,8.333333333333334,2.0,3.0,0.0,20.0,1.0,0.05,7.0,0.0,0.0,1.0,0.0,1.0,0.0,1.0,,,15245.333333333334,1,0.0,0.0,1.0,0.0,0.0,1.0,-1.0,1,0,0.0,0.0,,,,,,,24,52,132,2.5,0.6086956521739131,medium,0,0.0,0.0,0.0,0,24,52,132,2.5,0.6086956521739131,medium,1490.6238929901258,,-3.628205128205128,-9.0,0.6,-10.512820512820513,-8.102564102564104,0.0,0.0,48.06823550467334,Draw,30,1,25,1,3,0,29
1986,1986-06-06,WC-1986,1986 FIFA World Cup,Hungary v Canada,Group stage,Hungary,Canada,HUN,CAN,2.0,0.0,2-0,home team win,1.0,0.0,no,no,no,0-0,Estadio Sergio León Chavez,S-097,Estadio Sergio León Chavez,Irapuato,Mexico,0.0,13800.0,12:00,Jamal Al Sharif,,309,24,52,132,2.5,0.6086956521739131,medium,27,0.0,3.0,1.0,1.0,4.0,-3.0,0.0,-0.1111111111111111,0.037037037037037,0.1481481481481481,4.0,2.0,0.2,4.0,1.0,0.25,0.0,0.0,,1.0,1.0,1.0,0.0,1.0,0.0,1.0,25090.555555555555,1,0.0,0.0,0.0,0.0,0.0,0.0,0.0,8,0,0.0,0.0,,0.0,0.0,2.0,2.0,0.0,24,52,132,2.5,0.6086956521739131,medium,0,0.0,2.0,2.0,0,24,52,132,2.5,0.6086956521739131,medium,1490.59063119934,,1,13.0,3.0,12.0,71.0,48.0,23.0,13.0,23.0,71.0,48.0,0.0,1.0,0.0,19.0,1.0,0.0526315789473684,9.0,0.0,0.0,1.0,2.0,1.0,0.0,1.0,0.0,1.0,65500.0,1,1.0,2.0,6.0,1.0,2.0,6.0,-4.0,0,0,1.0,2.0,,,,,,,24,52,132,2.5,0.6086956521739131,medium,0,0.0,0.0,0.0,0,24,52,132,2.5,0.6086956521739131,medium,1489.7272528866854,,-13.0,-26.0,0.2,-70.96296296296296,-47.851851851851855,-1.0,4.0,0.8633783126547314,HomeWin,68,0,52,0,4,0,68
1986,1986-06-07,WC-1986,1986 FIFA World Cup,Mexico v Paraguay,Group stage,Mexico,Paraguay,MEX,PRY,1.0,1.0,1-1,draw,0.0,0.0,yes,no,no,0-0,Estadio Azteca,S-099,Estadio Azteca,Mexico City,Mexico,1.0,114600.0,12:00,George Courtney,,310,24,52,132,2.5,0.6086956521739131,medium,21,0.0,0.0,2.0,0.0,3.0,-3.0,0.0,-0.1428571428571428,0.0,0.1428571428571428,7.0,0.0,0.4,2.0,1.0,0.5,0.0,0.0,,1.0,3.0,1.0,0.0,1.0,0.0,1.0,38114.19047619047,0,0.0,0.0,3.0,,,,-3.0,8,0,0.0,-2.0,,,,,,,24,52,132,2.5,0.6086956521739131,medium,0,0.0,0.0,0.0,0,24,52,132,2.5,0.6086956521739131,medium,1421.844039349031,,8,3.0,4.0,15.0,21.0,53.0,-32.0,0.375,-4.0,2.625,6.625,7.0,2.0,0.4,19.0,1.0,0.0526315789473684,3.0,1.0,0.3333333333333333,2.0,3.0,2.0,0.0,1.0,0.0,1.0,16163.25,1,0.0,1.0,1.0,0.0,1.0,1.0,0.0,3,0,0.0,0.0,,,,,,,24,52,132,2.5,0.6086956521739131,medium,0,0.0,0.0,0.0,0,24,52,132,2.5,0.6086956521739131,medium,1503.3448578394675,,-0.375,29.0,0.0,-2.625,-6.482142857142857,,-3.0,-81.50081849043681,Draw,20,13,18,12,5,1,7
1986,1986-06-07,WC-1986,1986 FIFA World Cup,Northern Ireland v Spain,Group stage,Northern Ireland,Spain,NIR,ESP,1.0,2.0,1-2,away team win,0.0,1.0,no,no,no,0-0,Estadio Tres de Marzo,S-096,Estadio Tres de Marzo,Guadalajara,Mexico,0.0,28000.0,12:00,Horst Brummeier,,311,24,52,132,2.5,0.6086956521739131,medium,10,3.0,3.0,3.0,14.0,20.0,-6.0,0.3,-0.6,1.4,2.0,6.0,-2.0,0.2,7.0,1.0,0.1428571428571428,2.0,1.0,0.5,2.0,4.0,2.0,0.0,1.0,0.0,1.0,17979.666666666668,1,1.0,2.0,1.0,1.0,2.0,1.0,1.0,2,1,0.0,0.0,0.0,,,,,,24,52,132,2.5,0.6086956521739131,medium,0,0.0,0.0,0.0,0,24,52,132,2.5,0.6086956521739131,medium,1500.1028043301783,,22,3.0,4.0,4.0,11.0,18.0,-7.0,0.1363636363636363,-0.3181818181818182,0.5,0.8181818181818182,5.0,0.0,0.2,10.0,2.0,0.2,1.0,1.0,1.0,3.0,4.0,3.0,0.0,1.0,0.0,1.0,40746.380952380954,1,0.0,2.0,3.0,0.0,2.0,3.0,-1.0,6,1,1.0,0.0,1.0,0.0,0.0,0.0,0.0,0.0,24,52,132,2.5,0.6086956521739131,medium,0,0.0,0.0,0.0,0,24,52,132,2.5,0.6086956521739131,medium,1498.0841326984264,,0.1636363636363636,1.0,0.0,0.8999999999999999,1.1818181818181817,1.0,2.0,2.018671631751886,AwayWin,13,25,10,23,0,3,-12
1986,1986-06-07,WC-1986,1986 FIFA World Cup,Poland v Portugal,Group stage,Poland,Portugal,POL,PRT,1.0,0.0,1-0,home team win,1.0,0.0,no,no,no,0-0,Estadio Universitario,S-102,Estadio Universitario,Monterrey,Mexico,0.0,19915.0,16:00,Ali Bennaceur,,312,24,52,132,2.5,0.6086956521739131,medium,18,9.0,5.0,9.0,26.0,28.0,-2.0,0.5,-0.1111111111111111,1.4444444444444444,1.5555555555555556,10.0,5.0,0.6,14.0,3.0,0.2142857142857142,9.0,1.0,0.1111111111111111,4.0,4.0,4.0,0.0,1.0,0.0,1.0,37247.72222222222,1,1.0,2.0,2.0,1.0,2.0,2.0,0.0,4,0,1.0,0.0,,0.0,0.0,0.0,2.0,0.0,24,52,132,2.5,0.6086956521739131,medium,0,0.0,0.0,2.0,0,24,52,132,2.5,0.6086956521739131,medium,1560.581153086195,,7,12.0,3.0,4.0,38.0,21.0,17.0,1.7142857142857142,2.4285714285714284,5.428571428571429,3.0,12.0,5.0,0.8,15.0,3.0,0.2,4.0,1.0,0.25,4.0,5.0,4.0,0.0,1.0,0.0,1.0,53165.333333333336,1,1.0,1.0,0.0,1.0,1.0,0.0,1.0,1,0,1.0,1.0,,0.0,0.0,0.0,1.0,0.0,24,52,132,2.5,0.6086956521739131,medium,0,0.0,0.0,1.0,0,24,52,132,2.5,0.6086956521739131,medium,1550.8907363465426,,-1.2142857142857142,-19.0,-0.2,-3.984126984126984,-1.4444444444444444,0.0,-1.0,9.690416739652392,HomeWin,37,16,27,11,2,3,21
1986,1986-06-08,WC-1986,1986 FIFA World Cup,Denmark v Uruguay,Group stage,Denmark,Uruguay,DNK,URY,6.0,1.0,6-1,home team win,1.0,0.0,no,no,no,0-0,Estadio Neza 86,S-103,Estadio Neza 86,Nezahualcóyotl,Mexico,0.0,26500.0,16:00,Antonio Marquez Ramirez,,313,24,52,132,2.5,0.6086956521739131,medium,1,6.0,0.0,2.0,18.0,9.0,9.0,6.0,9.0,18.0,9.0,3.0,4.0,1.0,5.0,4.0,0.8,3.0,1.0,0.3333333333333333,5.0,5.0,5.0,0.0,1.0,0.0,1.0,18000.0,1,1.0,1.0,1.0,1.0,1.0,1.0,0.0,0,0,0.0,-1.0,,,,,,,24,52,132,2.5,0.6086956521739131,medium,0,0.0,0.0,0.0,0,24,52,132,2.5,0.6086956521739131,medium,1509.4531467190384,,25,2.0,0.0,0.0,7.0,1.0,6.0,0.08,0.24,0.28,0.04,1.0,9.0,0.0,2.0,4.0,2.0,0.0,2.0,,6.0,5.0,6.0,0.0,1.0,0.0,1.0,41750.36,0,2.0,7.0,1.0,,,,6.0,7,0,1.0,5.0,,1.0,2.0,2.0,2.0,0.0,24,52,132,2.5,0.6086956521739131,medium,1,2.0,2.0,2.0,0,24,52,132,2.5,0.6086956521739131,medium,1521.2220515933927,,5.92,3.0,1.0,17.72,8.96,,-6.0,-11.768904874354348,HomeWin,1,55,1,43,0,0,-54
1986,1986-06-08,WC-1986,1986 FIFA World Cup,Iraq v Belgium,Group stage,Iraq,Belgium,IRQ,BEL,1.0,2.0,1-2,away team win,0.0,1.0,no,no,no,0-0,La Bombonera,S-106,La Bombonera,Toluca,Mexico,0.0,20000.0,12:00,Jesus Diaz Palacio,,314,24,52,132,2.5,0.6086956521739131,medium,1,13.0,4.0,9.0,57.0,40.0,17.0,13.0,17.0,57.0,40.0,0.0,5.0,0.0,16.0,4.0,0.25,10.0,2.0,0.2,6.0,6.0,6.0,0.0,1.0,0.0,1.0,24000.0,1,0.0,1.0,6.0,0.0,1.0,6.0,-5.0,0,0,0.0,-5.0,,,,,,,24,52,132,2.5,0.6086956521739131,medium,0,0.0,0.0,0.0,0,24,52,132,2.5,0.6086956521739131,medium,1489.802799286597,,14,0.0,0.0,2.0,1.0,3.0,-2.0,0.0,-0.1428571428571428,0.0714285714285714,0.2142857142857142,7.0,1.0,0.4,2.0,4.0,2.0,0.0,2.0,,7.0,6.0,6.0,0.0,0.8571428571428571,0.0,0.8571428571428571,47104.142857142855,0,0.0,1.0,3.0,,,,-2.0,6,0,0.0,-1.0,,0.0,0.0,0.0,0.0,0.0,24,52,132,2.5,0.6086956521739131,medium,0,0.0,0.0,0.0,0,24,52,132,2.5,0.6086956521739131,medium,1455.3560673633458,,13.0,19.0,-0.4,56.92857142857143,39.785714285714285,,-3.0,34.446731923251264,AwayWin,0,14,0,11,0,1,-14
1986,1986-06-09,WC-1986,1986 FIFA World Cup,Hungary v France,Group stage,Hungary,France,HUN,FRA,0.0,3.0,0-3,away team win,0.0,1.0,no,no,no,0-0,Estadio Nou Camp,S-098,Estadio Nou Camp,León,Mexico,0.0,31420.0,12:00,Carlos Alberto Silva Valente,,315,24,52,132,2.5,0.6086956521739131,medium,28,4.0,2.0,9.0,17.0,31.0,-14.0,0.1428571428571428,-0.5,0.6071428571428571,1.1071428571428572,7.0,1.0,0.4,13.0,4.0,0.3076923076923077,2.0,2.0,1.0,7.0,7.0,6.0,0.0,0.8571428571428571,0.0,0.8571428571428571,24687.321428571428,2,1.0,2.0,1.0,0.5,1.0,0.5,1.0,8,1,1.0,1.0,1.0,0.0,0.0,2.0,2.0,0.0,24,52,132,2.5,0.6086956521739131,medium,0,0.0,2.0,2.0,0,24,52,132,2.5,0.6086956521739131,medium,1500.5657812250874,,26,13.0,3.0,13.0,71.0,51.0,20.0,0.5,0.7692307692307693,2.730769230769231,1.9615384615384617,10.0,-2.0,0.6,20.0,4.0,0.2,9.0,2.0,0.2222222222222222,7.0,8.0,6.0,0.0,0.8571428571428571,0.0,0.8571428571428571,32657.153846153848,2,1.0,2.0,9.0,0.5,1.0,4.5,-7.0,8,1,0.0,-5.0,0.0,0.0,0.0,0.0,1.0,0.0,24,52,132,2.5,0.6086956521739131,medium,0,0.0,0.0,1.0,0,24,52,132,2.5,0.6086956521739131,medium,1502.7278027666343,,-0.3571428571428571,-34.0,-0.1999999999999999,-2.1236263736263736,-0.8543956043956042,0.0,8.0,-2.162021541546892,AwayWin,70,50,54,42,4,3,20
1986,1986-06-09,WC-1986,1986 FIFA World Cup,Soviet Union v Canada,Group stage,Russia,Canada,SUN,CAN,2.0,0.0,2-0,home team win,1.0,0.0,no,no,no,0-0,Estadio Sergio León Chavez,S-097,Estadio Sergio León Chavez,Irapuato,Mexico,0.0,14200.0,12:00,Idrissa Traore,,316,24,52,132,2.5,0.6086956521739131,medium,23,12.0,3.0,12.0,54.0,42.0,12.0,0.5217391304347826,0.5217391304347826,2.347826086956522,1.826086956521739,11.0,-7.0,0.6,22.0,4.0,0.1818181818181818,5.0,2.0,0.4,7.0,9.0,6.0,0.0,0.8571428571428571,0.0,0.8571428571428571,41013.63636363636,2,2.0,5.0,1.0,1.0,2.5,0.5,4.0,5,0,2.0,5.0,,,,,,,24,52,132,2.5,0.6086956521739131,medium,0,0.0,0.0,0.0,0,24,52,132,2.5,0.6086956521739131,medium,1566.8976947057988,,2,14.0,5.0,5.0,45.0,23.0,22.0,7.0,11.0,22.5,11.5,0.0,-5.0,0.0,20.0,4.0,0.2,4.0,2.0,0.5,7.0,10.0,6.0,0.0,0.8571428571428571,0.0,0.8571428571428571,39650.0,2,2.0,9.0,1.0,1.0,4.5,0.5,8.0,0,0,1.0,2.0,,,,,,,24,52,132,2.5,0.6086956521739131,medium,0,0.0,0.0,0.0,0,24,52,132,2.5,0.6086956521739131,medium,1479.752102860938,,-6.478260869565218,-10.0,0.6,-20.152173913043477,-9.673913043478262,0.0,-4.0,87.14559184486075,HomeWin,0,0,0,0,0,0,0
1986,1986-06-10,WC-1986,1986 FIFA World Cup,Argentina v Bulgaria,Group stage,Argentina,Bulgaria,ARG,BGR,2.0,0.0,2-0,home team win,1.0,0.0,no,no,no,0-0,Estadio Olímpico Universitario,S-100,Estadio Olímpico Universitario,Mexico City,Mexico,0.0,65000.0,12:00,Berny Ulloa Morera,,317,24,52,132,2.5,0.6086956521739131,medium,34,0.0,0.0,3.0,0.0,5.0,-5.0,0.0,-0.1470588235294117,0.0,0.1470588235294117,7.0,-3.0,0.4,3.0,5.0,1.6666666666666667,0.0,2.0,,8.0,10.0,7.0,0.0,0.875,0.0,0.875,42901.59375,2,0.0,0.0,5.0,0.0,0.0,2.5,-5.0,8,1,0.0,-2.0,0.0,1.0,1.0,2.0,2.0,0.0,24,52,132,2.5,0.6086956521739131,medium,1,1.0,2.0,2.0,0,24,52,132,2.5,0.6086956521739131,medium,1544.350135470475,,13,18.0,5.0,12.0,68.0,49.0,19.0,1.3846153846153846,1.4615384615384617,5.230769230769231,3.769230769230769,4.0,-4.0,0.0,30.0,5.0,0.1666666666666666,5.0,2.0,0.4,8.0,11.0,7.0,0.0,0.875,0.0,0.875,28824.23076923077,2,2.0,6.0,2.0,1.0,3.0,1.0,4.0,4,1,2.0,3.0,2.0,,,,,,24,52,132,2.5,0.6086956521739131,medium,0,0.0,0.0,0.0,0,24,52,132,2.5,0.6086956521739131,medium,1449.8215888456384,,-1.3846153846153846,-24.0,0.4,-5.230769230769231,-3.6221719457013575,-1.0,-9.0,94.52854662483652,HomeWin,66,9,52,9,4,0,57
1986,1986-06-10,WC-1986,1986 FIFA World Cup,South Korea v Italy,Group stage,South Korea,Italy,KOR,ITA,2.0,3.0,2-3,away team win,0.0,1.0,no,no,no,0-0,Estadio Cuauhtémoc,S-104,Estadio Cuauhtémoc,Puebla,Mexico,0.0,20000.0,12:00,David Socha,,318,24,52,132,2.5,0.6086956521739131,medium,4,0.0,6.0,8.0,9.0,28.0,-19.0,0.0,-4.75,2.25,7.0,1.0,1.0,0.0,14.0,6.0,0.4285714285714285,0.0,2.0,,9.0,11.0,8.0,0.0,0.8888888888888888,0.0,0.8888888888888888,39333.333333333336,2,0.0,2.0,4.0,0.0,1.0,2.0,-2.0,1,0,0.0,-3.0,,,,,,,24,52,132,2.5,0.6086956521739131,medium,0,0.0,0.0,0.0,0,24,52,132,2.5,0.6086956521739131,medium,1471.4911800403745,,38,0.0,1.0,4.0,4.0,23.0,-19.0,0.0,-0.5,0.1052631578947368,0.6052631578947368,11.0,2.0,0.6,5.0,6.0,1.2,0.0,2.0,,10.0,11.0,8.0,0.0,0.8,0.0,0.8,42565.36111111111,2,0.0,4.0,7.0,0.0,2.0,3.5,-3.0,10,0,0.0,-1.0,,1.0,3.0,4.0,4.0,1.0,24,52,132,2.5,0.6086956521739131,medium,1,3.0,4.0,4.0,1,24,52,132,2.5,0.6086956521739131,medium,1582.7256120878428,,0.0,0.0,-0.6,2.1447368421052633,6.394736842105263,0.0,1.0,-111.23443204746832,AwayWin,2,65,2,56,0,3,-63
1986,1986-06-11,WC-1986,1986 FIFA World Cup,England v Poland,Group stage,England,Poland,ENG,POL,3.0,0.0,3-0,home team win,1.0,0.0,no,no,no,0-0,Estadio Universitario,S-102,Estadio Universitario,Monterrey,Mexico,0.0,22700.0,16:00,Andre Daina,,319,24,52,132,2.5,0.6086956521739131,medium,27,21.0,9.0,9.0,64.0,42.0,22.0,0.7777777777777778,0.8148148148148148,2.3703703703703702,1.5555555555555556,8.0,4.0,0.4,26.0,7.0,0.2692307692307692,13.0,2.0,0.1538461538461538,10.0,12.0,8.0,1.0,0.8,0.0833333333333333,0.7166666666666667,44434.666666666664,2,1.0,5.0,4.0,0.5,2.5,2.0,1.0,7,0,1.0,1.0,,1.0,1.0,1.0,1.0,0.0,24,52,132,2.5,0.6086956521739131,medium,1,1.0,1.0,1.0,0,24,52,132,2.5,0.6086956521739131,medium,1537.3173737475963,,19,12.0,8.0,8.0,35.0,25.0,10.0,0.631578947368421,0.5263157894736842,1.8421052631578947,1.3157894736842106,10.0,5.0,0.6,21.0,8.0,0.3809523809523809,7.0,2.0,0.2857142857142857,11.0,12.0,9.0,1.0,0.8181818181818182,0.0833333333333333,0.7348484848484849,36335.47368421053,2,1.0,3.0,1.0,0.5,1.5,0.5,2.0,4,0,1.0,3.0,,0.0,0.0,0.0,2.0,0.0,24,52,132,2.5,0.6086956521739131,medium,0,0.0,0.0,2.0,0,24,52,132,2.5,0.6086956521739131,medium,1570.302312773706,,0.1461988304093567,12.0,-0.1999999999999999,0.5282651072124755,0.2397660818713449,0.0,-1.0,-32.98493902610949,HomeWin,30,38,25,28,3,2,-8
1986,1986-06-11,WC-1986,1986 FIFA World Cup,Paraguay v Belgium,Group stage,Paraguay,Belgium,PRY,BEL,2.0,2.0,2-2,draw,0.0,0.0,yes,no,no,0-0,La Bombonera,S-106,La Bombonera,Toluca,Mexico,0.0,16000.0,12:00,Bogdan Dotchev,,320,24,52,132,2.5,0.6086956521739131,medium,9,12.0,3.0,5.0,38.0,24.0,14.0,1.3333333333333333,1.5555555555555556,4.222222222222222,2.6666666666666665,8.0,6.0,0.4,16.0,8.0,0.5,4.0,2.0,0.5,11.0,13.0,9.0,1.0,0.8181818181818182,0.0769230769230769,0.7412587412587412,27100.666666666668,2,1.0,1.0,3.0,0.5,0.5,1.5,-2.0,3,1,0.0,-3.0,0.0,,,,,,24,52,132,2.5,0.6086956521739131,medium,0,0.0,0.0,0.0,0,24,52,132,2.5,0.6086956521739131,medium,1501.0411763611903,,15,3.0,4.0,3.0,16.0,22.0,-6.0,0.2,-0.4,1.0666666666666669,1.4666666666666666,7.0,4.0,0.4,8.0,9.0,1.125,2.0,2.0,1.0,11.0,14.0,9.0,2.0,0.8181818181818182,0.1428571428571428,0.6753246753246753,45297.2,1,1.0,4.0,3.0,1.0,4.0,3.0,1.0,6,1,1.0,1.0,1.0,0.0,0.0,0.0,0.0,0.0,24,52,132,2.5,0.6086956521739131,medium,0,0.0,0.0,0.0,0,24,52,132,2.5,0.6086956521739131,medium,1466.344288101438,,1.1333333333333333,20.0,0.0,3.155555555555556,1.2,-0.5,-3.0,34.69688825975254,Draw,14,16,13,13,1,2,-2
1986,1986-06-11,WC-1986,1986 FIFA World Cup,Portugal v Morocco,Group stage,Portugal,Morocco,PRT,MAR,1.0,3.0,1-3,away team win,0.0,1.0,no,no,no,0-0,Estadio Tres de Marzo,S-096,Estadio Tres de Marzo,Guadalajara,Mexico,0.0,28000.0,16:00,Alan Snoddy,,321,24,52,132,2.5,0.6086956521739131,medium,8,4.0,3.0,9.0,19.0,33.0,-14.0,0.5,-1.75,2.375,4.125,9.0,4.0,0.6,14.0,9.0,0.6428571428571429,2.0,2.0,1.0,12.0,14.0,9.0,2.0,0.75,0.1428571428571428,0.6071428571428572,48415.28571428572,2,1.0,4.0,3.0,0.5,2.0,1.5,1.0,1,0,0.0,-1.0,,0.0,0.0,0.0,1.0,0.0,24,52,132,2.5,0.6086956521739131,medium,0,0.0,0.0,1.0,0,24,52,132,2.5,0.6086956521739131,medium,1541.1695766590317,,4,6.0,0.0,3.0,19.0,12.0,7.0,1.5,1.75,4.75,3.0,3.0,6.0,0.0,6.0,10.0,1.6666666666666667,3.0,2.0,0.6666666666666666,12.0,15.0,9.0,3.0,0.75,0.2,0.55,16484.0,2,1.0,2.0,4.0,0.5,1.0,2.0,-2.0,1,0,0.0,-2.0,,,,,,,24,52,132,2.5,0.6086956521739131,medium,0,0.0,0.0,0.0,0,24,52,132,2.5,0.6086956521739131,medium,1491.9986477373284,,-1.0,-21.0,0.6,-2.375,1.125,0.0,3.0,49.17092892170308,AwayWin,16,1,11,1,3,0,15
1986,1986-06-12,WC-1986,1986 FIFA World Cup,Algeria v Spain,Group stage,Algeria,Spain,DZA,ESP,0.0,3.0,0-3,away team win,0.0,1.0,no,no,no,0-0,Estadio Tecnológico,S-101,Estadio Tecnológico,Monterrey,Mexico,0.0,23980.0,12:00,Shizuo Takada,,322,24,52,132,2.5,0.6086956521739131,medium,4,1.0,3.0,1.0,4.0,5.0,-1.0,0.25,-0.25,1.0,1.25,4.0,5.0,0.25,5.0,10.0,2.0,0.0,3.0,,12.0,16.0,9.0,4.0,0.75,0.25,0.5,27000.0,2,1.0,3.0,1.0,0.5,1.5,0.5,2.0,1,0,1.0,2.0,,,,,,,24,52,132,2.5,0.6086956521739131,medium,0,0.0,0.0,0.0,0,24,52,132,2.5,0.6086956521739131,medium,1495.309788123949,,23,1.0,1.0,3.0,4.0,9.0,-5.0,0.0434782608695652,-0.217391304347826,0.1739130434782608,0.391304347826087,7.0,6.0,0.4,5.0,10.0,2.0,0.0,3.0,,12.0,17.0,9.0,4.0,0.75,0.2352941176470588,0.5147058823529411,40167.0,2,0.0,1.0,5.0,0.0,0.5,2.5,-4.0,6,0,0.0,-3.0,,0.0,0.0,0.0,0.0,0.0,24,52,132,2.5,0.6086956521739131,medium,0,0.0,0.0,0.0,0,24,52,132,2.5,0.6086956521739131,medium,1508.1422340847098,,0.2065217391304347,4.0,-0.15,0.8260869565217391,0.8586956521739131,0.5,6.0,-12.83244596076088,AwayWin,4,27,3,25,0,3,-23
1986,1986-06-12,WC-1986,1986 FIFA World Cup,Northern Ireland v Brazil,Group stage,Northern Ireland,Brazil,NIR,BRA,0.0,3.0,0-3,away team win,0.0,1.0,no,no,no,0-0,Estadio Jalisco,S-095,Estadio Jalisco,Guadalajara,Mexico,0.0,51000.0,12:00,Siegfried Kirschen,,323,24,52,132,2.5,0.6086956521739131,medium,11,10.0,5.0,9.0,29.0,28.0,1.0,0.9090909090909092,0.0909090909090909,2.636363636363636,2.5454545454545454,5.0,8.0,0.2,15.0,11.0,0.7333333333333333,9.0,3.0,0.3333333333333333,13.0,17.0,10.0,4.0,0.7692307692307693,0.2352941176470588,0.5339366515837105,18981.7,2,2.0,5.0,2.0,1.0,2.5,1.0,3.0,2,0,1.0,3.0,,,,,,,24,52,132,2.5,0.6086956521739131,medium,0,0.0,0.0,0.0,0,24,52,132,2.5,0.6086956521739131,medium,1490.044702943895,,55,3.0,4.0,5.0,11.0,21.0,-10.0,0.0545454545454545,-0.1818181818181818,0.2,0.3818181818181818,12.0,12.0,0.8,11.0,12.0,1.0909090909090908,1.0,3.0,3.0,14.0,17.0,11.0,4.0,0.7857142857142857,0.2352941176470588,0.5504201680672269,49718.648148148146,2,0.0,2.0,6.0,0.0,1.0,3.0,-4.0,12,0,0.0,-3.0,,1.0,3.0,4.0,6.0,0.0,24,52,132,2.5,0.6086956521739131,medium,1,3.0,4.0,6.0,0,24,52,132,2.5,0.6086956521739131,medium,1658.5954179414202,,0.8545454545454545,11.0,-0.6000000000000001,2.436363636363636,2.1636363636363636,1.0,7.0,-168.55071499752535,AwayWin,14,125,11,98,0,2,-111
1986,1986-06-13,WC-1986,1986 FIFA World Cup,Scotland v Uruguay,Group stage,Scotland,Uruguay,SCO,URY,0.0,0.0,0-0,draw,0.0,0.0,yes,no,no,0-0,Estadio Neza 86,S-103,Estadio Neza 86,Nezahualcóyotl,Mexico,0.0,20000.0,12:00,Joel Quiniou,,324,24,52,132,2.5,0.6086956521739131,medium,14,37.0,9.0,10.0,126.0,57.0,69.0,2.642857142857143,4.928571428571429,9.0,4.071428571428571,7.0,10.0,0.4,34.0,13.0,0.3823529411764705,22.0,3.0,0.1363636363636363,15.0,17.0,12.0,4.0,0.8,0.2352941176470588,0.5647058823529412,33172.769230769234,1,3.0,5.0,0.0,3.0,5.0,0.0,5.0,5,1,1.0,3.0,1.0,,,,,,24,52,132,2.5,0.6086956521739131,medium,0,0.0,0.0,0.0,0,24,52,132,2.5,0.6086956521739131,medium,1471.5282508696912,,26,2.0,6.0,7.0,18.0,30.0,-12.0,0.0769230769230769,-0.4615384615384615,0.6923076923076923,1.1538461538461535,1.0,9.0,0.0,15.0,13.0,0.8666666666666667,0.0,4.0,,16.0,17.0,13.0,4.0,0.8125,0.2352941176470588,0.5772058823529411,41163.807692307695,1,0.0,0.0,1.0,0.0,0.0,1.0,-1.0,7,1,0.0,-7.0,0.0,1.0,2.0,2.0,2.0,0.0,24,52,132,2.5,0.6086956521739131,medium,1,2.0,2.0,2.0,0,24,52,132,2.5,0.6086956521739131,medium,1510.8834447803326,,2.5659340659340657,81.0,0.4,8.307692307692308,2.9175824175824174,3.0,6.0,-39.35519391064145,Draw,16,56,14,44,1,1,-40
1986,1986-06-15,WC-1986,1986 FIFA World Cup,Mexico v Bulgaria,Round of 16,Mexico,Bulgaria,MEX,BGR,2.0,0.0,2-0,home team win,1.0,0.0,no,no,no,0-0,Estadio Azteca,S-099,Estadio Azteca,Mexico City,Mexico,1.0,114580.0,12:00,Romualdo Arppi Filho,,325,24,52,132,2.5,0.6086956521739131,medium,22,13.0,5.0,9.0,57.0,40.0,17.0,0.5909090909090909,0.7727272727272727,2.590909090909091,1.818181818181818,7.0,10.0,0.4,17.0,13.0,0.7647058823529411,10.0,5.0,0.5,17.0,17.0,14.0,4.0,0.8235294117647058,0.2352941176470588,0.588235294117647,41590.818181818184,1,0.0,1.0,6.0,0.0,1.0,6.0,-5.0,8,0,1.0,7.0,,,,,,,24,52,132,2.5,0.6086956521739131,medium,0,0.0,0.0,0.0,0,24,52,132,2.5,0.6086956521739131,medium,1424.147720827308,,14,4.0,4.0,15.0,23.0,53.0,-30.0,0.2857142857142857,-2.142857142857143,1.6428571428571428,3.7857142857142856,3.0,6.0,0.0,19.0,13.0,0.6842105263157895,4.0,5.0,1.25,18.0,17.0,14.0,4.0,0.7777777777777778,0.2352941176470588,0.542483660130719,31408.214285714286,3,1.0,3.0,1.0,0.3333333333333333,1.0,0.3333333333333333,2.0,4,0,1.0,2.0,,,,,,,24,52,132,2.5,0.6086956521739131,medium,0,0.0,0.0,0.0,0,24,52,132,2.5,0.6086956521739131,medium,1442.4771347913247,,0.3051948051948052,47.0,0.4,0.948051948051948,-1.9675324675324677,-0.3333333333333333,-7.0,-18.329413964016567,HomeWin,21,9,19,9,5,0,12
1986,1986-06-15,WC-1986,1986 FIFA World Cup,Soviet Union v Belgium,Round of 16,Russia,Belgium,SUN,BEL,3.0,4.0,3-4,away team win,0.0,1.0,no,yes,no,0-0,Estadio Nou Camp,S-098,Estadio Nou Camp,León,Mexico,0.0,32277.0,16:00,Erik Fredriksson,Required Extra Time,326,24,52,132,2.5,0.6086956521739131,medium,24,0.0,6.0,9.0,9.0,30.0,-21.0,0.0,-0.875,0.375,1.25,11.0,2.0,0.6,14.0,13.0,0.9285714285714286,1.0,5.0,5.0,19.0,17.0,14.0,4.0,0.7368421052631579,0.2352941176470588,0.5015479876160991,39847.82608695652,3,0.0,2.0,6.0,0.0,0.6666666666666666,2.0,-4.0,5,2,0.0,-2.0,0.0,,,,,,24,52,132,2.5,0.6086956521739131,medium,0,0.0,0.0,0.0,0,24,52,132,2.5,0.6086956521739131,medium,1574.440752875078,,16,14.0,5.0,6.0,48.0,27.0,21.0,0.875,1.3125,3.0,1.6875,5.0,-1.0,0.2,20.0,13.0,0.65,5.0,5.0,1.0,19.0,18.0,14.0,4.0,0.7368421052631579,0.2222222222222222,0.5146198830409356,43466.125,2,2.0,12.0,5.0,1.0,6.0,2.5,7.0,6,2,2.0,3.0,1.0,0.0,0.0,0.0,0.0,0.0,24,52,132,2.5,0.6086956521739131,medium,0,0.0,0.0,0.0,0,24,52,132,2.5,0.6086956521739131,medium,1467.3396380946351,,-0.875,-42.0,0.3999999999999999,-2.625,-0.4375,-1.0,-11.0,107.10111478044293,AwayWin,0,18,0,15,0,2,-18
1986,1986-06-16,WC-1986,1986 FIFA World Cup,Argentina v Uruguay,Round of 16,Argentina,Uruguay,ARG,URY,1.0,0.0,1-0,home team win,1.0,0.0,no,no,no,0-0,Estadio Cuauhtémoc,S-104,Estadio Cuauhtémoc,Puebla,Mexico,0.0,26000.0,16:00,Luigi Agnolin,,327,24,52,132,2.5,0.6086956521739131,medium,35,5.0,3.0,9.0,23.0,36.0,-13.0,0.1428571428571428,-0.3714285714285714,0.6571428571428571,1.0285714285714285,7.0,-2.0,0.4,14.0,13.0,0.9285714285714286,3.0,5.0,1.6666666666666667,20.0,18.0,14.0,4.0,0.7,0.2222222222222222,0.4777777777777777,43571.242424242424,3,2.0,8.0,6.0,0.6666666666666666,2.6666666666666665,2.0,2.0,8,1,1.0,-3.0,1.0,1.0,1.0,2.0,2.0,0.0,24,52,132,2.5,0.6086956521739131,medium,1,1.0,2.0,2.0,0,24,52,132,2.5,0.6086956521739131,medium,1551.6945895247886,,27,19.0,5.0,12.0,69.0,49.0,20.0,0.7037037037037037,0.7407407407407407,2.5555555555555554,1.8148148148148149,2.0,-3.0,0.0,30.0,13.0,0.4333333333333333,6.0,5.0,0.8333333333333334,21.0,18.0,14.0,4.0,0.6666666666666666,0.2222222222222222,0.4444444444444444,40379.96296296296,2,3.0,7.0,2.0,1.5,3.5,1.0,5.0,7,1,1.0,-1.0,1.0,1.0,2.0,2.0,2.0,0.0,24,52,132,2.5,0.6086956521739131,medium,1,2.0,2.0,2.0,0,24,52,132,2.5,0.6086956521739131,medium,1509.7555311547248,,-0.5608465608465609,-33.0,0.4,-1.8984126984126983,-0.7862433862433864,-0.8333333333333334,-3.0,41.939058370063776,HomeWin,68,56,54,44,4,1,12
1986,1986-06-16,WC-1986,1986 FIFA World Cup,Brazil v Poland,Round of 16,Brazil,Poland,BRA,POL,4.0,0.0,4-0,home team win,1.0,0.0,no,no,no,0-0,Estadio Jalisco,S-095,Estadio Jalisco,Guadalajara,Mexico,0.0,45000.0,12:00,Volker Roth,,328,24,52,132,2.5,0.6086956521739131,medium,56,13.0,5.0,10.0,57.0,41.0,16.0,0.2321428571428571,0.2857142857142857,1.0178571428571428,0.7321428571428571,12.0,0.0,0.8,17.0,14.0,0.8235294117647058,11.0,5.0,0.4545454545454545,21.0,19.0,14.0,5.0,0.6666666666666666,0.2631578947368421,0.4035087719298245,49741.94545454546,3,0.0,1.0,7.0,0.0,0.3333333333333333,2.3333333333333335,-6.0,12,3,1.0,1.0,0.3333333333333333,1.0,3.0,4.0,6.0,0.0,24,52,132,2.5,0.6086956521739131,medium,1,3.0,4.0,6.0,0,24,52,132,2.5,0.6086956521739131,medium,1664.092007880896,,20,38.0,9.0,10.0,130.0,57.0,73.0,1.9,3.65,6.5,2.85,7.0,2.0,0.4,34.0,14.0,0.4117647058823529,23.0,6.0,0.2608695652173913,21.0,20.0,14.0,6.0,0.6666666666666666,0.3,0.3666666666666666,35653.7,3,4.0,9.0,0.0,1.3333333333333333,3.0,0.0,9.0,4,3,3.0,6.0,1.0,0.0,0.0,0.0,2.0,0.0,24,52,132,2.5,0.6086956521739131,medium,0,0.0,0.0,2.0,0,24,52,132,2.5,0.6086956521739131,medium,1559.3557720168956,,-1.6678571428571427,-57.0,0.4,-5.482142857142858,-2.117857142857143,-1.3333333333333333,-15.0,104.73623586400048,HomeWin,128,38,100,28,2,2,90
1986,1986-06-17,WC-1986,1986 FIFA World Cup,Italy v France,Round of 16,Italy,France,ITA,FRA,0.0,2.0,0-2,away team win,0.0,1.0,no,no,no,0-0,Estadio Olímpico Universitario,S-100,Estadio Olímpico Universitario,Mexico City,Mexico,0.0,70000.0,12:00,Carlos Esposito,,329,24,52,132,2.5,0.6086956521739131,medium,39,12.0,3.0,6.0,38.0,28.0,10.0,0.3076923076923077,0.2564102564102564,0.9743589743589745,0.717948717948718,11.0,5.0,0.6,16.0,14.0,0.875,5.0,7.0,1.4,21.0,21.0,14.0,7.0,0.6666666666666666,0.3333333333333333,0.3333333333333333,41955.48648648649,3,1.0,1.0,7.0,0.3333333333333333,0.3333333333333333,2.3333333333333335,-6.0,10,1,1.0,-6.0,1.0,1.0,3.0,4.0,4.0,1.0,24,52,132,2.5,0.6086956521739131,medium,1,3.0,4.0,4.0,1,24,52,132,2.5,0.6086956521739131,medium,1589.6291104012687,,27,21.0,9.0,10.0,64.0,44.0,20.0,0.7777777777777778,0.7407407407407407,2.3703703703703702,1.6296296296296295,10.0,6.0,0.6,26.0,14.0,0.5384615384615384,14.0,8.0,0.5714285714285714,21.0,22.0,14.0,8.0,0.6666666666666666,0.3636363636363636,0.303030303030303,32611.333333333332,3,1.0,5.0,6.0,0.3333333333333333,1.6666666666666667,2.0,-1.0,8,1,1.0,-1.0,1.0,0.0,0.0,0.0,1.0,0.0,24,52,132,2.5,0.6086956521739131,medium,0,0.0,0.0,1.0,0,24,52,132,2.5,0.6086956521739131,medium,1512.665575587691,,-0.4700854700854701,-10.0,0.0,-1.3960113960113958,-0.9116809116809116,0.0,-5.0,76.96353481357801,AwayWin,68,53,58,45,3,3,15
1986,1986-06-18,WC-1986,1986 FIFA World Cup,Denmark v Spain,Round of 16,Denmark,Spain,DNK,ESP,1.0,5.0,1-5,away team win,0.0,1.0,no,no,no,0-0,Estadio La Corregidora,S-105,Estadio La Corregidora,Querétaro,Mexico,0.0,38500.0,16:00,Jan Keizer,,330,24,52,132,2.5,0.6086956521739131,medium,2,13.0,3.0,12.0,56.0,42.0,14.0,6.5,7.0,28.0,21.0,6.0,6.0,1.0,22.0,14.0,0.6363636363636364,6.0,8.0,1.3333333333333333,21.0,23.0,14.0,8.0,0.6666666666666666,0.3478260869565217,0.3188405797101449,22250.0,2,3.0,7.0,1.0,1.5,3.5,0.5,6.0,0,0,1.0,1.0,,,,,,,24,52,132,2.5,0.6086956521739131,medium,0,0.0,0.0,0.0,0,24,52,132,2.5,0.6086956521739131,medium,1519.7917535320985,,24,2.0,0.0,1.0,8.0,6.0,2.0,0.0833333333333333,0.0833333333333333,0.3333333333333333,0.25,7.0,4.0,0.4,2.0,14.0,7.0,1.0,8.0,8.0,21.0,24.0,14.0,8.0,0.6666666666666666,0.3333333333333333,0.3333333333333333,39463.217391304344,3,2.0,8.0,6.0,0.6666666666666666,2.6666666666666665,2.0,2.0,6,0,0.0,-4.0,,0.0,0.0,0.0,0.0,0.0,24,52,132,2.5,0.6086956521739131,medium,0,0.0,0.0,0.0,0,24,52,132,2.5,0.6086956521739131,medium,1517.7730544600297,,6.416666666666667,12.0,0.6,27.666666666666668,20.75,0.8333333333333334,4.0,2.0186990720687845,AwayWin,7,30,5,27,0,3,-23
1986,1986-06-18,WC-1986,1986 FIFA World Cup,England v Paraguay,Round of 16,England,Paraguay,ENG,PRY,3.0,0.0,3-0,home team win,1.0,0.0,no,no,no,0-0,Estadio Azteca,S-099,Estadio Azteca,Mexico City,Mexico,0.0,98728.0,12:00,Jamal Al Sharif,,331,24,52,132,2.5,0.6086956521739131,medium,28,11.0,5.0,9.0,34.0,29.0,5.0,0.3928571428571428,0.1785714285714285,1.2142857142857142,1.0357142857142858,8.0,0.0,0.4,15.0,14.0,0.9333333333333332,10.0,8.0,0.8,22.0,24.0,14.0,8.0,0.6363636363636364,0.3333333333333333,0.303030303030303,43658.42857142857,3,3.0,10.0,3.0,1.0,3.3333333333333335,1.0,7.0,7,0,1.0,4.0,,1.0,1.0,1.0,1.0,0.0,24,52,132,2.5,0.6086956521739131,medium,1,1.0,1.0,1.0,0,24,52,132,2.5,0.6086956521739131,medium,1548.263914504407,,10,13.0,8.0,8.0,38.0,25.0,13.0,1.3,1.3,3.8,2.5,9.0,2.0,0.4,21.0,15.0,0.7142857142857143,8.0,8.0,1.0,23.0,24.0,15.0,8.0,0.6521739130434783,0.3333333333333333,0.3188405797101449,25990.6,3,2.0,6.0,1.0,0.6666666666666666,2.0,0.3333333333333333,5.0,3,0,1.0,3.0,,,,,,,24,52,132,2.5,0.6086956521739131,medium,0,0.0,0.0,0.0,0,24,52,132,2.5,0.6086956521739131,medium,1500.0458263679934,,-0.9071428571428573,-8.0,0.0,-2.5857142857142854,-1.4642857142857142,0.3333333333333333,2.0,48.2180881364136,HomeWin,33,16,26,14,3,1,17
1986,1986-06-21,WC-1986,1986 FIFA World Cup,Brazil v France,Quarter-finals,Brazil,France,BRA,FRA,1.0,1.0,1-1,away team win,0.0,1.0,no,yes,yes,3-4,Estadio Jalisco,S-095,Estadio Jalisco,Guadalajara,Mexico,0.0,65000.0,12:00,Ioan Igna,France won on penalty kicks following extra time,332,24,52,132,2.5,0.6086956521739131,medium,57,3.0,4.0,4.0,16.0,25.0,-9.0,0.0526315789473684,-0.1578947368421052,0.2807017543859649,0.4385964912280701,12.0,4.0,0.8,8.0,16.0,2.0,3.0,8.0,2.6666666666666665,23.0,25.0,15.0,9.0,0.6521739130434783,0.36,0.2921739130434783,49657.267857142855,4,1.0,4.0,6.0,0.25,1.0,1.5,-2.0,12,1,0.0,-3.0,0.0,1.0,3.0,4.0,6.0,0.0,24,52,132,2.5,0.6086956521739131,medium,1,3.0,4.0,6.0,0,24,52,132,2.5,0.6086956521739131,medium,1671.1655710740426,,28,38.0,10.0,10.0,131.0,58.0,73.0,1.3571428571428572,2.607142857142857,4.678571428571429,2.0714285714285716,10.0,4.0,0.6,34.0,16.0,0.4705882352941176,24.0,8.0,0.3333333333333333,23.0,26.0,15.0,9.0,0.6521739130434783,0.3461538461538461,0.3060200668896321,33946.642857142855,4,4.0,10.0,1.0,1.0,2.5,0.25,9.0,8,1,1.0,3.0,1.0,0.0,0.0,0.0,1.0,0.0,24,52,132,2.5,0.6086956521739131,medium,0,0.0,0.0,1.0,0,24,52,132,2.5,0.6086956521739131,medium,1524.8452279892397,,-1.3045112781954888,-82.0,0.2,-4.397869674185464,-1.6328320802005014,-0.75,-11.0,146.32034308480297,Draw,132,55,104,47,4,3,77
1986,1986-06-22,WC-1986,1986 FIFA World Cup,Argentina v England,Quarter-finals,Argentina,England,ARG,ENG,2.0,1.0,2-1,home team win,1.0,0.0,no,no,no,0-0,Estadio Azteca,S-099,Estadio Azteca,Mexico City,Mexico,0.0,114580.0,12:00,Ali Bennaceur,,333,24,52,132,2.5,0.6086956521739131,medium,36,13.0,4.0,12.0,57.0,43.0,14.0,0.3611111111111111,0.3888888888888889,1.5833333333333333,1.1944444444444444,10.0,6.0,0.6,22.0,16.0,0.7272727272727273,7.0,9.0,1.2857142857142858,24.0,26.0,16.0,9.0,0.6666666666666666,0.3461538461538461,0.3205128205128205,43054.44117647059,4,3.0,8.0,2.0,0.75,2.0,0.5,6.0,8,2,0.0,-3.0,0.0,1.0,1.0,2.0,2.0,0.0,24,52,132,2.5,0.6086956521739131,medium,1,1.0,2.0,2.0,0,24,52,132,2.5,0.6086956521739131,medium,1560.4933153129548,,29,20.0,5.0,12.0,71.0,50.0,21.0,0.6896551724137931,0.7241379310344828,2.4482758620689653,1.7241379310344829,8.0,7.0,0.4,30.0,16.0,0.5333333333333333,7.0,9.0,1.2857142857142858,25.0,26.0,16.0,9.0,0.64,0.3461538461538461,0.2938461538461538,45557.379310344826,4,4.0,9.0,3.0,1.0,2.25,0.75,6.0,7,2,1.0,-2.0,0.5,1.0,1.0,1.0,1.0,0.0,24,52,132,2.5,0.6086956521739131,medium,1,1.0,1.0,1.0,0,24,52,132,2.5,0.6086956521739131,medium,1556.8849284184755,,-0.328544061302682,-7.0,0.1999999999999999,-0.864942528735632,-0.5296934865900382,-0.25,0.0,3.608386894479054,HomeWin,69,36,55,28,4,3,33
1986,1986-06-22,WC-1986,1986 FIFA World Cup,Spain v Belgium,Quarter-finals,Spain,Belgium,ESP,BEL,1.0,1.0,1-1,away team win,0.0,1.0,no,yes,yes,4-5,Estadio Cuauhtémoc,S-104,Estadio Cuauhtémoc,Puebla,Mexico,0.0,45000.0,16:00,Siegfried Kirschen,Belgium won on penalty kicks following extra time,334,24,52,132,2.5,0.6086956521739131,medium,25,13.0,8.0,9.0,39.0,27.0,12.0,0.52,0.48,1.56,1.08,10.0,5.0,0.6,21.0,17.0,0.8095238095238095,9.0,9.0,1.0,26.0,26.0,17.0,9.0,0.6538461538461539,0.3461538461538461,0.3076923076923077,39423.083333333336,4,2.0,7.0,3.0,0.5,1.75,0.75,4.0,6,0,2.0,2.0,,0.0,0.0,0.0,0.0,0.0,24,52,132,2.5,0.6086956521739131,medium,0,0.0,0.0,0.0,0,24,52,132,2.5,0.6086956521739131,medium,1527.831156636082,,17,11.0,6.0,9.0,35.0,30.0,5.0,0.6470588235294118,0.2941176470588235,2.0588235294117645,1.7647058823529411,7.0,3.0,0.4,15.0,18.0,1.2,11.0,9.0,0.8181818181818182,27.0,26.0,18.0,9.0,0.6666666666666666,0.3461538461538461,0.3205128205128205,42807.94117647059,3,3.0,11.0,4.0,1.0,3.6666666666666665,1.3333333333333333,7.0,6,0,0.0,0.0,,0.0,0.0,0.0,0.0,0.0,24,52,132,2.5,0.6086956521739131,medium,0,0.0,0.0,0.0,0,24,52,132,2.5,0.6086956521739131,medium,1480.328187651737,,-0.1270588235294117,7.0,0.1999999999999999,-0.4988235294117644,-0.684705882352941,-0.5,-3.0,47.502968984345216,Draw,35,18,29,15,5,2,17
1986,1986-06-25,WC-1986,1986 FIFA World Cup,Argentina v Belgium,Semi-finals,Argentina,Belgium,ARG,BEL,2.0,0.0,2-0,home team win,1.0,0.0,no,no,no,0-0,Estadio Azteca,S-099,Estadio Azteca,Mexico City,Mexico,0.0,114500.0,16:00,Antonio Marquez Ramirez,,335,24,52,132,2.5,0.6086956521739131,medium,37,5.0,4.0,9.0,24.0,37.0,-13.0,0.1351351351351351,-0.3513513513513513,0.6486486486486487,1.0,13.0,3.0,0.8,14.0,18.0,1.2857142857142858,4.0,9.0,2.25,27.0,27.0,18.0,9.0,0.6666666666666666,0.3333333333333333,0.3333333333333333,45098.02857142857,5,2.0,9.0,7.0,0.4,1.8,1.4,2.0,8,1,0.0,0.0,0.0,1.0,1.0,2.0,2.0,0.0,24,52,132,2.5,0.6086956521739131,medium,1,1.0,2.0,2.0,0,24,52,132,2.5,0.6086956521739131,medium,1570.3894613235605,,18,21.0,5.0,12.0,73.0,50.0,23.0,1.1666666666666667,1.2777777777777777,4.055555555555555,2.7777777777777777,8.0,2.0,0.4,30.0,18.0,0.6,8.0,10.0,1.25,28.0,27.0,19.0,9.0,0.6785714285714286,0.3333333333333333,0.3452380952380953,42929.72222222222,4,5.0,11.0,3.0,1.25,2.75,0.75,8.0,6,1,1.0,1.0,1.0,0.0,0.0,0.0,0.0,0.0,24,52,132,2.5,0.6086956521739131,medium,0,0.0,0.0,0.0,0,24,52,132,2.5,0.6086956521739131,medium,1481.6869766525913,,-1.0315315315315317,-36.0,0.4,-3.4069069069069067,-1.7777777777777777,-0.85,-6.0,88.70248467096917,HomeWin,71,19,56,16,4,2,52
1990,1990-06-08,WC-1990,1990 FIFA World Cup,Argentina v Cameroon,Group stage,Argentina,Cameroon,ARG,CMR,0.0,1.0,0-1,away team win,0.0,1.0,no,no,no,0-0,San Siro,S-074,San Siro,Milan,Italy,0.0,73780.0,18:00,Michel Vautrot,,336,24,52,115,2.2,0.6521739130434783,medium,38,5.0,4.0,10.0,24.0,39.0,-15.0,0.131578947368421,-0.3947368421052631,0.631578947368421,1.0263157894736843,13.0,5.0,0.8,14.0,18.0,1.2857142857142858,5.0,11.0,2.2,28.0,28.0,19.0,10.0,0.6785714285714286,0.3571428571428571,0.3214285714285714,47025.86111111111,0,2.0,9.0,9.0,,,,0.0,9,0,1.0,-1.0,,1.0,2.0,3.0,3.0,1.0,24,52,115,2.2,0.6521739130434783,medium,1,2.0,3.0,3.0,1,24,52,115,2.2,0.6521739130434783,medium,1577.8904601461538,,3,21.0,5.0,13.0,73.0,51.0,22.0,7.0,7.333333333333333,24.333333333333332,17.0,3.0,5.0,0.0,31.0,18.0,0.5806451612903226,8.0,12.0,1.5,29.0,28.0,20.0,10.0,0.6896551724137931,0.3571428571428571,0.332512315270936,16666.666666666668,0,0.0,0.0,1.0,,,,-1.0,1,0,0.0,-1.0,,,,,,,24,52,115,2.2,0.6521739130434783,medium,0,0.0,0.0,0.0,0,24,52,115,2.2,0.6521739130434783,medium,1502.90078280663,,-6.868421052631579,-37.0,0.8,-23.70175438596491,-15.973684210526317,,1.0,74.98967733952372,AwayWin,73,1,57,1,4,0,72
1990,1990-06-09,WC-1990,1990 FIFA World Cup,Italy v Austria,Group stage,Italy,Austria,ITA,AUT,1.0,0.0,1-0,home team win,1.0,0.0,no,no,no,0-0,Stadio Olimpico,S-079,Stadio Olimpico,Rome,Italy,1.0,73303.0,21:00,Jose Ramiz Wright,,337,24,52,115,2.2,0.6521739130434783,medium,40,1.0,3.0,0.0,2.0,1.0,1.0,0.025,0.025,0.05,0.025,8.0,6.0,0.4,4.0,18.0,4.5,0.0,13.0,,30.0,28.0,21.0,10.0,0.7,0.3571428571428571,0.3428571428571428,42693.5,0,1.0,1.0,0.0,,,,1.0,11,2,1.0,1.0,0.5,1.0,3.0,4.0,4.0,0.0,24,52,115,2.2,0.6521739130434783,medium,1,3.0,4.0,4.0,0,24,52,115,2.2,0.6521739130434783,medium,1577.4494579997197,,18,22.0,9.0,10.0,65.0,44.0,21.0,1.2222222222222223,1.1666666666666667,3.611111111111111,2.4444444444444446,7.0,9.0,0.4,27.0,19.0,0.7037037037037037,14.0,13.0,0.9285714285714286,31.0,28.0,22.0,10.0,0.7096774193548387,0.3571428571428571,0.3525345622119816,28032.222222222223,0,1.0,1.0,0.0,,,,1.0,5,2,3.0,3.0,1.5,0.0,0.0,0.0,1.0,0.0,24,52,115,2.2,0.6521739130434783,medium,0,0.0,0.0,1.0,0,24,52,115,2.2,0.6521739130434783,medium,1520.9195246361485,,-1.1972222222222224,-20.0,0.0,-3.5611111111111113,-2.4194444444444447,,0.0,56.52993336357122,HomeWin,68,26,58,23,3,2,42
1990,1990-06-09,WC-1990,1990 FIFA World Cup,Soviet Union v Romania,Group stage,Russia,Romania,SUN,ROU,0.0,2.0,0-2,away team win,0.0,1.0,no,no,no,0-0,Stadio San Nicola,S-068,Stadio San Nicola,Bari,Italy,0.0,42907.0,17:00,Juan Cardellino De San Vicente,,338,24,52,115,2.2,0.6521739130434783,medium,25,9.0,2.0,8.0,26.0,22.0,4.0,0.36,0.16,1.04,0.88,10.0,9.0,0.6,14.0,20.0,1.4285714285714286,5.0,13.0,2.6,32.0,28.0,23.0,10.0,0.71875,0.3571428571428571,0.3616071428571428,39532.375,0,0.0,0.0,1.0,,,,-1.0,6,0,0.0,-3.0,,,,,,,24,52,115,2.2,0.6521739130434783,medium,0,0.0,0.0,0.0,0,24,52,115,2.2,0.6521739130434783,medium,1561.4522033179762,,8,14.0,5.0,7.0,48.0,29.0,19.0,1.75,2.375,6.0,3.625,4.0,6.0,0.2,21.0,20.0,0.9523809523809524,5.0,13.0,2.6,32.0,29.0,23.0,10.0,0.71875,0.3448275862068966,0.3739224137931034,31844.125,0,0.0,0.0,2.0,,,,-2.0,4,0,0.0,-2.0,,,,,,,24,52,115,2.2,0.6521739130434783,medium,0,0.0,0.0,0.0,0,24,52,115,2.2,0.6521739130434783,medium,1475.4193425446472,,-1.39,-15.0,0.3999999999999999,-4.96,-2.745,,1.0,86.03286077332905,AwayWin,0,16,0,14,0,1,-16
1990,1990-06-09,WC-1990,1990 FIFA World Cup,United Arab Emirates v Colombia,Group stage,United Arab Emirates,Colombia,ARE,COL,0.0,2.0,0-2,away team win,0.0,1.0,no,no,no,0-0,Stadio Renato Dall'Ara,S-069,Stadio Renato Dall'Ara,Bologna,Italy,0.0,30791.0,17:00,George Courtney,,339,24,52,115,2.2,0.6521739130434783,medium,0,3.0,1.0,5.0,14.0,17.0,-3.0,,,,,,7.0,,6.0,20.0,3.3333333333333335,3.0,14.0,4.666666666666667,33.0,29.0,24.0,10.0,0.7272727272727273,0.3448275862068966,0.3824451410658307,,0,1.0,2.0,0.0,,,,2.0,0,0,1.0,2.0,,,,,,,24,52,115,2.2,0.6521739130434783,medium,0,0.0,0.0,0.0,0,24,52,115,2.2,0.6521739130434783,medium,1500.0,,3,0.0,0.0,1.0,0.0,2.0,-2.0,0.0,-0.6666666666666666,0.0,0.6666666666666666,1.0,6.0,0.0,1.0,20.0,20.0,0.0,15.0,,33.0,30.0,24.0,11.0,0.7272727272727273,0.3666666666666666,0.3606060606060606,7705.0,0,0.0,0.0,2.0,,,,-2.0,1,0,0.0,-2.0,,,,,,,24,52,115,2.2,0.6521739130434783,medium,0,0.0,0.0,0.0,0,24,52,115,2.2,0.6521739130434783,medium,1483.664516189011,,,-1.0,,,,,4.0,16.33548381098899,AwayWin,0,1,0,1,0,1,-1
1990,1990-06-10,WC-1990,1990 FIFA World Cup,Brazil v Sweden,Group stage,Brazil,Sweden,BRA,SWE,2.0,1.0,2-1,home team win,1.0,0.0,no,no,no,0-0,Stadio delle Alpi,S-082,Stadio delle Alpi,Turin,Italy,0.0,62628.0,21:00,Tullio Lanese,,340,24,52,115,2.2,0.6521739130434783,medium,58,1.0,1.0,2.0,7.0,11.0,-4.0,0.0172413793103448,-0.0689655172413793,0.1206896551724138,0.1896551724137931,13.0,5.0,0.8,4.0,20.0,5.0,0.0,16.0,,34.0,30.0,25.0,11.0,0.7352941176470589,0.3666666666666666,0.3686274509803922,49926.43859649123,0,1.0,2.0,0.0,,,,2.0,13,2,1.0,2.0,0.5,1.0,3.0,4.0,6.0,0.0,24,52,115,2.2,0.6521739130434783,medium,1,3.0,4.0,6.0,0,24,52,115,2.2,0.6521739130434783,medium,1667.1866352226878,,24,39.0,10.0,10.0,133.0,59.0,74.0,1.625,3.0833333333333335,5.541666666666667,2.4583333333333335,6.0,,0.4,35.0,0.0,0.0,24.0,0.0,0.0,0.0,0.0,0.0,0.0,,,,29603.333333333332,0,1.0,2.0,1.0,,,,1.0,7,2,3.0,9.0,1.5,0.0,0.0,1.0,2.0,0.0,24,52,115,2.2,0.6521739130434783,medium,0,0.0,1.0,2.0,0,24,52,115,2.2,0.6521739130434783,medium,1511.3873248866923,,-1.6077586206896552,-78.0,0.4,-5.420977011494253,-2.2686781609195403,,1.0,155.7993103359954,HomeWin,133,38,105,29,4,2,95
1990,1990-06-10,WC-1990,1990 FIFA World Cup,United States v Czechoslovakia,Group stage,United States,Czechoslovakia,USA,CSK,1.0,5.0,1-5,away team win,0.0,1.0,no,no,no,0-0,Stadio Comunale,S-071,Stadio Comunale,Florence,Italy,0.0,33266.0,17:00,Kurt Roethlisberger,,341,24,52,115,2.2,0.6521739130434783,medium,7,10.0,5.0,10.0,41.0,37.0,4.0,1.4285714285714286,0.5714285714285714,5.857142857142857,5.285714285714286,3.0,3.0,0.2,14.0,0.0,0.0,11.0,1.0,0.0909090909090909,1.0,0.0,1.0,0.0,1.0,,,23243.0,0,0.0,1.0,2.0,,,,-1.0,3,0,0.0,-9.0,,0.0,0.0,0.0,1.0,0.0,24,52,115,2.2,0.6521739130434783,medium,0,0.0,0.0,1.0,0,24,52,115,2.2,0.6521739130434783,medium,1489.9924084280417,,24,3.0,0.0,5.0,13.0,26.0,-13.0,0.125,-0.5416666666666666,0.5416666666666666,1.0833333333333333,2.0,4.0,0.0,3.0,0.0,0.0,5.0,2.0,0.4,2.0,0.0,2.0,0.0,1.0,,,24981.791666666668,0,0.0,1.0,5.0,,,,-4.0,7,0,0.0,-4.0,,0.0,0.0,2.0,2.0,0.0,24,52,115,2.2,0.6521739130434783,medium,0,0.0,2.0,2.0,0,24,52,115,2.2,0.6521739130434783,medium,1469.5636631522682,,1.3035714285714286,17.0,0.2,5.31547619047619,4.2023809523809526,,3.0,20.42874527577328,AwayWin,12,36,10,31,1,5,-24
1990,1990-06-11,WC-1990,1990 FIFA World Cup,Costa Rica v Scotland,Group stage,Costa Rica,Scotland,CRI,SCO,1.0,0.0,1-0,home team win,1.0,0.0,no,no,no,0-0,Stadio Luigi Ferraris,S-073,Stadio Luigi Ferraris,Genoa,Italy,0.0,30867.0,17:00,Juan Loustau,,342,24,52,115,2.2,0.6521739130434783,medium,0,9.0,4.0,12.0,37.0,39.0,-2.0,,,,,,2.0,,15.0,0.0,0.0,10.0,2.0,0.2,2.0,1.0,2.0,0.0,1.0,0.0,1.0,,0,1.0,5.0,1.0,,,,4.0,0,0,1.0,4.0,,,,,,,24,52,115,2.2,0.6521739130434783,medium,0,0.0,0.0,0.0,0,24,52,115,2.2,0.6521739130434783,medium,1500.0,,15,1.0,0.0,0.0,1.0,0.0,1.0,0.0666666666666666,0.0666666666666666,0.0666666666666666,0.0,5.0,3.0,0.2,1.0,0.0,0.0,0.0,3.0,,3.0,1.0,3.0,0.0,1.0,0.0,1.0,32231.85714285714,0,1.0,1.0,0.0,,,,1.0,6,0,1.0,1.0,,,,,,,24,52,115,2.2,0.6521739130434783,medium,0,0.0,0.0,0.0,0,24,52,115,2.2,0.6521739130434783,medium,1472.656164495299,,,-3.0,,,,,3.0,27.34383550470102,HomeWin,0,16,0,14,0,1,-16
1990,1990-06-11,WC-1990,1990 FIFA World Cup,England v Republic of Ireland,Group stage,England,Republic of Ireland,ENG,IRL,1.0,1.0,1-1,draw,0.0,0.0,yes,no,no,0-0,Stadio Sant'Elia,S-070,Stadio Sant'Elia,Cagliari,Italy,0.0,35238.0,21:00,Aron Schmidhuber,,343,24,52,115,2.2,0.6521739130434783,medium,30,2.0,6.0,8.0,18.0,31.0,-13.0,0.0666666666666666,-0.4333333333333333,0.6,1.0333333333333334,7.0,3.0,0.4,16.0,0.0,0.0,0.0,3.0,,3.0,2.0,3.0,0.0,1.0,0.0,1.0,47858.13333333333,0,0.0,0.0,1.0,,,,-1.0,8,0,0.0,-1.0,,1.0,1.0,1.0,1.0,0.0,24,52,115,2.2,0.6521739130434783,medium,1,1.0,1.0,1.0,0,24,52,115,2.2,0.6521739130434783,medium,1546.98878240787,,0,13.0,9.0,9.0,40.0,28.0,12.0,,,,,,-2.0,,22.0,0.0,0.0,9.0,3.0,0.3333333333333333,3.0,3.0,3.0,0.0,1.0,0.0,1.0,,0,0.0,1.0,1.0,,,,0.0,0,0,0.0,0.0,,,,,,,24,52,115,2.2,0.6521739130434783,medium,0,0.0,0.0,0.0,0,24,52,115,2.2,0.6521739130434783,medium,1500.0,,,-25.0,,,,,-1.0,46.98878240787008,Draw,37,0,29,0,3,0,37
1990,1990-06-12,WC-1990,1990 FIFA World Cup,Belgium v South Korea,Group stage,Belgium,South Korea,BEL,KOR,2.0,0.0,2-0,home team win,1.0,0.0,no,no,no,0-0,Stadio Marc'Antonio Bentegodi,S-084,Stadio Marc'Antonio Bentegodi,Verona,Italy,0.0,32790.0,17:00,Vincent Mauro,,344,24,52,115,2.2,0.6521739130434783,medium,19,0.0,1.0,0.0,1.0,1.0,0.0,0.0,0.0,0.0526315789473684,0.0526315789473684,8.0,-2.0,0.4,1.0,1.0,1.0,0.0,3.0,,4.0,3.0,4.0,0.0,1.0,0.0,1.0,46696.57894736842,0,0.0,1.0,1.0,,,,0.0,7,0,0.0,0.0,,0.0,0.0,0.0,0.0,0.0,24,52,115,2.2,0.6521739130434783,medium,0,0.0,0.0,0.0,0,24,52,115,2.2,0.6521739130434783,medium,1474.185977829998,,5,6.0,4.0,10.0,26.0,39.0,-13.0,1.2,-2.6,5.2,7.8,1.0,0.0,0.0,15.0,1.0,0.0666666666666666,5.0,3.0,0.6,5.0,3.0,4.0,0.0,0.8,0.0,0.8,34500.0,0,1.0,2.0,0.0,,,,2.0,2,0,1.0,2.0,,,,,,,24,52,115,2.2,0.6521739130434783,medium,0,0.0,0.0,0.0,0,24,52,115,2.2,0.6521739130434783,medium,1464.5876817269486,,-1.2,13.0,0.4,-5.147368421052632,-7.747368421052632,,-2.0,9.59829610304928,HomeWin,19,4,16,4,2,0,15
1990,1990-06-12,WC-1990,1990 FIFA World Cup,Netherlands v Egypt,Group stage,Netherlands,Egypt,NLD,EGY,1.0,1.0,1-1,draw,0.0,0.0,yes,no,no,0-0,Stadio La Favorita,S-077,Stadio La Favorita,Palermo,Italy,0.0,33288.0,21:00,Emilio Soriano Aladren,,345,24,52,115,2.2,0.6521739130434783,medium,12,0.0,1.0,5.0,4.0,25.0,-21.0,0.0,-1.75,0.3333333333333333,2.0833333333333335,7.0,0.0,0.4,6.0,2.0,0.3333333333333333,0.0,3.0,,6.0,3.0,5.0,0.0,0.8333333333333334,0.0,0.8333333333333334,45108.6,0,0.0,0.0,2.0,,,,-2.0,4,0,0.0,-2.0,,0.0,0.0,2.0,2.0,0.0,24,52,115,2.2,0.6521739130434783,medium,0,0.0,2.0,2.0,0,24,52,115,2.2,0.6521739130434783,medium,1521.4329295171144,,1,6.0,3.0,4.0,23.0,14.0,9.0,6.0,9.0,23.0,14.0,0.0,1.0,0.0,10.0,2.0,0.2,3.0,4.0,1.3333333333333333,7.0,3.0,6.0,0.0,0.8571428571428571,0.0,0.8571428571428571,9000.0,0,0.0,1.0,1.0,,,,0.0,1,0,0.0,0.0,,,,,,,24,52,115,2.2,0.6521739130434783,medium,0,0.0,0.0,0.0,0,24,52,115,2.2,0.6521739130434783,medium,1490.0,,-6.0,-30.0,0.4,-22.666666666666668,-11.916666666666666,,-2.0,31.432929517114417,Draw,22,2,17,1,5,0,20
1990,1990-06-13,WC-1990,1990 FIFA World Cup,Argentina v Soviet Union,Group stage,Argentina,Russia,ARG,SUN,2.0,0.0,2-0,home team win,1.0,0.0,no,no,no,0-0,Stadio San Paolo,S-076,Stadio San Paolo,Naples,Italy,0.0,55759.0,21:00,Erik Fredriksson,,346,24,52,115,2.2,0.6521739130434783,medium,39,0.0,1.0,1.0,3.0,5.0,-2.0,0.0,-0.0512820512820512,0.0769230769230769,0.1282051282051282,12.0,2.0,0.8,1.0,2.0,2.0,1.0,4.0,4.0,7.0,4.0,6.0,0.0,0.8571428571428571,0.0,0.8571428571428571,47748.94594594595,1,0.0,1.0,1.0,0.0,1.0,1.0,0.0,9,0,0.0,0.0,,1.0,2.0,3.0,3.0,1.0,24,52,115,2.2,0.6521739130434783,medium,1,2.0,3.0,3.0,1,24,52,115,2.2,0.6521739130434783,medium,1565.764987356359,,26,22.0,5.0,13.0,75.0,51.0,24.0,0.8461538461538461,0.9230769230769232,2.8846153846153846,1.9615384615384617,7.0,3.0,0.4,32.0,3.0,0.09375,8.0,4.0,0.5,8.0,4.0,7.0,0.0,0.875,0.0,0.875,39667.36,1,1.0,2.0,1.0,1.0,2.0,1.0,1.0,6,0,1.0,2.0,,,,,,,24,52,115,2.2,0.6521739130434783,medium,0,0.0,0.0,0.0,0,24,52,115,2.2,0.6521739130434783,medium,1549.0253787292274,,-0.8461538461538461,-26.0,0.4,-2.8076923076923075,-1.8333333333333333,-1.0,-1.0,16.739608627131474,HomeWin,73,0,57,0,4,0,73
1990,1990-06-13,WC-1990,1990 FIFA World Cup,Uruguay v Spain,Group stage,Uruguay,Spain,URY,ESP,0.0,0.0,0-0,draw,0.0,0.0,yes,no,no,0-0,Stadio Friuli,S-083,Stadio Friuli,Udine,Italy,0.0,35713.0,17:00,Helmut Kohl,,347,24,52,115,2.2,0.6521739130434783,medium,28,14.0,5.0,8.0,48.0,31.0,17.0,0.5,0.6071428571428571,1.7142857142857142,1.1071428571428572,2.0,3.0,0.0,22.0,3.0,0.1363636363636363,5.0,4.0,0.8,9.0,4.0,7.0,0.0,0.7777777777777778,0.0,0.7777777777777778,39866.392857142855,0,0.0,0.0,4.0,,,,-4.0,8,1,0.0,-2.0,0.0,1.0,2.0,2.0,2.0,0.0,24,52,115,2.2,0.6521739130434783,medium,1,2.0,2.0,2.0,0,24,52,115,2.2,0.6521739130434783,medium,1500.956805366559,,26,13.0,6.0,10.0,57.0,41.0,16.0,0.5,0.6153846153846154,2.1923076923076925,1.5769230769230769,10.0,4.0,0.6,18.0,4.0,0.2222222222222222,11.0,4.0,0.3636363636363636,10.0,4.0,8.0,0.0,0.8,0.0,0.8,39646.16,0,0.0,0.0,0.0,,,,0.0,7,1,0.0,0.0,0.0,0.0,0.0,0.0,0.0,0.0,24,52,115,2.2,0.6521739130434783,medium,0,0.0,0.0,0.0,0,24,52,115,2.2,0.6521739130434783,medium,1526.4723676352278,,0.0,1.0,-0.6,-0.4780219780219783,-0.4697802197802196,,-4.0,-25.5155622686691,Draw,56,36,44,30,1,5,20
1990,1990-06-14,WC-1990,1990 FIFA World Cup,Cameroon v Romania,Group stage,Cameroon,Romania,CMR,ROU,2.0,1.0,2-1,home team win,1.0,0.0,no,no,no,0-0,Stadio San Nicola,S-068,Stadio San Nicola,Bari,Italy,0.0,38687.0,17:00,Hernan Silva Arce,,348,24,52,115,2.2,0.6521739130434783,medium,4,11.0,7.0,9.0,35.0,30.0,5.0,2.75,1.25,8.75,7.5,6.0,4.0,0.25,16.0,4.0,0.25,11.0,5.0,0.4545454545454545,11.0,4.0,9.0,0.0,0.8181818181818182,0.0,0.8181818181818182,30945.0,1,0.0,0.0,0.0,0.0,0.0,0.0,0.0,1,0,0.0,0.0,,,,,,,24,52,115,2.2,0.6521739130434783,medium,0,0.0,0.0,0.0,0,24,52,115,2.2,0.6521739130434783,medium,1515.026255596425,,9,2.0,3.0,0.0,4.0,2.0,2.0,0.2222222222222222,0.2222222222222222,0.4444444444444444,0.2222222222222222,6.0,2.0,0.4,5.0,4.0,0.8,0.0,5.0,,12.0,4.0,9.0,0.0,0.75,0.0,0.75,33073.333333333336,1,2.0,3.0,1.0,2.0,3.0,1.0,2.0,4,0,1.0,1.0,,,,,,,24,52,115,2.2,0.6521739130434783,medium,0,0.0,0.0,0.0,0,24,52,115,2.2,0.6521739130434783,medium,1487.846167133396,,2.5277777777777777,3.0,-0.15,8.305555555555555,7.277777777777778,-2.0,-2.0,27.18008846302905,HomeWin,2,16,2,14,0,1,-14
1990,1990-06-14,WC-1990,1990 FIFA World Cup,Italy v United States,Group stage,Italy,United States,ITA,USA,1.0,0.0,1-0,home team win,1.0,0.0,no,no,no,0-0,Stadio Olimpico,S-079,Stadio Olimpico,Rome,Italy,1.0,73423.0,21:00,Edgardo Codesal Mendez,,349,24,52,115,2.2,0.6521739130434783,medium,41,3.0,1.0,6.0,15.0,19.0,-4.0,0.073170731707317,-0.0975609756097561,0.3658536585365853,0.4634146341463415,8.0,8.0,0.4,7.0,5.0,0.7142857142857143,3.0,5.0,1.6666666666666667,13.0,4.0,10.0,0.0,0.7692307692307693,0.0,0.7692307692307693,43478.35897435898,1,1.0,3.0,2.0,1.0,3.0,2.0,1.0,11,1,0.0,-1.0,0.0,1.0,3.0,4.0,4.0,0.0,24,52,115,2.2,0.6521739130434783,medium,1,3.0,4.0,4.0,0,24,52,115,2.2,0.6521739130434783,medium,1585.836603209066,,8,23.0,9.0,10.0,66.0,44.0,22.0,2.875,2.75,8.25,5.5,3.0,8.0,0.2,28.0,5.0,0.1785714285714285,14.0,5.0,0.3571428571428571,14.0,4.0,10.0,0.0,0.7142857142857143,0.0,0.7142857142857143,24495.875,1,2.0,2.0,0.0,2.0,2.0,0.0,2.0,3,1,2.0,7.0,2.0,0.0,0.0,0.0,1.0,0.0,24,52,115,2.2,0.6521739130434783,medium,0,0.0,0.0,1.0,0,24,52,115,2.2,0.6521739130434783,medium,1479.405098549769,,-2.801829268292683,-26.0,0.2,-7.884146341463414,-5.036585365853658,-1.0,-1.0,106.43150465929692,HomeWin,69,13,59,11,3,1,56
1990,1990-06-14,WC-1990,1990 FIFA World Cup,Yugoslavia v Colombia,Group stage,Yugoslavia,Colombia,YUG,COL,1.0,0.0,1-0,home team win,1.0,0.0,no,no,no,0-0,Stadio Renato Dall'Ara,S-069,Stadio Renato Dall'Ara,Bologna,Italy,0.0,32257.0,17:00,Luigi Agnolin,,350,24,52,115,2.2,0.6521739130434783,medium,23,3.0,0.0,6.0,13.0,27.0,-14.0,0.1304347826086956,-0.6086956521739131,0.5652173913043478,1.173913043478261,4.0,8.0,0.2,4.0,6.0,1.5,5.0,5.0,1.0,14.0,5.0,10.0,1.0,0.7142857142857143,0.2,0.5142857142857142,33570.782608695656,0,0.0,1.0,6.0,,,,-5.0,7,1,0.0,-7.0,0.0,,,,,,24,52,115,2.2,0.6521739130434783,medium,0,0.0,0.0,0.0,0,24,52,115,2.2,0.6521739130434783,medium,1504.0300845122645,,4,10.0,6.0,8.0,38.0,31.0,7.0,2.5,1.75,9.5,7.75,4.0,8.0,0.25,18.0,6.0,0.3333333333333333,6.0,6.0,1.0,15.0,5.0,11.0,1.0,0.7333333333333333,0.2,0.5333333333333332,13476.5,1,1.0,1.0,0.0,1.0,1.0,0.0,1.0,1,1,2.0,6.0,2.0,,,,,,24,52,115,2.2,0.6521739130434783,medium,0,0.0,0.0,0.0,0,24,52,115,2.2,0.6521739130434783,medium,1494.134343054963,,-2.369565217391304,-21.0,-0.0499999999999999,-8.934782608695652,-6.576086956521739,,-6.0,9.895741457301485,HomeWin,37,3,32,3,2,1,34
1990,1990-06-15,WC-1990,1990 FIFA World Cup,Austria v Czechoslovakia,Group stage,Austria,Czechoslovakia,AUT,CSK,0.0,1.0,0-1,away team win,0.0,1.0,no,no,no,0-0,Stadio Comunale,S-071,Stadio Comunale,Florence,Italy,0.0,38962.0,17:00,George Smith,,351,24,52,115,2.2,0.6521739130434783,medium,19,1.0,1.0,3.0,7.0,12.0,-5.0,0.0526315789473684,-0.2631578947368421,0.3684210526315789,0.631578947368421,7.0,12.0,0.4,5.0,6.0,1.2,0.0,7.0,,16.0,5.0,12.0,1.0,0.75,0.2,0.55,30414.894736842107,1,1.0,2.0,1.0,1.0,2.0,1.0,1.0,5,1,0.0,-6.0,0.0,0.0,0.0,0.0,1.0,0.0,24,52,115,2.2,0.6521739130434783,medium,0,0.0,0.0,1.0,0,24,52,115,2.2,0.6521739130434783,medium,1512.5323794268022,,25,9.0,2.0,9.0,26.0,23.0,3.0,0.36,0.12,1.04,0.92,5.0,2.0,0.2,15.0,6.0,0.4,5.0,7.0,1.4,17.0,5.0,12.0,1.0,0.7058823529411765,0.2,0.5058823529411764,25313.16,1,0.0,0.0,2.0,0.0,0.0,2.0,-2.0,7,1,1.0,4.0,1.0,0.0,0.0,2.0,2.0,0.0,24,52,115,2.2,0.6521739130434783,medium,0,0.0,2.0,2.0,0,24,52,115,2.2,0.6521739130434783,medium,1480.1509730305406,,-0.3073684210526315,-8.0,0.2,-0.671578947368421,-0.288421052631579,1.0,3.0,32.38140639626158,AwayWin,26,41,23,35,2,6,-15
1990,1990-06-16,WC-1990,1990 FIFA World Cup,Brazil v Costa Rica,Group stage,Brazil,Costa Rica,BRA,CRI,1.0,0.0,1-0,home team win,1.0,0.0,no,no,no,0-0,Stadio delle Alpi,S-082,Stadio delle Alpi,Turin,Italy,0.0,58007.0,17:00,Neji Jouini,,352,24,52,115,2.2,0.6521739130434783,medium,59,10.0,4.0,12.0,38.0,39.0,-1.0,0.1694915254237288,-0.0169491525423728,0.6440677966101694,0.6610169491525424,13.0,4.0,0.8,16.0,7.0,0.4375,10.0,7.0,0.7,18.0,5.0,13.0,1.0,0.7222222222222222,0.2,0.5222222222222221,50145.43103448276,1,2.0,6.0,1.0,2.0,6.0,1.0,5.0,13,0,1.0,-4.0,,1.0,3.0,4.0,6.0,0.0,24,52,115,2.2,0.6521739130434783,medium,1,3.0,4.0,6.0,0,24,52,115,2.2,0.6521739130434783,medium,1672.980588255039,,1,40.0,10.0,10.0,134.0,59.0,75.0,40.0,75.0,134.0,59.0,3.0,3.0,1.0,36.0,8.0,0.2222222222222222,24.0,7.0,0.2916666666666667,19.0,5.0,14.0,1.0,0.7368421052631579,0.2,0.5368421052631578,30867.0,1,2.0,3.0,1.0,2.0,3.0,1.0,2.0,0,0,1.0,1.0,,,,,,,24,52,115,2.2,0.6521739130434783,medium,0,0.0,0.0,0.0,0,24,52,115,2.2,0.6521739130434783,medium,1509.2146020620237,,-39.83050847457627,-76.0,-0.1999999999999999,-133.35593220338984,-58.33898305084746,0.0,3.0,163.76598619301558,HomeWin,135,1,106,1,4,0,134
1990,1990-06-16,WC-1990,1990 FIFA World Cup,England v Netherlands,Group stage,England,Netherlands,ENG,NLD,0.0,0.0,0-0,draw,0.0,0.0,yes,no,no,0-0,Stadio Sant'Elia,S-070,Stadio Sant'Elia,Cagliari,Italy,0.0,35267.0,21:00,Zoran Petrovic,,353,24,52,115,2.2,0.6521739130434783,medium,31,1.0,0.0,1.0,1.0,1.0,0.0,0.032258064516129,0.0,0.032258064516129,0.032258064516129,8.0,4.0,0.4,2.0,8.0,4.0,0.0,8.0,,20.0,5.0,15.0,1.0,0.75,0.2,0.55,47451.032258064515,1,1.0,1.0,1.0,1.0,1.0,1.0,0.0,8,0,0.0,-1.0,,1.0,1.0,1.0,1.0,0.0,24,52,115,2.2,0.6521739130434783,medium,1,1.0,1.0,1.0,0,24,52,115,2.2,0.6521739130434783,medium,1545.6445225535492,,13,13.0,10.0,9.0,40.0,28.0,12.0,1.0,0.9230769230769232,3.076923076923077,2.1538461538461537,5.0,3.0,0.2,23.0,8.0,0.3478260869565217,9.0,8.0,0.8888888888888888,21.0,5.0,15.0,1.0,0.7142857142857143,0.2,0.5142857142857142,44034.0,1,0.0,1.0,1.0,0.0,1.0,1.0,0.0,4,0,0.0,0.0,,0.0,0.0,2.0,2.0,0.0,24,52,115,2.2,0.6521739130434783,medium,0,0.0,2.0,2.0,0,24,52,115,2.2,0.6521739130434783,medium,1520.5306773965672,,-0.967741935483871,-12.0,0.2,-3.044665012406948,-2.1215880893300247,1.0,0.0,25.11384515698205,Draw,38,23,30,18,3,5,15
1990,1990-06-16,WC-1990,1990 FIFA World Cup,Sweden v Scotland,Group stage,Sweden,Scotland,SWE,SCO,1.0,2.0,1-2,away team win,0.0,1.0,no,no,no,0-0,Stadio Luigi Ferraris,S-073,Stadio Luigi Ferraris,Genoa,Italy,0.0,31823.0,21:00,Carlos Maciel,,354,24,52,115,2.2,0.6521739130434783,medium,25,6.0,4.0,4.0,23.0,14.0,9.0,0.24,0.36,0.92,0.56,3.0,3.0,0.2,11.0,8.0,0.7272727272727273,3.0,8.0,2.6666666666666665,22.0,5.0,15.0,1.0,0.6818181818181818,0.2,0.4818181818181817,30924.32,1,0.0,1.0,1.0,0.0,1.0,1.0,0.0,7,0,0.0,0.0,,0.0,0.0,1.0,2.0,0.0,24,52,115,2.2,0.6521739130434783,medium,0,0.0,1.0,2.0,0,24,52,115,2.2,0.6521739130434783,medium,1505.593371854341,,16,10.0,5.0,11.0,42.0,39.0,3.0,0.625,0.1875,2.625,2.4375,2.0,3.0,0.0,15.0,8.0,0.5333333333333333,11.0,9.0,0.8181818181818182,23.0,5.0,16.0,1.0,0.6956521739130435,0.2,0.4956521739130434,32140.866666666665,1,0.0,2.0,4.0,0.0,2.0,4.0,-2.0,6,0,0.0,-1.0,,,,,,,24,52,115,2.2,0.6521739130434783,medium,0,0.0,0.0,0.0,0,24,52,115,2.2,0.6521739130434783,medium,1463.4415624332755,,-0.385,6.0,0.2,-1.705,-1.8775,0.0,2.0,42.151809421065536,AwayWin,39,16,30,14,2,1,23
1990,1990-06-17,WC-1990,1990 FIFA World Cup,Belgium v Uruguay,Group stage,Belgium,Uruguay,BEL,URY,3.0,1.0,3-1,home team win,1.0,0.0,no,no,no,0-0,Stadio Marc'Antonio Bentegodi,S-084,Stadio Marc'Antonio Bentegodi,Verona,Italy,0.0,33759.0,21:00,Siegfried Kirschen,,355,24,52,115,2.2,0.6521739130434783,medium,20,3.0,6.0,8.0,20.0,32.0,-12.0,0.15,-0.6,1.0,1.6,8.0,6.0,0.4,17.0,9.0,0.5294117647058824,0.0,9.0,,24.0,5.0,17.0,1.0,0.7083333333333334,0.2,0.5083333333333333,46001.25,1,1.0,2.0,2.0,1.0,2.0,2.0,0.0,7,0,1.0,1.0,,0.0,0.0,0.0,0.0,0.0,24,52,115,2.2,0.6521739130434783,medium,0,0.0,0.0,0.0,0,24,52,115,2.2,0.6521739130434783,medium,1483.9097869205427,,29,7.0,4.0,10.0,29.0,40.0,-11.0,0.2413793103448276,-0.3793103448275862,1.0,1.3793103448275863,2.0,3.0,0.0,16.0,9.0,0.5625,5.0,9.0,1.8,25.0,5.0,17.0,1.0,0.68,0.2,0.48,39723.1724137931,1,2.0,5.0,1.0,2.0,5.0,1.0,4.0,8,0,1.0,2.0,,1.0,2.0,2.0,2.0,0.0,24,52,115,2.2,0.6521739130434783,medium,1,2.0,2.0,2.0,0,24,52,115,2.2,0.6521739130434783,medium,1501.689884829277,,-0.0913793103448276,-1.0,0.4,0.0,0.2206896551724138,-1.0,-4.0,-17.780097908734206,HomeWin,21,56,18,44,2,1,-35
1990,1990-06-17,WC-1990,1990 FIFA World Cup,Republic of Ireland v Egypt,Group stage,Republic of Ireland,Egypt,IRL,EGY,0.0,0.0,0-0,draw,0.0,0.0,yes,no,no,0-0,Stadio La Favorita,S-077,Stadio La Favorita,Palermo,Italy,0.0,33288.0,17:00,Marcel Van Langenhove,,356,24,52,115,2.2,0.6521739130434783,medium,1,13.0,6.0,11.0,58.0,44.0,14.0,13.0,14.0,58.0,44.0,1.0,4.0,0.0,19.0,10.0,0.5263157894736842,11.0,9.0,0.8181818181818182,25.0,6.0,17.0,2.0,0.68,0.3333333333333333,0.3466666666666667,35238.0,1,0.0,1.0,3.0,0.0,1.0,3.0,-2.0,0,0,0.0,-2.0,,,,,,,24,52,115,2.2,0.6521739130434783,medium,0,0.0,0.0,0.0,0,24,52,115,2.2,0.6521739130434783,medium,1501.3442598543209,,2,0.0,2.0,0.0,1.0,1.0,0.0,0.0,0.0,0.5,0.5,1.0,9.0,0.0,2.0,10.0,5.0,0.0,10.0,,26.0,6.0,18.0,2.0,0.6923076923076923,0.3333333333333333,0.358974358974359,21144.0,1,0.0,1.0,1.0,0.0,1.0,1.0,0.0,1,0,0.0,0.0,,,,,,,24,52,115,2.2,0.6521739130434783,medium,0,0.0,0.0,0.0,0,24,52,115,2.2,0.6521739130434783,medium,1490.9022521205472,,13.0,14.0,0.0,57.5,43.5,0.0,-2.0,10.442007733773607,Draw,1,3,1,2,0,1,-2
1990,1990-06-17,WC-1990,1990 FIFA World Cup,South Korea v Spain,Group stage,South Korea,Spain,KOR,ESP,1.0,3.0,1-3,away team win,0.0,1.0,no,no,no,0-0,Stadio Friuli,S-083,Stadio Friuli,Udine,Italy,0.0,32733.0,21:00,Elias V. Jacome Guerrero,,357,24,52,115,2.2,0.6521739130434783,medium,6,0.0,2.0,1.0,3.0,5.0,-2.0,0.0,-0.3333333333333333,0.5,0.8333333333333334,1.0,11.0,0.0,2.0,10.0,5.0,1.0,11.0,11.0,26.0,7.0,18.0,3.0,0.6923076923076923,0.4285714285714285,0.2637362637362637,34158.0,1,0.0,1.0,1.0,0.0,1.0,1.0,0.0,2,0,0.0,0.0,,,,,,,24,52,115,2.2,0.6521739130434783,medium,0,0.0,0.0,0.0,0,24,52,115,2.2,0.6521739130434783,medium,1454.8638726364038,,27,0.0,1.0,6.0,5.0,28.0,-23.0,0.0,-0.8518518518518519,0.1851851851851851,1.037037037037037,11.0,6.0,0.6,7.0,10.0,1.4285714285714286,0.0,11.0,,27.0,7.0,18.0,3.0,0.6666666666666666,0.4285714285714285,0.238095238095238,39494.88461538462,1,0.0,1.0,5.0,0.0,1.0,5.0,-4.0,7,0,0.0,-2.0,,0.0,0.0,0.0,0.0,0.0,24,52,115,2.2,0.6521739130434783,medium,0,0.0,0.0,0.0,0,24,52,115,2.2,0.6521739130434783,medium,1525.7392881725095,,0.0,21.0,-0.6,0.3148148148148148,-0.2037037037037036,0.0,4.0,-70.87541553610572,AwayWin,4,36,4,30,0,5,-32
1990,1990-06-18,WC-1990,1990 FIFA World Cup,Argentina v Romania,Group stage,Argentina,Romania,ARG,ROU,1.0,1.0,1-1,draw,0.0,0.0,yes,no,no,0-0,Stadio San Paolo,S-076,Stadio San Paolo,Naples,Italy,0.0,52733.0,21:00,Carlos Alberto Silva Valente,,358,24,52,115,2.2,0.6521739130434783,medium,40,12.0,7.0,9.0,38.0,31.0,7.0,0.3,0.175,0.95,0.775,12.0,8.0,0.8,17.0,10.0,0.5882352941176471,11.0,12.0,1.0909090909090908,27.0,8.0,18.0,4.0,0.6666666666666666,0.5,0.1666666666666666,47959.73684210526,2,1.0,3.0,1.0,0.5,1.5,0.5,2.0,9,0,1.0,2.0,,1.0,2.0,3.0,3.0,1.0,24,52,115,2.2,0.6521739130434783,medium,1,2.0,3.0,3.0,1,24,52,115,2.2,0.6521739130434783,medium,1575.283555158021,,10,22.0,6.0,13.0,76.0,52.0,24.0,2.2,2.4,7.6,5.2,6.0,11.0,0.4,33.0,11.0,0.3333333333333333,8.0,12.0,1.5,28.0,8.0,19.0,4.0,0.6785714285714286,0.5,0.1785714285714286,33634.7,2,1.0,3.0,2.0,0.5,1.5,1.0,1.0,4,0,0.0,0.0,,,,,,,24,52,115,2.2,0.6521739130434783,medium,0,0.0,0.0,0.0,0,24,52,115,2.2,0.6521739130434783,medium,1478.6268809518697,,-1.9,-17.0,0.4,-6.6499999999999995,-4.425,0.0,1.0,96.65667420615137,Draw,73,17,57,15,4,1,56
1990,1990-06-18,WC-1990,1990 FIFA World Cup,Cameroon v Soviet Union,Group stage,Cameroon,Russia,CMR,SUN,0.0,4.0,0-4,away team win,0.0,1.0,no,no,no,0-0,Stadio San Nicola,S-068,Stadio San Nicola,Bari,Italy,0.0,37307.0,21:00,Jose Ramiz Wright,,359,24,52,115,2.2,0.6521739130434783,medium,5,3.0,2.0,6.0,16.0,20.0,-4.0,0.6,-0.8,3.2,4.0,9.0,8.0,0.4,8.0,11.0,1.375,3.0,12.0,4.0,29.0,8.0,19.0,4.0,0.6551724137931034,0.5,0.1551724137931034,32493.4,2,1.0,4.0,3.0,0.5,2.0,1.5,1.0,1,0,0.0,0.0,,,,,,,24,52,115,2.2,0.6521739130434783,medium,0,0.0,0.0,0.0,0,24,52,115,2.2,0.6521739130434783,medium,1524.2455417779513,,27,2.0,3.0,1.0,4.0,6.0,-2.0,0.074074074074074,-0.074074074074074,0.1481481481481481,0.2222222222222222,4.0,5.0,0.2,6.0,12.0,2.0,0.0,12.0,,29.0,9.0,19.0,5.0,0.6551724137931034,0.5555555555555556,0.0996168582375478,40286.269230769234,2,2.0,3.0,5.0,1.0,1.5,2.5,-2.0,6,0,0.0,-4.0,,,,,,,24,52,115,2.2,0.6521739130434783,medium,0,0.0,0.0,0.0,0,24,52,115,2.2,0.6521739130434783,medium,1539.5068109275653,,0.5259259259259259,-2.0,0.2,3.0518518518518523,3.7777777777777777,-0.5,3.0,-15.261269149614009,AwayWin,4,0,3,0,0,0,4
1990,1990-06-19,WC-1990,1990 FIFA World Cup,Austria v United States,Group stage,Austria,United States,AUT,USA,2.0,1.0,2-1,home team win,1.0,0.0,no,no,no,0-0,Stadio Comunale,S-071,Stadio Comunale,Florence,Italy,0.0,34857.0,21:00,Jamal Al Sharif,,360,24,52,115,2.2,0.6521739130434783,medium,20,15.0,5.0,8.0,52.0,31.0,21.0,0.75,1.05,2.6,1.55,4.0,7.0,0.2,23.0,12.0,0.5217391304347826,5.0,13.0,2.6,30.0,9.0,20.0,5.0,0.6666666666666666,0.5555555555555556,0.111111111111111,30842.25,2,1.0,4.0,4.0,0.5,2.0,2.0,0.0,5,0,1.0,4.0,,0.0,0.0,0.0,1.0,0.0,24,52,115,2.2,0.6521739130434783,medium,0,0.0,0.0,1.0,0,24,52,115,2.2,0.6521739130434783,medium,1501.6030569150066,,9,10.0,2.0,9.0,28.0,24.0,4.0,1.1111111111111112,0.4444444444444444,3.111111111111111,2.6666666666666665,3.0,7.0,0.2,16.0,12.0,0.75,5.0,14.0,2.8,30.0,10.0,20.0,6.0,0.6666666666666666,0.6,0.0666666666666666,29932.222222222223,2,1.0,2.0,3.0,0.5,1.0,1.5,-1.0,3,0,1.0,1.0,,0.0,0.0,0.0,1.0,0.0,24,52,115,2.2,0.6521739130434783,medium,0,0.0,0.0,1.0,0,24,52,115,2.2,0.6521739130434783,medium,1472.3760864327091,,-0.3611111111111111,17.0,0.0,-0.5111111111111111,-1.1166666666666665,0.0,1.0,29.226970482297475,HomeWin,26,13,23,11,2,1,13
1990,1990-06-19,WC-1990,1990 FIFA World Cup,Italy v Czechoslovakia,Group stage,Italy,Czechoslovakia,ITA,CSK,2.0,0.0,2-0,home team win,1.0,0.0,no,no,no,0-0,Stadio Olimpico,S-079,Stadio Olimpico,Rome,Italy,1.0,73303.0,21:00,Joel Quiniou,,361,24,52,115,2.2,0.6521739130434783,medium,42,3.0,0.0,7.0,14.0,29.0,-15.0,0.0714285714285714,-0.3571428571428571,0.3333333333333333,0.6904761904761905,10.0,9.0,0.6,5.0,12.0,2.4,5.0,15.0,3.0,30.0,11.0,20.0,7.0,0.6666666666666666,0.6363636363636364,0.0303030303030302,44226.975,2,0.0,2.0,8.0,0.0,1.0,4.0,-6.0,11,1,0.0,-1.0,0.0,1.0,3.0,4.0,4.0,0.0,24,52,115,2.2,0.6521739130434783,medium,1,3.0,4.0,4.0,0,24,52,115,2.2,0.6521739130434783,medium,1592.865615326126,,26,24.0,9.0,10.0,68.0,44.0,24.0,0.9230769230769232,0.9230769230769232,2.6153846153846154,1.6923076923076923,8.0,10.0,0.4,29.0,12.0,0.4137931034482758,14.0,16.0,1.1428571428571428,31.0,11.0,21.0,7.0,0.6774193548387096,0.6363636363636364,0.0410557184750732,25838.115384615383,2,3.0,4.0,0.0,1.5,2.0,0.0,4.0,7,1,2.0,3.0,2.0,0.0,0.0,2.0,2.0,0.0,24,52,115,2.2,0.6521739130434783,medium,0,0.0,2.0,2.0,0,24,52,115,2.2,0.6521739130434783,medium,1491.0802955423362,,-0.8516483516483517,-39.0,0.1999999999999999,-2.282051282051282,-1.0018315018315018,-1.5,-10.0,101.78531978378965,HomeWin,70,42,60,36,3,7,28
1990,1990-06-19,WC-1990,1990 FIFA World Cup,Yugoslavia v United Arab Emirates,Group stage,Yugoslavia,United Arab Emirates,YUG,ARE,4.0,1.0,4-1,home team win,1.0,0.0,no,no,no,0-0,Stadio Renato Dall'Ara,S-069,Stadio Renato Dall'Ara,Bologna,Italy,0.0,27833.0,17:00,Shizuo Takada,,362,24,52,115,2.2,0.6521739130434783,medium,24,10.0,4.0,13.0,38.0,41.0,-3.0,0.4166666666666667,-0.125,1.5833333333333333,1.7083333333333333,7.0,8.0,0.4,17.0,12.0,0.7058823529411765,10.0,16.0,1.6,32.0,11.0,21.0,7.0,0.65625,0.6363636363636364,0.0198863636363636,33516.041666666664,1,2.0,6.0,3.0,2.0,6.0,3.0,3.0,7,0,0.0,-3.0,,,,,,,24,52,115,2.2,0.6521739130434783,medium,0,0.0,0.0,0.0,0,24,52,115,2.2,0.6521739130434783,medium,1513.7453391722652,,1,11.0,6.0,8.0,42.0,32.0,10.0,11.0,10.0,42.0,32.0,0.0,8.0,0.0,19.0,13.0,0.6842105263157895,6.0,16.0,2.6666666666666665,33.0,11.0,22.0,7.0,0.6666666666666666,0.6363636363636364,0.0303030303030302,30791.0,1,2.0,5.0,1.0,2.0,5.0,1.0,4.0,0,0,1.0,3.0,,,,,,,24,52,115,2.2,0.6521739130434783,medium,0,0.0,0.0,0.0,0,24,52,115,2.2,0.6521739130434783,medium,1489.530173134048,,-10.583333333333334,-13.0,0.4,-40.416666666666664,-30.291666666666668,0.0,-1.0,24.21516603821715,HomeWin,38,0,33,0,2,0,38
1990,1990-06-20,WC-1990,1990 FIFA World Cup,Brazil v Scotland,Group stage,Brazil,Scotland,BRA,SCO,1.0,0.0,1-0,home team win,1.0,0.0,no,no,no,0-0,Stadio delle Alpi,S-082,Stadio delle Alpi,Turin,Italy,0.0,62502.0,21:00,Helmut Kohl,,363,24,52,115,2.2,0.6521739130434783,medium,60,0.0,0.0,2.0,1.0,6.0,-5.0,0.0,-0.0833333333333333,0.0166666666666666,0.1,13.0,5.0,0.8,2.0,13.0,6.5,0.0,16.0,,33.0,12.0,22.0,7.0,0.6666666666666666,0.5833333333333334,0.0833333333333332,50278.67796610169,2,0.0,1.0,6.0,0.0,0.5,3.0,-5.0,13,2,0.0,-3.0,0.0,1.0,3.0,4.0,6.0,0.0,24,52,115,2.2,0.6521739130434783,medium,1,3.0,4.0,6.0,0,24,52,115,2.2,0.6521739130434783,medium,1678.5876421790465,,17,41.0,10.0,10.0,135.0,59.0,76.0,2.411764705882353,4.470588235294118,7.9411764705882355,3.4705882352941178,5.0,-2.0,0.2,37.0,13.0,0.3513513513513513,24.0,16.0,0.6666666666666666,34.0,12.0,22.0,7.0,0.6470588235294118,0.5833333333333334,0.0637254901960784,32121.0,2,3.0,4.0,1.0,1.5,2.0,0.5,3.0,6,2,2.0,4.0,1.0,,,,,,24,52,115,2.2,0.6521739130434783,medium,0,0.0,0.0,0.0,0,24,52,115,2.2,0.6521739130434783,medium,1474.6488713026365,,-2.411764705882353,-81.0,0.6000000000000001,-7.924509803921569,-3.3705882352941177,-1.5,-8.0,203.93877087641025,HomeWin,136,18,107,16,4,2,118
1990,1990-06-20,WC-1990,1990 FIFA World Cup,Sweden v Costa Rica,Group stage,Sweden,Costa Rica,SWE,CRI,1.0,2.0,1-2,away team win,0.0,1.0,no,no,no,0-0,Stadio Luigi Ferraris,S-073,Stadio Luigi Ferraris,Genoa,Italy,0.0,30223.0,21:00,Zoran Petrovic,,364,24,52,115,2.2,0.6521739130434783,medium,26,3.0,6.0,9.0,20.0,33.0,-13.0,0.1153846153846153,-0.5,0.7692307692307693,1.2692307692307692,3.0,-3.0,0.2,18.0,13.0,0.7222222222222222,0.0,16.0,,34.0,13.0,22.0,7.0,0.6470588235294118,0.5384615384615384,0.1085972850678733,30958.884615384617,2,1.0,2.0,3.0,0.5,1.0,1.5,-1.0,7,0,0.0,-4.0,,0.0,0.0,1.0,2.0,0.0,24,52,115,2.2,0.6521739130434783,medium,0,0.0,1.0,2.0,0,24,52,115,2.2,0.6521739130434783,medium,1494.3860629849803,,2,10.0,5.0,12.0,43.0,41.0,2.0,5.0,1.0,21.5,20.5,3.0,,0.5,16.0,0.0,0.0,11.0,0.0,0.0,0.0,0.0,0.0,0.0,,,,44437.0,2,0.0,3.0,6.0,0.0,1.5,3.0,-3.0,0,0,0.0,-1.0,,,,,,,24,52,115,2.2,0.6521739130434783,medium,0,0.0,0.0,0.0,0,24,52,115,2.2,0.6521739130434783,medium,1503.607548138016,,-4.884615384615385,-15.0,-0.3,-20.73076923076923,-19.23076923076923,0.5,2.0,-9.2214851530357,AwayWin,40,1,31,1,2,0,39
1990,1990-06-21,WC-1990,1990 FIFA World Cup,Belgium v Spain,Group stage,Belgium,Spain,BEL,ESP,1.0,2.0,1-2,away team win,0.0,1.0,no,no,no,0-0,Stadio Marc'Antonio Bentegodi,S-084,Stadio Marc'Antonio Bentegodi,Verona,Italy,0.0,35950.0,17:00,Juan Loustau,,365,24,52,115,2.2,0.6521739130434783,medium,21,2.0,0.0,1.0,3.0,2.0,1.0,0.0952380952380952,0.0476190476190476,0.1428571428571428,0.0952380952380952,10.0,-2.0,0.6,3.0,0.0,0.0,0.0,0.0,,0.0,1.0,0.0,0.0,,0.0,,45418.28571428572,2,2.0,3.0,2.0,1.0,1.5,1.0,1.0,7,1,1.0,1.0,1.0,0.0,0.0,0.0,0.0,0.0,24,52,115,2.2,0.6521739130434783,medium,0,0.0,0.0,0.0,0,24,52,115,2.2,0.6521739130434783,medium,1494.4210929994424,,28,7.0,4.0,11.0,30.0,42.0,-12.0,0.25,-0.4285714285714285,1.0714285714285714,1.5,11.0,0.0,0.6,17.0,1.0,0.0588235294117647,5.0,0.0,0.0,0.0,2.0,0.0,1.0,,0.5,,39244.444444444445,2,2.0,6.0,3.0,1.0,3.0,1.5,3.0,7,1,0.0,-1.0,0.0,0.0,0.0,0.0,0.0,0.0,24,52,115,2.2,0.6521739130434783,medium,0,0.0,0.0,0.0,0,24,52,115,2.2,0.6521739130434783,medium,1533.727163657956,,-0.1547619047619047,13.0,0.0,-0.9285714285714286,-1.4047619047619049,0.0,-2.0,-39.30607065851359,AwayWin,24,39,21,31,2,5,-15
1990,1990-06-21,WC-1990,1990 FIFA World Cup,England v Egypt,Group stage,England,Egypt,ENG,EGY,1.0,0.0,1-0,home team win,1.0,0.0,no,no,no,0-0,Stadio Sant'Elia,S-070,Stadio Sant'Elia,Cagliari,Italy,0.0,34959.0,21:00,Kurt Roethlisberger,,366,24,52,115,2.2,0.6521739130434783,medium,32,13.0,7.0,9.0,40.0,32.0,8.0,0.40625,0.25,1.25,1.0,8.0,1.0,0.4,18.0,2.0,0.1111111111111111,11.0,0.0,0.0,1.0,2.0,1.0,1.0,1.0,0.5,0.5,47070.28125,2,2.0,5.0,2.0,1.0,2.5,1.0,3.0,8,0,1.0,1.0,,1.0,1.0,1.0,1.0,0.0,24,52,115,2.2,0.6521739130434783,medium,1,1.0,1.0,1.0,0,24,52,115,2.2,0.6521739130434783,medium,1544.9229442717783,,3,14.0,10.0,9.0,41.0,28.0,13.0,4.666666666666667,4.333333333333333,13.666666666666666,9.333333333333334,2.0,-2.0,0.0,24.0,2.0,0.0833333333333333,9.0,0.0,0.0,1.0,3.0,1.0,1.0,1.0,0.3333333333333333,0.6666666666666667,25192.0,2,1.0,2.0,1.0,0.5,1.0,0.5,1.0,1,0,1.0,1.0,,,,,,,24,52,115,2.2,0.6521739130434783,medium,0,0.0,0.0,0.0,0,24,52,115,2.2,0.6521739130434783,medium,1491.20270680357,,-4.260416666666667,-5.0,0.4,-12.416666666666666,-8.333333333333334,0.5,2.0,53.720237468208325,HomeWin,38,3,30,2,3,1,35
1990,1990-06-21,WC-1990,1990 FIFA World Cup,Republic of Ireland v Netherlands,Group stage,Republic of Ireland,Netherlands,IRL,NLD,1.0,1.0,1-1,draw,0.0,0.0,yes,no,no,0-0,Stadio La Favorita,S-077,Stadio La Favorita,Palermo,Italy,0.0,33288.0,21:00,Michel Vautrot,,367,24,52,115,2.2,0.6521739130434783,medium,2,0.0,2.0,2.0,3.0,6.0,-3.0,0.0,-1.5,1.5,3.0,2.0,-1.0,0.0,3.0,3.0,1.0,1.0,0.0,0.0,1.0,4.0,1.0,2.0,1.0,0.5,0.5,34263.0,2,0.0,1.0,2.0,0.0,0.5,1.0,-1.0,0,0,0.0,-1.0,,,,,,,24,52,115,2.2,0.6521739130434783,medium,0,0.0,0.0,0.0,0,24,52,115,2.2,0.6521739130434783,medium,1501.043805171298,,14,0.0,3.0,0.0,2.0,2.0,0.0,0.0,0.0,0.1428571428571428,0.1428571428571428,3.0,1.0,0.0,3.0,3.0,1.0,0.0,0.0,,2.0,4.0,1.0,2.0,0.5,0.5,0.0,43303.416666666664,2,0.0,2.0,2.0,0.0,1.0,1.0,0.0,4,0,0.0,0.0,,0.0,0.0,2.0,2.0,0.0,24,52,115,2.2,0.6521739130434783,medium,0,0.0,2.0,2.0,0,24,52,115,2.2,0.6521739130434783,medium,1521.252255678338,,0.0,-3.0,0.0,1.3571428571428572,2.857142857142857,0.0,-1.0,-20.20845050703997,Draw,1,23,1,18,0,5,-22
1990,1990-06-21,WC-1990,1990 FIFA World Cup,South Korea v Uruguay,Group stage,South Korea,Uruguay,KOR,URY,0.0,1.0,0-1,away team win,0.0,1.0,no,no,no,0-0,Stadio Friuli,S-083,Stadio Friuli,Udine,Italy,0.0,29039.0,17:00,Tullio Lanese,,368,24,52,115,2.2,0.6521739130434783,medium,7,6.0,5.0,4.0,24.0,15.0,9.0,0.8571428571428571,1.2857142857142858,3.4285714285714284,2.142857142857143,1.0,-2.0,0.0,12.0,3.0,0.25,3.0,0.0,0.0,3.0,4.0,1.0,2.0,0.3333333333333333,0.5,-0.1666666666666666,33920.5,2,0.0,2.0,2.0,0.0,1.0,1.0,0.0,2,0,0.0,0.0,,,,,,,24,52,115,2.2,0.6521739130434783,medium,0,0.0,0.0,0.0,0,24,52,115,2.2,0.6521739130434783,medium,1446.8759971509571,,30,0.0,1.0,7.0,5.0,29.0,-24.0,0.0,-0.8,0.1666666666666666,0.9666666666666668,2.0,-2.0,0.0,8.0,3.0,0.375,0.0,1.0,,3.0,5.0,1.0,3.0,0.3333333333333333,0.6,-0.2666666666666666,39524.36666666667,2,0.0,1.0,6.0,0.0,0.5,3.0,-5.0,8,0,0.0,-1.0,,1.0,2.0,2.0,2.0,0.0,24,52,115,2.2,0.6521739130434783,medium,1,2.0,2.0,2.0,0,24,52,115,2.2,0.6521739130434783,medium,1491.1785787503773,,0.8571428571428571,33.0,0.0,3.261904761904762,1.176190476190476,0.0,5.0,-44.30258159941991,AwayWin,5,57,5,45,0,1,-52
1990,1990-06-23,WC-1990,1990 FIFA World Cup,Cameroon v Colombia,Round of 16,Cameroon,Colombia,CMR,COL,2.0,1.0,2-1,home team win,1.0,0.0,no,yes,no,0-0,Stadio San Paolo,S-076,Stadio San Paolo,Naples,Italy,0.0,50026.0,17:00,Tullio Lanese,Required Extra Time,369,24,52,115,2.2,0.6521739130434783,medium,6,14.0,6.0,11.0,59.0,44.0,15.0,2.3333333333333335,2.5,9.833333333333334,7.333333333333333,8.0,1.0,0.4,20.0,3.0,0.15,11.0,1.0,0.0909090909090909,3.0,6.0,1.0,3.0,0.3333333333333333,0.5,-0.1666666666666666,33295.666666666664,3,1.0,2.0,3.0,0.3333333333333333,0.6666666666666666,1.0,-1.0,1,0,1.0,1.0,,,,,,,24,52,115,2.2,0.6521739130434783,medium,0,0.0,0.0,0.0,0,24,52,115,2.2,0.6521739130434783,medium,1514.68451412528,,5,3.0,3.0,1.0,6.0,7.0,-1.0,0.6,-0.2,1.2,1.4,4.0,-1.0,0.2,6.0,3.0,0.5,1.0,1.0,1.0,4.0,6.0,1.0,3.0,0.25,0.5,-0.25,17232.6,2,3.0,5.0,6.0,1.5,2.5,3.0,-1.0,1,0,1.0,1.0,,,,,,,24,52,115,2.2,0.6521739130434783,medium,0,0.0,0.0,0.0,0,24,52,115,2.2,0.6521739130434783,medium,1484.4190883949625,,1.7333333333333334,16.0,0.2,8.633333333333335,5.933333333333334,-1.1666666666666667,0.0,30.265425730317705,HomeWin,4,3,3,3,0,1,1
1990,1990-06-23,WC-1990,1990 FIFA World Cup,Czechoslovakia v Costa Rica,Round of 16,Czechoslovakia,Costa Rica,CSK,CRI,4.0,1.0,4-1,home team win,1.0,0.0,no,no,no,0-0,Stadio San Nicola,S-068,Stadio San Nicola,Bari,Italy,0.0,47673.0,21:00,Siegfried Kirschen,,370,24,52,115,2.2,0.6521739130434783,medium,27,1.0,1.0,4.0,8.0,14.0,-6.0,0.037037037037037,-0.2222222222222222,0.2962962962962963,0.5185185185185185,7.0,-1.0,0.4,5.0,3.0,0.6,1.0,1.0,1.0,4.0,7.0,1.0,3.0,0.25,0.4285714285714285,-0.1785714285714285,27596.074074074073,3,1.0,3.0,3.0,0.3333333333333333,1.0,1.0,0.0,7,0,0.0,-1.0,,0.0,0.0,2.0,2.0,0.0,24,52,115,2.2,0.6521739130434783,medium,0,0.0,2.0,2.0,0,24,52,115,2.2,0.6521739130434783,medium,1483.9288803159616,,3,11.0,4.0,13.0,42.0,42.0,0.0,3.6666666666666665,0.0,14.0,14.0,6.0,-1.0,0.6666666666666666,17.0,3.0,0.1764705882352941,11.0,1.0,0.0909090909090909,4.0,8.0,1.0,3.0,0.25,0.375,-0.125,39699.0,3,3.0,10.0,4.0,1.0,3.3333333333333335,1.3333333333333333,6.0,0,0,1.0,3.0,,,,,,,24,52,115,2.2,0.6521739130434783,medium,0,0.0,0.0,0.0,0,24,52,115,2.2,0.6521739130434783,medium,1513.3421947668023,,-3.6296296296296298,-6.0,-0.2666666666666666,-13.703703703703704,-13.48148148148148,-0.6666666666666667,-6.0,-29.41331445084097,HomeWin,42,3,36,3,7,0,39
1990,1990-06-24,WC-1990,1990 FIFA World Cup,Brazil v Argentina,Round of 16,Brazil,Argentina,BRA,ARG,0.0,1.0,0-1,away team win,0.0,1.0,no,no,no,0-0,Stadio delle Alpi,S-082,Stadio delle Alpi,Turin,Italy,0.0,61381.0,17:00,Joel Quiniou,,371,24,52,115,2.2,0.6521739130434783,medium,61,2.0,0.0,2.0,4.0,6.0,-2.0,0.0327868852459016,-0.0327868852459016,0.0655737704918032,0.0983606557377049,13.0,-3.0,0.8,3.0,3.0,1.0,1.0,1.0,1.0,4.0,9.0,1.0,3.0,0.25,0.3333333333333333,-0.0833333333333333,50482.4,3,2.0,4.0,6.0,0.6666666666666666,1.3333333333333333,2.0,-2.0,13,3,0.0,-3.0,0.0,1.0,3.0,4.0,6.0,0.0,24,52,115,2.2,0.6521739130434783,medium,1,3.0,4.0,6.0,0,24,52,115,2.2,0.6521739130434783,medium,1683.3104196050197,,41,41.0,10.0,11.0,135.0,60.0,75.0,1.0,1.829268292682927,3.292682926829268,1.4634146341463414,10.0,-2.0,0.6,37.0,4.0,0.1081081081081081,25.0,1.0,0.04,4.0,10.0,1.0,4.0,0.25,0.4,-0.15,48082.1282051282,3,3.0,4.0,2.0,1.0,1.3333333333333333,0.6666666666666666,2.0,9,3,2.0,2.0,0.6666666666666666,1.0,2.0,3.0,3.0,1.0,24,52,115,2.2,0.6521739130434783,medium,1,2.0,3.0,3.0,1,24,52,115,2.2,0.6521739130434783,medium,1572.5711694178392,,-0.9672131147540984,-77.0,0.2,-3.2271091563374648,-1.3650539784086364,-0.3333333333333333,-4.0,110.73925018718046,AwayWin,137,74,108,58,4,4,63
1990,1990-06-25,WC-1990,1990 FIFA World Cup,Italy v Uruguay,Round of 16,Italy,Uruguay,ITA,URY,2.0,0.0,2-0,home team win,1.0,0.0,no,no,no,0-0,Stadio Olimpico,S-079,Stadio Olimpico,Rome,Italy,1.0,73303.0,21:00,George Courtney,,372,24,52,115,2.2,0.6521739130434783,medium,43,23.0,6.0,13.0,77.0,52.0,25.0,0.5348837209302325,0.5813953488372093,1.7906976744186047,1.2093023255813953,12.0,,0.8,33.0,0.0,0.0,9.0,0.0,0.0,0.0,0.0,0.0,0.0,,,,44936.14634146341,3,2.0,4.0,2.0,0.6666666666666666,1.3333333333333333,0.6666666666666666,2.0,11,1,1.0,-2.0,1.0,1.0,3.0,4.0,4.0,0.0,24,52,115,2.2,0.6521739130434783,medium,1,3.0,4.0,4.0,0,24,52,115,2.2,0.6521739130434783,medium,1600.0170305525005,,31,25.0,9.0,10.0,70.0,44.0,26.0,0.8064516129032258,0.8387096774193549,2.2580645161290325,1.4193548387096775,5.0,-4.0,0.2,29.0,0.0,0.0,15.0,0.0,0.0,0.0,1.0,0.0,0.0,,0.0,,39186.12903225807,3,4.0,6.0,0.0,1.3333333333333333,2.0,0.0,6.0,8,1,1.0,2.0,1.0,1.0,2.0,2.0,2.0,0.0,24,52,115,2.2,0.6521739130434783,medium,1,2.0,2.0,2.0,0,24,52,115,2.2,0.6521739130434783,medium,1499.9103143291754,,-0.2715678919729932,-1.0,0.6000000000000001,-0.4673668417104277,-0.2100525131282822,-0.6666666666666666,-4.0,100.10671622332508,HomeWin,72,58,62,46,3,1,14
1990,1990-06-25,WC-1990,1990 FIFA World Cup,Republic of Ireland v Romania,Round of 16,Republic of Ireland,Romania,IRL,ROU,0.0,0.0,0-0,home team win,1.0,0.0,no,yes,yes,5-4,Stadio Luigi Ferraris,S-073,Stadio Luigi Ferraris,Genoa,Italy,0.0,31818.0,17:00,Jose Ramiz Wright,Rep. of Ireland won on penalty kicks following extra time,373,24,52,115,2.2,0.6521739130434783,medium,3,14.0,6.0,12.0,59.0,46.0,13.0,4.666666666666667,4.333333333333333,19.666666666666668,15.333333333333334,3.0,-8.0,0.0,20.0,0.0,0.0,12.0,0.0,0.0,0.0,2.0,0.0,0.0,,0.0,,33938.0,3,1.0,2.0,5.0,0.3333333333333333,0.6666666666666666,1.6666666666666667,-3.0,0,0,0.0,-2.0,,,,,,,24,52,115,2.2,0.6521739130434783,medium,0,0.0,0.0,0.0,0,24,52,115,2.2,0.6521739130434783,medium,1501.6247960927656,,11,0.0,4.0,0.0,2.0,2.0,0.0,0.0,0.0,0.1818181818181818,0.1818181818181818,7.0,-10.0,0.4,3.0,0.0,0.0,1.0,0.0,0.0,1.0,2.0,0.0,0.0,0.0,0.0,0.0,35370.90909090909,3,0.0,2.0,2.0,0.0,0.6666666666666666,0.6666666666666666,0.0,4,0,0.0,0.0,,,,,,,24,52,115,2.2,0.6521739130434783,medium,0,0.0,0.0,0.0,0,24,52,115,2.2,0.6521739130434783,medium,1481.3392666920515,,4.666666666666667,13.0,-0.4,19.484848484848484,15.151515151515152,0.3333333333333333,-3.0,20.28552940071404,Draw,2,18,2,16,0,1,-16
1990,1990-06-26,WC-1990,1990 FIFA World Cup,England v Belgium,Round of 16,England,Belgium,ENG,BEL,1.0,0.0,1-0,home team win,1.0,0.0,no,yes,no,0-0,Stadio Renato Dall'Ara,S-069,Stadio Renato Dall'Ara,Bologna,Italy,0.0,34520.0,21:00,Peter Mikkelsen,Required Extra Time,374,24,52,115,2.2,0.6521739130434783,medium,33,3.0,3.0,6.0,16.0,20.0,-4.0,0.0909090909090909,-0.1212121212121212,0.4848484848484848,0.6060606060606061,8.0,-12.0,0.4,8.0,0.0,0.0,4.0,0.0,0.0,1.0,3.0,0.0,0.0,0.0,0.0,0.0,46703.27272727273,3,1.0,4.0,3.0,0.3333333333333333,1.3333333333333333,1.0,1.0,8,1,0.0,0.0,0.0,1.0,1.0,1.0,1.0,0.0,24,52,115,2.2,0.6521739130434783,medium,1,1.0,1.0,1.0,0,24,52,115,2.2,0.6521739130434783,medium,1553.3889565173222,,22,15.0,10.0,9.0,42.0,28.0,14.0,0.6818181818181818,0.6363636363636364,1.9090909090909092,1.2727272727272727,7.0,-11.0,0.4,24.0,1.0,0.0416666666666666,10.0,0.0,0.0,2.0,3.0,1.0,0.0,0.5,0.0,0.5,44987.90909090909,3,2.0,3.0,1.0,0.6666666666666666,1.0,0.3333333333333333,2.0,7,1,1.0,1.0,1.0,0.0,0.0,0.0,0.0,0.0,24,52,115,2.2,0.6521739130434783,medium,0,0.0,0.0,0.0,0,24,52,115,2.2,0.6521739130434783,medium,1485.5476107091863,,-0.5909090909090908,-18.0,0.0,-1.4242424242424243,-0.6666666666666666,-0.3333333333333333,-1.0,67.84134580813588,HomeWin,39,25,31,22,3,2,14
1990,1990-06-26,WC-1990,1990 FIFA World Cup,Spain v Yugoslavia,Round of 16,Spain,Yugoslavia,ESP,YUG,1.0,2.0,1-2,away team win,0.0,1.0,no,yes,no,0-0,Stadio Marc'Antonio Bentegodi,S-084,Stadio Marc'Antonio Bentegodi,Verona,Italy,0.0,35500.0,17:00,Aron Schmidhuber,Required Extra Time,375,24,52,115,2.2,0.6521739130434783,medium,29,7.0,4.0,12.0,30.0,43.0,-13.0,0.2413793103448276,-0.4482758620689655,1.0344827586206895,1.4827586206896552,11.0,-9.0,0.6,17.0,1.0,0.0588235294117647,6.0,0.0,0.0,3.0,3.0,1.0,0.0,0.3333333333333333,0.0,0.3333333333333333,39126.78571428572,3,2.0,6.0,4.0,0.6666666666666666,2.0,1.3333333333333333,2.0,7,1,0.0,-1.0,0.0,0.0,0.0,0.0,0.0,0.0,24,52,115,2.2,0.6521739130434783,medium,0,0.0,0.0,0.0,0,24,52,115,2.2,0.6521739130434783,medium,1542.600645948212,,25,13.0,7.0,10.0,41.0,34.0,7.0,0.52,0.28,1.64,1.36,10.0,-8.0,0.6,18.0,1.0,0.0555555555555555,12.0,0.0,0.0,3.0,4.0,1.0,0.0,0.3333333333333333,0.0,0.3333333333333333,33288.72,2,2.0,6.0,4.0,1.0,3.0,2.0,2.0,7,1,1.0,0.0,1.0,,,,,,24,52,115,2.2,0.6521739130434783,medium,0,0.0,0.0,0.0,0,24,52,115,2.2,0.6521739130434783,medium,1523.049497022682,,-0.2786206896551724,-20.0,0.0,-0.6055172413793102,0.1227586206896551,-0.3333333333333333,0.0,19.551148925530015,AwayWin,41,42,33,36,6,2,-1
1990,1990-07-07,WC-1990,1990 FIFA World Cup,Italy v England,Third place,Italy,England,ITA,ENG,2.0,1.0,2-1,home team win,1.0,0.0,no,no,no,0-0,Stadio San Nicola,S-068,Stadio San Nicola,Bari,Italy,1.0,51426.0,20:00,Joel Quiniou,,376,24,52,115,2.2,0.6521739130434783,medium,44,12.0,6.0,8.0,44.0,33.0,11.0,0.2727272727272727,0.25,1.0,0.75,12.0,-6.0,0.8,19.0,1.0,0.0526315789473684,7.0,0.0,0.0,3.0,5.0,1.0,0.0,0.3333333333333333,0.0,0.3333333333333333,45611.54761904762,4,3.0,7.0,2.0,0.75,1.75,0.5,5.0,11,0,1.0,0.0,,1.0,3.0,4.0,4.0,0.0,24,52,115,2.2,0.6521739130434783,medium,1,3.0,4.0,4.0,0,24,52,115,2.2,0.6521739130434783,medium,1607.2129002926245,,34,26.0,9.0,10.0,72.0,45.0,27.0,0.7647058823529411,0.7941176470588235,2.1176470588235294,1.3235294117647058,8.0,-3.0,0.4,29.0,2.0,0.0689655172413793,16.0,0.0,0.0,4.0,5.0,2.0,0.0,0.5,0.0,0.5,46344.94117647059,4,5.0,8.0,1.0,1.25,2.0,0.25,7.0,8,0,1.0,1.0,,1.0,1.0,1.0,1.0,0.0,24,52,115,2.2,0.6521739130434783,medium,1,1.0,1.0,1.0,0,24,52,115,2.2,0.6521739130434783,medium,1561.4607693227824,,-0.4919786096256684,-16.0,0.4,-1.1176470588235294,-0.5735294117647058,-0.5,-2.0,45.75213096984203,HomeWin,74,40,64,32,3,3,34
1994,1994-06-17,WC-1994,1994 FIFA World Cup,Germany v Bolivia,Group stage,Germany,Bolivia,DEU,BOL,1.0,0.0,1-0,home team win,1.0,0.0,no,no,no,0-0,Soldier Field,S-182,Soldier Field,Chicago,United States,0.0,63117.0,14:00,Arturo Brizio Carter,,377,24,52,141,2.7,0.6956521739130435,medium,6,15.0,10.0,10.0,43.0,30.0,13.0,2.5,2.1666666666666665,7.166666666666667,5.0,7.0,,0.4,24.0,0.0,0.0,11.0,0.0,0.0,0.0,0.0,0.0,0.0,,,,13362.833333333334,0,2.0,4.0,3.0,,,,1.0,2,0,0.0,-1.0,,0.0,0.0,0.0,1.0,0.0,24,52,141,2.7,0.6956521739130435,medium,0,0.0,0.0,1.0,0,24,52,141,2.7,0.6956521739130435,medium,1508.3998540734426,0.0,3,4.0,1.0,2.0,15.0,13.0,2.0,1.3333333333333333,0.6666666666666666,5.0,4.333333333333333,0.0,-2.0,0.0,1.0,0.0,0.0,6.0,0.0,0.0,0.0,1.0,0.0,0.0,,0.0,,16352.0,0,1.0,1.0,0.0,,,,1.0,2,0,1.0,1.0,,,,,,,24,52,141,2.7,0.6956521739130435,medium,0,0.0,0.0,0.0,0,24,52,141,2.7,0.6956521739130435,medium,1471.981389755461,0.0,1.1666666666666667,11.0,0.4,2.166666666666667,0.666666666666667,,0.0,36.41846431798194,HomeWin,17,0,13,0,0,0,17
1994,1994-06-17,WC-1994,1994 FIFA World Cup,Spain v South Korea,Group stage,Spain,South Korea,ESP,KOR,2.0,2.0,2-2,draw,0.0,0.0,yes,no,no,0-0,Cotton Bowl,S-183,Cotton Bowl,Dallas,United States,0.0,56247.0,18:30,Peter Mikkelsen,,378,24,52,141,2.7,0.6956521739130435,medium,30,0.0,0.0,4.0,0.0,17.0,-17.0,0.0,-0.5666666666666667,0.0,0.5666666666666667,8.0,-9.0,0.4,3.0,0.0,0.0,1.0,0.0,0.0,1.0,1.0,0.0,0.0,0.0,0.0,0.0,39001.72413793104,0,0.0,0.0,1.0,,,,-1.0,8,1,0.0,-1.0,0.0,0.0,0.0,0.0,0.0,0.0,24,52,141,2.7,0.6956521739130435,medium,0,0.0,0.0,0.0,0,24,52,141,2.7,0.6956521739130435,medium,1532.038511877178,0.0,8,13.0,8.0,10.0,43.0,36.0,7.0,1.625,0.875,5.375,4.5,1.0,,0.0,19.0,0.0,0.0,12.0,0.0,0.0,0.0,0.0,0.0,0.0,,,,33223.142857142855,0,0.0,2.0,2.0,,,,0.0,3,1,1.0,2.0,1.0,,,,,,24,52,141,2.7,0.6956521739130435,medium,0,0.0,0.0,0.0,0,24,52,141,2.7,0.6956521739130435,medium,1438.1442615721592,0.0,-1.625,-24.0,0.4,-5.375,-3.9333333333333336,,-1.0,93.89425030501889,Draw,42,5,34,5,6,0,37
1994,1994-06-18,WC-1994,1994 FIFA World Cup,Colombia v Romania,Group stage,Colombia,Romania,COL,ROU,1.0,3.0,1-3,away team win,0.0,1.0,no,no,no,0-0,Rose Bowl,S-187,Rose Bowl,Pasadena,United States,0.0,91856.0,16:30,Jamal Al Sharif,,379,24,52,141,2.7,0.6956521739130435,medium,6,0.0,2.0,7.0,7.0,31.0,-24.0,0.0,-4.0,1.1666666666666667,5.166666666666667,4.0,0.0,0.2,9.0,0.0,0.0,0.0,0.0,,0.0,1.0,0.0,0.0,,0.0,,22698.166666666668,0,0.0,2.0,2.0,,,,0.0,2,0,0.0,-2.0,,,,,,,24,52,141,2.7,0.6956521739130435,medium,0,0.0,0.0,0.0,0,24,52,141,2.7,0.6956521739130435,medium,1475.2880006245084,0.0,12,1.0,1.0,5.0,9.0,17.0,-8.0,0.0833333333333333,-0.6666666666666666,0.75,1.4166666666666667,5.0,0.0,0.2,6.0,0.0,0.0,1.0,0.0,0.0,1.0,1.0,0.0,0.0,0.0,0.0,0.0,35074.833333333336,0,0.0,1.0,3.0,,,,-2.0,5,0,0.0,-2.0,,,,,,,24,52,141,2.7,0.6956521739130435,medium,0,0.0,0.0,0.0,0,24,52,141,2.7,0.6956521739130435,medium,1481.922468605292,0.0,-0.0833333333333333,-16.0,0.0,0.4166666666666667,3.75,,2.0,-6.634467980783711,AwayWin,4,18,4,16,1,1,-14
1994,1994-06-18,WC-1994,1994 FIFA World Cup,Italy v Republic of Ireland,Group stage,Italy,Republic of Ireland,ITA,IRL,0.0,1.0,0-1,away team win,0.0,1.0,no,no,no,0-0,Giants Stadium,S-184,Giants Stadium,East Rutherford,United States,0.0,75338.0,16:00,Mario Van Der Ende,,380,24,52,141,2.7,0.6956521739130435,medium,45,4.0,3.0,6.0,19.0,21.0,-2.0,0.0888888888888888,-0.0444444444444444,0.4222222222222222,0.4666666666666667,15.0,-1.0,1.0,9.0,0.0,0.0,4.0,0.0,0.0,2.0,1.0,0.0,0.0,0.0,0.0,0.0,45746.767441860466,0,1.0,3.0,1.0,,,,2.0,12,0,1.0,2.0,,1.0,3.0,4.0,5.0,0.0,24,52,141,2.7,0.6956521739130435,medium,1,3.0,4.0,5.0,0,24,52,141,2.7,0.6956521739130435,medium,1615.903607520705,0.0,4,26.0,9.0,11.0,72.0,46.0,26.0,6.5,6.5,18.0,11.5,4.0,-2.0,0.0,30.0,0.0,0.0,16.0,0.0,0.0,3.0,1.0,0.0,0.0,0.0,0.0,0.0,33408.0,0,0.0,0.0,1.0,,,,-1.0,1,0,0.0,-1.0,,,,,,,24,52,141,2.7,0.6956521739130435,medium,0,0.0,0.0,0.0,0,24,52,141,2.7,0.6956521739130435,medium,1501.041594179525,0.0,-6.411111111111111,-28.0,1.0,-17.57777777777778,-11.033333333333331,,3.0,114.86201334118005,AwayWin,76,2,66,2,4,0,74
1994,1994-06-18,WC-1994,1994 FIFA World Cup,United States v Switzerland,Group stage,United States,Switzerland,USA,CHE,1.0,1.0,1-1,draw,0.0,0.0,yes,no,no,0-0,Pontiac Silverdome,S-188,Pontiac Silverdome,Pontiac,United States,1.0,73425.0,11:30,Francisco Oscar Lamolina,,381,24,52,141,2.7,0.6956521739130435,medium,10,1.0,4.0,0.0,3.0,2.0,1.0,0.1,0.1,0.3,0.2,3.0,-4.0,0.2,4.0,0.0,0.0,1.0,0.0,0.0,3.0,2.0,0.0,0.0,0.0,0.0,0.0,30424.7,0,1.0,1.0,0.0,,,,1.0,4,0,1.0,1.0,,0.0,0.0,0.0,1.0,0.0,24,52,141,2.7,0.6956521739130435,medium,0,0.0,0.0,1.0,0,24,52,141,2.7,0.6956521739130435,medium,1463.2153275656174,0.0,14,3.0,1.0,7.0,15.0,30.0,-15.0,0.2142857142857142,-1.0714285714285714,1.0714285714285714,2.142857142857143,3.0,-4.0,0.2,6.0,0.0,0.0,5.0,0.0,0.0,3.0,3.0,0.0,0.0,0.0,0.0,0.0,30151.0,0,0.0,1.0,1.0,,,,0.0,6,0,0.0,0.0,,,,,,,24,52,141,2.7,0.6956521739130435,medium,0,0.0,0.0,0.0,0,24,52,141,2.7,0.6956521739130435,medium,1484.3563109653978,0.0,-0.1142857142857142,16.0,0.0,-0.7714285714285714,-1.9428571428571428,,1.0,-21.140983399780453,Draw,14,33,12,21,1,0,-19
1994,1994-06-19,WC-1994,1994 FIFA World Cup,Belgium v Morocco,Group stage,Belgium,Morocco,BEL,MAR,1.0,0.0,1-0,home team win,1.0,0.0,no,no,no,0-0,Citrus Bowl,S-186,Citrus Bowl,Orlando,United States,0.0,61219.0,12:30,Jose Joaquin Torres Cadena,,382,24,52,141,2.7,0.6956521739130435,medium,23,5.0,3.0,7.0,23.0,29.0,-6.0,0.217391304347826,-0.2608695652173913,1.0,1.2608695652173914,6.0,-7.0,0.4,7.0,0.0,0.0,8.0,0.0,0.0,3.0,4.0,0.0,0.0,0.0,0.0,0.0,44532.782608695656,0,0.0,1.0,1.0,,,,0.0,8,0,0.0,0.0,,0.0,0.0,0.0,0.0,0.0,24,52,141,2.7,0.6956521739130435,medium,0,0.0,0.0,0.0,0,24,52,141,2.7,0.6956521739130435,medium,1477.475797903726,0.0,5,8.0,4.0,12.0,31.0,43.0,-12.0,1.6,-2.4,6.2,8.6,6.0,-7.0,0.2,18.0,0.0,0.0,6.0,0.0,0.0,4.0,4.0,0.0,0.0,0.0,0.0,0.0,18787.2,0,1.0,1.0,0.0,,,,1.0,2,0,1.0,1.0,,,,,,,24,52,141,2.7,0.6956521739130435,medium,0,0.0,0.0,0.0,0,24,52,141,2.7,0.6956521739130435,medium,1503.4045270337376,0.0,-1.382608695652174,6.0,0.2,-5.2,-7.339130434782608,,-1.0,-25.92872913001156,HomeWin,25,4,22,3,2,0,21
1994,1994-06-19,WC-1994,1994 FIFA World Cup,Cameroon v Sweden,Group stage,Cameroon,Sweden,CMR,SWE,2.0,2.0,2-2,draw,0.0,0.0,yes,no,no,0-0,Rose Bowl,S-187,Rose Bowl,Pasadena,United States,0.0,93194.0,16:30,Alberto Tejada Noriega,,383,24,52,141,2.7,0.6956521739130435,medium,7,1.0,3.0,2.0,4.0,6.0,-2.0,0.1428571428571428,-0.2857142857142857,0.5714285714285714,0.8571428571428571,10.0,,0.6,6.0,0.0,0.0,0.0,0.0,,0.0,0.0,0.0,0.0,,,,35685.71428571428,0,0.0,0.0,1.0,,,,-1.0,2,0,0.0,-1.0,,,,,,,24,52,141,2.7,0.6956521739130435,medium,0,0.0,0.0,0.0,0,24,52,141,2.7,0.6956521739130435,medium,1523.8156018957338,0.0,27,3.0,4.0,1.0,8.0,9.0,-1.0,0.1111111111111111,-0.037037037037037,0.2962962962962963,0.3333333333333333,0.0,2.0,0.0,7.0,0.0,0.0,1.0,1.0,1.0,1.0,0.0,1.0,0.0,1.0,,,30931.62962962963,0,0.0,2.0,2.0,,,,0.0,8,0,0.0,0.0,,0.0,0.0,1.0,2.0,0.0,24,52,141,2.7,0.6956521739130435,medium,0,0.0,1.0,2.0,0,24,52,141,2.7,0.6956521739130435,medium,1484.6514163561935,0.0,0.0317460317460317,-1.0,0.6,0.2751322751322751,0.5238095238095237,,-1.0,39.164185539540085,Draw,6,41,4,32,0,2,-35
1994,1994-06-19,WC-1994,1994 FIFA World Cup,Norway v Mexico,Group stage,Norway,Mexico,NOR,MEX,1.0,0.0,1-0,home team win,1.0,0.0,no,no,no,0-0,RFK Stadium,S-190,RFK Stadium,"Washington, D.C.",United States,0.0,52395.0,16:00,Sandor Puhl,,384,24,52,141,2.7,0.6956521739130435,medium,1,10.0,6.0,12.0,45.0,43.0,2.0,10.0,2.0,45.0,43.0,0.0,1.0,0.0,17.0,0.0,0.0,11.0,1.0,0.0909090909090909,1.0,1.0,1.0,0.0,1.0,0.0,1.0,19000.0,0,0.0,2.0,2.0,,,,0.0,1,0,0.0,0.0,,,,,,,24,52,141,2.7,0.6956521739130435,medium,0,0.0,0.0,0.0,0,24,52,141,2.7,0.6956521739130435,medium,1491.1532702124246,0.0,23,1.0,0.0,1.0,2.0,2.0,0.0,0.0434782608695652,0.0,0.0869565217391304,0.0869565217391304,7.0,3.0,0.4,1.0,0.0,0.0,1.0,2.0,2.0,2.0,1.0,2.0,0.0,1.0,0.0,1.0,44764.260869565216,0,1.0,1.0,0.0,,,,1.0,9,0,1.0,1.0,,,,,,,24,52,141,2.7,0.6956521739130435,medium,0,0.0,0.0,0.0,0,24,52,141,2.7,0.6956521739130435,medium,1434.674794871147,0.0,9.956521739130435,2.0,-0.4,44.91304347826087,42.91304347826087,,-1.0,56.478475341277544,HomeWin,1,23,1,21,0,5,-22
1994,1994-06-20,WC-1994,1994 FIFA World Cup,Brazil v Russia,Group stage,Brazil,Russia,BRA,RUS,2.0,0.0,2-0,home team win,1.0,0.0,no,no,no,0-0,Stanford Stadium,S-189,Stanford Stadium,Stanford,United States,0.0,81061.0,13:00,An Yan Lim Kee Chong,,385,24,52,141,2.7,0.6956521739130435,medium,62,4.0,4.0,16.0,23.0,54.0,-31.0,0.064516129032258,-0.5,0.3709677419354839,0.8709677419354839,10.0,7.0,0.6,20.0,0.0,0.0,4.0,3.0,0.75,3.0,1.0,3.0,0.0,1.0,0.0,1.0,50661.065573770495,0,0.0,0.0,1.0,,,,-1.0,14,2,0.0,-1.0,0.0,1.0,3.0,4.0,6.0,0.0,24,52,141,2.7,0.6956521739130435,medium,1,3.0,4.0,6.0,0,24,52,141,2.7,0.6956521739130435,medium,1670.2268095050226,0.0,28,42.0,10.0,11.0,137.0,60.0,77.0,1.5,2.75,4.892857142857143,2.142857142857143,6.0,5.0,0.4,38.0,0.0,0.0,25.0,3.0,0.12,3.0,2.0,3.0,0.0,1.0,0.0,1.0,40175.92592592593,0,1.0,2.0,0.0,,,,2.0,7,2,3.0,5.0,1.5,,,,,,24,52,141,2.7,0.6956521739130435,medium,0,0.0,0.0,0.0,0,24,52,141,2.7,0.6956521739130435,medium,1549.0678385802366,0.0,-1.435483870967742,-108.0,0.1999999999999999,-4.521889400921659,-1.2718894009216588,,-3.0,121.158970924786,HomeWin,137,0,108,0,4,0,137
1994,1994-06-20,WC-1994,1994 FIFA World Cup,Netherlands v Saudi Arabia,Group stage,Netherlands,Saudi Arabia,NLD,SAU,2.0,1.0,2-1,home team win,1.0,0.0,no,no,no,0-0,RFK Stadium,S-190,RFK Stadium,"Washington, D.C.",United States,0.0,50535.0,19:30,Manuel Diaz Vega,,386,24,52,141,2.7,0.6956521739130435,medium,15,15.0,5.0,9.0,52.0,33.0,19.0,1.0,1.2666666666666666,3.466666666666667,2.2,3.0,12.0,0.0,24.0,1.0,0.0416666666666666,5.0,3.0,0.6,4.0,2.0,4.0,0.0,1.0,0.0,1.0,42533.0,0,0.0,0.0,2.0,,,,-2.0,5,0,0.0,-5.0,,0.0,0.0,2.0,2.0,0.0,24,52,141,2.7,0.6956521739130435,medium,0,0.0,2.0,2.0,0,24,52,141,2.7,0.6956521739130435,medium,1520.6712647568706,0.0,0,7.0,5.0,4.0,26.0,16.0,10.0,,,,,,15.0,,13.0,1.0,0.0769230769230769,3.0,4.0,1.3333333333333333,5.0,2.0,5.0,0.0,1.0,0.0,1.0,,0,1.0,2.0,1.0,,,,1.0,0,0,1.0,1.0,,,,,,,24,52,141,2.7,0.6956521739130435,medium,0,0.0,0.0,0.0,0,24,52,141,2.7,0.6956521739130435,medium,1500.0,0.0,,9.0,,,,,-3.0,20.67126475687064,HomeWin,24,0,19,0,5,0,24
1994,1994-06-21,WC-1994,1994 FIFA World Cup,Argentina v Greece,Group stage,Argentina,Greece,ARG,GRC,4.0,0.0,4-0,home team win,1.0,0.0,no,no,no,0-0,Foxboro Stadium,S-185,Foxboro Stadium,Foxborough,United States,0.0,54456.0,12:30,Arturo Angeles,,387,24,52,141,2.7,0.6956521739130435,medium,42,0.0,0.0,1.0,1.0,2.0,-1.0,0.0,-0.0238095238095238,0.0238095238095238,0.0476190476190476,10.0,15.0,0.6,1.0,1.0,1.0,0.0,5.0,,6.0,2.0,6.0,0.0,1.0,0.0,1.0,48414.6,0,0.0,1.0,2.0,,,,-1.0,10,0,0.0,-1.0,,1.0,2.0,4.0,4.0,0.0,24,52,141,2.7,0.6956521739130435,medium,1,2.0,4.0,4.0,0,24,52,141,2.7,0.6956521739130435,medium,1585.6547795178362,0.0,0,24.0,6.0,13.0,81.0,52.0,29.0,,,,,,11.0,,34.0,1.0,0.0294117647058823,9.0,5.0,0.5555555555555556,7.0,2.0,6.0,0.0,0.8571428571428571,0.0,0.8571428571428571,,0,1.0,4.0,0.0,,,,4.0,0,0,1.0,4.0,,,,,,,24,52,141,2.7,0.6956521739130435,medium,0,0.0,0.0,0.0,0,24,52,141,2.7,0.6956521739130435,medium,1500.0,0.0,,-30.0,,,,,-5.0,85.65477951783623,HomeWin,75,0,59,0,4,0,75
1994,1994-06-21,WC-1994,1994 FIFA World Cup,Germany v Spain,Group stage,Germany,Spain,DEU,ESP,1.0,1.0,1-1,draw,0.0,0.0,yes,no,no,0-0,Soldier Field,S-182,Soldier Field,Chicago,United States,0.0,63113.0,15:00,Ernesto Filippi,,388,24,52,141,2.7,0.6956521739130435,medium,7,0.0,0.0,1.0,0.0,4.0,-4.0,0.0,-0.5714285714285714,0.0,0.5714285714285714,7.0,12.0,0.4,1.0,1.0,1.0,0.0,5.0,,7.0,3.0,6.0,0.0,0.8571428571428571,0.0,0.8571428571428571,20470.571428571428,1,0.0,0.0,4.0,0.0,0.0,4.0,-4.0,2,0,0.0,-4.0,,0.0,0.0,0.0,1.0,0.0,24,52,141,2.7,0.6956521739130435,medium,0,0.0,0.0,1.0,0,24,52,141,2.7,0.6956521739130435,medium,1517.3554686358968,0.0,31,4.0,2.0,2.0,16.0,14.0,2.0,0.1290322580645161,0.064516129032258,0.5161290322580645,0.4516129032258064,8.0,7.0,0.4,2.0,2.0,1.0,6.0,5.0,0.8333333333333334,8.0,3.0,7.0,0.0,0.875,0.0,0.875,39576.566666666666,1,1.0,2.0,1.0,1.0,2.0,1.0,1.0,8,0,0.0,0.0,,0.0,0.0,0.0,0.0,0.0,24,52,141,2.7,0.6956521739130435,medium,0,0.0,0.0,0.0,0,24,52,141,2.7,0.6956521739130435,medium,1529.399943223369,0.0,-0.1290322580645161,-6.0,0.0,-0.5161290322580645,0.1198156682027649,-1.0,-5.0,-12.044474587472225,Draw,18,44,14,36,0,6,-26
1994,1994-06-21,WC-1994,1994 FIFA World Cup,Nigeria v Bulgaria,Group stage,Nigeria,Bulgaria,NGA,BGR,3.0,0.0,3-0,home team win,1.0,0.0,no,no,no,0-0,Cotton Bowl,S-183,Cotton Bowl,Dallas,United States,0.0,44132.0,18:30,Rodrigo Badilla,,389,24,52,141,2.7,0.6956521739130435,medium,0,13.0,9.0,10.0,44.0,37.0,7.0,,,,,,4.0,,20.0,2.0,0.1,12.0,5.0,0.4166666666666667,8.0,4.0,7.0,0.0,0.875,0.0,0.875,,0,0.0,3.0,3.0,,,,0.0,0,0,0.0,0.0,,,,,,,24,52,141,2.7,0.6956521739130435,medium,0,0.0,0.0,0.0,0,24,52,141,2.7,0.6956521739130435,medium,1500.0,0.0,15,1.0,0.0,0.0,3.0,0.0,3.0,0.0666666666666666,0.2,0.2,0.0,2.0,3.0,0.0,1.0,3.0,3.0,0.0,5.0,,9.0,4.0,8.0,0.0,0.8888888888888888,0.0,0.8888888888888888,36953.0,0,1.0,3.0,0.0,,,,3.0,5,0,1.0,3.0,,,,,,,24,52,141,2.7,0.6956521739130435,medium,0,0.0,0.0,0.0,0,24,52,141,2.7,0.6956521739130435,medium,1431.9500607474858,0.0,,4.0,,,,,-3.0,68.04993925251415,HomeWin,0,9,0,9,0,0,-9
1994,1994-06-22,WC-1994,1994 FIFA World Cup,Romania v Switzerland,Group stage,Romania,Switzerland,ROU,CHE,1.0,4.0,1-4,away team win,0.0,1.0,no,no,no,0-0,Pontiac Silverdome,S-188,Pontiac Silverdome,Pontiac,United States,0.0,61428.0,16:00,Neji Jouini,,390,24,52,141,2.7,0.6956521739130435,medium,13,0.0,6.0,10.0,9.0,33.0,-24.0,0.0,-1.8461538461538465,0.6923076923076923,2.5384615384615383,8.0,8.0,0.4,15.0,4.0,0.2666666666666666,1.0,5.0,5.0,10.0,4.0,9.0,0.0,0.9,0.0,0.9,39442.61538461538,1,0.0,0.0,3.0,0.0,0.0,3.0,-3.0,5,0,0.0,-3.0,,,,,,,24,52,141,2.7,0.6956521739130435,medium,0,0.0,0.0,0.0,0,24,52,141,2.7,0.6956521739130435,medium,1491.7315364734486,0.0,15,4.0,3.0,7.0,20.0,25.0,-5.0,0.2666666666666666,-0.3333333333333333,1.3333333333333333,1.6666666666666667,1.0,9.0,0.0,10.0,4.0,0.4,4.0,5.0,1.25,11.0,4.0,9.0,0.0,0.8181818181818182,0.0,0.8181818181818182,33035.933333333334,1,1.0,4.0,5.0,1.0,4.0,5.0,-1.0,6,0,0.0,-3.0,,,,,,,24,52,141,2.7,0.6956521739130435,medium,0,0.0,0.0,0.0,0,24,52,141,2.7,0.6956521739130435,medium,1483.7485744247392,0.0,-0.2666666666666666,-19.0,0.4,-0.641025641025641,0.8717948717948716,-1.0,-2.0,7.982962048709396,AwayWin,21,34,18,22,1,0,-13
1994,1994-06-22,WC-1994,1994 FIFA World Cup,United States v Colombia,Group stage,United States,Colombia,USA,COL,2.0,1.0,2-1,home team win,1.0,0.0,no,no,no,0-0,Rose Bowl,S-187,Rose Bowl,Pasadena,United States,1.0,93869.0,16:30,Fabio Baldas,,391,24,52,141,2.7,0.6956521739130435,medium,11,6.0,3.0,7.0,27.0,30.0,-3.0,0.5454545454545454,-0.2727272727272727,2.4545454545454546,2.727272727272727,1.0,4.0,0.0,8.0,4.0,0.5,8.0,5.0,0.625,11.0,5.0,9.0,0.0,0.8181818181818182,0.0,0.8181818181818182,34333.818181818184,1,1.0,5.0,2.0,1.0,5.0,2.0,3.0,4,0,1.0,3.0,,0.0,0.0,0.0,1.0,0.0,24,52,141,2.7,0.6956521739130435,medium,0,0.0,0.0,1.0,0,24,52,141,2.7,0.6956521739130435,medium,1463.823064106276,0.0,7,4.0,1.0,7.0,17.0,31.0,-14.0,0.5714285714285714,-2.0,2.4285714285714284,4.428571428571429,3.0,3.0,0.2,7.0,4.0,0.5714285714285714,5.0,5.0,1.0,11.0,6.0,9.0,0.0,0.8181818181818182,0.0,0.8181818181818182,32577.85714285714,1,1.0,3.0,2.0,1.0,3.0,2.0,1.0,2,0,1.0,1.0,,,,,,,24,52,141,2.7,0.6956521739130435,medium,0,0.0,0.0,0.0,0,24,52,141,2.7,0.6956521739130435,medium,1465.478932756352,0.0,-0.0259740259740259,11.0,-0.2,0.0259740259740262,-1.7012987012987018,0.0,2.0,-1.655868650075945,HomeWin,15,5,13,5,1,1,10
1994,1994-06-23,WC-1994,1994 FIFA World Cup,Italy v Norway,Group stage,Italy,Norway,ITA,NOR,1.0,0.0,1-0,home team win,1.0,0.0,no,no,no,0-0,Giants Stadium,S-184,Giants Stadium,East Rutherford,United States,0.0,74624.0,16:00,Hellmut Krug,,392,24,52,141,2.7,0.6956521739130435,medium,46,1.0,1.0,6.0,10.0,19.0,-9.0,0.0217391304347826,-0.1956521739130435,0.217391304347826,0.4130434782608695,12.0,4.0,0.8,7.0,5.0,0.7142857142857143,1.0,5.0,5.0,12.0,6.0,10.0,0.0,0.8333333333333334,0.0,0.8333333333333334,46419.295454545456,1,0.0,2.0,5.0,0.0,2.0,5.0,-3.0,12,1,0.0,-1.0,0.0,1.0,3.0,4.0,5.0,0.0,24,52,141,2.7,0.6956521739130435,medium,1,3.0,4.0,5.0,0,24,52,141,2.7,0.6956521739130435,medium,1602.7130144591804,0.0,2,27.0,9.0,11.0,73.0,46.0,27.0,13.5,13.5,36.5,23.0,3.0,1.0,0.5,31.0,6.0,0.1935483870967742,16.0,5.0,0.3125,13.0,6.0,11.0,0.0,0.8461538461538461,0.0,0.8461538461538461,35697.5,1,1.0,1.0,1.0,1.0,1.0,1.0,0.0,1,1,2.0,2.0,2.0,,,,,,24,52,141,2.7,0.6956521739130435,medium,0,0.0,0.0,0.0,0,24,52,141,2.7,0.6956521739130435,medium,1499.5418580097914,0.0,-13.478260869565217,-36.0,0.3,-36.28260869565217,-22.58695652173913,-1.0,-3.0,103.17115644938896,HomeWin,76,2,66,2,4,0,74
1994,1994-06-23,WC-1994,1994 FIFA World Cup,South Korea v Bolivia,Group stage,South Korea,Bolivia,KOR,BOL,0.0,0.0,0-0,draw,0.0,0.0,yes,no,no,0-0,Foxboro Stadium,S-185,Foxboro Stadium,Foxborough,United States,0.0,54453.0,19:30,Leslie Mottram,,393,24,52,141,2.7,0.6956521739130435,medium,9,1.0,0.0,2.0,2.0,3.0,-1.0,0.1111111111111111,-0.1111111111111111,0.2222222222222222,0.3333333333333333,1.0,0.0,0.0,2.0,6.0,3.0,1.0,5.0,5.0,13.0,7.0,11.0,0.0,0.8461538461538461,0.0,0.8461538461538461,36101.125,1,1.0,1.0,1.0,1.0,1.0,1.0,0.0,3,0,0.0,-2.0,,,,,,,24,52,141,2.7,0.6956521739130435,medium,0,0.0,0.0,0.0,0,24,52,141,2.7,0.6956521739130435,medium,1440.7828302259682,0.0,4,0.0,3.0,7.0,7.0,31.0,-24.0,0.0,-6.0,1.75,7.75,0.0,0.0,0.0,10.0,6.0,0.6,0.0,5.0,,13.0,8.0,11.0,0.0,0.8461538461538461,0.0,0.8461538461538461,28043.25,1,0.0,2.0,2.0,0.0,2.0,2.0,0.0,2,0,0.0,0.0,,,,,,,24,52,141,2.7,0.6956521739130435,medium,0,0.0,0.0,0.0,0,24,52,141,2.7,0.6956521739130435,medium,1463.0257751930064,0.0,0.1111111111111111,23.0,0.0,-1.5277777777777777,-7.416666666666667,1.0,0.0,-22.242944967038284,Draw,7,0,7,0,0,0,7
1994,1994-06-24,WC-1994,1994 FIFA World Cup,Brazil v Cameroon,Group stage,Brazil,Cameroon,BRA,CMR,3.0,0.0,3-0,home team win,1.0,0.0,no,no,no,0-0,Stanford Stadium,S-189,Stanford Stadium,Stanford,United States,0.0,83401.0,13:00,Arturo Brizio Carter,,394,24,52,141,2.7,0.6956521739130435,medium,63,0.0,1.0,4.0,0.0,17.0,-17.0,0.0,-0.2698412698412698,0.0,0.2698412698412698,12.0,0.0,0.8,4.0,6.0,1.5,1.0,5.0,5.0,13.0,9.0,11.0,0.0,0.8461538461538461,0.0,0.8461538461538461,51151.3870967742,1,0.0,0.0,1.0,0.0,0.0,1.0,-1.0,14,0,0.0,0.0,,1.0,3.0,4.0,6.0,0.0,24,52,141,2.7,0.6956521739130435,medium,1,3.0,4.0,6.0,0,24,52,141,2.7,0.6956521739130435,medium,1676.8743791302957,0.0,8,43.0,10.0,11.0,140.0,60.0,80.0,5.375,10.0,17.5,7.5,10.0,-4.0,0.6,39.0,6.0,0.1538461538461538,25.0,5.0,0.2,13.0,10.0,11.0,0.0,0.8461538461538461,0.0,0.8461538461538461,42874.25,1,2.0,5.0,0.0,2.0,5.0,0.0,5.0,2,0,1.0,3.0,,,,,,,24,52,141,2.7,0.6956521739130435,medium,0,0.0,0.0,0.0,0,24,52,141,2.7,0.6956521739130435,medium,1522.6931163283462,0.0,-5.375,-97.0,0.2,-17.5,-7.23015873015873,-2.0,-6.0,154.18126280194952,HomeWin,139,8,110,6,5,0,131
1994,1994-06-24,WC-1994,1994 FIFA World Cup,Mexico v Republic of Ireland,Group stage,Mexico,Republic of Ireland,MEX,IRL,2.0,1.0,2-1,home team win,1.0,0.0,no,no,no,0-0,Citrus Bowl,S-186,Citrus Bowl,Orlando,United States,0.0,60790.0,12:30,Kurt Roethlisberger,,395,24,52,141,2.7,0.6956521739130435,medium,24,3.0,4.0,2.0,8.0,12.0,-4.0,0.125,-0.1666666666666666,0.3333333333333333,0.5,4.0,3.0,0.2,8.0,7.0,0.875,1.0,5.0,5.0,14.0,10.0,12.0,0.0,0.8571428571428571,0.0,0.8571428571428571,45082.208333333336,1,0.0,2.0,5.0,0.0,2.0,5.0,-3.0,9,0,0.0,-3.0,,,,,,,24,52,141,2.7,0.6956521739130435,medium,0,0.0,0.0,0.0,0,24,52,141,2.7,0.6956521739130435,medium,1426.28620707378,0.0,5,5.0,4.0,16.0,25.0,55.0,-30.0,1.0,-6.0,5.0,11.0,7.0,1.0,0.2,21.0,7.0,0.3333333333333333,4.0,5.0,1.25,14.0,11.0,12.0,0.0,0.8571428571428571,0.0,0.8571428571428571,41794.0,1,1.0,2.0,2.0,1.0,2.0,2.0,0.0,1,0,1.0,1.0,,,,,,,24,52,141,2.7,0.6956521739130435,medium,0,0.0,0.0,0.0,0,24,52,141,2.7,0.6956521739130435,medium,1514.2321872410496,0.0,-0.875,26.0,0.0,-4.666666666666667,-10.5,-1.0,-3.0,-87.94598016726945,HomeWin,23,3,21,3,5,0,20
1994,1994-06-24,WC-1994,1994 FIFA World Cup,Sweden v Russia,Group stage,Sweden,Russia,SWE,RUS,3.0,1.0,3-1,home team win,1.0,0.0,no,no,no,0-0,Pontiac Silverdome,S-188,Pontiac Silverdome,Pontiac,United States,0.0,71528.0,19:30,Joel Quiniou,,396,24,52,141,2.7,0.6956521739130435,medium,28,1.0,4.0,1.0,4.0,4.0,0.0,0.0357142857142857,0.0,0.1428571428571428,0.1428571428571428,1.0,2.0,0.0,5.0,7.0,1.4,1.0,5.0,5.0,14.0,12.0,12.0,0.0,0.8571428571428571,0.0,0.8571428571428571,33155.28571428572,1,1.0,2.0,2.0,1.0,2.0,2.0,0.0,8,1,0.0,-1.0,0.0,0.0,0.0,1.0,2.0,0.0,24,52,141,2.7,0.6956521739130435,medium,0,0.0,1.0,2.0,0,24,52,141,2.7,0.6956521739130435,medium,1485.7739019235814,0.0,29,11.0,6.0,12.0,48.0,44.0,4.0,0.3793103448275862,0.1379310344827586,1.6551724137931034,1.5172413793103448,3.0,-2.0,0.2,18.0,7.0,0.3888888888888889,11.0,5.0,0.4545454545454545,14.0,13.0,12.0,0.0,0.8571428571428571,0.0,0.8571428571428571,41636.107142857145,1,1.0,5.0,3.0,1.0,5.0,3.0,2.0,7,1,2.0,4.0,2.0,,,,,,24,52,141,2.7,0.6956521739130435,medium,0,0.0,0.0,0.0,0,24,52,141,2.7,0.6956521739130435,medium,1542.4202689549636,0.0,-0.3435960591133005,-4.0,-0.2,-1.5123152709359606,-1.374384236453202,0.0,-2.0,-56.64636703138217,HomeWin,43,0,34,0,2,0,43
1994,1994-06-25,WC-1994,1994 FIFA World Cup,Argentina v Nigeria,Group stage,Argentina,Nigeria,ARG,NGA,2.0,1.0,2-1,home team win,1.0,0.0,no,no,no,0-0,Foxboro Stadium,S-185,Foxboro Stadium,Foxborough,United States,0.0,54453.0,16:00,Bo Karlsson,,397,24,52,141,2.7,0.6956521739130435,medium,43,15.0,5.0,10.0,53.0,36.0,17.0,0.3488372093023256,0.3953488372093023,1.2325581395348837,0.8372093023255814,10.0,2.0,0.6,25.0,8.0,0.32,5.0,5.0,1.0,15.0,13.0,13.0,0.0,0.8666666666666667,0.0,0.8666666666666667,48561.95121951219,1,0.0,1.0,5.0,0.0,1.0,5.0,-4.0,10,0,0.0,-4.0,,1.0,2.0,4.0,4.0,0.0,24,52,141,2.7,0.6956521739130435,medium,1,2.0,4.0,4.0,0,24,52,141,2.7,0.6956521739130435,medium,1593.238198787524,0.0,1,25.0,6.0,13.0,83.0,53.0,30.0,25.0,30.0,83.0,53.0,3.0,,1.0,35.0,0.0,0.0,9.0,0.0,0.0,0.0,0.0,0.0,0.0,,,,44132.0,1,2.0,6.0,1.0,2.0,6.0,1.0,5.0,0,0,1.0,1.0,,,,,,,24,52,141,2.7,0.6956521739130435,medium,0,0.0,0.0,0.0,0,24,52,141,2.7,0.6956521739130435,medium,1508.0660328890242,0.0,-24.651162790697676,-13.0,-0.4,-81.76744186046511,-52.16279069767442,-2.0,-9.0,85.17216589849977,HomeWin,79,3,61,3,5,0,76
1994,1994-06-25,WC-1994,1994 FIFA World Cup,Belgium v Netherlands,Group stage,Belgium,Netherlands,BEL,NLD,1.0,0.0,1-0,home team win,1.0,0.0,no,no,no,0-0,Citrus Bowl,S-186,Citrus Bowl,Orlando,United States,0.0,62387.0,12:30,Renato Marsiglia,,398,24,52,141,2.7,0.6956521739130435,medium,24,1.0,0.0,1.0,4.0,2.0,2.0,0.0416666666666666,0.0833333333333333,0.1666666666666666,0.0833333333333333,9.0,0.0,0.6,2.0,0.0,0.0,0.0,0.0,,0.0,1.0,0.0,0.0,,0.0,,45228.041666666664,1,1.0,4.0,2.0,1.0,4.0,2.0,2.0,8,0,0.0,-1.0,,0.0,0.0,0.0,0.0,0.0,24,52,141,2.7,0.6956521739130435,medium,0,0.0,0.0,0.0,0,24,52,141,2.7,0.6956521739130435,medium,1488.2207043203134,0.0,16,9.0,4.0,12.0,32.0,43.0,-11.0,0.5625,-0.6875,2.0,2.6875,6.0,-2.0,0.2,19.0,0.0,0.0,6.0,0.0,0.0,0.0,2.0,0.0,0.0,,0.0,,43104.57142857143,1,2.0,2.0,0.0,2.0,2.0,0.0,2.0,5,0,1.0,1.0,,0.0,0.0,2.0,2.0,0.0,24,52,141,2.7,0.6956521739130435,medium,0,0.0,2.0,2.0,0,24,52,141,2.7,0.6956521739130435,medium,1530.0769989703704,0.0,-0.5208333333333334,13.0,0.3999999999999999,-1.8333333333333333,-2.6041666666666665,-1.0,0.0,-41.85629465005695,HomeWin,26,26,23,21,2,5,0
1994,1994-06-25,WC-1994,1994 FIFA World Cup,Saudi Arabia v Morocco,Group stage,Saudi Arabia,Morocco,SAU,MAR,2.0,1.0,2-1,home team win,1.0,0.0,no,no,no,0-0,Giants Stadium,S-184,Giants Stadium,East Rutherford,United States,0.0,76322.0,12:30,Philip Don,,399,24,52,141,2.7,0.6956521739130435,medium,1,7.0,5.0,5.0,26.0,17.0,9.0,7.0,9.0,26.0,17.0,0.0,,0.0,14.0,0.0,0.0,3.0,0.0,0.0,0.0,0.0,0.0,0.0,,,,50535.0,1,1.0,2.0,2.0,1.0,2.0,2.0,0.0,0,0,0.0,-1.0,,,,,,,24,52,141,2.7,0.6956521739130435,medium,0,0.0,0.0,0.0,0,24,52,141,2.7,0.6956521739130435,medium,1490.5942657865005,0.0,6,1.0,0.0,1.0,3.0,3.0,0.0,0.1666666666666666,0.0,0.5,0.5,6.0,-3.0,0.2,2.0,0.0,0.0,0.0,0.0,,0.0,1.0,0.0,0.0,,0.0,,25859.166666666668,1,1.0,3.0,3.0,1.0,3.0,3.0,0.0,2,0,1.0,1.0,,,,,,,24,52,141,2.7,0.6956521739130435,medium,0,0.0,0.0,0.0,0,24,52,141,2.7,0.6956521739130435,medium,1492.6596206171505,0.0,6.833333333333333,9.0,-0.2,25.5,16.5,0.0,0.0,-2.0653548306499943,HomeWin,1,4,1,3,0,0,-3
1994,1994-06-26,WC-1994,1994 FIFA World Cup,Bulgaria v Greece,Group stage,Bulgaria,Greece,BGR,GRC,4.0,0.0,4-0,home team win,1.0,0.0,no,no,no,0-0,Soldier Field,S-182,Soldier Field,Chicago,United States,0.0,63160.0,11:30,Ali Bujsaim,,400,24,52,141,2.7,0.6956521739130435,medium,16,1.0,3.0,3.0,5.0,8.0,-3.0,0.0625,-0.1875,0.3125,0.5,2.0,-3.0,0.0,7.0,0.0,0.0,0.0,0.0,,0.0,2.0,0.0,0.0,,0.0,,37401.6875,1,0.0,1.0,3.0,0.0,1.0,3.0,-2.0,5,0,0.0,-1.0,,,,,,,24,52,141,2.7,0.6956521739130435,medium,0,0.0,0.0,0.0,0,24,52,141,2.7,0.6956521739130435,medium,1423.8840278584616,0.0,1,1.0,6.0,10.0,13.0,33.0,-20.0,1.0,-20.0,13.0,33.0,0.0,-6.0,0.0,16.0,0.0,0.0,1.0,0.0,0.0,0.0,3.0,0.0,0.0,,0.0,,54456.0,1,1.0,4.0,3.0,1.0,4.0,3.0,1.0,0,0,1.0,4.0,,,,,,,24,52,141,2.7,0.6956521739130435,medium,0,0.0,0.0,0.0,0,24,52,141,2.7,0.6956521739130435,medium,1492.4165807303125,0.0,-0.9375,17.0,0.0,-12.6875,-32.5,-1.0,-3.0,-68.53255287185061,HomeWin,9,0,9,0,0,0,9
1994,1994-06-26,WC-1994,1994 FIFA World Cup,Switzerland v Colombia,Group stage,Switzerland,Colombia,CHE,COL,0.0,2.0,0-2,away team win,0.0,1.0,no,no,no,0-0,Stanford Stadium,S-189,Stanford Stadium,Stanford,United States,0.0,83401.0,13:00,Peter Mikkelsen,,401,24,52,141,2.7,0.6956521739130435,medium,16,0.0,0.0,2.0,0.0,8.0,-8.0,0.0,-0.5,0.0,0.5,4.0,-7.0,0.2,2.0,0.0,0.0,0.0,0.0,,0.0,4.0,0.0,0.0,,0.0,,34810.4375,2,0.0,0.0,8.0,0.0,0.0,4.0,-8.0,6,0,0.0,-4.0,,,,,,,24,52,141,2.7,0.6956521739130435,medium,0,0.0,0.0,0.0,0,24,52,141,2.7,0.6956521739130435,medium,1493.9783021167927,0.0,8,6.0,3.0,8.0,27.0,32.0,-5.0,0.75,-0.625,3.375,4.0,3.0,-6.0,0.2,9.0,1.0,0.1111111111111111,8.0,0.0,0.0,0.0,5.0,0.0,1.0,,0.2,,40239.25,2,1.0,5.0,4.0,0.5,2.5,2.0,1.0,2,0,0.0,-2.0,,,,,,,24,52,141,2.7,0.6956521739130435,medium,0,0.0,0.0,0.0,0,24,52,141,2.7,0.6956521739130435,medium,1455.431273386334,0.0,-0.75,-3.0,0.0,-3.375,-3.5,-0.5,-9.0,38.547028730458806,AwayWin,38,6,25,6,0,1,32
1994,1994-06-26,WC-1994,1994 FIFA World Cup,United States v Romania,Group stage,United States,Romania,USA,ROU,0.0,1.0,0-1,away team win,0.0,1.0,no,no,no,0-0,Rose Bowl,S-187,Rose Bowl,Pasadena,United States,1.0,93869.0,13:00,Mario Van Der Ende,,402,24,52,141,2.7,0.6956521739130435,medium,12,2.0,1.0,6.0,12.0,19.0,-7.0,0.1666666666666666,-0.5833333333333334,1.0,1.5833333333333333,4.0,-5.0,0.2,8.0,1.0,0.125,1.0,0.0,0.0,0.0,6.0,0.0,1.0,,0.1666666666666666,,39295.083333333336,2,1.0,4.0,5.0,0.5,2.0,2.5,-1.0,4,0,1.0,2.0,,0.0,0.0,0.0,1.0,0.0,24,52,141,2.7,0.6956521739130435,medium,0,0.0,0.0,1.0,0,24,52,141,2.7,0.6956521739130435,medium,1473.870723476294,0.0,14,4.0,1.0,8.0,17.0,32.0,-15.0,0.2857142857142857,-1.0714285714285714,1.2142857142857142,2.2857142857142856,5.0,-7.0,0.2,8.0,1.0,0.125,5.0,0.0,0.0,0.0,7.0,0.0,1.0,,0.1428571428571428,,41013.0,2,1.0,3.0,3.0,0.5,1.5,1.5,0.0,5,0,0.0,-1.0,,,,,,,24,52,141,2.7,0.6956521739130435,medium,0,0.0,0.0,0.0,0,24,52,141,2.7,0.6956521739130435,medium,1481.501808781395,0.0,-0.119047619047619,8.0,0.0,-0.2142857142857142,-0.7023809523809523,0.0,-1.0,-7.631085305101124,AwayWin,17,22,15,19,1,1,-5
1994,1994-06-27,WC-1994,1994 FIFA World Cup,Bolivia v Spain,Group stage,Bolivia,Spain,BOL,ESP,1.0,3.0,1-3,away team win,0.0,1.0,no,no,no,0-0,Soldier Field,S-182,Soldier Field,Chicago,United States,0.0,63089.0,15:00,Rodrigo Badilla,,403,24,52,141,2.7,0.6956521739130435,medium,5,5.0,3.0,7.0,21.0,25.0,-4.0,1.0,-0.8,4.2,5.0,1.0,-6.0,0.0,11.0,1.0,0.0909090909090909,4.0,0.0,0.0,0.0,8.0,0.0,1.0,,0.125,,33325.2,2,2.0,5.0,5.0,1.0,2.5,2.5,0.0,2,0,1.0,1.0,,,,,,,24,52,141,2.7,0.6956521739130435,medium,0,0.0,0.0,0.0,0,24,52,141,2.7,0.6956521739130435,medium,1462.3864449894331,0.0,32,0.0,1.0,5.0,1.0,20.0,-19.0,0.0,-0.59375,0.03125,0.625,8.0,-5.0,0.4,5.0,1.0,0.2,1.0,0.0,0.0,1.0,8.0,0.0,1.0,0.0,0.125,-0.125,40335.8064516129,2,0.0,1.0,4.0,0.0,0.5,2.0,-3.0,8,0,0.0,-2.0,,0.0,0.0,0.0,0.0,0.0,24,52,141,2.7,0.6956521739130435,medium,0,0.0,0.0,0.0,0,24,52,141,2.7,0.6956521739130435,medium,1529.0534141846829,0.0,1.0,15.0,-0.4,4.16875,4.375,1.0,3.0,-66.66696919524952,AwayWin,0,45,0,37,0,6,-45
1994,1994-06-27,WC-1994,1994 FIFA World Cup,Germany v South Korea,Group stage,Germany,South Korea,DEU,KOR,3.0,2.0,3-2,home team win,1.0,0.0,no,no,no,0-0,Cotton Bowl,S-183,Cotton Bowl,Dallas,United States,0.0,63998.0,15:00,Joel Quiniou,,404,24,52,141,2.7,0.6956521739130435,medium,8,14.0,9.0,10.0,47.0,38.0,9.0,1.75,1.125,5.875,4.75,8.0,-6.0,0.4,21.0,1.0,0.0476190476190476,12.0,0.0,0.0,2.0,8.0,0.0,1.0,0.0,0.125,-0.125,25800.875,2,1.0,6.0,4.0,0.5,3.0,2.0,2.0,2,0,1.0,2.0,,0.0,0.0,0.0,1.0,0.0,24,52,141,2.7,0.6956521739130435,medium,0,0.0,0.0,1.0,0,24,52,141,2.7,0.6956521739130435,medium,1517.7019976745833,0.0,10,5.0,2.0,2.0,19.0,16.0,3.0,0.5,0.3,1.9,1.6,2.0,-5.0,0.0,3.0,1.0,0.3333333333333333,6.0,0.0,0.0,2.0,9.0,0.0,1.0,0.0,0.1111111111111111,-0.1111111111111111,38140.22222222222,2,2.0,5.0,3.0,1.0,2.5,1.5,2.0,3,0,1.0,1.0,,,,,,,24,52,141,2.7,0.6956521739130435,medium,0,0.0,0.0,0.0,0,24,52,141,2.7,0.6956521739130435,medium,1441.4221604295417,0.0,1.25,6.0,0.4,3.975,3.15,-0.5,0.0,76.27983724504179,HomeWin,19,7,15,7,0,0,12
1994,1994-06-28,WC-1994,1994 FIFA World Cup,Brazil v Sweden,Group stage,Brazil,Sweden,BRA,SWE,1.0,1.0,1-1,draw,0.0,0.0,yes,no,no,0-0,Pontiac Silverdome,S-188,Pontiac Silverdome,Pontiac,United States,0.0,77217.0,16:00,Sandor Puhl,,405,24,52,141,2.7,0.6956521739130435,medium,64,0.0,3.0,8.0,9.0,34.0,-25.0,0.0,-0.390625,0.140625,0.53125,12.0,-5.0,0.8,11.0,1.0,0.0909090909090909,0.0,0.0,,2.0,10.0,0.0,1.0,0.0,0.1,-0.1,51663.28571428572,2,0.0,4.0,5.0,0.0,2.0,2.5,-1.0,14,3,0.0,-1.0,0.0,1.0,3.0,4.0,6.0,0.0,24,52,141,2.7,0.6956521739130435,medium,1,3.0,4.0,6.0,0,24,52,141,2.7,0.6956521739130435,medium,1682.7067394452067,0.0,29,43.0,11.0,11.0,141.0,61.0,80.0,1.4827586206896552,2.7586206896551726,4.862068965517241,2.103448275862069,4.0,-2.0,0.2,40.0,2.0,0.05,25.0,0.0,0.0,2.0,11.0,0.0,2.0,0.0,0.1818181818181818,-0.1818181818181818,34478.48275862069,2,2.0,6.0,1.0,1.0,3.0,0.5,5.0,8,3,3.0,9.0,1.0,0.0,0.0,1.0,2.0,0.0,24,52,141,2.7,0.6956521739130435,medium,0,0.0,1.0,2.0,0,24,52,141,2.7,0.6956521739130435,medium,1497.3900205924722,0.0,-1.4827586206896552,-105.0,0.6000000000000001,-4.721443965517241,-1.572198275862069,-1.0,-6.0,185.31671885273457,Draw,142,46,113,36,5,3,96
1994,1994-06-28,WC-1994,1994 FIFA World Cup,Italy v Mexico,Group stage,Italy,Mexico,ITA,MEX,1.0,1.0,1-1,draw,0.0,0.0,yes,no,no,0-0,RFK Stadium,S-190,RFK Stadium,"Washington, D.C.",United States,0.0,52535.0,12:30,Francisco Oscar Lamolina,,406,24,52,141,2.7,0.6956521739130435,medium,47,11.0,7.0,12.0,49.0,45.0,4.0,0.2340425531914893,0.0851063829787234,1.0425531914893618,0.9574468085106383,12.0,-3.0,0.8,19.0,2.0,0.1052631578947368,11.0,0.0,0.0,3.0,11.0,0.0,2.0,0.0,0.1818181818181818,-0.1818181818181818,47046.066666666666,2,1.0,6.0,4.0,0.5,3.0,2.0,2.0,12,0,0.0,-9.0,,1.0,3.0,4.0,5.0,0.0,24,52,141,2.7,0.6956521739130435,medium,1,3.0,4.0,5.0,0,24,52,141,2.7,0.6956521739130435,medium,1609.8278205428724,0.0,25,27.0,10.0,11.0,74.0,47.0,27.0,1.08,1.08,2.96,1.88,7.0,-3.0,0.4,32.0,2.0,0.0625,16.0,0.0,0.0,4.0,11.0,0.0,2.0,0.0,0.1818181818181818,-0.1818181818181818,45710.52,2,1.0,2.0,2.0,0.5,1.0,1.0,0.0,9,0,0.0,0.0,,,,,,,24,52,141,2.7,0.6956521739130435,medium,0,0.0,0.0,0.0,0,24,52,141,2.7,0.6956521739130435,medium,1438.7647830042088,0.0,-0.8459574468085107,-23.0,0.4,-1.9174468085106384,-0.9225531914893615,0.0,2.0,171.0630375386636,Draw,77,25,67,22,4,5,52
1994,1994-06-28,WC-1994,1994 FIFA World Cup,Republic of Ireland v Norway,Group stage,Republic of Ireland,Norway,IRL,NOR,0.0,0.0,0-0,draw,0.0,0.0,yes,no,no,0-0,Giants Stadium,S-184,Giants Stadium,East Rutherford,United States,0.0,72404.0,12:30,Jose Joaquin Torres Cadena,,407,24,52,141,2.7,0.6956521739130435,medium,6,5.0,5.0,16.0,26.0,56.0,-30.0,0.8333333333333334,-5.0,4.333333333333333,9.333333333333334,6.0,-6.0,0.2,22.0,2.0,0.0909090909090909,4.0,0.0,0.0,4.0,12.0,0.0,2.0,0.0,0.1666666666666666,-0.1666666666666666,44960.0,2,1.0,3.0,3.0,0.5,1.5,1.5,0.0,1,0,0.0,0.0,,,,,,,24,52,141,2.7,0.6956521739130435,medium,0,0.0,0.0,0.0,0,24,52,141,2.7,0.6956521739130435,medium,1501.753611310621,0.0,3,1.0,5.0,1.0,4.0,4.0,0.0,0.3333333333333333,0.0,1.3333333333333333,1.3333333333333333,3.0,-2.0,0.3333333333333333,6.0,3.0,0.5,1.0,0.0,0.0,4.0,13.0,0.0,3.0,0.0,0.2307692307692307,-0.2307692307692307,48673.0,2,1.0,2.0,2.0,0.5,1.0,1.0,0.0,1,0,0.0,0.0,,,,,,,24,52,141,2.7,0.6956521739130435,medium,0,0.0,0.0,0.0,0,24,52,141,2.7,0.6956521739130435,medium,1492.4270519260997,0.0,0.5,-30.0,-0.1333333333333333,3.0,8.0,0.0,0.0,9.326559384521488,Draw,4,2,4,2,0,0,2
1994,1994-06-28,WC-1994,1994 FIFA World Cup,Russia v Cameroon,Group stage,Russia,Cameroon,RUS,CMR,6.0,1.0,6-1,home team win,1.0,0.0,no,no,no,0-0,Stanford Stadium,S-189,Stanford Stadium,Stanford,United States,0.0,74914.0,13:00,Jamal Al Sharif,,408,24,52,141,2.7,0.6956521739130435,medium,30,1.0,1.0,2.0,2.0,3.0,-1.0,0.0333333333333333,-0.0333333333333333,0.0666666666666666,0.1,3.0,,0.2,3.0,0.0,0.0,1.0,0.0,0.0,0.0,0.0,0.0,0.0,,,,42666.862068965514,2,1.0,1.0,1.0,0.5,0.5,0.5,0.0,7,1,0.0,0.0,0.0,,,,,,24,52,141,2.7,0.6956521739130435,medium,0,0.0,0.0,0.0,0,24,52,141,2.7,0.6956521739130435,medium,1530.8041502860729,0.0,9,16.0,5.0,10.0,59.0,37.0,22.0,1.7777777777777777,2.4444444444444446,6.555555555555555,4.111111111111111,7.0,-1.0,0.4,26.0,0.0,0.0,5.0,0.0,0.0,0.0,1.0,0.0,0.0,,0.0,,47377.22222222222,2,1.0,7.0,6.0,0.5,3.5,3.0,1.0,2,1,2.0,9.0,2.0,,,,,,24,52,141,2.7,0.6956521739130435,medium,0,0.0,0.0,0.0,0,24,52,141,2.7,0.6956521739130435,medium,1516.860756013435,0.0,-1.7444444444444442,-23.0,-0.2,-6.488888888888889,-4.011111111111111,0.0,-1.0,13.94339427263776,HomeWin,1,8,1,6,1,0,-7
1994,1994-06-29,WC-1994,1994 FIFA World Cup,Belgium v Saudi Arabia,Group stage,Belgium,Saudi Arabia,BEL,SAU,0.0,1.0,0-1,away team win,0.0,1.0,no,no,no,0-0,RFK Stadium,S-190,RFK Stadium,"Washington, D.C.",United States,0.0,52959.0,12:30,Hellmut Krug,,409,24,52,141,2.7,0.6956521739130435,medium,25,3.0,4.0,3.0,9.0,18.0,-9.0,0.12,-0.36,0.36,0.72,9.0,,0.6,9.0,0.0,0.0,1.0,0.0,0.0,0.0,0.0,0.0,0.0,,,,45914.4,2,0.0,3.0,11.0,0.0,1.5,5.5,-8.0,8,0,0.0,-9.0,,0.0,0.0,0.0,0.0,0.0,24,52,141,2.7,0.6956521739130435,medium,0,0.0,0.0,0.0,0,24,52,141,2.7,0.6956521739130435,medium,1499.4196307092357,0.0,2,9.0,4.0,13.0,32.0,44.0,-12.0,4.5,-6.0,16.0,22.0,3.0,-2.0,0.5,20.0,0.0,0.0,6.0,0.0,0.0,0.0,1.0,0.0,0.0,,0.0,,63428.5,2,2.0,2.0,1.0,1.0,1.0,0.5,1.0,0,0,0.0,-1.0,,,,,,,24,52,141,2.7,0.6956521739130435,medium,0,0.0,0.0,0.0,0,24,52,141,2.7,0.6956521739130435,medium,1500.6537107768415,0.0,-4.38,3.0,0.0999999999999999,-15.64,-21.28,-1.0,-9.0,-1.2340800676058734,AwayWin,27,3,24,3,2,1,24
1994,1994-06-29,WC-1994,1994 FIFA World Cup,Morocco v Netherlands,Group stage,Morocco,Netherlands,MAR,NLD,1.0,2.0,1-2,away team win,0.0,1.0,no,no,no,0-0,Citrus Bowl,S-186,Citrus Bowl,Orlando,United States,0.0,60578.0,12:30,Alberto Tejada Noriega,,410,24,52,141,2.7,0.6956521739130435,medium,7,2.0,0.0,1.0,4.0,3.0,1.0,0.2857142857142857,0.1428571428571428,0.5714285714285714,0.4285714285714285,5.0,-2.0,0.2,3.0,0.0,0.0,0.0,0.0,,0.0,2.0,0.0,0.0,,0.0,,33068.142857142855,2,2.0,4.0,3.0,1.0,2.0,1.5,1.0,2,0,1.0,1.0,,,,,,,24,52,141,2.7,0.6956521739130435,medium,0,0.0,0.0,0.0,0,24,52,141,2.7,0.6956521739130435,medium,1482.600175626809,0.0,17,1.0,3.0,4.0,6.0,10.0,-4.0,0.0588235294117647,-0.2352941176470588,0.3529411764705882,0.5882352941176471,6.0,,0.2,8.0,0.0,0.0,0.0,0.0,,0.0,0.0,0.0,0.0,,,,44390.066666666666,2,0.0,2.0,5.0,0.0,1.0,2.5,-3.0,5,0,0.0,-1.0,,0.0,0.0,2.0,2.0,0.0,24,52,141,2.7,0.6956521739130435,medium,0,0.0,2.0,2.0,0,24,52,141,2.7,0.6956521739130435,medium,1518.878072581448,0.0,0.2268907563025209,5.0,0.0,0.2184873949579831,-0.1596638655462185,1.0,4.0,-36.27789695463912,AwayWin,5,26,4,21,0,5,-21
1994,1994-06-30,WC-1994,1994 FIFA World Cup,Argentina v Bulgaria,Group stage,Argentina,Bulgaria,ARG,BGR,0.0,2.0,0-2,away team win,0.0,1.0,no,no,no,0-0,Cotton Bowl,S-183,Cotton Bowl,Dallas,United States,0.0,63998.0,18:30,Neji Jouini,,411,24,52,141,2.7,0.6956521739130435,medium,44,8.0,5.0,5.0,28.0,18.0,10.0,0.1818181818181818,0.2272727272727272,0.6363636363636364,0.4090909090909091,13.0,6.0,0.8,15.0,0.0,0.0,3.0,1.0,0.3333333333333333,1.0,0.0,1.0,0.0,1.0,,,48702.21428571428,2,2.0,4.0,3.0,1.0,2.0,1.5,1.0,10,2,1.0,1.0,0.5,1.0,2.0,4.0,4.0,0.0,24,52,141,2.7,0.6956521739130435,medium,1,2.0,4.0,4.0,0,24,52,141,2.7,0.6956521739130435,medium,1600.8347019774822,0.0,17,25.0,6.0,14.0,83.0,55.0,28.0,1.4705882352941178,1.6470588235294117,4.882352941176471,3.235294117647059,4.0,6.0,0.2,36.0,0.0,0.0,9.0,1.0,0.1111111111111111,2.0,0.0,1.0,0.0,0.5,,,38916.882352941175,2,2.0,6.0,3.0,1.0,3.0,1.5,3.0,5,2,2.0,1.0,1.0,,,,,,24,52,141,2.7,0.6956521739130435,medium,0,0.0,0.0,0.0,0,24,52,141,2.7,0.6956521739130435,medium,1435.8313625609812,0.0,-1.288770053475936,-18.0,0.6000000000000001,-4.245989304812834,-2.8262032085561497,0.0,-2.0,165.00333941650092,AwayWin,81,13,62,12,5,2,68
1994,1994-06-30,WC-1994,1994 FIFA World Cup,Greece v Nigeria,Group stage,Greece,Nigeria,GRC,NGA,0.0,2.0,0-2,away team win,0.0,1.0,no,no,no,0-0,Foxboro Stadium,S-185,Foxboro Stadium,Foxborough,United States,0.0,53001.0,19:30,Leslie Mottram,,412,24,52,141,2.7,0.6956521739130435,medium,2,2.0,6.0,10.0,15.0,33.0,-18.0,1.0,-9.0,7.5,16.5,0.0,7.0,0.0,17.0,0.0,0.0,1.0,2.0,2.0,3.0,0.0,2.0,0.0,0.6666666666666666,,,58808.0,2,2.0,6.0,3.0,1.0,3.0,1.5,3.0,0,0,1.0,-1.0,,,,,,,24,52,141,2.7,0.6956521739130435,medium,0,0.0,0.0,0.0,0,24,52,141,2.7,0.6956521739130435,medium,1480.469246027793,0.0,2,0.0,0.0,3.0,0.0,10.0,-10.0,0.0,-5.0,0.0,5.0,3.0,8.0,0.5,3.0,0.0,0.0,0.0,3.0,,4.0,0.0,3.0,0.0,0.75,,,49292.5,2,0.0,0.0,10.0,0.0,0.0,5.0,-10.0,0,0,0.0,-2.0,,,,,,,24,52,141,2.7,0.6956521739130435,medium,0,0.0,0.0,0.0,0,24,52,141,2.7,0.6956521739130435,medium,1500.469529699066,0.0,1.0,-8.0,-0.5,7.5,11.5,1.0,13.0,-20.000283671273337,AwayWin,0,4,0,4,0,0,-4
1994,1994-07-02,WC-1994,1994 FIFA World Cup,Germany v Belgium,Round of 16,Germany,Belgium,DEU,BEL,3.0,2.0,3-2,home team win,1.0,0.0,no,no,no,0-0,Soldier Field,S-182,Soldier Field,Chicago,United States,0.0,60246.0,12:00,Kurt Roethlisberger,,413,24,52,141,2.7,0.6956521739130435,medium,9,2.0,0.0,1.0,6.0,2.0,4.0,0.2222222222222222,0.4444444444444444,0.6666666666666666,0.2222222222222222,8.0,9.0,0.4,3.0,0.0,0.0,0.0,4.0,,5.0,0.0,4.0,0.0,0.8,,,30045.0,3,2.0,6.0,2.0,0.6666666666666666,2.0,0.6666666666666666,4.0,2,1,1.0,2.0,1.0,0.0,0.0,0.0,1.0,0.0,24,52,141,2.7,0.6956521739130435,medium,0,0.0,0.0,1.0,0,24,52,141,2.7,0.6956521739130435,medium,1525.5410967916396,0.0,26,6.0,2.0,2.0,22.0,18.0,4.0,0.2307692307692307,0.1538461538461538,0.8461538461538461,0.6923076923076923,6.0,4.0,0.4,3.0,0.0,0.0,7.0,5.0,0.7142857142857143,6.0,0.0,5.0,0.0,0.8333333333333334,,,46185.34615384616,3,3.0,8.0,5.0,1.0,2.6666666666666665,1.6666666666666667,3.0,8,1,2.0,4.0,2.0,0.0,0.0,0.0,0.0,0.0,24,52,141,2.7,0.6956521739130435,medium,0,0.0,0.0,0.0,0,24,52,141,2.7,0.6956521739130435,medium,1489.455150239449,0.0,-0.0085470085470085,0.0,0.0,-0.1794871794871795,-0.4700854700854701,-0.3333333333333333,1.0,36.085946552190535,HomeWin,22,27,17,24,0,2,-5
1994,1994-07-02,WC-1994,1994 FIFA World Cup,Spain v Switzerland,Round of 16,Spain,Switzerland,ESP,CHE,3.0,0.0,3-0,home team win,1.0,0.0,no,no,no,0-0,RFK Stadium,S-190,RFK Stadium,"Washington, D.C.",United States,0.0,53121.0,16:30,Mario Van Der Ende,,414,24,52,141,2.7,0.6956521739130435,medium,33,9.0,4.0,14.0,34.0,47.0,-13.0,0.2727272727272727,-0.3939393939393939,1.0303030303030305,1.4242424242424243,8.0,5.0,0.4,20.0,0.0,0.0,7.0,6.0,0.8571428571428571,7.0,0.0,6.0,0.0,0.8571428571428571,,,41046.84375,3,2.0,4.0,4.0,0.6666666666666666,1.3333333333333333,1.3333333333333333,0.0,8,1,0.0,-4.0,0.0,0.0,0.0,0.0,0.0,0.0,24,52,141,2.7,0.6956521739130435,medium,0,0.0,0.0,0.0,0,24,52,141,2.7,0.6956521739130435,medium,1537.157792667269,0.0,17,15.0,9.0,10.0,50.0,38.0,12.0,0.8823529411764706,0.7058823529411765,2.9411764705882355,2.235294117647059,4.0,6.0,0.2,21.0,0.0,0.0,13.0,7.0,0.5384615384615384,8.0,0.0,7.0,0.0,0.875,,,37668.705882352944,3,2.0,9.0,4.0,0.6666666666666666,3.0,1.3333333333333333,5.0,6,1,2.0,4.0,2.0,,,,,,24,52,141,2.7,0.6956521739130435,medium,0,0.0,0.0,0.0,0,24,52,141,2.7,0.6956521739130435,medium,1482.8733594179878,0.0,-0.6096256684491979,-25.0,0.2,-1.9108734402852052,-0.8110516934046346,0.0,-5.0,54.284433249281165,HomeWin,48,38,39,25,7,0,10
1994,1994-07-03,WC-1994,1994 FIFA World Cup,Romania v Argentina,Round of 16,Romania,Argentina,ROU,ARG,3.0,2.0,3-2,home team win,1.0,0.0,no,no,no,0-0,Rose Bowl,S-187,Rose Bowl,Pasadena,United States,0.0,90469.0,13:30,Pierluigi Pairetto,,415,24,52,141,2.7,0.6956521739130435,medium,15,6.0,3.0,9.0,27.0,35.0,-8.0,0.4,-0.5333333333333333,1.8,2.3333333333333335,8.0,4.0,0.4,9.0,0.0,0.0,9.0,7.0,0.7777777777777778,8.0,1.0,7.0,0.0,0.875,0.0,0.875,44536.73333333333,3,1.0,5.0,7.0,0.3333333333333333,1.6666666666666667,2.3333333333333335,-2.0,5,1,0.0,-4.0,0.0,,,,,,24,52,141,2.7,0.6956521739130435,medium,0,0.0,0.0,0.0,0,24,52,141,2.7,0.6956521739130435,medium,1491.2822038032634,0.0,45,6.0,3.0,7.0,24.0,27.0,-3.0,0.1333333333333333,-0.0666666666666666,0.5333333333333333,0.6,10.0,5.0,0.6,11.0,0.0,0.0,5.0,8.0,1.6,9.0,1.0,8.0,0.0,0.8888888888888888,0.0,0.8888888888888888,49057.93023255814,3,3.0,8.0,7.0,1.0,2.6666666666666665,2.3333333333333335,1.0,10,1,1.0,1.0,1.0,1.0,2.0,4.0,4.0,0.0,24,52,141,2.7,0.6956521739130435,medium,1,2.0,4.0,4.0,0,24,52,141,2.7,0.6956521739130435,medium,1586.4130597886572,0.0,0.2666666666666667,-5.0,-0.1999999999999999,1.2666666666666666,1.7333333333333334,-0.6666666666666667,-3.0,-95.13085598539374,HomeWin,23,81,20,62,1,5,-58
1994,1994-07-03,WC-1994,1994 FIFA World Cup,Saudi Arabia v Sweden,Round of 16,Saudi Arabia,Sweden,SAU,SWE,1.0,3.0,1-3,away team win,0.0,1.0,no,no,no,0-0,Cotton Bowl,S-183,Cotton Bowl,Dallas,United States,0.0,60277.0,12:00,Renato Marsiglia,,416,24,52,141,2.7,0.6956521739130435,medium,3,25.0,6.0,15.0,85.0,58.0,27.0,8.333333333333334,9.0,28.333333333333332,19.333333333333332,6.0,3.0,0.6666666666666666,36.0,0.0,0.0,10.0,8.0,0.8,9.0,2.0,8.0,0.0,0.8888888888888888,0.0,0.8888888888888888,59938.666666666664,3,2.0,8.0,6.0,0.6666666666666666,2.6666666666666665,2.0,2.0,0,0,0.0,-1.0,,,,,,,24,52,141,2.7,0.6956521739130435,medium,0,0.0,0.0,0.0,0,24,52,141,2.7,0.6956521739130435,medium,1510.6181912466282,0.0,30,2.0,0.0,2.0,5.0,6.0,-1.0,0.0666666666666666,-0.0333333333333333,0.1666666666666666,0.2,5.0,5.0,0.2,3.0,1.0,0.3333333333333333,1.0,8.0,8.0,10.0,2.0,9.0,0.0,0.9,0.0,0.9,35903.1,3,2.0,5.0,6.0,0.6666666666666666,1.6666666666666667,2.0,-1.0,8,0,0.0,-2.0,,0.0,0.0,1.0,2.0,0.0,24,52,141,2.7,0.6956521739130435,medium,0,0.0,1.0,2.0,0,24,52,141,2.7,0.6956521739130435,medium,1502.2696594469608,0.0,8.266666666666667,28.0,0.4666666666666666,28.166666666666664,19.133333333333333,0.0,3.0,8.348531799667398,AwayWin,4,47,4,37,1,3,-43
1994,1994-07-04,WC-1994,1994 FIFA World Cup,Netherlands v Republic of Ireland,Round of 16,Netherlands,Republic of Ireland,NLD,IRL,2.0,0.0,2-0,home team win,1.0,0.0,no,no,no,0-0,Citrus Bowl,S-186,Citrus Bowl,Orlando,United States,0.0,61355.0,12:00,Peter Mikkelsen,,417,24,52,141,2.7,0.6956521739130435,medium,18,12.0,7.0,12.0,52.0,46.0,6.0,0.6666666666666666,0.3333333333333333,2.888888888888889,2.5555555555555554,8.0,0.0,0.4,19.0,1.0,0.0526315789473684,12.0,8.0,0.6666666666666666,10.0,3.0,9.0,0.0,0.9,0.0,0.9,45401.8125,3,2.0,9.0,5.0,0.6666666666666666,3.0,1.6666666666666667,4.0,5,1,1.0,2.0,1.0,0.0,0.0,2.0,2.0,0.0,24,52,141,2.7,0.6956521739130435,medium,0,0.0,2.0,2.0,0,24,52,141,2.7,0.6956521739130435,medium,1527.8376890369382,0.0,7,9.0,5.0,5.0,30.0,18.0,12.0,1.2857142857142858,1.7142857142857142,4.285714285714286,2.5714285714285716,6.0,-1.0,0.2,15.0,1.0,0.0666666666666666,4.0,8.0,2.0,10.0,4.0,9.0,0.0,0.9,0.0,0.9,48880.57142857143,3,3.0,6.0,3.0,1.0,2.0,1.0,3.0,1,1,1.0,2.0,1.0,,,,,,24,52,141,2.7,0.6956521739130435,medium,0,0.0,0.0,0.0,0,24,52,141,2.7,0.6956521739130435,medium,1501.4852358137318,0.0,-0.6190476190476192,-6.0,0.2,-1.3968253968253967,-0.0158730158730162,-0.3333333333333333,1.0,26.35245322320634,HomeWin,28,4,23,4,5,0,24
1994,1994-07-05,WC-1994,1994 FIFA World Cup,Mexico v Bulgaria,Round of 16,Mexico,Bulgaria,MEX,BGR,1.0,1.0,1-1,away team win,0.0,1.0,no,yes,yes,1-3,Giants Stadium,S-184,Giants Stadium,East Rutherford,United States,0.0,71030.0,16:30,Jamal Al Sharif,Bulgaria won on penalty kicks following extra time,418,24,52,141,2.7,0.6956521739130435,medium,26,1.0,5.0,2.0,4.0,6.0,-2.0,0.0384615384615384,-0.0769230769230769,0.1538461538461538,0.2307692307692307,8.0,0.0,0.4,6.0,2.0,0.3333333333333333,2.0,8.0,4.0,11.0,4.0,10.0,0.0,0.9090909090909092,0.0,0.9090909090909092,45973.0,3,1.0,2.0,4.0,0.3333333333333333,0.6666666666666666,1.3333333333333333,-2.0,9,1,0.0,-2.0,0.0,,,,,,24,52,141,2.7,0.6956521739130435,medium,0,0.0,0.0,0.0,0,24,52,141,2.7,0.6956521739130435,medium,1443.325650344621,0.0,18,5.0,6.0,16.0,27.0,57.0,-30.0,0.2777777777777778,-1.6666666666666667,1.5,3.1666666666666665,6.0,3.0,0.4,22.0,3.0,0.1363636363636363,5.0,8.0,1.6,12.0,4.0,11.0,0.0,0.9166666666666666,0.0,0.9166666666666666,40310.27777777778,3,1.0,4.0,4.0,0.3333333333333333,1.3333333333333333,1.3333333333333333,0.0,5,1,1.0,2.0,1.0,,,,,,24,52,141,2.7,0.6956521739130435,medium,0,0.0,0.0,0.0,0,24,52,141,2.7,0.6956521739130435,medium,1450.2530047498062,0.0,-0.2393162393162393,28.0,0.0,-1.3461538461538465,-2.9358974358974357,0.0,-2.0,-6.92735440518527,Draw,26,15,23,14,5,2,11
1994,1994-07-05,WC-1994,1994 FIFA World Cup,Nigeria v Italy,Round of 16,Nigeria,Italy,NGA,ITA,1.0,2.0,1-2,away team win,0.0,1.0,no,yes,no,0-0,Foxboro Stadium,S-185,Foxboro Stadium,Foxborough,United States,0.0,54367.0,13:00,Arturo Brizio Carter,Required Extra Time,419,24,52,141,2.7,0.6956521739130435,medium,3,2.0,7.0,10.0,16.0,34.0,-18.0,0.6666666666666666,-6.0,5.333333333333333,11.333333333333334,6.0,-1.0,0.6666666666666666,17.0,3.0,0.1764705882352941,2.0,8.0,4.0,12.0,5.0,11.0,0.0,0.9166666666666666,0.0,0.9166666666666666,50528.666666666664,3,2.0,7.0,4.0,0.6666666666666666,2.3333333333333335,1.3333333333333333,3.0,0,0,0.0,-2.0,,,,,,,24,52,141,2.7,0.6956521739130435,medium,0,0.0,0.0,0.0,0,24,52,141,2.7,0.6956521739130435,medium,1509.8945102835012,0.0,48,2.0,0.0,2.0,7.0,4.0,3.0,0.0416666666666666,0.0625,0.1458333333333333,0.0833333333333333,10.0,1.0,0.6,3.0,3.0,1.0,1.0,8.0,8.0,12.0,6.0,11.0,0.0,0.9166666666666666,0.0,0.9166666666666666,47165.391304347824,3,2.0,7.0,4.0,0.6666666666666666,2.3333333333333335,1.3333333333333333,3.0,12,0,0.0,-1.0,,1.0,3.0,4.0,5.0,0.0,24,52,141,2.7,0.6956521739130435,medium,1,3.0,4.0,5.0,0,24,52,141,2.7,0.6956521739130435,medium,1605.2669532024602,0.0,0.625,-21.0,0.0666666666666666,5.1875,11.25,0.0,0.0,-95.372442918959,AwayWin,6,78,6,68,0,4,-72
1994,1994-07-09,WC-1994,1994 FIFA World Cup,Italy v Spain,Quarter-finals,Italy,Spain,ITA,ESP,2.0,1.0,2-1,home team win,1.0,0.0,no,no,no,0-0,Foxboro Stadium,S-185,Foxboro Stadium,Foxborough,United States,0.0,53400.0,12:00,Sandor Puhl,,420,24,52,141,2.7,0.6956521739130435,medium,49,28.0,10.0,11.0,76.0,48.0,28.0,0.5714285714285714,0.5714285714285714,1.5510204081632653,0.979591836734694,10.0,4.0,0.6,32.0,4.0,0.125,17.0,8.0,0.4705882352941176,13.0,6.0,12.0,0.0,0.9230769230769232,0.0,0.9230769230769232,47318.617021276594,4,2.0,4.0,3.0,0.5,1.0,0.75,1.0,12,2,1.0,1.0,0.5,1.0,3.0,4.0,5.0,0.0,24,52,141,2.7,0.6956521739130435,medium,1,3.0,4.0,5.0,0,24,52,141,2.7,0.6956521739130435,medium,1612.5888454281685,0.0,34,29.0,10.0,11.0,78.0,49.0,29.0,0.8529411764705882,0.8529411764705882,2.2941176470588234,1.4411764705882353,8.0,1.0,0.4,32.0,4.0,0.125,18.0,8.0,0.4444444444444444,13.0,7.0,12.0,0.0,0.9230769230769232,0.0,0.9230769230769232,41412.72727272727,4,3.0,6.0,4.0,0.75,1.5,1.0,2.0,8,2,2.0,2.0,1.0,0.0,0.0,0.0,0.0,0.0,24,52,141,2.7,0.6956521739130435,medium,0,0.0,0.0,0.0,0,24,52,141,2.7,0.6956521739130435,medium,1545.6079521353763,0.0,-0.2815126050420168,-1.0,0.1999999999999999,-0.7430972388955581,-0.4615846338535414,-0.25,-1.0,66.98089329279196,HomeWin,80,51,69,42,5,8,29
1994,1994-07-09,WC-1994,1994 FIFA World Cup,Netherlands v Brazil,Quarter-finals,Netherlands,Brazil,NLD,BRA,2.0,3.0,2-3,away team win,0.0,1.0,no,no,no,0-0,Cotton Bowl,S-183,Cotton Bowl,Dallas,United States,0.0,63500.0,14:30,Rodrigo Badilla,,421,24,52,141,2.7,0.6956521739130435,medium,19,15.0,9.0,11.0,51.0,40.0,11.0,0.7894736842105263,0.5789473684210527,2.6842105263157894,2.1052631578947367,10.0,-1.0,0.6,21.0,4.0,0.1904761904761904,14.0,8.0,0.5714285714285714,14.0,7.0,12.0,0.0,0.8571428571428571,0.0,0.8571428571428571,46340.23529411765,4,2.0,10.0,6.0,0.5,2.5,1.5,4.0,5,1,0.0,-2.0,0.0,0.0,0.0,2.0,2.0,0.0,24,52,141,2.7,0.6956521739130435,medium,0,0.0,2.0,2.0,0,24,52,141,2.7,0.6956521739130435,medium,1537.0806556408172,0.0,65,9.0,5.0,6.0,32.0,21.0,11.0,0.1384615384615384,0.1692307692307692,0.4923076923076923,0.3230769230769231,10.0,-3.0,0.6,15.0,4.0,0.2666666666666666,5.0,8.0,1.6,14.0,8.0,12.0,0.0,0.8571428571428571,0.0,0.8571428571428571,52062.5625,3,3.0,8.0,6.0,1.0,2.6666666666666665,2.0,2.0,14,1,1.0,1.0,1.0,1.0,3.0,4.0,6.0,0.0,24,52,141,2.7,0.6956521739130435,medium,1,3.0,4.0,6.0,0,24,52,141,2.7,0.6956521739130435,medium,1677.827100590718,0.0,0.6510121457489879,0.0,0.0,2.191902834008097,1.7821862348178137,-0.5,2.0,-140.74644494990093,AwayWin,30,143,25,114,5,5,-113
1994,1994-07-10,WC-1994,1994 FIFA World Cup,Bulgaria v Germany,Quarter-finals,Bulgaria,Germany,BGR,DEU,2.0,1.0,2-1,home team win,1.0,0.0,no,no,no,0-0,Giants Stadium,S-184,Giants Stadium,East Rutherford,United States,0.0,72000.0,12:00,Jose Joaquin Torres Cadena,,422,24,52,141,2.7,0.6956521739130435,medium,19,44.0,11.0,11.0,144.0,63.0,81.0,2.3157894736842106,4.2631578947368425,7.578947368421052,3.3157894736842106,7.0,0.0,0.4,40.0,5.0,0.125,26.0,8.0,0.3076923076923077,15.0,8.0,13.0,0.0,0.8666666666666667,0.0,0.8666666666666667,41927.10526315789,4,3.0,9.0,3.0,0.75,2.25,0.75,6.0,5,0,1.0,-1.0,,,,,,,24,52,141,2.7,0.6956521739130435,medium,0,0.0,0.0,0.0,0,24,52,141,2.7,0.6956521739130435,medium,1450.0536458798013,0.0,10,3.0,7.0,10.0,18.0,35.0,-17.0,0.3,-1.7,1.8,3.5,10.0,-1.0,0.6,17.0,5.0,0.2941176470588235,3.0,8.0,2.6666666666666665,15.0,9.0,13.0,0.0,0.8666666666666667,0.0,0.8666666666666667,33065.1,4,3.0,9.0,5.0,0.75,2.25,1.25,4.0,2,0,1.0,1.0,,0.0,0.0,0.0,1.0,0.0,24,52,141,2.7,0.6956521739130435,medium,0,0.0,0.0,1.0,0,24,52,141,2.7,0.6956521739130435,medium,1534.5061785373352,0.0,2.015789473684211,98.0,-0.1999999999999999,5.778947368421052,-0.1842105263157893,0.0,2.0,-84.452532657534,HomeWin,16,25,15,19,2,0,-9
1994,1994-07-10,WC-1994,1994 FIFA World Cup,Romania v Sweden,Quarter-finals,Romania,Sweden,ROU,SWE,2.0,2.0,2-2,away team win,0.0,1.0,no,yes,yes,4-5,Stanford Stadium,S-189,Stanford Stadium,Stanford,United States,0.0,83500.0,12:30,Philip Don,Sweden won on penalty kicks following extra time,423,24,52,141,2.7,0.6956521739130435,medium,16,6.0,2.0,3.0,23.0,20.0,3.0,0.375,0.1875,1.4375,1.25,10.0,-2.0,0.6,3.0,5.0,1.6666666666666667,8.0,8.0,1.0,15.0,10.0,13.0,0.0,0.8666666666666667,0.0,0.8666666666666667,47407.5,4,3.0,9.0,7.0,0.75,2.25,1.75,2.0,5,0,0.0,-1.0,,,,,,,24,52,141,2.7,0.6956521739130435,medium,0,0.0,0.0,0.0,0,24,52,141,2.7,0.6956521739130435,medium,1503.9538556637044,0.0,31,6.0,4.0,7.0,26.0,29.0,-3.0,0.1935483870967742,-0.0967741935483871,0.8387096774193549,0.935483870967742,8.0,-1.0,0.4,11.0,6.0,0.5454545454545454,6.0,8.0,1.3333333333333333,16.0,10.0,14.0,0.0,0.875,0.0,0.875,36689.354838709674,4,3.0,10.0,9.0,0.75,2.5,2.25,1.0,8,0,0.0,0.0,,0.0,0.0,1.0,2.0,0.0,24,52,141,2.7,0.6956521739130435,medium,0,0.0,1.0,2.0,0,24,52,141,2.7,0.6956521739130435,medium,1512.509903271241,0.0,0.1814516129032258,6.0,0.1999999999999999,0.5987903225806451,0.3145161290322581,0.0,1.0,-8.556047607536584,Draw,26,50,22,39,1,3,-24
1994,1994-07-13,WC-1994,1994 FIFA World Cup,Bulgaria v Italy,Semi-finals,Bulgaria,Italy,BGR,ITA,1.0,2.0,1-2,away team win,0.0,1.0,no,no,no,0-0,Giants Stadium,S-184,Giants Stadium,East Rutherford,United States,0.0,74110.0,16:00,Joel Quiniou,,424,24,52,141,2.7,0.6956521739130435,medium,20,12.0,8.0,12.0,54.0,48.0,6.0,0.6,0.3,2.7,2.4,10.0,4.0,0.6,19.0,7.0,0.3684210526315789,13.0,8.0,0.6153846153846154,17.0,10.0,15.0,0.0,0.8823529411764706,0.0,0.8823529411764706,43430.75,5,2.0,11.0,7.0,0.4,2.2,1.4,4.0,5,1,0.0,0.0,0.0,,,,,,24,52,141,2.7,0.6956521739130435,medium,0,0.0,0.0,0.0,0,24,52,141,2.7,0.6956521739130435,medium,1462.4376168187248,0.0,50,3.0,7.0,11.0,19.0,37.0,-18.0,0.06,-0.36,0.38,0.74,10.0,3.0,0.6,17.0,8.0,0.4705882352941176,4.0,8.0,2.0,17.0,11.0,15.0,1.0,0.8823529411764706,0.0909090909090909,0.7914438502673796,47445.3125,5,3.0,10.0,7.0,0.6,2.0,1.4,3.0,12,1,0.0,-1.0,0.0,1.0,3.0,4.0,5.0,0.0,24,52,141,2.7,0.6956521739130435,medium,1,3.0,4.0,5.0,0,24,52,141,2.7,0.6956521739130435,medium,1620.6845146215574,0.0,0.54,24.0,0.0,2.3200000000000003,1.66,-0.1999999999999999,1.0,-158.24689780283256,AwayWin,18,82,17,71,2,5,-64
1994,1994-07-13,WC-1994,1994 FIFA World Cup,Sweden v Brazil,Semi-finals,Sweden,Brazil,SWE,BRA,0.0,1.0,0-1,away team win,0.0,1.0,no,no,no,0-0,Rose Bowl,S-187,Rose Bowl,Pasadena,United States,0.0,91856.0,16:30,Jose Joaquin Torres Cadena,,425,24,52,141,2.7,0.6956521739130435,medium,32,30.0,10.0,11.0,80.0,50.0,30.0,0.9375,0.9375,2.5,1.5625,9.0,4.0,0.4,32.0,9.0,0.28125,19.0,8.0,0.4210526315789473,18.0,11.0,16.0,1.0,0.8888888888888888,0.0909090909090909,0.7979797979797979,38152.1875,5,4.0,8.0,5.0,0.8,1.6,1.0,3.0,8,4,1.0,1.0,0.25,0.0,0.0,1.0,2.0,0.0,24,52,141,2.7,0.6956521739130435,medium,0,0.0,1.0,2.0,0,24,52,141,2.7,0.6956521739130435,medium,1512.2636901955707,0.0,66,12.0,8.0,13.0,54.0,49.0,5.0,0.1818181818181818,0.0757575757575757,0.8181818181818182,0.7424242424242424,10.0,4.0,0.6,19.0,9.0,0.4736842105263157,14.0,8.0,0.5714285714285714,18.0,12.0,16.0,1.0,0.8888888888888888,0.0833333333333333,0.8055555555555555,52238.52307692308,4,2.0,11.0,8.0,0.5,2.75,2.0,3.0,14,4,0.0,-10.0,0.0,1.0,3.0,4.0,6.0,0.0,24,52,141,2.7,0.6956521739130435,medium,1,3.0,4.0,6.0,0,24,52,141,2.7,0.6956521739130435,medium,1683.9840510658426,0.0,0.7556818181818181,25.0,-0.1999999999999999,1.6818181818181817,0.8200757575757576,0.3,0.0,-171.72036087027186,AwayWin,52,146,41,117,3,5,-94
1994,1994-07-16,WC-1994,1994 FIFA World Cup,Sweden v Bulgaria,Third place,Sweden,Bulgaria,SWE,BGR,4.0,0.0,4-0,home team win,1.0,0.0,no,no,no,0-0,Rose Bowl,S-187,Rose Bowl,Pasadena,United States,0.0,91500.0,12:30,Ali Bujsaim,,426,24,52,141,2.7,0.6956521739130435,medium,33,45.0,11.0,11.0,145.0,63.0,82.0,1.3636363636363635,2.484848484848485,4.393939393939394,1.9090909090909092,8.0,3.0,0.4,40.0,9.0,0.225,27.0,8.0,0.2962962962962963,19.0,12.0,16.0,1.0,0.8421052631578947,0.0833333333333333,0.7587719298245613,39779.57575757576,6,4.0,10.0,3.0,0.6666666666666666,1.6666666666666667,0.5,7.0,8,1,4.0,10.0,4.0,0.0,0.0,1.0,2.0,0.0,24,52,141,2.7,0.6956521739130435,medium,0,0.0,1.0,2.0,0,24,52,141,2.7,0.6956521739130435,medium,1506.839528388923,0.0,21,13.0,8.0,13.0,58.0,49.0,9.0,0.6190476190476191,0.4285714285714285,2.761904761904762,2.3333333333333335,10.0,1.0,0.6,19.0,9.0,0.4736842105263157,15.0,8.0,0.5333333333333333,20.0,12.0,16.0,1.0,0.8,0.0833333333333333,0.7166666666666667,44891.666666666664,6,3.0,15.0,8.0,0.5,2.5,1.3333333333333333,7.0,5,1,1.0,4.0,1.0,,,,,,24,52,141,2.7,0.6956521739130435,medium,0,0.0,0.0,0.0,0,24,52,141,2.7,0.6956521739130435,medium,1456.7014760594045,0.0,0.7445887445887445,73.0,-0.1999999999999999,1.6320346320346315,-0.4242424242424243,0.1666666666666666,0.0,50.138052329518814,HomeWin,52,19,41,18,3,3,33
1994,1994-07-17,WC-1994,1994 FIFA World Cup,Brazil v Italy,Final,Brazil,Italy,BRA,ITA,0.0,0.0,0-0,home team win,1.0,0.0,no,yes,yes,3-2,Rose Bowl,S-187,Rose Bowl,Pasadena,United States,0.0,94194.0,12:30,Sandor Puhl,Brazil won on penalty kicks following extra time,427,24,52,141,2.7,0.6956521739130435,medium,67,3.0,7.0,12.0,19.0,41.0,-22.0,0.044776119402985,-0.3283582089552239,0.2835820895522388,0.6119402985074627,13.0,0.0,0.8,17.0,9.0,0.5294117647058824,5.0,8.0,1.6,21.0,12.0,16.0,1.0,0.7619047619047619,0.0833333333333333,0.6785714285714285,52838.78787878788,5,3.0,10.0,11.0,0.6,2.0,2.2,-1.0,14,4,0.0,-4.0,0.0,1.0,3.0,4.0,6.0,0.0,24,52,141,2.7,0.6956521739130435,medium,1,3.0,4.0,6.0,0,24,52,141,2.7,0.6956521739130435,medium,1689.40821287249,0.0,51,45.0,12.0,11.0,145.0,63.0,82.0,0.8823529411764706,1.607843137254902,2.843137254901961,1.2352941176470589,13.0,0.0,0.8,40.0,10.0,0.25,28.0,8.0,0.2857142857142857,22.0,12.0,17.0,1.0,0.7727272727272727,0.0833333333333333,0.6893939393939393,47989.489795918365,6,4.0,10.0,3.0,0.6666666666666666,1.6666666666666667,0.5,7.0,12,4,2.0,2.0,0.5,1.0,3.0,4.0,5.0,0.0,24,52,141,2.7,0.6956521739130435,medium,1,3.0,4.0,5.0,0,24,52,141,2.7,0.6956521739130435,medium,1626.420655380878,0.0,-0.8375768217734855,-104.0,0.0,-2.559555165349722,-0.6233538191395962,-0.0666666666666666,-8.0,62.98755749161228,Draw,147,84,118,72,5,5,63
1998,1998-06-10,WC-1998,1998 FIFA World Cup,Brazil v Scotland,Group stage,Brazil,Scotland,BRA,SCO,2.0,1.0,2-1,home team win,1.0,0.0,no,no,no,0-0,Stade de France,S-048,Stade de France,Saint-Denis,France,0.0,80000.0,17:30,,,428,32,64,171,2.7,0.7391304347826086,large,68,30.0,11.0,11.0,80.0,50.0,30.0,0.4411764705882353,0.4411764705882353,1.1764705882352942,0.7352941176470589,11.0,2.0,0.6,32.0,11.0,0.34375,20.0,8.0,0.4,23.0,12.0,18.0,1.0,0.782608695652174,0.0833333333333333,0.6992753623188406,53456.02985074627,0,4.0,8.0,5.0,,,,3.0,15,3,2.0,-2.0,0.6666666666666666,1.0,4.0,5.0,7.0,1.0,32,64,171,2.7,0.7391304347826086,large,1,4.0,5.0,7.0,1,32,64,171,2.7,0.7391304347826086,large,1687.6148894143382,0.0,18,46.0,12.0,11.0,147.0,64.0,83.0,2.5555555555555554,4.611111111111111,8.166666666666666,3.5555555555555554,4.0,4.0,0.2,41.0,11.0,0.2682926829268293,28.0,9.0,0.3214285714285714,23.0,13.0,18.0,2.0,0.782608695652174,0.1538461538461538,0.6287625418060201,33908.117647058825,0,1.0,2.0,1.0,,,,1.0,7,3,3.0,5.0,1.0,,,,,,32,64,171,2.7,0.7391304347826086,large,0,0.0,0.0,0.0,0,32,64,171,2.7,0.7391304347826086,large,1469.9260938766631,0.0,-2.11437908496732,-53.0,0.3999999999999999,-6.990196078431372,-2.8202614379084965,,2.0,217.6887955376751,HomeWin,147,18,118,16,5,2,129
1998,1998-06-10,WC-1998,1998 FIFA World Cup,Morocco v Norway,Group stage,Morocco,Norway,MAR,NOR,2.0,2.0,2-2,draw,0.0,0.0,yes,no,no,0-0,Stade de la Mosson,S-043,Stade de la Mosson,Montpellier,France,0.0,29750.0,21:00,,,429,32,64,171,2.7,0.7391304347826086,large,8,3.0,6.0,10.0,21.0,35.0,-14.0,0.375,-1.75,2.625,4.375,4.0,4.0,0.2,19.0,11.0,0.5789473684210527,0.0,9.0,,23.0,14.0,18.0,2.0,0.782608695652174,0.1428571428571428,0.639751552795031,36506.875,0,0.0,1.0,2.0,,,,-1.0,3,0,0.0,-5.0,,,,,,,32,64,171,2.7,0.7391304347826086,large,0,0.0,0.0,0.0,0,32,64,171,2.7,0.7391304347826086,large,1473.640559171319,0.0,4,1.0,4.0,4.0,8.0,12.0,-4.0,0.25,-1.0,2.0,3.0,4.0,4.0,0.25,9.0,11.0,1.2222222222222223,0.0,9.0,,24.0,14.0,18.0,2.0,0.75,0.1428571428571428,0.6071428571428572,54605.75,0,0.0,2.0,2.0,,,,0.0,2,0,0.0,0.0,,,,,,,32,64,171,2.7,0.7391304347826086,large,0,0.0,0.0,0.0,0,32,64,171,2.7,0.7391304347826086,large,1492.6954274229886,0.0,0.125,-10.0,-0.0499999999999999,0.625,1.375,,-1.0,-19.05486825166963,Draw,6,2,5,2,0,0,4
1998,1998-06-11,WC-1998,1998 FIFA World Cup,Cameroon v Austria,Group stage,Cameroon,Austria,CMR,AUT,1.0,1.0,1-1,draw,0.0,0.0,yes,no,no,0-0,Stade de Toulouse,S-051,Stade de Toulouse,Toulouse,France,0.0,36500.0,21:00,,,430,32,64,171,2.7,0.7391304347826086,large,10,1.0,2.0,2.0,4.0,5.0,-1.0,0.1,-0.1,0.4,0.5,4.0,4.0,0.2,4.0,12.0,3.0,1.0,9.0,9.0,24.0,15.0,18.0,3.0,0.75,0.2,0.55,50130.9,0,0.0,2.0,2.0,,,,0.0,3,0,0.0,0.0,,,,,,,32,64,171,2.7,0.7391304347826086,large,0,0.0,0.0,0.0,0,32,64,171,2.7,0.7391304347826086,large,1507.2618638422452,0.0,21,3.0,5.0,3.0,10.0,19.0,-9.0,0.1428571428571428,-0.4285714285714285,0.4761904761904761,0.9047619047619048,4.0,1.0,0.2,10.0,12.0,1.2,1.0,9.0,9.0,25.0,15.0,18.0,3.0,0.72,0.2,0.52,31033.428571428572,0,0.0,1.0,1.0,,,,0.0,6,0,0.0,0.0,,0.0,0.0,0.0,1.0,0.0,32,64,171,2.7,0.7391304347826086,large,0,0.0,0.0,1.0,0,32,64,171,2.7,0.7391304347826086,large,1510.7638157820984,0.0,-0.0428571428571428,8.0,0.0,-0.0761904761904761,-0.4047619047619047,,0.0,-3.501951939853143,Draw,9,28,7,25,0,2,-19
1998,1998-06-11,WC-1998,1998 FIFA World Cup,Italy v Chile,Group stage,Italy,Chile,ITA,CHL,2.0,2.0,2-2,draw,0.0,0.0,yes,no,no,0-0,Stade du Parc Lescure,S-037,Stade du Parc Lescure,Bordeaux,France,0.0,35200.0,17:30,,,431,32,64,171,2.7,0.7391304347826086,large,52,10.0,3.0,9.0,29.0,25.0,4.0,0.1923076923076923,0.0769230769230769,0.5576923076923077,0.4807692307692308,11.0,0.0,0.6,17.0,13.0,0.7647058823529411,5.0,9.0,1.8,26.0,15.0,19.0,3.0,0.7307692307692307,0.2,0.5307692307692307,48913.58,0,0.0,1.0,1.0,,,,0.0,13,2,0.0,0.0,0.0,1.0,3.0,5.0,6.0,0.0,32,64,171,2.7,0.7391304347826086,large,1,3.0,5.0,6.0,0,32,64,171,2.7,0.7391304347826086,large,1628.2139788390298,0.0,16,30.0,12.0,11.0,82.0,52.0,30.0,1.875,1.875,5.125,3.25,2.0,1.0,0.0,33.0,14.0,0.4242424242424242,20.0,9.0,0.45,27.0,15.0,20.0,3.0,0.7407407407407407,0.2,0.5407407407407407,28323.733333333337,0,0.0,2.0,2.0,,,,0.0,6,2,1.0,0.0,0.5,0.0,0.0,0.0,1.0,0.0,32,64,171,2.7,0.7391304347826086,large,0,0.0,0.0,1.0,0,32,64,171,2.7,0.7391304347826086,large,1499.7413231812354,0.0,-1.6826923076923077,-26.0,0.6,-4.5673076923076925,-2.769230769230769,,0.0,128.47265565779435,Draw,84,19,72,16,5,1,65
1998,1998-06-12,WC-1998,1998 FIFA World Cup,France v South Africa,Group stage,France,South Africa,FRA,ZAF,3.0,0.0,3-0,home team win,1.0,0.0,no,no,no,0-0,Stade Vélodrome,S-042,Stade Vélodrome,Marseille,France,1.0,55000.0,21:00,,,432,32,64,171,2.7,0.7391304347826086,large,29,7.0,3.0,7.0,24.0,22.0,2.0,0.2413793103448276,0.0689655172413793,0.8275862068965517,0.7586206896551724,11.0,3.0,0.6,12.0,15.0,1.25,5.0,9.0,1.8,28.0,15.0,21.0,3.0,0.75,0.2,0.55,35017.44827586207,0,0.0,2.0,2.0,,,,0.0,9,0,1.0,0.0,,0.0,0.0,0.0,2.0,0.0,32,64,171,2.7,0.7391304347826086,large,0,0.0,0.0,2.0,0,32,64,171,2.7,0.7391304347826086,large,1528.8241638405946,0.0,0,14.0,4.0,12.0,60.0,43.0,17.0,,,,,,4.0,,23.0,15.0,0.6521739130434783,7.0,10.0,1.4285714285714286,29.0,15.0,22.0,3.0,0.7586206896551724,0.2,0.5586206896551724,,0,1.0,3.0,0.0,,,,3.0,0,0,1.0,3.0,,,,,,,32,64,171,2.7,0.7391304347826086,large,0,0.0,0.0,0.0,0,32,64,171,2.7,0.7391304347826086,large,1500.0,0.0,,-15.0,,,,,-3.0,28.824163840594565,HomeWin,56,0,48,0,3,0,56
1998,1998-06-12,WC-1998,1998 FIFA World Cup,Paraguay v Bulgaria,Group stage,Paraguay,Bulgaria,PRY,BGR,0.0,0.0,0-0,draw,0.0,0.0,yes,no,no,0-0,Stade de la Mosson,S-043,Stade de la Mosson,Montpellier,France,0.0,27650.0,14:30,,,433,32,64,171,2.7,0.7391304347826086,large,11,0.0,0.0,1.0,0.0,3.0,-3.0,0.0,-0.2727272727272727,0.0,0.2727272727272727,6.0,7.0,0.2,1.0,15.0,15.0,0.0,11.0,,30.0,15.0,23.0,3.0,0.7666666666666667,0.2,0.5666666666666667,32603.090909090908,0,0.0,0.0,3.0,,,,-3.0,4,0,0.0,-3.0,,,,,,,32,64,171,2.7,0.7391304347826086,large,0,0.0,0.0,0.0,0,32,64,171,2.7,0.7391304347826086,large,1491.4248124539247,0.0,22,3.0,5.0,4.0,16.0,25.0,-9.0,0.1363636363636363,-0.4090909090909091,0.7272727272727273,1.1363636363636365,7.0,5.0,0.4,9.0,15.0,1.6666666666666667,3.0,11.0,3.6666666666666665,31.0,15.0,23.0,3.0,0.7419354838709677,0.2,0.5419354838709678,47010.22727272727,0,0.0,0.0,0.0,,,,0.0,6,0,0.0,0.0,,,,,,,32,64,171,2.7,0.7391304347826086,large,0,0.0,0.0,0.0,0,32,64,171,2.7,0.7391304347826086,large,1448.1346304821925,0.0,-0.1363636363636363,6.0,-0.2,-0.7272727272727273,-0.8636363636363638,,-3.0,43.29018197173241,Draw,16,19,14,18,1,3,-3
1998,1998-06-12,WC-1998,1998 FIFA World Cup,Saudi Arabia v Denmark,Group stage,Saudi Arabia,Denmark,SAU,DNK,0.0,1.0,0-1,away team win,0.0,1.0,no,no,no,0-0,Stade Félix-Bollaert,S-039,Stade Félix-Bollaert,Lens,France,0.0,38100.0,17:30,,,434,32,64,171,2.7,0.7391304347826086,large,4,3.0,8.0,12.0,19.0,41.0,-22.0,0.75,-5.5,4.75,10.25,6.0,5.0,0.5,18.0,16.0,0.8888888888888888,5.0,11.0,2.2,32.0,15.0,24.0,3.0,0.75,0.2,0.55,60023.25,0,0.0,0.0,0.0,,,,0.0,1,0,0.0,0.0,,,,,,,32,64,171,2.7,0.7391304347826086,large,0,0.0,0.0,0.0,0,32,64,171,2.7,0.7391304347826086,large,1500.377947422348,0.0,3,2.0,0.0,3.0,5.0,7.0,-2.0,0.6666666666666666,-0.6666666666666666,1.6666666666666667,2.3333333333333335,6.0,3.0,0.6666666666666666,4.0,16.0,4.0,1.0,11.0,11.0,33.0,15.0,24.0,3.0,0.7272727272727273,0.2,0.5272727272727273,27666.666666666668,0,0.0,0.0,1.0,,,,-1.0,1,0,0.0,-1.0,,,,,,,32,64,171,2.7,0.7391304347826086,large,0,0.0,0.0,0.0,0,32,64,171,2.7,0.7391304347826086,large,1509.733651356046,0.0,0.0833333333333333,-20.0,-0.1666666666666666,3.083333333333333,7.916666666666666,,1.0,-9.355703933698123,AwayWin,5,8,5,6,1,1,-3
1998,1998-06-13,WC-1998,1998 FIFA World Cup,Netherlands v Belgium,Group stage,Netherlands,Belgium,NLD,BEL,0.0,0.0,0-0,draw,0.0,0.0,yes,no,no,0-0,Stade de France,S-048,Stade de France,Saint-Denis,France,0.0,77000.0,21:00,,,435,32,64,171,2.7,0.7391304347826086,large,20,3.0,0.0,1.0,9.0,6.0,3.0,0.15,0.15,0.45,0.3,9.0,2.0,0.6,3.0,16.0,5.333333333333333,1.0,12.0,12.0,33.0,16.0,24.0,4.0,0.7272727272727273,0.25,0.4772727272727273,47293.555555555555,0,1.0,1.0,0.0,,,,1.0,6,1,1.0,1.0,1.0,0.0,0.0,2.0,2.0,0.0,32,64,171,2.7,0.7391304347826086,large,0,0.0,2.0,2.0,0,32,64,171,2.7,0.7391304347826086,large,1530.9237051656928,0.0,27,9.0,6.0,6.0,32.0,21.0,11.0,0.3333333333333333,0.4074074074074074,1.1851851851851851,0.7777777777777778,6.0,2.0,0.4,16.0,16.0,1.0,5.0,13.0,2.6,34.0,16.0,25.0,4.0,0.7352941176470589,0.25,0.4852941176470589,46706.11111111111,0,0.0,0.0,0.0,,,,0.0,9,1,0.0,-1.0,0.0,0.0,0.0,0.0,0.0,0.0,32,64,171,2.7,0.7391304347826086,large,0,0.0,0.0,0.0,0,32,64,171,2.7,0.7391304347826086,large,1480.4900684937534,0.0,-0.1833333333333333,-8.0,0.1999999999999999,-0.7351851851851852,-0.4777777777777778,,1.0,50.43363667193944,Draw,32,29,27,26,5,2,3
1998,1998-06-13,WC-1998,1998 FIFA World Cup,South Korea v Mexico,Group stage,South Korea,Mexico,KOR,MEX,1.0,3.0,1-3,away team win,0.0,1.0,no,no,no,0-0,Stade de Gerland,S-041,Stade de Gerland,Lyon,France,0.0,39100.0,17:30,,,436,32,64,171,2.7,0.7391304347826086,large,11,9.0,5.0,14.0,34.0,47.0,-13.0,0.8181818181818182,-1.181818181818182,3.090909090909091,4.2727272727272725,2.0,4.0,0.0,21.0,16.0,0.7619047619047619,7.0,14.0,2.0,34.0,17.0,25.0,5.0,0.7352941176470589,0.2941176470588235,0.4411764705882353,40726.0,0,0.0,0.0,0.0,,,,0.0,4,0,1.0,1.0,,,,,,,32,64,171,2.7,0.7391304347826086,large,0,0.0,0.0,0.0,0,32,64,171,2.7,0.7391304347826086,large,1433.5830613124851,0.0,27,0.0,3.0,9.0,10.0,37.0,-27.0,0.0,-1.0,0.3703703703703703,1.3703703703703705,8.0,3.0,0.4,12.0,16.0,1.3333333333333333,0.0,14.0,,34.0,18.0,25.0,5.0,0.7352941176470589,0.2777777777777778,0.4575163398692811,46901.03703703704,0,0.0,1.0,3.0,,,,-2.0,10,0,0.0,-2.0,,,,,,,32,64,171,2.7,0.7391304347826086,large,0,0.0,0.0,0.0,0,32,64,171,2.7,0.7391304347826086,large,1443.525009214626,0.0,0.8181818181818182,14.0,-0.4,2.7205387205387206,2.9023569023569022,,2.0,-9.941947902140782,AwayWin,9,27,9,24,0,6,-18
1998,1998-06-13,WC-1998,1998 FIFA World Cup,Spain v Nigeria,Group stage,Spain,Nigeria,ESP,NGA,2.0,3.0,2-3,away team win,0.0,1.0,no,no,no,0-0,Stade de la Beaujoire,S-044,Stade de la Beaujoire,Nantes,France,0.0,38000.0,14:30,,,437,32,64,171,2.7,0.7391304347826086,large,35,6.0,6.0,16.0,30.0,58.0,-28.0,0.1714285714285714,-0.8,0.8571428571428571,1.6571428571428573,8.0,3.0,0.4,23.0,16.0,0.6956521739130435,5.0,14.0,2.8,35.0,18.0,25.0,5.0,0.7142857142857143,0.2777777777777778,0.4365079365079365,41765.294117647056,0,1.0,3.0,1.0,,,,2.0,9,0,1.0,2.0,,0.0,0.0,0.0,0.0,0.0,32,64,171,2.7,0.7391304347826086,large,0,0.0,0.0,0.0,0,32,64,171,2.7,0.7391304347826086,large,1537.5122829419872,0.0,4,15.0,9.0,12.0,53.0,43.0,10.0,3.75,2.5,13.25,10.75,6.0,5.0,0.5,22.0,17.0,0.7727272727272727,14.0,14.0,1.0,36.0,18.0,26.0,5.0,0.7222222222222222,0.2777777777777778,0.4444444444444444,51488.25,0,0.0,2.0,3.0,,,,-1.0,1,0,0.0,-1.0,,,,,,,32,64,171,2.7,0.7391304347826086,large,0,0.0,0.0,0.0,0,32,64,171,2.7,0.7391304347826086,large,1502.572618057793,0.0,-3.5785714285714287,-38.0,-0.0999999999999999,-12.392857142857142,-9.092857142857143,,3.0,34.939664884194144,AwayWin,52,7,43,7,8,0,45
1998,1998-06-14,WC-1998,1998 FIFA World Cup,Argentina v Japan,Group stage,Argentina,Japan,ARG,JPN,1.0,0.0,1-0,home team win,1.0,0.0,no,no,no,0-0,Stade de Toulouse,S-051,Stade de Toulouse,Toulouse,France,0.0,33500.0,14:30,,,438,32,64,171,2.7,0.7391304347826086,large,46,3.0,0.0,2.0,10.0,6.0,4.0,0.0652173913043478,0.0869565217391304,0.217391304347826,0.1304347826086956,9.0,5.0,0.6,4.0,18.0,4.5,1.0,14.0,14.0,37.0,18.0,27.0,5.0,0.7297297297297297,0.2777777777777778,0.4519519519519519,49999.09090909091,0,1.0,3.0,2.0,,,,1.0,11,0,1.0,1.0,,1.0,2.0,4.0,4.0,0.0,32,64,171,2.7,0.7391304347826086,large,1,2.0,4.0,4.0,0,32,64,171,2.7,0.7391304347826086,large,1573.7414079282162,0.0,0,26.0,6.0,15.0,86.0,58.0,28.0,,,,,,5.0,,37.0,18.0,0.4864864864864865,10.0,15.0,1.5,38.0,18.0,28.0,5.0,0.7368421052631579,0.2777777777777778,0.45906432748538,,0,1.0,1.0,0.0,,,,1.0,0,0,1.0,1.0,,,,,,,32,64,171,2.7,0.7391304347826086,large,0,0.0,0.0,0.0,0,32,64,171,2.7,0.7391304347826086,large,1500.0,0.0,,-24.0,,,,,0.0,73.74140792821618,HomeWin,83,0,64,0,6,0,83
1998,1998-06-14,WC-1998,1998 FIFA World Cup,Jamaica v Croatia,Group stage,Jamaica,Croatia,JAM,HRV,1.0,3.0,1-3,away team win,0.0,1.0,no,no,no,0-0,Stade Félix-Bollaert,S-039,Stade Félix-Bollaert,Lens,France,0.0,38100.0,21:00,,,439,32,64,171,2.7,0.7391304347826086,large,0,0.0,0.0,1.0,0.0,1.0,-1.0,,,,,,7.0,,1.0,19.0,19.0,0.0,15.0,,39.0,18.0,29.0,5.0,0.7435897435897436,0.2777777777777778,0.4658119658119658,,0,0.0,0.0,1.0,,,,-1.0,0,0,0.0,-1.0,,,,,,,32,64,171,2.7,0.7391304347826086,large,0,0.0,0.0,0.0,0,32,64,171,2.7,0.7391304347826086,large,1500.0,0.0,0,0.0,0.0,1.0,1.0,3.0,-2.0,,,,,,6.0,,1.0,19.0,19.0,0.0,15.0,,40.0,18.0,29.0,5.0,0.725,0.2777777777777778,0.4472222222222222,,0,0.0,1.0,3.0,,,,-2.0,0,0,0.0,-2.0,,0.0,0.0,0.0,0.0,0.0,32,64,171,2.7,0.7391304347826086,large,0,0.0,0.0,0.0,0,32,64,171,2.7,0.7391304347826086,large,1500.0,0.0,,1.0,,,,,1.0,0.0,AwayWin,0,0,0,0,0,0,0
1998,1998-06-14,WC-1998,1998 FIFA World Cup,Yugoslavia v Iran,Group stage,Yugoslavia,Iran,YUG,IRN,1.0,0.0,1-0,home team win,1.0,0.0,no,no,no,0-0,Stade Geoffroy-Guichard,S-049,Stade Geoffroy-Guichard,Saint-Étienne,France,0.0,,17:30,,,440,32,64,171,2.7,0.7391304347826086,large,26,1.0,0.0,0.0,3.0,1.0,2.0,0.0384615384615384,0.0769230769230769,0.1153846153846153,0.0384615384615384,12.0,3.0,0.8,1.0,19.0,19.0,0.0,15.0,,40.0,19.0,29.0,5.0,0.725,0.2631578947368421,0.4618421052631579,33373.769230769234,0,1.0,3.0,1.0,,,,2.0,8,0,1.0,2.0,,,,,,,32,64,171,2.7,0.7391304347826086,large,0,0.0,0.0,0.0,0,32,64,171,2.7,0.7391304347826086,large,1533.611631093716,0.0,3,13.0,6.0,8.0,45.0,33.0,12.0,4.333333333333333,4.0,15.0,11.0,1.0,1.0,0.0,20.0,19.0,0.95,7.0,15.0,2.142857142857143,40.0,20.0,29.0,5.0,0.725,0.25,0.475,,0,1.0,1.0,0.0,,,,1.0,1,0,1.0,1.0,,,,,,,32,64,171,2.7,0.7391304347826086,large,0,0.0,0.0,0.0,0,32,64,171,2.7,0.7391304347826086,large,1480.5352601149043,0.0,-4.294871794871795,-10.0,0.8,-14.884615384615383,-10.961538461538462,,1.0,53.07637097881184,HomeWin,44,2,37,2,2,0,42
1998,1998-06-15,WC-1998,1998 FIFA World Cup,England v Tunisia,Group stage,England,Tunisia,ENG,TUN,2.0,0.0,2-0,home team win,1.0,0.0,no,no,no,0-0,Stade Vélodrome,S-042,Stade Vélodrome,Marseille,France,0.0,54587.0,14:30,,,441,32,64,171,2.7,0.7391304347826086,large,35,0.0,1.0,3.0,2.0,9.0,-7.0,0.0,-0.2,0.0571428571428571,0.2571428571428571,8.0,2.0,0.4,4.0,20.0,5.0,0.0,15.0,,41.0,20.0,30.0,5.0,0.7317073170731707,0.25,0.4817073170731707,46490.11428571429,0,0.0,0.0,1.0,,,,-1.0,9,0,0.0,-1.0,,1.0,1.0,1.0,1.0,0.0,32,64,171,2.7,0.7391304347826086,large,1,1.0,1.0,1.0,0,32,64,171,2.7,0.7391304347826086,large,1552.770062094702,0.0,2,16.0,10.0,10.0,45.0,30.0,15.0,8.0,7.5,22.5,15.0,3.0,0.0,0.5,25.0,20.0,0.8,11.0,15.0,1.3636363636363635,42.0,20.0,30.0,5.0,0.7142857142857143,0.25,0.4642857142857143,13510.0,0,1.0,2.0,0.0,,,,2.0,1,0,1.0,2.0,,,,,,,32,64,171,2.7,0.7391304347826086,large,0,0.0,0.0,0.0,0,32,64,171,2.7,0.7391304347826086,large,1499.488557015868,0.0,-8.0,-22.0,-0.0999999999999999,-22.442857142857143,-14.742857142857144,,-3.0,53.281505078834016,HomeWin,41,3,33,3,3,0,38
1998,1998-06-15,WC-1998,1998 FIFA World Cup,Germany v United States,Group stage,Germany,United States,DEU,USA,2.0,0.0,2-0,home team win,1.0,0.0,no,no,no,0-0,Parc des Princes,S-045,Parc des Princes,Paris,France,0.0,49000.0,21:00,,,442,32,64,171,2.7,0.7391304347826086,large,11,1.0,0.0,2.0,3.0,4.0,-1.0,0.0909090909090909,-0.0909090909090909,0.2727272727272727,0.3636363636363636,10.0,3.0,0.6,3.0,21.0,7.0,0.0,15.0,,42.0,21.0,30.0,6.0,0.7142857142857143,0.2857142857142857,0.4285714285714286,36604.63636363636,0,0.0,0.0,2.0,,,,-2.0,3,0,0.0,-2.0,,0.0,0.0,0.0,1.0,0.0,32,64,171,2.7,0.7391304347826086,large,0,0.0,0.0,1.0,0,32,64,171,2.7,0.7391304347826086,large,1522.1222075984117,0.0,13,7.0,2.0,3.0,25.0,20.0,5.0,0.5384615384615384,0.3846153846153846,1.9230769230769231,1.5384615384615383,4.0,4.0,0.2,4.0,21.0,5.25,8.0,16.0,2.0,43.0,21.0,31.0,6.0,0.7209302325581395,0.2857142857142857,0.4352159468438538,43493.07692307692,0,1.0,2.0,0.0,,,,2.0,5,0,1.0,2.0,,0.0,0.0,0.0,1.0,0.0,32,64,171,2.7,0.7391304347826086,large,0,0.0,0.0,1.0,0,32,64,171,2.7,0.7391304347826086,large,1464.0903284544256,0.0,-0.4475524475524475,-6.0,0.3999999999999999,-1.6503496503496504,-1.174825174825175,,-4.0,58.03187914398609,HomeWin,26,17,20,15,1,1,9
1998,1998-06-15,WC-1998,1998 FIFA World Cup,Romania v Colombia,Group stage,Romania,Colombia,ROU,COL,1.0,0.0,1-0,home team win,1.0,0.0,no,no,no,0-0,Stade de Gerland,S-041,Stade de Gerland,Lyon,France,0.0,43300.0,17:30,,,443,32,64,171,2.7,0.7391304347826086,large,17,4.0,1.0,9.0,17.0,34.0,-17.0,0.2352941176470588,-1.0,1.0,2.0,10.0,8.0,0.6,9.0,21.0,2.3333333333333335,5.0,17.0,3.4,44.0,21.0,32.0,6.0,0.7272727272727273,0.2857142857142857,0.4415584415584416,49530.58823529412,0,0.0,0.0,2.0,,,,-2.0,6,1,0.0,-2.0,0.0,,,,,,32,64,171,2.7,0.7391304347826086,large,0,0.0,0.0,0.0,0,32,64,171,2.7,0.7391304347826086,large,1504.2000687393747,0.0,9,7.0,4.0,7.0,27.0,29.0,-2.0,0.7777777777777778,-0.2222222222222222,3.0,3.2222222222222223,3.0,8.0,0.2,12.0,21.0,1.75,6.0,18.0,3.0,44.0,22.0,32.0,7.0,0.7272727272727273,0.3181818181818182,0.4090909090909091,45035.0,0,1.0,1.0,0.0,,,,1.0,3,1,2.0,3.0,2.0,,,,,,32,64,171,2.7,0.7391304347826086,large,0,0.0,0.0,0.0,0,32,64,171,2.7,0.7391304347826086,large,1466.536216085139,0.0,-0.542483660130719,-15.0,0.3999999999999999,-2.0,-1.2222222222222223,,-3.0,37.663852654235825,HomeWin,28,8,23,8,1,1,20
1998,1998-06-16,WC-1998,1998 FIFA World Cup,Brazil v Morocco,Group stage,Brazil,Morocco,BRA,MAR,3.0,0.0,3-0,home team win,1.0,0.0,no,no,no,0-0,Stade de la Beaujoire,S-044,Stade de la Beaujoire,Nantes,France,0.0,38500.0,21:00,,,444,32,64,171,2.7,0.7391304347826086,large,69,2.0,1.0,7.0,12.0,20.0,-8.0,0.0289855072463768,-0.1159420289855072,0.1739130434782608,0.2898550724637681,11.0,8.0,0.6,9.0,21.0,2.3333333333333335,1.0,18.0,18.0,45.0,22.0,32.0,7.0,0.7111111111111111,0.3181818181818182,0.3929292929292929,53846.382352941175,1,0.0,0.0,1.0,0.0,0.0,1.0,-1.0,15,0,0.0,-3.0,,1.0,4.0,5.0,7.0,1.0,32,64,171,2.7,0.7391304347826086,large,1,4.0,5.0,7.0,1,32,64,171,2.7,0.7391304347826086,large,1692.0581086500133,0.0,9,47.0,12.0,11.0,150.0,64.0,86.0,5.222222222222222,9.555555555555555,16.666666666666668,7.111111111111111,4.0,6.0,0.2,42.0,21.0,0.5,28.0,18.0,0.6428571428571429,46.0,22.0,32.0,7.0,0.6956521739130435,0.3181818181818182,0.3774703557312253,35756.11111111111,1,2.0,5.0,1.0,2.0,5.0,1.0,4.0,3,0,1.0,3.0,,,,,,,32,64,171,2.7,0.7391304347826086,large,0,0.0,0.0,0.0,0,32,64,171,2.7,0.7391304347826086,large,1474.1884531396174,0.0,-5.193236714975845,-94.0,0.3999999999999999,-16.492753623188406,-6.821256038647342,-2.0,-5.0,217.8696555103959,HomeWin,149,8,120,7,5,0,141
1998,1998-06-16,WC-1998,1998 FIFA World Cup,Scotland v Norway,Group stage,Scotland,Norway,SCO,NOR,1.0,1.0,1-1,draw,0.0,0.0,yes,no,no,0-0,Stade du Parc Lescure,S-037,Stade du Parc Lescure,Bordeaux,France,0.0,31800.0,17:30,,,445,32,64,171,2.7,0.7391304347826086,large,19,1.0,4.0,5.0,8.0,15.0,-7.0,0.0526315789473684,-0.3684210526315789,0.4210526315789473,0.7894736842105263,4.0,5.0,0.2,10.0,21.0,2.1,0.0,18.0,,47.0,22.0,32.0,7.0,0.6808510638297872,0.3181818181818182,0.362669245647969,36468.77777777778,1,0.0,2.0,5.0,0.0,2.0,5.0,-3.0,7,0,0.0,-3.0,,,,,,,32,64,171,2.7,0.7391304347826086,large,0,0.0,0.0,0.0,0,32,64,171,2.7,0.7391304347826086,large,1465.482874640988,0.0,5,3.0,7.0,10.0,22.0,36.0,-14.0,0.6,-2.8,4.4,7.2,5.0,1.0,0.2,20.0,21.0,1.05,0.0,18.0,,47.0,23.0,32.0,7.0,0.6808510638297872,0.3043478260869565,0.3765032377428307,49634.6,1,0.0,2.0,3.0,0.0,2.0,3.0,-1.0,2,0,0.0,0.0,,,,,,,32,64,171,2.7,0.7391304347826086,large,0,0.0,0.0,0.0,0,32,64,171,2.7,0.7391304347826086,large,1492.14753345469,0.0,-0.5473684210526315,7.0,0.0,-3.978947368421053,-6.410526315789474,0.0,-2.0,-26.66465881370209,Draw,19,4,17,4,3,0,15
1998,1998-06-17,WC-1998,1998 FIFA World Cup,Chile v Austria,Group stage,Chile,Austria,CHL,AUT,1.0,1.0,1-1,draw,0.0,0.0,yes,no,no,0-0,Stade Geoffroy-Guichard,S-049,Stade Geoffroy-Guichard,Saint-Étienne,France,0.0,36000.0,17:30,,,446,32,64,171,2.7,0.7391304347826086,large,17,1.0,3.0,2.0,5.0,6.0,-1.0,0.0588235294117647,-0.0588235294117647,0.2941176470588235,0.3529411764705882,3.0,0.0,0.0,5.0,22.0,4.4,1.0,18.0,18.0,47.0,24.0,32.0,8.0,0.6808510638297872,0.3333333333333333,0.3475177304964539,28753.5,1,0.0,3.0,3.0,0.0,3.0,3.0,0.0,6,1,0.0,0.0,0.0,0.0,0.0,0.0,1.0,0.0,32,64,171,2.7,0.7391304347826086,large,0,0.0,0.0,1.0,0,32,64,171,2.7,0.7391304347826086,large,1503.279263586896,0.0,22,7.0,4.0,7.0,25.0,23.0,2.0,0.3181818181818182,0.0909090909090909,1.1363636363636365,1.0454545454545454,5.0,-1.0,0.2,13.0,22.0,1.6923076923076923,5.0,18.0,3.6,48.0,24.0,32.0,8.0,0.6666666666666666,0.3333333333333333,0.3333333333333333,31281.909090909092,1,0.0,3.0,3.0,0.0,3.0,3.0,0.0,6,1,0.0,-1.0,0.0,0.0,0.0,0.0,1.0,0.0,32,64,171,2.7,0.7391304347826086,large,0,0.0,0.0,1.0,0,32,64,171,2.7,0.7391304347826086,large,1510.66302491619,0.0,-0.2593582887700534,-3.0,-0.2,-0.8422459893048129,-0.6925133689839571,0.0,0.0,-7.383761329293975,Draw,21,29,17,26,1,2,-8
1998,1998-06-17,WC-1998,1998 FIFA World Cup,Italy v Cameroon,Group stage,Italy,Cameroon,ITA,CMR,3.0,0.0,3-0,home team win,1.0,0.0,no,no,no,0-0,Stade de la Mosson,S-043,Stade de la Mosson,Montpellier,France,0.0,35500.0,21:00,,,447,32,64,171,2.7,0.7391304347826086,large,53,10.0,4.0,9.0,30.0,26.0,4.0,0.1886792452830188,0.0754716981132075,0.5660377358490566,0.490566037735849,11.0,,0.6,18.0,0.0,0.0,5.0,0.0,0.0,0.0,0.0,0.0,0.0,,,,48644.68627450981,1,0.0,2.0,2.0,0.0,2.0,2.0,0.0,13,1,1.0,1.0,1.0,1.0,3.0,5.0,6.0,0.0,32,64,171,2.7,0.7391304347826086,large,1,3.0,5.0,6.0,0,32,64,171,2.7,0.7391304347826086,large,1624.6760384333693,0.0,11,31.0,12.0,11.0,85.0,52.0,33.0,2.8181818181818183,3.0,7.727272727272728,4.7272727272727275,5.0,-1.0,0.2,34.0,0.0,0.0,20.0,0.0,0.0,0.0,1.0,0.0,0.0,,0.0,,48891.72727272727,1,1.0,5.0,2.0,1.0,5.0,2.0,3.0,3,1,1.0,3.0,1.0,,,,,,32,64,171,2.7,0.7391304347826086,large,0,0.0,0.0,0.0,0,32,64,171,2.7,0.7391304347826086,large,1507.3626547081535,0.0,-2.6295025728987995,-29.0,0.3999999999999999,-7.161234991423671,-4.236706689536878,-1.0,-3.0,117.31338372521554,HomeWin,86,10,74,8,6,0,76
1998,1998-06-18,WC-1998,1998 FIFA World Cup,France v Saudi Arabia,Group stage,France,Saudi Arabia,FRA,SAU,4.0,0.0,4-0,home team win,1.0,0.0,no,no,no,0-0,Stade de France,S-048,Stade de France,Saint-Denis,France,1.0,80000.0,21:00,,,448,32,64,171,2.7,0.7391304347826086,large,30,3.0,5.0,4.0,10.0,22.0,-12.0,0.1,-0.4,0.3333333333333333,0.7333333333333333,11.0,-2.0,0.6,11.0,0.0,0.0,1.0,0.0,0.0,0.0,2.0,0.0,0.0,,0.0,,35683.53333333333,1,0.0,1.0,4.0,0.0,1.0,4.0,-3.0,9,0,0.0,-3.0,,0.0,0.0,0.0,2.0,0.0,32,64,171,2.7,0.7391304347826086,large,0,0.0,0.0,2.0,0,32,64,171,2.7,0.7391304347826086,large,1537.9964358723996,0.0,5,15.0,4.0,12.0,64.0,43.0,21.0,3.0,4.2,12.8,8.6,6.0,-2.0,0.4,24.0,0.0,0.0,7.0,0.0,0.0,1.0,2.0,0.0,0.0,0.0,0.0,0.0,55638.6,1,2.0,7.0,0.0,2.0,7.0,0.0,7.0,1,0,1.0,4.0,,,,,,,32,64,171,2.7,0.7391304347826086,large,0,0.0,0.0,0.0,0,32,64,171,2.7,0.7391304347826086,large,1490.6471611607203,0.0,-2.9,-33.0,0.1999999999999999,-12.466666666666669,-7.866666666666666,-2.0,-10.0,47.34927471167907,HomeWin,59,5,51,5,3,1,54
1998,1998-06-18,WC-1998,1998 FIFA World Cup,South Africa v Denmark,Group stage,South Africa,Denmark,ZAF,DNK,1.0,1.0,1-1,draw,0.0,0.0,yes,no,no,0-0,Stade de Toulouse,S-051,Stade de Toulouse,Toulouse,France,0.0,33500.0,17:30,,,449,32,64,171,2.7,0.7391304347826086,large,1,2.0,0.0,4.0,5.0,11.0,-6.0,2.0,-6.0,5.0,11.0,0.0,-4.0,0.0,5.0,0.0,0.0,1.0,0.0,0.0,1.0,3.0,0.0,0.0,0.0,0.0,0.0,55000.0,1,0.0,0.0,5.0,0.0,0.0,5.0,-5.0,0,0,0.0,-4.0,,,,,,,32,64,171,2.7,0.7391304347826086,large,0,0.0,0.0,0.0,0,32,64,171,2.7,0.7391304347826086,large,1490.827727968195,0.0,4,0.0,1.0,1.0,1.0,4.0,-3.0,0.0,-0.75,0.25,1.0,9.0,-1.0,0.75,2.0,1.0,0.5,0.0,0.0,,1.0,4.0,0.0,1.0,0.0,0.25,-0.25,30275.0,1,0.0,1.0,4.0,0.0,1.0,4.0,-3.0,1,0,0.0,0.0,,,,,,,32,64,171,2.7,0.7391304347826086,large,0,0.0,0.0,0.0,0,32,64,171,2.7,0.7391304347826086,large,1519.4644376176734,0.0,2.0,-3.0,-0.75,4.75,10.0,0.0,-2.0,-28.636709649478465,Draw,0,9,0,7,0,1,-9
1998,1998-06-19,WC-1998,1998 FIFA World Cup,Nigeria v Bulgaria,Group stage,Nigeria,Bulgaria,NGA,BGR,1.0,0.0,1-0,home team win,1.0,0.0,no,no,no,0-0,Parc des Princes,S-045,Parc des Princes,Paris,France,0.0,48000.0,17:30,,,450,32,64,171,2.7,0.7391304347826086,large,5,3.0,1.0,1.0,10.0,7.0,3.0,0.6,0.6,2.0,1.4,9.0,1.0,0.6,4.0,2.0,0.5,1.0,0.0,0.0,2.0,4.0,1.0,1.0,0.5,0.25,0.25,48790.6,1,1.0,2.0,1.0,1.0,2.0,1.0,1.0,1,1,0.0,0.0,0.0,,,,,,32,64,171,2.7,0.7391304347826086,large,0,0.0,0.0,0.0,0,32,64,171,2.7,0.7391304347826086,large,1513.5748860132762,0.0,23,4.0,0.0,2.0,11.0,6.0,5.0,0.1739130434782608,0.217391304347826,0.4782608695652174,0.2608695652173913,5.0,1.0,0.2,5.0,2.0,0.4,1.0,0.0,0.0,2.0,5.0,1.0,1.0,0.5,0.2,0.3,46168.47826086957,1,2.0,4.0,2.0,2.0,4.0,2.0,2.0,6,1,2.0,4.0,2.0,,,,,,32,64,171,2.7,0.7391304347826086,large,0,0.0,0.0,0.0,0,32,64,171,2.7,0.7391304347826086,large,1449.3742138840444,0.0,0.4260869565217391,-2.0,0.3999999999999999,1.5217391304347827,1.1391304347826086,-1.0,-1.0,64.20067212923186,HomeWin,10,19,10,18,0,3,-9
1998,1998-06-19,WC-1998,1998 FIFA World Cup,Spain v Paraguay,Group stage,Spain,Paraguay,ESP,PRY,0.0,0.0,0-0,draw,0.0,0.0,yes,no,no,0-0,Stade Geoffroy-Guichard,S-049,Stade Geoffroy-Guichard,Saint-Étienne,France,0.0,36000.0,21:00,,,451,32,64,171,2.7,0.7391304347826086,large,36,3.0,8.0,13.0,19.0,42.0,-23.0,0.0833333333333333,-0.6388888888888888,0.5277777777777778,1.1666666666666667,7.0,,0.4,19.0,0.0,0.0,5.0,0.0,0.0,0.0,0.0,0.0,0.0,,,,41657.71428571428,1,0.0,0.0,1.0,0.0,0.0,1.0,-1.0,9,0,0.0,-4.0,,0.0,0.0,0.0,0.0,0.0,32,64,171,2.7,0.7391304347826086,large,0,0.0,0.0,0.0,0,32,64,171,2.7,0.7391304347826086,large,1526.510014986504,0.0,12,15.0,10.0,12.0,53.0,43.0,10.0,1.25,0.8333333333333334,4.416666666666667,3.5833333333333335,6.0,-2.0,0.2,23.0,0.0,0.0,14.0,0.0,0.0,1.0,0.0,0.0,0.0,0.0,,,32190.333333333332,1,0.0,2.0,3.0,0.0,2.0,3.0,-1.0,4,0,0.0,0.0,,,,,,,32,64,171,2.7,0.7391304347826086,large,0,0.0,0.0,0.0,0,32,64,171,2.7,0.7391304347826086,large,1490.1852290520726,0.0,-1.1666666666666667,-33.0,0.2,-3.8888888888888897,-2.416666666666667,0.0,0.0,36.324785934431475,Draw,54,16,45,14,8,1,38
1998,1998-06-20,WC-1998,1998 FIFA World Cup,Belgium v Mexico,Group stage,Belgium,Mexico,BEL,MEX,2.0,2.0,2-2,draw,0.0,0.0,yes,no,no,0-0,Stade du Parc Lescure,S-037,Stade du Parc Lescure,Bordeaux,France,0.0,31800.0,17:30,,,452,32,64,171,2.7,0.7391304347826086,large,28,3.0,6.0,4.0,16.0,25.0,-9.0,0.1071428571428571,-0.3214285714285714,0.5714285714285714,0.8928571428571429,7.0,-7.0,0.4,10.0,0.0,0.0,3.0,0.0,0.0,1.0,1.0,0.0,0.0,0.0,0.0,0.0,47788.03571428572,1,0.0,0.0,0.0,0.0,0.0,0.0,0.0,9,1,0.0,0.0,0.0,0.0,0.0,0.0,0.0,0.0,32,64,171,2.7,0.7391304347826086,large,0,0.0,0.0,0.0,0,32,64,171,2.7,0.7391304347826086,large,1481.9315547596009,0.0,28,9.0,6.0,14.0,36.0,49.0,-13.0,0.3214285714285714,-0.4642857142857143,1.2857142857142858,1.75,8.0,,0.4,22.0,0.0,0.0,7.0,0.0,0.0,0.0,0.0,0.0,0.0,,,,46622.42857142857,1,0.0,2.0,2.0,0.0,2.0,2.0,0.0,10,1,0.0,-1.0,0.0,,,,,,32,64,171,2.7,0.7391304347826086,large,0,0.0,0.0,0.0,0,32,64,171,2.7,0.7391304347826086,large,1453.2389350295828,0.0,-0.2142857142857143,4.0,0.0,-0.7142857142857144,-0.8571428571428571,0.0,0.0,28.692619730017896,Draw,29,30,26,26,2,6,-1
1998,1998-06-20,WC-1998,1998 FIFA World Cup,Japan v Croatia,Group stage,Japan,Croatia,JPN,HRV,0.0,1.0,0-1,away team win,0.0,1.0,no,no,no,0-0,Stade de la Beaujoire,S-044,Stade de la Beaujoire,Nantes,France,0.0,35500.0,14:30,,,453,32,64,171,2.7,0.7391304347826086,large,1,6.0,7.0,16.0,32.0,60.0,-28.0,6.0,-28.0,32.0,60.0,0.0,-1.0,0.0,24.0,0.0,0.0,5.0,0.0,0.0,0.0,1.0,0.0,0.0,,0.0,,33500.0,1,1.0,5.0,3.0,1.0,5.0,3.0,2.0,0,0,1.0,1.0,,,,,,,32,64,171,2.7,0.7391304347826086,large,0,0.0,0.0,0.0,0,32,64,171,2.7,0.7391304347826086,large,1492.091141738607,0.0,1,0.0,0.0,2.0,0.0,2.0,-2.0,0.0,-2.0,0.0,2.0,3.0,-2.0,1.0,2.0,0.0,0.0,0.0,0.0,,1.0,1.0,0.0,0.0,0.0,0.0,0.0,38100.0,1,0.0,0.0,2.0,0.0,0.0,2.0,-2.0,0,0,0.0,-1.0,,0.0,0.0,0.0,0.0,0.0,32,64,171,2.7,0.7391304347826086,large,0,0.0,0.0,0.0,0,32,64,171,2.7,0.7391304347826086,large,1510.0,0.0,6.0,-26.0,-1.0,32.0,58.0,1.0,4.0,-17.908858261393107,AwayWin,0,3,0,3,0,0,-3
1998,1998-06-20,WC-1998,1998 FIFA World Cup,Netherlands v South Korea,Group stage,Netherlands,South Korea,NLD,KOR,5.0,0.0,5-0,home team win,1.0,0.0,no,no,no,0-0,Stade Vélodrome,S-042,Stade Vélodrome,Marseille,France,0.0,55000.0,21:00,,,454,32,64,171,2.7,0.7391304347826086,large,21,2.0,0.0,0.0,4.0,1.0,3.0,0.0952380952380952,0.1428571428571428,0.1904761904761904,0.0476190476190476,7.0,-3.0,0.4,2.0,0.0,0.0,0.0,0.0,,2.0,1.0,0.0,0.0,0.0,0.0,0.0,48857.05263157895,1,2.0,4.0,1.0,2.0,4.0,1.0,3.0,6,0,1.0,1.0,,0.0,0.0,2.0,2.0,0.0,32,64,171,2.7,0.7391304347826086,large,0,0.0,2.0,2.0,0,32,64,171,2.7,0.7391304347826086,large,1529.4822188998455,0.0,12,10.0,6.0,6.0,37.0,21.0,16.0,0.8333333333333334,1.3333333333333333,3.0833333333333335,1.75,2.0,-3.0,0.0,17.0,0.0,0.0,5.0,0.0,0.0,3.0,1.0,0.0,0.0,0.0,0.0,0.0,40578.181818181816,1,1.0,5.0,0.0,1.0,5.0,0.0,5.0,4,0,1.0,5.0,,,,,,,32,64,171,2.7,0.7391304347826086,large,0,0.0,0.0,0.0,0,32,64,171,2.7,0.7391304347826086,large,1423.8691354975283,0.0,-0.7380952380952381,-13.0,0.4,-2.8928571428571432,-1.7023809523809523,1.0,-2.0,105.61308340231722,HomeWin,32,10,27,10,5,0,22
1998,1998-06-21,WC-1998,1998 FIFA World Cup,Argentina v Jamaica,Group stage,Argentina,Jamaica,ARG,JAM,5.0,0.0,5-0,home team win,1.0,0.0,no,no,no,0-0,Parc des Princes,S-045,Parc des Princes,Paris,France,0.0,45500.0,17:30,,,455,32,64,171,2.7,0.7391304347826086,large,47,0.0,3.0,10.0,10.0,42.0,-32.0,0.0,-0.6808510638297872,0.2127659574468085,0.8936170212765957,9.0,-2.0,0.6,13.0,1.0,0.0769230769230769,0.0,0.0,,4.0,1.0,1.0,0.0,0.25,0.0,0.25,49632.444444444445,1,0.0,1.0,8.0,0.0,1.0,8.0,-7.0,11,0,0.0,-5.0,,1.0,2.0,4.0,4.0,0.0,32,64,171,2.7,0.7391304347826086,large,1,2.0,4.0,4.0,0,32,64,171,2.7,0.7391304347826086,large,1581.6502661896093,0.0,1,27.0,6.0,15.0,91.0,58.0,33.0,27.0,33.0,91.0,58.0,0.0,-2.0,0.0,38.0,1.0,0.0263157894736842,10.0,0.0,0.0,5.0,1.0,1.0,0.0,0.2,0.0,0.2,38100.0,1,2.0,6.0,0.0,2.0,6.0,0.0,6.0,0,0,1.0,5.0,,,,,,,32,64,171,2.7,0.7391304347826086,large,0,0.0,0.0,0.0,0,32,64,171,2.7,0.7391304347826086,large,1490.0,0.0,-27.0,-65.0,0.6,-90.7872340425532,-57.1063829787234,-2.0,-13.0,91.65026618960928,HomeWin,84,1,65,1,6,0,83
1998,1998-06-21,WC-1998,1998 FIFA World Cup,Germany v Yugoslavia,Group stage,Germany,Yugoslavia,DEU,YUG,2.0,2.0,2-2,draw,0.0,0.0,yes,no,no,0-0,Stade Félix-Bollaert,S-039,Stade Félix-Bollaert,Lens,France,0.0,,14:30,,,456,32,64,171,2.7,0.7391304347826086,large,12,0.0,0.0,2.0,1.0,8.0,-7.0,0.0,-0.5833333333333334,0.0833333333333333,0.6666666666666666,10.0,-3.0,0.6,2.0,1.0,0.5,0.0,0.0,,5.0,2.0,1.0,0.0,0.2,0.0,0.2,37637.583333333336,1,0.0,1.0,8.0,0.0,1.0,8.0,-7.0,3,0,0.0,-5.0,,0.0,0.0,0.0,1.0,0.0,32,64,171,2.7,0.7391304347826086,large,0,0.0,0.0,1.0,0,32,64,171,2.7,0.7391304347826086,large,1530.46727746001,0.0,27,7.0,3.0,3.0,27.0,22.0,5.0,0.2592592592592592,0.1851851851851851,1.0,0.8148148148148148,15.0,-2.0,1.0,5.0,1.0,0.2,8.0,0.0,0.0,6.0,2.0,1.0,0.0,0.1666666666666666,0.0,0.1666666666666666,33373.769230769234,1,1.0,4.0,2.0,1.0,4.0,2.0,2.0,8,0,0.0,0.0,,,,,,,32,64,171,2.7,0.7391304347826086,large,0,0.0,0.0,0.0,0,32,64,171,2.7,0.7391304347826086,large,1542.0957443523778,0.0,-0.2592592592592592,-12.0,-0.4,-0.9166666666666666,-0.1481481481481481,-1.0,-9.0,-11.628466892367896,Draw,28,45,22,38,1,2,-17
1998,1998-06-21,WC-1998,1998 FIFA World Cup,United States v Iran,Group stage,United States,Iran,USA,IRN,1.0,2.0,1-2,away team win,0.0,1.0,no,no,no,0-0,Stade de Gerland,S-041,Stade de Gerland,Lyon,France,0.0,,21:00,,,457,32,64,171,2.7,0.7391304347826086,large,14,13.0,7.0,8.0,47.0,35.0,12.0,0.9285714285714286,0.8571428571428571,3.357142857142857,2.5,4.0,-5.0,0.2,21.0,1.0,0.0476190476190476,7.0,0.0,0.0,7.0,2.0,1.0,0.0,0.1428571428571428,0.0,0.1428571428571428,43886.42857142857,1,1.0,3.0,2.0,1.0,3.0,2.0,1.0,5,0,0.0,0.0,,0.0,0.0,0.0,1.0,0.0,32,64,171,2.7,0.7391304347826086,large,0,0.0,0.0,1.0,0,32,64,171,2.7,0.7391304347826086,large,1455.7452585928274,0.0,4,4.0,1.0,10.0,18.0,36.0,-18.0,1.0,-4.5,4.5,9.0,1.0,-5.0,0.0,10.0,2.0,0.2,5.0,0.0,0.0,8.0,2.0,2.0,0.0,0.25,0.0,0.25,,1,0.0,1.0,4.0,0.0,1.0,4.0,-3.0,1,0,0.0,-1.0,,,,,,,32,64,171,2.7,0.7391304347826086,large,0,0.0,0.0,0.0,0,32,64,171,2.7,0.7391304347826086,large,1472.051146856243,0.0,-0.0714285714285714,30.0,0.2,-1.1428571428571428,-6.5,1.0,4.0,-16.305888263415227,AwayWin,17,2,15,2,1,0,15
1998,1998-06-22,WC-1998,1998 FIFA World Cup,Colombia v Tunisia,Group stage,Colombia,Tunisia,COL,TUN,1.0,0.0,1-0,home team win,1.0,0.0,no,no,no,0-0,Stade de la Mosson,S-043,Stade de la Mosson,Montpellier,France,0.0,35500.0,17:30,,,458,32,64,171,2.7,0.7391304347826086,large,10,1.0,1.0,3.0,4.0,10.0,-6.0,0.1,-0.6,0.4,1.0,3.0,-5.0,0.2,5.0,2.0,0.4,0.0,0.0,,8.0,3.0,2.0,0.0,0.25,0.0,0.25,44861.5,1,1.0,2.0,2.0,1.0,2.0,2.0,0.0,3,0,1.0,1.0,,,,,,,32,64,171,2.7,0.7391304347826086,large,0,0.0,0.0,0.0,0,32,64,171,2.7,0.7391304347826086,large,1457.6160422831497,0.0,3,3.0,1.0,7.0,13.0,20.0,-7.0,1.0,-2.3333333333333335,4.333333333333333,6.666666666666667,3.0,-1.0,0.3333333333333333,10.0,3.0,0.3,1.0,0.0,0.0,8.0,4.0,2.0,1.0,0.25,0.25,0.0,27202.333333333332,1,1.0,1.0,1.0,1.0,1.0,1.0,0.0,1,0,1.0,1.0,,,,,,,32,64,171,2.7,0.7391304347826086,large,0,0.0,0.0,0.0,0,32,64,171,2.7,0.7391304347826086,large,1491.0102118001594,0.0,-0.9,1.0,-0.1333333333333333,-3.933333333333333,-5.666666666666667,0.0,0.0,-33.394169517009914,HomeWin,8,3,8,3,1,0,5
1998,1998-06-22,WC-1998,1998 FIFA World Cup,Romania v England,Group stage,Romania,England,ROU,ENG,2.0,1.0,2-1,home team win,1.0,0.0,no,no,no,0-0,Stade de Toulouse,S-051,Stade de Toulouse,Toulouse,France,0.0,33140.0,21:00,,,459,32,64,171,2.7,0.7391304347826086,large,18,1.0,0.0,3.0,3.0,5.0,-2.0,0.0555555555555555,-0.1111111111111111,0.1666666666666666,0.2777777777777778,10.0,-1.0,0.6,4.0,3.0,0.75,0.0,0.0,,8.0,5.0,2.0,1.0,0.25,0.2,0.0499999999999999,49184.444444444445,1,0.0,0.0,3.0,0.0,0.0,3.0,-3.0,6,1,0.0,-1.0,0.0,,,,,,32,64,171,2.7,0.7391304347826086,large,0,0.0,0.0,0.0,0,32,64,171,2.7,0.7391304347826086,large,1513.1202425413642,0.0,36,8.0,4.0,7.0,29.0,30.0,-1.0,0.2222222222222222,-0.0277777777777777,0.8055555555555556,0.8333333333333334,10.0,1.0,0.6,13.0,3.0,0.2307692307692307,6.0,0.0,0.0,8.0,6.0,2.0,1.0,0.25,0.1666666666666666,0.0833333333333333,46715.02777777778,1,2.0,3.0,1.0,2.0,3.0,1.0,2.0,9,1,1.0,0.0,1.0,1.0,1.0,1.0,1.0,0.0,32,64,171,2.7,0.7391304347826086,large,1,1.0,1.0,1.0,0,32,64,171,2.7,0.7391304347826086,large,1561.2484073104104,0.0,-0.1666666666666666,-1.0,0.0,-0.638888888888889,-0.5555555555555556,-2.0,-5.0,-48.12816476904618,HomeWin,29,43,24,35,1,3,-14
1998,1998-06-23,WC-1998,1998 FIFA World Cup,Brazil v Norway,Group stage,Brazil,Norway,BRA,NOR,1.0,2.0,1-2,away team win,0.0,1.0,no,no,no,0-0,Stade Vélodrome,S-042,Stade Vélodrome,Marseille,France,0.0,57000.0,21:00,,,460,32,64,171,2.7,0.7391304347826086,large,70,16.0,10.0,11.0,46.0,32.0,14.0,0.2285714285714285,0.2,0.6571428571428571,0.4571428571428571,13.0,0.0,0.8,26.0,3.0,0.1153846153846153,11.0,0.0,0.0,9.0,6.0,2.0,1.0,0.2222222222222222,0.1666666666666666,0.0555555555555555,53623.97101449275,2,1.0,3.0,2.0,0.5,1.5,1.0,1.0,15,0,1.0,0.0,,1.0,4.0,5.0,7.0,1.0,32,64,171,2.7,0.7391304347826086,large,1,4.0,5.0,7.0,1,32,64,171,2.7,0.7391304347826086,large,1696.4977307237398,0.0,6,47.0,12.0,12.0,151.0,66.0,85.0,7.833333333333333,14.166666666666666,25.166666666666668,11.0,6.0,-2.0,0.2,43.0,3.0,0.0697674418604651,28.0,0.0,0.0,10.0,6.0,2.0,1.0,0.2,0.1666666666666666,0.0333333333333333,46662.166666666664,2,2.0,6.0,3.0,1.0,3.0,1.5,3.0,2,0,0.0,-1.0,,,,,,,32,64,171,2.7,0.7391304347826086,large,0,0.0,0.0,0.0,0,32,64,171,2.7,0.7391304347826086,large,1491.3815661682092,0.0,-7.604761904761904,-71.0,0.6000000000000001,-24.50952380952381,-10.542857142857144,-0.5,-2.0,205.11616455553053,AwayWin,152,5,123,5,5,0,147
1998,1998-06-23,WC-1998,1998 FIFA World Cup,Chile v Cameroon,Group stage,Chile,Cameroon,CHL,CMR,1.0,1.0,1-1,draw,0.0,0.0,yes,no,no,0-0,Stade de la Beaujoire,S-044,Stade de la Beaujoire,Nantes,France,0.0,39500.0,16:00,,,461,32,64,171,2.7,0.7391304347826086,large,18,2.0,3.0,2.0,7.0,7.0,0.0,0.1111111111111111,0.0,0.3888888888888889,0.3888888888888889,3.0,-3.0,0.0,6.0,4.0,0.6666666666666666,1.0,0.0,0.0,10.0,7.0,2.0,2.0,0.2,0.2857142857142857,-0.0857142857142856,29179.764705882353,2,1.0,5.0,4.0,0.5,2.5,2.0,1.0,6,0,1.0,1.0,,0.0,0.0,0.0,1.0,0.0,32,64,171,2.7,0.7391304347826086,large,0,0.0,0.0,1.0,0,32,64,171,2.7,0.7391304347826086,large,1503.491753331771,0.0,12,7.0,5.0,7.0,26.0,24.0,2.0,0.5833333333333334,0.1666666666666666,2.1666666666666665,2.0,2.0,-3.0,0.0,14.0,4.0,0.2857142857142857,5.0,0.0,0.0,11.0,7.0,2.0,2.0,0.1818181818181818,0.2857142857142857,-0.1038961038961038,47775.75,2,0.0,4.0,4.0,0.0,2.0,2.0,0.0,3,0,0.0,0.0,,,,,,,32,64,171,2.7,0.7391304347826086,large,0,0.0,0.0,0.0,0,32,64,171,2.7,0.7391304347826086,large,1500.6164779602252,0.0,-0.4722222222222222,-2.0,0.0,-1.7777777777777777,-1.6111111111111112,0.5,1.0,2.87527537154574,Draw,22,10,18,8,1,0,12
1998,1998-06-23,WC-1998,1998 FIFA World Cup,Italy v Austria,Group stage,Italy,Austria,ITA,AUT,2.0,1.0,2-1,home team win,1.0,0.0,no,no,no,0-0,Stade de France,S-048,Stade de France,Saint-Denis,France,0.0,80000.0,16:00,,,462,32,64,171,2.7,0.7391304347826086,large,54,3.0,6.0,4.0,11.0,23.0,-12.0,0.0555555555555555,-0.2222222222222222,0.2037037037037037,0.4259259259259259,11.0,-3.0,0.6,12.0,4.0,0.3333333333333333,1.0,0.0,0.0,12.0,7.0,2.0,2.0,0.1666666666666666,0.2857142857142857,-0.119047619047619,48391.90384615384,2,0.0,2.0,5.0,0.0,1.0,2.5,-3.0,13,3,0.0,0.0,0.0,1.0,3.0,5.0,6.0,0.0,32,64,171,2.7,0.7391304347826086,large,1,3.0,5.0,6.0,0,32,64,171,2.7,0.7391304347826086,large,1631.4222151812978,0.0,23,32.0,12.0,11.0,87.0,53.0,34.0,1.391304347826087,1.4782608695652173,3.782608695652174,2.3043478260869565,5.0,-4.0,0.2,35.0,4.0,0.1142857142857142,20.0,0.0,0.0,12.0,8.0,2.0,2.0,0.1666666666666666,0.25,-0.0833333333333333,31487.043478260868,2,2.0,7.0,3.0,1.0,3.5,1.5,4.0,6,3,4.0,4.0,1.3333333333333333,0.0,0.0,0.0,1.0,0.0,32,64,171,2.7,0.7391304347826086,large,0,0.0,0.0,1.0,0,32,64,171,2.7,0.7391304347826086,large,1510.4505351713149,0.0,-1.3357487922705311,-46.0,0.3999999999999999,-3.57890499194847,-1.8784219001610305,-1.0,-7.0,120.97168000998296,HomeWin,89,30,76,27,6,2,59
1998,1998-06-23,WC-1998,1998 FIFA World Cup,Scotland v Morocco,Group stage,Scotland,Morocco,SCO,MAR,0.0,3.0,0-3,away team win,0.0,1.0,no,no,no,0-0,Stade Geoffroy-Guichard,S-049,Stade Geoffroy-Guichard,Saint-Étienne,France,0.0,36000.0,21:00,,,463,32,64,171,2.7,0.7391304347826086,large,20,10.0,4.0,10.0,31.0,28.0,3.0,0.5,0.15,1.55,1.4,4.0,0.0,0.2,19.0,5.0,0.2631578947368421,5.0,0.0,0.0,12.0,9.0,2.0,3.0,0.1666666666666666,0.3333333333333333,-0.1666666666666666,36223.05263157895,2,0.0,3.0,4.0,0.0,1.5,2.0,-1.0,7,0,0.0,-4.0,,,,,,,32,64,171,2.7,0.7391304347826086,large,0,0.0,0.0,0.0,0,32,64,171,2.7,0.7391304347826086,large,1466.248841927469,0.0,10,3.0,7.0,11.0,22.0,39.0,-17.0,0.3,-1.7,2.2,3.9,1.0,-2.0,0.0,21.0,5.0,0.238095238095238,0.0,0.0,,13.0,9.0,2.0,3.0,0.1538461538461538,0.3333333333333333,-0.1794871794871794,36030.5,2,0.0,2.0,6.0,0.0,1.0,3.0,-4.0,3,0,0.0,-3.0,,,,,,,32,64,171,2.7,0.7391304347826086,large,0,0.0,0.0,0.0,0,32,64,171,2.7,0.7391304347826086,large,1469.748831065891,0.0,0.2,20.0,0.2,-0.6500000000000001,-2.5,0.0,3.0,-3.499989138422052,AwayWin,20,8,18,7,3,0,12
1998,1998-06-24,WC-1998,1998 FIFA World Cup,France v Denmark,Group stage,France,Denmark,FRA,DNK,2.0,1.0,2-1,home team win,1.0,0.0,no,no,no,0-0,Stade de Gerland,S-041,Stade de Gerland,Lyon,France,1.0,39100.0,16:00,,,464,32,64,171,2.7,0.7391304347826086,large,31,2.0,4.0,5.0,11.0,15.0,-4.0,0.064516129032258,-0.1290322580645161,0.3548387096774194,0.4838709677419355,13.0,-1.0,0.8,11.0,6.0,0.5454545454545454,0.0,0.0,,14.0,9.0,3.0,3.0,0.2142857142857142,0.3333333333333333,-0.119047619047619,37113.096774193546,2,1.0,5.0,5.0,0.5,2.5,2.5,0.0,9,0,1.0,3.0,,0.0,0.0,0.0,2.0,0.0,32,64,171,2.7,0.7391304347826086,large,0,0.0,0.0,2.0,0,32,64,171,2.7,0.7391304347826086,large,1546.6419891343546,0.0,5,16.0,4.0,12.0,66.0,44.0,22.0,3.2,4.4,13.2,8.8,10.0,,0.6,25.0,0.0,0.0,7.0,0.0,0.0,0.0,0.0,0.0,0.0,,,,30920.0,2,3.0,9.0,1.0,1.5,4.5,0.5,8.0,1,0,1.0,1.0,,,,,,,32,64,171,2.7,0.7391304347826086,large,0,0.0,0.0,0.0,0,32,64,171,2.7,0.7391304347826086,large,1518.6420682881355,0.0,-3.135483870967742,-26.0,0.2,-12.84516129032258,-8.316129032258065,-1.0,-8.0,27.999920846219084,HomeWin,63,10,54,8,3,1,53
1998,1998-06-24,WC-1998,1998 FIFA World Cup,Nigeria v Paraguay,Group stage,Nigeria,Paraguay,NGA,PRY,1.0,3.0,1-3,away team win,0.0,1.0,no,no,no,0-0,Stade de Toulouse,S-051,Stade de Toulouse,Toulouse,France,0.0,33400.0,21:00,,,465,32,64,171,2.7,0.7391304347826086,large,6,3.0,1.0,2.0,11.0,9.0,2.0,0.5,0.3333333333333333,1.8333333333333333,1.5,9.0,0.0,0.6,5.0,0.0,0.0,1.0,0.0,0.0,0.0,1.0,0.0,0.0,,0.0,,48658.833333333336,2,1.0,3.0,3.0,0.5,1.5,1.5,0.0,1,0,0.0,-1.0,,,,,,,32,64,171,2.7,0.7391304347826086,large,0,0.0,0.0,0.0,0,32,64,171,2.7,0.7391304347826086,large,1521.747790502732,0.0,13,4.0,0.0,3.0,12.0,9.0,3.0,0.3076923076923077,0.2307692307692307,0.9230769230769232,0.6923076923076923,4.0,-3.0,0.0,6.0,0.0,0.0,1.0,0.0,0.0,0.0,2.0,0.0,0.0,,0.0,,32483.384615384617,2,2.0,5.0,5.0,1.0,2.5,2.5,0.0,4,0,0.0,-2.0,,,,,,,32,64,171,2.7,0.7391304347826086,large,0,0.0,0.0,0.0,0,32,64,171,2.7,0.7391304347826086,large,1491.226947543401,0.0,0.1923076923076923,-1.0,0.6,0.91025641025641,0.8076923076923077,-0.5,0.0,30.52084295933105,AwayWin,11,16,11,14,0,1,-5
1998,1998-06-24,WC-1998,1998 FIFA World Cup,South Africa v Saudi Arabia,Group stage,South Africa,Saudi Arabia,ZAF,SAU,2.0,2.0,2-2,draw,0.0,0.0,yes,no,no,0-0,Stade du Parc Lescure,S-037,Stade du Parc Lescure,Bordeaux,France,0.0,31800.0,16:00,,,466,32,64,171,2.7,0.7391304347826086,large,2,4.0,6.0,4.0,19.0,26.0,-7.0,2.0,-3.5,9.5,13.0,1.0,,0.0,11.0,0.0,0.0,3.0,0.0,0.0,0.0,0.0,0.0,0.0,,,,44250.0,2,1.0,3.0,1.0,0.5,1.5,0.5,2.0,0,0,1.0,2.0,,,,,,,32,64,171,2.7,0.7391304347826086,large,0,0.0,0.0,0.0,0,32,64,171,2.7,0.7391304347826086,large,1491.6500972977328,0.0,6,0.0,2.0,1.0,3.0,6.0,-3.0,0.0,-0.5,0.5,1.0,6.0,-3.0,0.4,3.0,0.0,0.0,0.0,0.0,,0.0,1.0,0.0,0.0,,0.0,,59698.833333333336,2,0.0,3.0,6.0,0.0,1.5,3.0,-3.0,1,0,0.0,0.0,,,,,,,32,64,171,2.7,0.7391304347826086,large,0,0.0,0.0,0.0,0,32,64,171,2.7,0.7391304347826086,large,1482.0016078987655,0.0,2.0,-4.0,-0.4,9.0,12.0,0.5,5.0,9.648489398967286,Draw,1,5,1,5,0,1,-4
1998,1998-06-24,WC-1998,1998 FIFA World Cup,Spain v Bulgaria,Group stage,Spain,Bulgaria,ESP,BGR,6.0,1.0,6-1,home team win,1.0,0.0,no,no,no,0-0,Stade Félix-Bollaert,S-039,Stade Félix-Bollaert,Lens,France,0.0,41275.0,21:00,,,467,32,64,171,2.7,0.7391304347826086,large,37,2.0,1.0,4.0,7.0,13.0,-6.0,0.054054054054054,-0.1621621621621621,0.1891891891891892,0.3513513513513513,7.0,-6.0,0.4,6.0,0.0,0.0,1.0,0.0,0.0,0.0,2.0,0.0,0.0,,0.0,,41500.555555555555,2,0.0,2.0,7.0,0.0,1.0,3.5,-5.0,9,0,0.0,0.0,,0.0,0.0,0.0,0.0,0.0,32,64,171,2.7,0.7391304347826086,large,0,0.0,0.0,0.0,0,32,64,171,2.7,0.7391304347826086,large,1525.4682964951758,0.0,24,16.0,10.0,12.0,59.0,44.0,15.0,0.6666666666666666,0.625,2.4583333333333335,1.8333333333333333,4.0,-9.0,0.2,24.0,0.0,0.0,14.0,0.0,0.0,0.0,3.0,0.0,0.0,,0.0,,46244.791666666664,2,1.0,8.0,4.0,0.5,4.0,2.0,4.0,6,0,1.0,5.0,,,,,,,32,64,171,2.7,0.7391304347826086,large,0,0.0,0.0,0.0,0,32,64,171,2.7,0.7391304347826086,large,1441.2013093945886,0.0,-0.6126126126126126,-21.0,0.2,-2.2691441441441444,-1.481981981981982,-0.5,-9.0,84.26698710058713,HomeWin,54,19,45,18,8,3,35
1998,1998-06-25,WC-1998,1998 FIFA World Cup,Belgium v South Korea,Group stage,Belgium,South Korea,BEL,KOR,1.0,1.0,1-1,draw,0.0,0.0,yes,no,no,0-0,Parc des Princes,S-045,Parc des Princes,Paris,France,0.0,45500.0,16:00,,,468,32,64,171,2.7,0.7391304347826086,large,29,3.0,8.0,14.0,20.0,48.0,-28.0,0.1034482758620689,-0.9655172413793104,0.6896551724137931,1.6551724137931034,5.0,-13.0,0.2,20.0,0.0,0.0,5.0,0.0,0.0,0.0,4.0,0.0,0.0,,0.0,,47236.72413793104,2,0.0,1.0,7.0,0.0,0.5,3.5,-6.0,9,1,0.0,-5.0,0.0,0.0,0.0,0.0,0.0,0.0,32,64,171,2.7,0.7391304347826086,large,0,0.0,0.0,0.0,0,32,64,171,2.7,0.7391304347826086,large,1481.1075871127784,0.0,13,9.0,7.0,14.0,37.0,50.0,-13.0,0.6923076923076923,-1.0,2.8461538461538463,3.8461538461538463,2.0,-16.0,0.0,23.0,0.0,0.0,7.0,0.0,0.0,0.0,5.0,0.0,0.0,,0.0,,41780.0,2,0.0,3.0,3.0,0.0,1.5,1.5,0.0,4,1,1.0,2.0,1.0,,,,,,32,64,171,2.7,0.7391304347826086,large,0,0.0,0.0,0.0,0,32,64,171,2.7,0.7391304347826086,large,1416.818631560661,0.0,-0.5888594164456233,-15.0,0.2,-2.156498673740053,-2.1909814323607426,0.0,-6.0,64.28895555211739,Draw,31,10,27,10,2,0,21
1998,1998-06-25,WC-1998,1998 FIFA World Cup,Germany v Iran,Group stage,Germany,Iran,DEU,IRN,2.0,0.0,2-0,home team win,1.0,0.0,no,no,no,0-0,Stade de la Mosson,S-043,Stade de la Mosson,Montpellier,France,0.0,,21:00,,,469,32,64,171,2.7,0.7391304347826086,large,13,0.0,4.0,10.0,11.0,43.0,-32.0,0.0,-2.4615384615384617,0.8461538461538461,3.3076923076923075,10.0,-14.0,0.6,14.0,0.0,0.0,0.0,0.0,,0.0,6.0,0.0,0.0,,0.0,,37637.583333333336,2,0.0,2.0,9.0,0.0,1.0,4.5,-7.0,3,0,0.0,-2.0,,0.0,0.0,0.0,1.0,0.0,32,64,171,2.7,0.7391304347826086,large,0,0.0,0.0,1.0,0,32,64,171,2.7,0.7391304347826086,large,1530.8018467224676,0.0,5,8.0,3.0,3.0,29.0,22.0,7.0,1.6,1.4,5.8,4.4,4.0,-16.0,0.2,6.0,0.0,0.0,8.0,0.0,0.0,0.0,7.0,0.0,0.0,,0.0,,,2,2.0,6.0,2.0,1.0,3.0,1.0,4.0,1,0,1.0,2.0,,,,,,,32,64,171,2.7,0.7391304347826086,large,0,0.0,0.0,0.0,0,32,64,171,2.7,0.7391304347826086,large,1481.5821699417208,0.0,-1.6,-39.0,0.3999999999999999,-4.953846153846154,-1.0923076923076929,-1.0,-11.0,49.219676780746795,HomeWin,30,4,24,4,1,0,26
1998,1998-06-25,WC-1998,1998 FIFA World Cup,Netherlands v Mexico,Group stage,Netherlands,Mexico,NLD,MEX,2.0,2.0,2-2,draw,0.0,0.0,yes,no,no,0-0,Stade Geoffroy-Guichard,S-049,Stade Geoffroy-Guichard,Saint-Étienne,France,0.0,30600.0,16:00,,,470,32,64,171,2.7,0.7391304347826086,large,22,1.0,1.0,4.0,4.0,12.0,-8.0,0.0454545454545454,-0.3636363636363636,0.1818181818181818,0.5454545454545454,10.0,-14.0,0.6,6.0,0.0,0.0,0.0,0.0,,0.0,8.0,0.0,0.0,,0.0,,49164.2,2,1.0,2.0,4.0,0.5,1.0,2.0,-2.0,6,0,0.0,-2.0,,0.0,0.0,2.0,2.0,0.0,32,64,171,2.7,0.7391304347826086,large,0,0.0,2.0,2.0,0,32,64,171,2.7,0.7391304347826086,large,1536.5327228367128,0.0,29,10.0,7.0,6.0,39.0,23.0,16.0,0.3448275862068966,0.5517241379310345,1.3448275862068966,0.7931034482758621,9.0,-13.0,0.4,18.0,0.0,0.0,5.0,0.0,0.0,0.0,9.0,0.0,0.0,,0.0,,46111.31034482759,2,1.0,7.0,2.0,0.5,3.5,1.0,5.0,10,0,0.0,0.0,,,,,,,32,64,171,2.7,0.7391304347826086,large,0,0.0,0.0,0.0,0,32,64,171,2.7,0.7391304347826086,large,1454.062902676405,0.0,-0.2993730407523511,-24.0,0.1999999999999999,-1.1630094043887147,-0.2476489028213166,0.0,-7.0,82.46982016030779,Draw,37,32,32,28,5,7,5
1998,1998-06-25,WC-1998,1998 FIFA World Cup,United States v Yugoslavia,Group stage,United States,Yugoslavia,USA,YUG,0.0,1.0,0-1,away team win,0.0,1.0,no,no,no,0-0,Stade de la Beaujoire,S-044,Stade de la Beaujoire,Nantes,France,0.0,,21:00,,,471,32,64,171,2.7,0.7391304347826086,large,15,6.0,8.0,16.0,34.0,62.0,-28.0,0.4,-1.8666666666666667,2.2666666666666666,4.133333333333334,4.0,-10.0,0.2,25.0,0.0,0.0,5.0,0.0,0.0,1.0,9.0,0.0,0.0,0.0,0.0,0.0,43886.42857142857,2,1.0,7.0,5.0,0.5,3.5,2.5,2.0,5,0,0.0,0.0,,0.0,0.0,0.0,1.0,0.0,32,64,171,2.7,0.7391304347826086,large,0,0.0,0.0,1.0,0,32,64,171,2.7,0.7391304347826086,large,1446.2142355073493,0.0,28,4.0,1.0,11.0,18.0,37.0,-19.0,0.1428571428571428,-0.6785714285714286,0.6428571428571429,1.3214285714285714,13.0,-13.0,0.8,11.0,0.0,0.0,5.0,0.0,0.0,1.0,10.0,0.0,0.0,0.0,0.0,0.0,33373.769230769234,2,0.0,1.0,5.0,0.0,0.5,2.5,-4.0,8,0,0.0,-1.0,,,,,,,32,64,171,2.7,0.7391304347826086,large,0,0.0,0.0,0.0,0,32,64,171,2.7,0.7391304347826086,large,1541.76117508992,0.0,0.2571428571428572,-9.0,-0.6000000000000001,1.6238095238095238,2.8119047619047626,0.5,6.0,-95.54693958257076,AwayWin,18,47,16,40,1,2,-29
1998,1998-06-26,WC-1998,1998 FIFA World Cup,Argentina v Croatia,Group stage,Argentina,Croatia,ARG,HRV,1.0,0.0,1-0,home team win,1.0,0.0,no,no,no,0-0,Stade du Parc Lescure,S-037,Stade du Parc Lescure,Bordeaux,France,0.0,31800.0,16:00,,,472,32,64,171,2.7,0.7391304347826086,large,48,14.0,7.0,8.0,48.0,35.0,13.0,0.2916666666666667,0.2708333333333333,1.0,0.7291666666666666,9.0,-10.0,0.6,22.0,0.0,0.0,7.0,0.0,0.0,1.0,11.0,0.0,0.0,0.0,0.0,0.0,49542.608695652176,2,2.0,4.0,2.0,1.0,2.0,1.0,2.0,11,0,1.0,1.0,,1.0,2.0,4.0,4.0,0.0,32,64,171,2.7,0.7391304347826086,large,1,2.0,4.0,4.0,0,32,64,171,2.7,0.7391304347826086,large,1589.0718897519787,0.0,2,28.0,6.0,15.0,92.0,58.0,34.0,14.0,17.0,46.0,29.0,6.0,-10.0,1.0,39.0,0.0,0.0,10.0,0.0,0.0,1.0,12.0,0.0,0.0,0.0,0.0,0.0,36800.0,2,3.0,7.0,0.0,1.5,3.5,0.0,7.0,0,0,1.0,1.0,,0.0,0.0,0.0,0.0,0.0,32,64,171,2.7,0.7391304347826086,large,0,0.0,0.0,0.0,0,32,64,171,2.7,0.7391304347826086,large,1519.484997659248,0.0,-13.708333333333334,-21.0,-0.4,-45.0,-28.270833333333332,-0.5,-5.0,69.58689209273075,HomeWin,89,4,67,4,7,0,85
1998,1998-06-26,WC-1998,1998 FIFA World Cup,Colombia v England,Group stage,Colombia,England,COL,ENG,0.0,2.0,0-2,away team win,0.0,1.0,no,no,no,0-0,Stade Félix-Bollaert,S-039,Stade Félix-Bollaert,Lens,France,0.0,42000.0,21:00,,,473,32,64,171,2.7,0.7391304347826086,large,11,2.0,0.0,1.0,4.0,2.0,2.0,0.1818181818181818,0.1818181818181818,0.3636363636363636,0.1818181818181818,6.0,-5.0,0.4,3.0,1.0,0.3333333333333333,0.0,0.0,,2.0,12.0,1.0,0.0,0.5,0.0,0.5,44010.454545454544,2,2.0,4.0,2.0,1.0,2.0,1.0,2.0,3,0,0.0,-1.0,,,,,,,32,64,171,2.7,0.7391304347826086,large,0,0.0,0.0,0.0,0,32,64,171,2.7,0.7391304347826086,large,1468.5742548045137,0.0,37,3.0,1.0,8.0,13.0,22.0,-9.0,0.081081081081081,-0.2432432432432432,0.3513513513513513,0.5945945945945946,9.0,-5.0,0.6,11.0,1.0,0.0909090909090909,1.0,0.0,0.0,2.0,13.0,1.0,0.0,0.5,0.0,0.5,46348.13513513513,2,1.0,1.0,3.0,0.5,0.5,1.5,-2.0,9,0,0.0,-2.0,,1.0,1.0,1.0,1.0,0.0,32,64,171,2.7,0.7391304347826086,large,1,1.0,1.0,1.0,0,32,64,171,2.7,0.7391304347826086,large,1549.8719603002814,0.0,0.1007371007371007,11.0,-0.1999999999999999,0.0122850122850122,-0.4127764127764128,0.5,4.0,-81.29770549576779,AwayWin,9,44,9,36,1,3,-35
1998,1998-06-26,WC-1998,1998 FIFA World Cup,Japan v Jamaica,Group stage,Japan,Jamaica,JPN,JAM,1.0,2.0,1-2,away team win,0.0,1.0,no,no,no,0-0,Stade de Gerland,S-041,Stade de Gerland,Lyon,France,0.0,39100.0,16:00,,,474,32,64,171,2.7,0.7391304347826086,large,2,17.0,10.0,11.0,48.0,32.0,16.0,8.5,8.0,24.0,16.0,0.0,-3.0,0.0,27.0,1.0,0.037037037037037,11.0,0.0,0.0,2.0,14.0,1.0,0.0,0.5,0.0,0.5,34500.0,2,2.0,5.0,2.0,1.0,2.5,1.0,3.0,0,0,1.0,2.0,,,,,,,32,64,171,2.7,0.7391304347826086,large,0,0.0,0.0,0.0,0,32,64,171,2.7,0.7391304347826086,large,1482.606144079359,0.0,2,0.0,0.0,3.0,1.0,4.0,-3.0,0.0,-1.5,0.5,2.0,0.0,-1.0,0.0,3.0,1.0,0.3333333333333333,0.0,0.0,,3.0,14.0,1.0,0.0,0.3333333333333333,0.0,0.3333333333333333,41800.0,2,0.0,1.0,4.0,0.0,0.5,2.0,-3.0,0,0,0.0,-1.0,,,,,,,32,64,171,2.7,0.7391304347826086,large,0,0.0,0.0,0.0,0,32,64,171,2.7,0.7391304347826086,large,1482.5783764376306,0.0,8.5,19.0,0.0,23.5,14.0,1.0,6.0,0.0277676417283601,AwayWin,0,1,0,1,0,0,-1
1998,1998-06-26,WC-1998,1998 FIFA World Cup,Romania v Tunisia,Group stage,Romania,Tunisia,ROU,TUN,1.0,1.0,1-1,draw,0.0,0.0,yes,no,no,0-0,Stade de France,S-048,Stade de France,Saint-Denis,France,0.0,80000.0,21:00,,,475,32,64,171,2.7,0.7391304347826086,large,19,1.0,0.0,2.0,3.0,9.0,-6.0,0.0526315789473684,-0.3157894736842105,0.1578947368421052,0.4736842105263157,13.0,4.0,0.8,3.0,2.0,0.6666666666666666,0.0,0.0,,4.0,14.0,2.0,0.0,0.5,0.0,0.5,48340.0,2,1.0,3.0,9.0,0.5,1.5,4.5,-6.0,6,0,1.0,1.0,,,,,,,32,64,171,2.7,0.7391304347826086,large,0,0.0,0.0,0.0,0,32,64,171,2.7,0.7391304347826086,large,1524.496689551493,0.0,4,8.0,5.0,7.0,30.0,31.0,-1.0,2.0,-0.25,7.5,7.75,3.0,3.0,0.25,14.0,3.0,0.2142857142857142,6.0,0.0,0.0,5.0,14.0,3.0,0.0,0.6,0.0,0.6,29276.75,2,2.0,4.0,2.0,1.0,2.0,1.0,2.0,1,0,0.0,0.0,,,,,,,32,64,171,2.7,0.7391304347826086,large,0,0.0,0.0,0.0,0,32,64,171,2.7,0.7391304347826086,large,1480.0519992787952,0.0,-1.9473684210526316,-5.0,0.55,-7.342105263157895,-7.276315789473684,-0.5,-8.0,44.444690272697926,Draw,31,3,26,3,1,0,28
1998,1998-06-27,WC-1998,1998 FIFA World Cup,Brazil v Chile,Round of 16,Brazil,Chile,BRA,CHL,4.0,1.0,4-1,home team win,1.0,0.0,no,no,no,0-0,Parc des Princes,S-045,Parc des Princes,Paris,France,0.0,45500.0,21:00,,,476,32,64,171,2.7,0.7391304347826086,large,71,1.0,1.0,3.0,4.0,6.0,-2.0,0.0140845070422535,-0.028169014084507,0.056338028169014,0.0845070422535211,10.0,1.0,0.6,5.0,3.0,0.6,0.0,0.0,,5.0,15.0,3.0,0.0,0.6,0.0,0.6,53672.2,3,0.0,1.0,4.0,0.0,0.3333333333333333,1.3333333333333333,-3.0,15,0,0.0,0.0,,1.0,4.0,5.0,7.0,1.0,32,64,171,2.7,0.7391304347826086,large,1,4.0,5.0,7.0,1,32,64,171,2.7,0.7391304347826086,large,1681.1961013043597,0.0,19,48.0,12.0,12.0,155.0,67.0,88.0,2.526315789473684,4.631578947368421,8.157894736842104,3.526315789473684,3.0,1.0,0.0,43.0,3.0,0.0697674418604651,29.0,0.0,0.0,5.0,16.0,3.0,0.0,0.6,0.0,0.6,29753.11111111111,3,3.0,10.0,4.0,1.0,3.3333333333333335,1.3333333333333333,6.0,6,0,1.0,3.0,,0.0,0.0,0.0,1.0,0.0,32,64,171,2.7,0.7391304347826086,large,0,0.0,0.0,1.0,0,32,64,171,2.7,0.7391304347826086,large,1503.40899814338,0.0,-2.5122312824314306,-90.0,0.6,-8.10155670867309,-3.441808747220163,-1.0,-9.0,177.78710316097954,HomeWin,153,23,124,19,5,1,130
1998,1998-06-27,WC-1998,1998 FIFA World Cup,Italy v Norway,Round of 16,Italy,Norway,ITA,NOR,1.0,0.0,1-0,home team win,1.0,0.0,no,no,no,0-0,Stade Vélodrome,S-042,Stade Vélodrome,Marseille,France,0.0,55000.0,16:30,,,477,32,64,171,2.7,0.7391304347826086,large,55,7.0,5.0,8.0,27.0,28.0,-1.0,0.1272727272727272,-0.0181818181818181,0.4909090909090909,0.509090909090909,11.0,1.0,0.6,14.0,3.0,0.2142857142857142,6.0,0.0,0.0,6.0,16.0,3.0,0.0,0.5,0.0,0.5,48988.28301886792,3,0.0,5.0,8.0,0.0,1.6666666666666667,2.6666666666666665,-3.0,13,2,0.0,-3.0,0.0,1.0,3.0,5.0,6.0,0.0,32,64,171,2.7,0.7391304347826086,large,1,3.0,5.0,6.0,0,32,64,171,2.7,0.7391304347826086,large,1638.0745704912406,0.0,7,33.0,12.0,11.0,88.0,53.0,35.0,4.714285714285714,5.0,12.571428571428571,7.571428571428571,6.0,-1.0,0.2,35.0,3.0,0.0857142857142857,21.0,1.0,0.0476190476190476,7.0,16.0,4.0,0.0,0.5714285714285714,0.0,0.5714285714285714,48139.0,3,3.0,8.0,3.0,1.0,2.6666666666666665,1.0,5.0,2,2,3.0,3.0,1.5,,,,,,32,64,171,2.7,0.7391304347826086,large,0,0.0,0.0,0.0,0,32,64,171,2.7,0.7391304347826086,large,1506.6831955875894,0.0,-4.587012987012987,-36.0,0.3999999999999999,-12.08051948051948,-7.062337662337662,-1.0,-8.0,131.39137490365124,HomeWin,91,7,78,7,6,1,84
1998,1998-06-28,WC-1998,1998 FIFA World Cup,France v Paraguay,Round of 16,France,Paraguay,FRA,PRY,1.0,0.0,1-0,home team win,1.0,0.0,no,yes,no,0-0,Stade Félix-Bollaert,S-039,Stade Félix-Bollaert,Lens,France,1.0,31800.0,16:30,,Required Extra Time,478,32,64,171,2.7,0.7391304347826086,large,32,2.0,3.0,3.0,7.0,8.0,-1.0,0.0625,-0.03125,0.21875,0.25,13.0,-3.0,0.8,6.0,3.0,0.5,2.0,1.0,0.5,7.0,17.0,4.0,0.0,0.5714285714285714,0.0,0.5714285714285714,37175.1875,3,1.0,5.0,5.0,0.3333333333333333,1.6666666666666667,1.6666666666666667,0.0,9,1,0.0,-3.0,0.0,0.0,0.0,0.0,2.0,0.0,32,64,171,2.7,0.7391304347826086,large,0,0.0,0.0,2.0,0,32,64,171,2.7,0.7391304347826086,large,1555.837826831376,0.0,14,17.0,4.0,12.0,67.0,44.0,23.0,1.2142857142857142,1.6428571428571428,4.785714285714286,3.142857142857143,6.0,0.0,0.2,25.0,4.0,0.16,8.0,1.0,0.125,8.0,17.0,5.0,0.0,0.625,0.0,0.625,32548.85714285714,3,4.0,10.0,1.0,1.3333333333333333,3.3333333333333335,0.3333333333333333,9.0,4,1,2.0,5.0,2.0,,,,,,32,64,171,2.7,0.7391304347826086,large,0,0.0,0.0,0.0,0,32,64,171,2.7,0.7391304347826086,large,1502.103155299971,0.0,-1.1517857142857142,-24.0,0.6000000000000001,-4.566964285714286,-2.892857142857143,-1.0,-9.0,53.73467153140496,HomeWin,65,19,56,17,4,1,46
1998,1998-06-28,WC-1998,1998 FIFA World Cup,Nigeria v Denmark,Round of 16,Nigeria,Denmark,NGA,DNK,1.0,4.0,1-4,away team win,0.0,1.0,no,no,no,0-0,Stade de France,S-048,Stade de France,Saint-Denis,France,0.0,77000.0,21:00,,,479,32,64,171,2.7,0.7391304347826086,large,7,4.0,6.0,5.0,19.0,27.0,-8.0,0.5714285714285714,-1.1428571428571428,2.7142857142857144,3.857142857142857,9.0,2.0,0.6,11.0,4.0,0.3636363636363636,4.0,1.0,0.25,8.0,18.0,5.0,0.0,0.625,0.0,0.625,46479.0,3,1.0,3.0,2.0,0.3333333333333333,1.0,0.6666666666666666,1.0,1,0,0.0,-5.0,,,,,,,32,64,171,2.7,0.7391304347826086,large,0,0.0,0.0,0.0,0,32,64,171,2.7,0.7391304347826086,large,1510.871582746162,0.0,6,4.0,0.0,4.0,13.0,13.0,0.0,0.6666666666666666,0.0,2.1666666666666665,2.1666666666666665,7.0,2.0,0.4,6.0,4.0,0.6666666666666666,2.0,1.0,0.5,9.0,18.0,5.0,0.0,0.5555555555555556,0.0,0.5555555555555556,32283.333333333332,3,2.0,6.0,9.0,0.6666666666666666,2.0,3.0,-3.0,1,0,0.0,-3.0,,,,,,,32,64,171,2.7,0.7391304347826086,large,0,0.0,0.0,0.0,0,32,64,171,2.7,0.7391304347826086,large,1509.4462305911145,0.0,-0.0952380952380952,-8.0,0.1999999999999999,0.5476190476190479,1.690476190476191,-0.3333333333333333,4.0,1.4253521550476762,AwayWin,12,11,12,9,0,2,1
1998,1998-06-29,WC-1998,1998 FIFA World Cup,Germany v Mexico,Round of 16,Germany,Mexico,DEU,MEX,2.0,1.0,2-1,home team win,1.0,0.0,no,no,no,0-0,Stade de la Mosson,S-043,Stade de la Mosson,Montpellier,France,0.0,29800.0,16:30,,,480,32,64,171,2.7,0.7391304347826086,large,14,4.0,1.0,2.0,15.0,10.0,5.0,0.2857142857142857,0.3571428571428571,1.0714285714285714,0.7142857142857143,10.0,2.0,0.6,5.0,5.0,1.0,2.0,1.0,0.5,9.0,19.0,5.0,1.0,0.5555555555555556,0.0526315789473684,0.5029239766081872,37637.583333333336,3,2.0,7.0,4.0,0.6666666666666666,2.3333333333333335,1.3333333333333333,3.0,3,0,1.0,3.0,,0.0,0.0,0.0,1.0,0.0,32,64,171,2.7,0.7391304347826086,large,0,0.0,0.0,1.0,0,32,64,171,2.7,0.7391304347826086,large,1539.3945921087798,0.0,30,9.0,3.0,3.0,31.0,23.0,8.0,0.3,0.2666666666666666,1.0333333333333334,0.7666666666666667,7.0,3.0,0.2,6.0,5.0,0.8333333333333334,9.0,1.0,0.1111111111111111,9.0,20.0,5.0,1.0,0.5555555555555556,0.05,0.5055555555555555,45594.26666666667,3,3.0,8.0,3.0,1.0,2.6666666666666665,1.0,5.0,10,0,1.0,1.0,,,,,,,32,64,171,2.7,0.7391304347826086,large,0,0.0,0.0,0.0,0,32,64,171,2.7,0.7391304347826086,large,1456.392977125052,0.0,-0.0142857142857142,-3.0,0.3999999999999999,0.0380952380952379,-0.0523809523809524,-0.3333333333333333,-2.0,83.00161498372768,HomeWin,32,34,26,30,1,7,-2
1998,1998-06-29,WC-1998,1998 FIFA World Cup,Netherlands v Yugoslavia,Round of 16,Netherlands,Yugoslavia,NLD,YUG,2.0,1.0,2-1,home team win,1.0,0.0,no,no,no,0-0,Stade de Toulouse,S-051,Stade de Toulouse,Toulouse,France,0.0,,21:00,,,481,32,64,171,2.7,0.7391304347826086,large,23,6.0,8.0,17.0,35.0,64.0,-29.0,0.2608695652173913,-1.2608695652173914,1.5217391304347827,2.782608695652174,8.0,2.0,0.4,25.0,5.0,0.2,6.0,1.0,0.1666666666666666,9.0,21.0,5.0,1.0,0.5555555555555556,0.0476190476190476,0.5079365079365079,48280.19047619047,3,1.0,8.0,7.0,0.3333333333333333,2.6666666666666665,2.3333333333333335,1.0,6,0,0.0,-1.0,,0.0,0.0,2.0,2.0,0.0,32,64,171,2.7,0.7391304347826086,large,0,0.0,2.0,2.0,0,32,64,171,2.7,0.7391304347826086,large,1534.2026483880657,0.0,29,11.0,7.0,6.0,41.0,24.0,17.0,0.3793103448275862,0.5862068965517241,1.4137931034482758,0.8275862068965517,13.0,1.0,0.8,18.0,5.0,0.2777777777777778,6.0,1.0,0.1666666666666666,9.0,22.0,5.0,1.0,0.5555555555555556,0.0454545454545454,0.5101010101010102,33373.769230769234,3,2.0,9.0,3.0,0.6666666666666666,3.0,1.0,6.0,8,0,1.0,1.0,,,,,,,32,64,171,2.7,0.7391304347826086,large,0,0.0,0.0,0.0,0,32,64,171,2.7,0.7391304347826086,large,1549.078405746242,0.0,-0.1184407796101948,-46.0,-0.4,0.1079460269865069,1.9550224887556225,-0.3333333333333333,-5.0,-14.875757358176315,HomeWin,39,48,34,41,5,2,-9
1998,1998-06-30,WC-1998,1998 FIFA World Cup,Argentina v England,Round of 16,Argentina,England,ARG,ENG,2.0,2.0,2-2,home team win,1.0,0.0,no,yes,yes,4-3,Stade Geoffroy-Guichard,S-049,Stade Geoffroy-Guichard,Saint-Étienne,France,0.0,30600.0,21:00,,Argentina won on penalty kicks following extra time,482,32,64,171,2.7,0.7391304347826086,large,49,14.0,7.0,9.0,49.0,37.0,12.0,0.2857142857142857,0.2448979591836734,1.0,0.7551020408163265,9.0,2.0,0.6,22.0,6.0,0.2727272727272727,8.0,1.0,0.125,9.0,23.0,5.0,2.0,0.5555555555555556,0.0869565217391304,0.4685990338164251,49165.10638297872,3,2.0,5.0,4.0,0.6666666666666666,1.6666666666666667,1.3333333333333333,1.0,11,3,0.0,-1.0,0.0,1.0,2.0,4.0,4.0,0.0,32,64,171,2.7,0.7391304347826086,large,1,2.0,4.0,4.0,0,32,64,171,2.7,0.7391304347826086,large,1597.0953768262327,0.0,38,28.0,7.0,15.0,94.0,60.0,34.0,0.7368421052631579,0.8947368421052632,2.473684210526316,1.5789473684210529,9.0,1.0,0.6,39.0,7.0,0.1794871794871795,11.0,1.0,0.0909090909090909,10.0,23.0,6.0,2.0,0.6,0.0869565217391304,0.5130434782608695,46233.71052631579,3,3.0,9.0,2.0,1.0,3.0,0.6666666666666666,7.0,9,3,1.0,-2.0,0.3333333333333333,1.0,1.0,1.0,1.0,0.0,32,64,171,2.7,0.7391304347826086,large,1,1.0,1.0,1.0,0,32,64,171,2.7,0.7391304347826086,large,1557.5738153814425,0.0,-0.4511278195488721,-22.0,0.0,-1.473684210526316,-0.8238453276047262,-0.3333333333333333,-6.0,39.52156144479045,Draw,90,46,68,38,7,3,44
1998,1998-06-30,WC-1998,1998 FIFA World Cup,Romania v Croatia,Round of 16,Romania,Croatia,ROU,HRV,0.0,1.0,0-1,away team win,0.0,1.0,no,no,no,0-0,Stade du Parc Lescure,S-037,Stade du Parc Lescure,Bordeaux,France,0.0,31800.0,16:30,,,483,32,64,171,2.7,0.7391304347826086,large,20,17.0,11.0,11.0,50.0,34.0,16.0,0.85,0.8,2.5,1.7,11.0,1.0,0.6,27.0,7.0,0.2592592592592592,12.0,1.0,0.0833333333333333,11.0,23.0,6.0,2.0,0.5454545454545454,0.0869565217391304,0.458498023715415,49923.0,3,2.0,7.0,4.0,0.6666666666666666,2.3333333333333335,1.3333333333333333,3.0,6,0,2.0,2.0,,,,,,,32,64,171,2.7,0.7391304347826086,large,0,0.0,0.0,0.0,0,32,64,171,2.7,0.7391304347826086,large,1523.2244009137744,0.0,3,8.0,5.0,8.0,30.0,32.0,-2.0,2.6666666666666665,-0.6666666666666666,10.0,10.666666666666666,6.0,-1.0,0.6666666666666666,14.0,7.0,0.5,7.0,1.0,0.1428571428571428,12.0,23.0,6.0,2.0,0.5,0.0869565217391304,0.4130434782608695,35133.333333333336,3,2.0,4.0,3.0,0.6666666666666666,1.3333333333333333,1.0,1.0,0,0,0.0,-1.0,,0.0,0.0,0.0,0.0,0.0,32,64,171,2.7,0.7391304347826086,large,0,0.0,0.0,0.0,0,32,64,171,2.7,0.7391304347826086,large,1511.461510584994,0.0,-1.8166666666666664,18.0,-0.0666666666666666,-7.5,-8.966666666666667,0.0,2.0,11.762890328780486,AwayWin,32,4,27,4,1,0,28
1998,1998-07-03,WC-1998,1998 FIFA World Cup,Brazil v Denmark,Quarter-finals,Brazil,Denmark,BRA,DNK,3.0,2.0,3-2,home team win,1.0,0.0,no,no,no,0-0,Stade de la Beaujoire,S-044,Stade de la Beaujoire,Nantes,France,0.0,49500.0,21:00,,,484,32,64,171,2.7,0.7391304347826086,large,72,3.0,0.0,1.0,5.0,2.0,3.0,0.0416666666666666,0.0416666666666666,0.0694444444444444,0.0277777777777777,10.0,2.0,0.6,3.0,8.0,2.6666666666666665,1.0,1.0,1.0,13.0,23.0,7.0,2.0,0.5384615384615384,0.0869565217391304,0.451505016722408,53557.09859154929,4,3.0,5.0,2.0,0.75,1.25,0.5,3.0,15,0,1.0,1.0,,1.0,4.0,5.0,7.0,1.0,32,64,171,2.7,0.7391304347826086,large,1,4.0,5.0,7.0,1,32,64,171,2.7,0.7391304347826086,large,1686.4833177349449,0.0,7,49.0,12.0,12.0,158.0,69.0,89.0,7.0,12.714285714285714,22.571428571428573,9.857142857142858,7.0,1.0,0.4,43.0,8.0,0.1860465116279069,30.0,1.0,0.0333333333333333,14.0,23.0,7.0,2.0,0.5,0.0869565217391304,0.4130434782608695,38671.42857142857,4,4.0,13.0,6.0,1.0,3.25,1.5,7.0,1,0,1.0,1.0,,,,,,,32,64,171,2.7,0.7391304347826086,large,0,0.0,0.0,0.0,0,32,64,171,2.7,0.7391304347826086,large,1519.487255293766,0.0,-6.958333333333333,-86.0,0.1999999999999999,-22.50198412698413,-9.82936507936508,-0.25,-4.0,166.996062441179,HomeWin,157,15,126,13,6,2,142
1998,1998-07-04,WC-1998,1998 FIFA World Cup,Germany v Croatia,Quarter-finals,Germany,Croatia,DEU,HRV,0.0,3.0,0-3,away team win,0.0,1.0,no,no,no,0-0,Stade de Gerland,S-041,Stade de Gerland,Lyon,France,0.0,43300.0,21:00,,,485,32,64,171,2.7,0.7391304347826086,large,15,4.0,1.0,3.0,17.0,13.0,4.0,0.2666666666666666,0.2666666666666666,1.1333333333333333,0.8666666666666667,10.0,-1.0,0.6,5.0,8.0,1.6,3.0,1.0,0.3333333333333333,14.0,24.0,7.0,2.0,0.5,0.0833333333333333,0.4166666666666667,37034.692307692305,4,2.0,9.0,7.0,0.5,2.25,1.75,2.0,3,0,0.0,-1.0,,0.0,0.0,0.0,1.0,0.0,32,64,171,2.7,0.7391304347826086,large,0,0.0,0.0,1.0,0,32,64,171,2.7,0.7391304347826086,large,1547.050047562782,0.0,4,9.0,3.0,4.0,31.0,26.0,5.0,2.25,1.25,7.75,6.5,9.0,-2.0,0.75,6.0,8.0,1.3333333333333333,10.0,1.0,0.1,14.0,25.0,7.0,2.0,0.5,0.08,0.42,34300.0,4,3.0,8.0,6.0,0.75,2.0,1.5,2.0,0,0,0.0,-3.0,,0.0,0.0,0.0,0.0,0.0,32,64,171,2.7,0.7391304347826086,large,0,0.0,0.0,0.0,0,32,64,171,2.7,0.7391304347826086,large,1521.799944483897,0.0,-1.9833333333333336,-1.0,-0.15,-6.616666666666667,-5.633333333333333,-0.25,0.0,25.250103078885104,AwayWin,34,5,28,5,1,1,29
1998,1998-07-04,WC-1998,1998 FIFA World Cup,Netherlands v Argentina,Quarter-finals,Netherlands,Argentina,NLD,ARG,2.0,1.0,2-1,home team win,1.0,0.0,no,no,no,0-0,Stade Vélodrome,S-042,Stade Vélodrome,Marseille,France,0.0,60000.0,16:30,,,486,32,64,171,2.7,0.7391304347826086,large,24,4.0,0.0,1.0,8.0,2.0,6.0,0.1666666666666666,0.25,0.3333333333333333,0.0833333333333333,8.0,0.0,0.4,3.0,8.0,2.6666666666666665,2.0,1.0,0.5,14.0,26.0,7.0,2.0,0.5,0.0769230769230769,0.4230769230769231,48280.19047619047,4,4.0,8.0,2.0,1.0,2.0,0.5,6.0,6,2,1.0,3.0,0.5,0.0,0.0,2.0,2.0,0.0,32,64,171,2.7,0.7391304347826086,large,0,0.0,2.0,2.0,0,32,64,171,2.7,0.7391304347826086,large,1544.6305456606694,0.0,50,12.0,7.0,6.0,43.0,25.0,18.0,0.24,0.36,0.86,0.5,10.0,0.0,0.6,18.0,9.0,0.5,7.0,1.0,0.1428571428571428,14.0,27.0,7.0,3.0,0.5,0.1111111111111111,0.3888888888888889,48778.333333333336,4,3.0,11.0,4.0,0.75,2.75,1.0,7.0,11,2,2.0,3.0,1.0,1.0,2.0,4.0,4.0,0.0,32,64,171,2.7,0.7391304347826086,large,1,2.0,4.0,4.0,0,32,64,171,2.7,0.7391304347826086,large,1595.962735931799,0.0,-0.0733333333333333,-12.0,-0.1999999999999999,-0.5266666666666666,-0.4166666666666667,0.25,-1.0,-51.33219027112955,HomeWin,41,92,36,70,5,8,-51
1998,1998-07-07,WC-1998,1998 FIFA World Cup,Brazil v Netherlands,Semi-finals,Brazil,Netherlands,BRA,NLD,1.0,1.0,1-1,home team win,1.0,0.0,no,yes,yes,4-2,Stade Vélodrome,S-042,Stade Vélodrome,Marseille,France,0.0,60000.0,21:00,,Brazil won on penalty kicks following extra time,487,32,64,171,2.7,0.7391304347826086,large,73,28.0,7.0,16.0,95.0,62.0,33.0,0.3835616438356164,0.4520547945205479,1.3013698630136987,0.8493150684931506,12.0,-1.0,0.8,39.0,9.0,0.2307692307692307,12.0,1.0,0.0833333333333333,15.0,27.0,7.0,3.0,0.4666666666666667,0.1111111111111111,0.3555555555555555,53500.75,5,3.0,10.0,4.0,0.6,2.0,0.8,6.0,15,2,1.0,-3.0,0.5,1.0,4.0,5.0,7.0,1.0,32,64,171,2.7,0.7391304347826086,large,1,4.0,5.0,7.0,1,32,64,171,2.7,0.7391304347826086,large,1692.0156510566258,0.0,25,49.0,13.0,12.0,159.0,70.0,89.0,1.96,3.56,6.36,2.8,11.0,-2.0,0.6,43.0,9.0,0.2093023255813953,31.0,1.0,0.032258064516129,15.0,28.0,7.0,3.0,0.4666666666666667,0.1071428571428571,0.3595238095238095,48812.90909090909,5,4.0,14.0,7.0,0.8,2.8,1.4,7.0,6,2,1.0,-1.0,0.5,0.0,0.0,2.0,2.0,0.0,32,64,171,2.7,0.7391304347826086,large,0,0.0,2.0,2.0,0,32,64,171,2.7,0.7391304347826086,large,1556.097347492478,0.0,-1.5764383561643835,-56.0,0.2,-5.058630136986301,-1.9506849315068493,-0.2,-1.0,135.9183035641479,Draw,160,43,128,38,6,5,117
1998,1998-07-08,WC-1998,1998 FIFA World Cup,France v Croatia,Semi-finals,France,Croatia,FRA,HRV,2.0,1.0,2-1,home team win,1.0,0.0,no,no,no,0-0,Stade de France,S-048,Stade de France,Saint-Denis,France,1.0,80000.0,21:00,,,488,32,64,171,2.7,0.7391304347826086,large,33,12.0,8.0,6.0,44.0,26.0,18.0,0.3636363636363636,0.5454545454545454,1.3333333333333333,0.7878787878787878,13.0,0.0,0.8,18.0,10.0,0.5555555555555556,8.0,1.0,0.125,16.0,28.0,8.0,3.0,0.5,0.1071428571428571,0.3928571428571428,37012.30303030303,4,3.0,12.0,5.0,0.75,3.0,1.25,7.0,9,0,1.0,1.0,,0.0,0.0,0.0,2.0,0.0,32,64,171,2.7,0.7391304347826086,large,0,0.0,0.0,2.0,0,32,64,171,2.7,0.7391304347826086,large,1564.303433409701,0.0,5,18.0,4.0,12.0,69.0,45.0,24.0,3.6,4.8,13.8,9.0,12.0,0.0,0.8,25.0,10.0,0.4,9.0,1.0,0.1111111111111111,16.0,29.0,8.0,3.0,0.5,0.1034482758620689,0.396551724137931,36100.0,5,5.0,12.0,2.0,1.0,2.4,0.4,10.0,0,0,1.0,1.0,,0.0,0.0,0.0,0.0,0.0,32,64,171,2.7,0.7391304347826086,large,0,0.0,0.0,0.0,0,32,64,171,2.7,0.7391304347826086,large,1532.525424053377,0.0,-3.2363636363636363,-6.0,0.0,-12.466666666666669,-8.212121212121213,-0.25,-3.0,31.77800935632399,HomeWin,66,8,57,8,4,1,58
1998,1998-07-11,WC-1998,1998 FIFA World Cup,Netherlands v Croatia,Third place,Netherlands,Croatia,NLD,HRV,1.0,2.0,1-2,away team win,0.0,1.0,no,no,no,0-0,Parc des Princes,S-045,Parc des Princes,Paris,France,0.0,44000.0,21:00,,,489,32,64,171,2.7,0.7391304347826086,large,26,4.0,0.0,2.0,9.0,4.0,5.0,0.1538461538461538,0.1923076923076923,0.3461538461538461,0.1538461538461538,11.0,0.0,0.6,3.0,11.0,3.6666666666666665,3.0,1.0,0.3333333333333333,16.0,30.0,8.0,4.0,0.5,0.1333333333333333,0.3666666666666667,49299.30434782609,6,4.0,9.0,4.0,0.6666666666666666,1.5,0.6666666666666666,5.0,6,0,0.0,-1.0,,0.0,0.0,2.0,2.0,0.0,32,64,171,2.7,0.7391304347826086,large,0,0.0,2.0,2.0,0,32,64,171,2.7,0.7391304347826086,large,1559.821327505589,0.0,6,12.0,8.0,7.0,45.0,28.0,17.0,2.0,2.8333333333333335,7.5,4.666666666666667,9.0,0.0,0.6,18.0,11.0,0.6111111111111112,9.0,1.0,0.1111111111111111,16.0,31.0,8.0,4.0,0.5,0.1290322580645161,0.3709677419354839,43416.666666666664,6,3.0,13.0,7.0,0.5,2.1666666666666665,1.1666666666666667,6.0,0,0,0.0,-1.0,,0.0,0.0,0.0,0.0,0.0,32,64,171,2.7,0.7391304347826086,large,0,0.0,0.0,0.0,0,32,64,171,2.7,0.7391304347826086,large,1523.4375266301968,0.0,-1.8461538461538465,-12.0,0.0,-7.153846153846154,-4.512820512820513,0.1666666666666666,-1.0,36.383800875392126,AwayWin,44,9,39,9,5,1,35
2002,2002-05-31,WC-2002,2002 FIFA World Cup,France v Senegal,Group stage,France,Senegal,FRA,SEN,0.0,1.0,0-1,away team win,0.0,1.0,no,no,no,0-0,Seoul World Cup Stadium,S-144,Seoul World Cup Stadium,Seoul,"Korea Republic, Japan",0.0,62561.0,20:30,,,490,32,64,161,2.5,0.782608695652174,large,34,5.0,0.0,2.0,11.0,5.0,6.0,0.1470588235294117,0.1764705882352941,0.3235294117647059,0.1470588235294117,15.0,3.0,1.0,3.0,12.0,4.0,4.0,1.0,0.25,16.0,32.0,8.0,5.0,0.5,0.15625,0.34375,38276.64705882353,0,5.0,11.0,5.0,,,,6.0,10,0,1.0,1.0,,1.0,1.0,1.0,3.0,1.0,32,64,161,2.5,0.782608695652174,large,1,1.0,1.0,3.0,1,32,64,161,2.5,0.782608695652174,large,1573.3913308328813,0.0,0,18.0,4.0,13.0,69.0,46.0,23.0,,,,,,3.0,,26.0,13.0,0.5,9.0,1.0,0.1111111111111111,16.0,33.0,8.0,6.0,0.5,0.1818181818181818,0.3181818181818182,,0,0.0,0.0,1.0,,,,-1.0,0,0,0.0,-1.0,,,,,,,32,64,161,2.5,0.782608695652174,large,0,0.0,0.0,0.0,0,32,64,161,2.5,0.782608695652174,large,1500.0,0.0,,-17.0,,,,,7.0,73.3913308328813,AwayWin,68,0,58,0,4,0,68
2002,2002-06-01,WC-2002,2002 FIFA World Cup,Germany v Saudi Arabia,Group stage,Germany,Saudi Arabia,DEU,SAU,8.0,0.0,8-0,home team win,1.0,0.0,no,no,no,0-0,Sapporo Dome,S-092,Sapporo Dome,Sapporo,"Korea Republic, Japan",0.0,32218.0,20:30,,,491,32,64,161,2.5,0.782608695652174,large,16,1.0,0.0,0.0,1.0,0.0,1.0,0.0625,0.0625,0.0625,0.0,10.0,0.0,0.6,1.0,13.0,13.0,0.0,1.0,,17.0,33.0,8.0,6.0,0.4705882352941176,0.1818181818181818,0.2887700534759358,37482.21428571428,0,1.0,1.0,0.0,,,,1.0,4,0,1.0,1.0,,0.0,0.0,0.0,1.0,0.0,32,64,161,2.5,0.782608695652174,large,0,0.0,0.0,1.0,0,32,64,161,2.5,0.782608695652174,large,1536.324567993302,0.0,7,10.0,3.0,4.0,39.0,26.0,13.0,1.4285714285714286,1.8571428571428572,5.571428571428571,3.7142857142857144,4.0,-4.0,0.2,7.0,13.0,1.8571428571428572,10.0,1.0,0.1,17.0,34.0,8.0,6.0,0.4705882352941176,0.1764705882352941,0.2941176470588235,55713.28571428572,0,1.0,8.0,0.0,,,,8.0,2,0,1.0,8.0,,,,,,,32,64,161,2.5,0.782608695652174,large,0,0.0,0.0,0.0,0,32,64,161,2.5,0.782608695652174,large,1482.279242379616,0.0,-1.3660714285714286,-12.0,0.3999999999999999,-5.508928571428571,-3.7142857142857144,,-7.0,54.045325613686146,HomeWin,34,7,28,7,1,3,27
2002,2002-06-01,WC-2002,2002 FIFA World Cup,Republic of Ireland v Cameroon,Group stage,Republic of Ireland,Cameroon,IRL,CMR,1.0,1.0,1-1,draw,0.0,0.0,yes,no,no,0-0,Niigata Stadium,S-088,Niigata Stadium,Niigata,"Korea Republic, Japan",0.0,33679.0,15:30,,,492,32,64,161,2.5,0.782608695652174,large,8,2.0,1.0,5.0,7.0,21.0,-14.0,0.25,-1.75,0.875,2.625,5.0,-3.0,0.2,7.0,13.0,1.8571428571428572,1.0,1.0,1.0,18.0,34.0,8.0,6.0,0.4444444444444444,0.1764705882352941,0.2679738562091502,50439.875,0,0.0,0.0,8.0,,,,-8.0,2,0,0.0,-8.0,,,,,,,32,64,161,2.5,0.782608695652174,large,0,0.0,0.0,0.0,0,32,64,161,2.5,0.782608695652174,large,1492.2422692098528,0.0,13,1.0,6.0,2.0,5.0,7.0,-2.0,0.0769230769230769,-0.1538461538461538,0.3846153846153846,0.5384615384615384,2.0,-6.0,0.0,7.0,13.0,1.8571428571428572,2.0,1.0,0.5,18.0,35.0,8.0,6.0,0.4444444444444444,0.1714285714285714,0.273015873015873,47139.15384615384,0,0.0,1.0,1.0,,,,0.0,4,0,0.0,0.0,,,,,,,32,64,161,2.5,0.782608695652174,large,0,0.0,0.0,0.0,0,32,64,161,2.5,0.782608695652174,large,1500.699233148616,0.0,0.173076923076923,-12.0,0.2,0.4903846153846153,2.0865384615384617,,-8.0,-8.456963938763238,Draw,4,11,4,9,0,0,-7
2002,2002-06-01,WC-2002,2002 FIFA World Cup,Uruguay v Denmark,Group stage,Uruguay,Denmark,URY,DNK,1.0,2.0,1-2,away team win,0.0,1.0,no,no,no,0-0,Ulsan Munsu Football Stadium,S-146,Ulsan Munsu Football Stadium,Ulsan,"Korea Republic, Japan",0.0,30157.0,18:00,,,493,32,64,161,2.5,0.782608695652174,large,32,3.0,7.0,4.0,12.0,24.0,-12.0,0.09375,-0.375,0.375,0.75,4.0,,0.2,13.0,0.0,0.0,1.0,0.0,0.0,0.0,0.0,0.0,0.0,,,,40252.28125,0,0.0,1.0,1.0,,,,0.0,9,1,0.0,0.0,0.0,1.0,2.0,2.0,2.0,0.0,32,64,161,2.5,0.782608695652174,large,1,2.0,2.0,2.0,0,32,64,161,2.5,0.782608695652174,large,1492.7144445890517,0.0,8,14.0,6.0,13.0,60.0,48.0,12.0,1.75,1.5,7.5,6.0,7.0,-3.0,0.4,21.0,0.0,0.0,12.0,0.0,0.0,0.0,1.0,0.0,0.0,,0.0,,40025.0,0,0.0,1.0,2.0,,,,-1.0,2,1,0.0,-6.0,0.0,,,,,,32,64,161,2.5,0.782608695652174,large,0,0.0,0.0,0.0,0,32,64,161,2.5,0.782608695652174,large,1513.954921972085,0.0,-1.65625,-24.0,-0.2,-7.125,-5.25,,1.0,-21.24047738303352,AwayWin,58,17,46,15,1,2,41
2002,2002-06-02,WC-2002,2002 FIFA World Cup,Argentina v Nigeria,Group stage,Argentina,Nigeria,ARG,NGA,1.0,0.0,1-0,home team win,1.0,0.0,no,no,no,0-0,Kashima Stadium,S-085,Kashima Stadium,Ibaraki,"Korea Republic, Japan",0.0,34050.0,14:30,,,494,32,64,161,2.5,0.782608695652174,large,51,5.0,1.0,3.0,19.0,14.0,5.0,0.0980392156862745,0.0980392156862745,0.3725490196078431,0.2745098039215686,10.0,-3.0,0.6,6.0,0.0,0.0,3.0,0.0,0.0,0.0,2.0,0.0,0.0,,0.0,,49007.34693877551,0,1.0,2.0,1.0,,,,1.0,12,1,2.0,6.0,2.0,1.0,2.0,4.0,4.0,0.0,32,64,161,2.5,0.782608695652174,large,1,2.0,4.0,4.0,0,32,64,161,2.5,0.782608695652174,large,1584.4959340999906,0.0,8,29.0,7.0,16.0,96.0,62.0,34.0,3.625,4.25,12.0,7.75,6.0,-3.0,0.4,40.0,0.0,0.0,12.0,0.0,0.0,1.0,2.0,0.0,0.0,0.0,0.0,0.0,50294.125,0,1.0,1.0,0.0,,,,1.0,2,1,2.0,2.0,2.0,,,,,,32,64,161,2.5,0.782608695652174,large,0,0.0,0.0,0.0,0,32,64,161,2.5,0.782608695652174,large,1500.8305580435103,0.0,-3.5269607843137254,-29.0,0.1999999999999999,-11.627450980392156,-7.475490196078432,,0.0,83.66537605648023,HomeWin,93,13,71,13,8,0,80
2002,2002-06-02,WC-2002,2002 FIFA World Cup,England v Sweden,Group stage,England,Sweden,ENG,SWE,1.0,1.0,1-1,draw,0.0,0.0,yes,no,no,0-0,Saitama Stadium,S-091,Saitama Stadium,Saitama,"Korea Republic, Japan",0.0,52721.0,18:30,,,495,32,64,161,2.5,0.782608695652174,large,39,4.0,0.0,5.0,13.0,14.0,-1.0,0.1025641025641025,-0.0256410256410256,0.3333333333333333,0.358974358974359,7.0,-3.0,0.4,7.0,0.0,0.0,2.0,0.0,0.0,1.0,3.0,0.0,0.0,0.0,0.0,0.0,45832.84615384616,0,0.0,0.0,1.0,,,,-1.0,10,0,0.0,-2.0,,1.0,1.0,1.0,1.0,0.0,32,64,161,2.5,0.782608695652174,large,1,1.0,1.0,1.0,0,32,64,161,2.5,0.782608695652174,large,1558.706456275876,0.0,34,17.0,12.0,11.0,51.0,35.0,16.0,0.5,0.4705882352941176,1.5,1.0294117647058822,8.0,-1.0,0.4,28.0,1.0,0.0357142857142857,12.0,0.0,0.0,1.0,4.0,0.0,1.0,0.0,0.25,-0.25,41300.76470588235,0,0.0,1.0,1.0,,,,0.0,9,0,0.0,0.0,,0.0,0.0,1.0,3.0,0.0,32,64,161,2.5,0.782608695652174,large,0,0.0,1.0,3.0,0,32,64,161,2.5,0.782608695652174,large,1515.406373966135,0.0,-0.3974358974358974,-17.0,0.0,-1.1666666666666667,-0.6704374057315232,,-1.0,43.3000823097409,Draw,48,56,40,45,4,3,-8
2002,2002-06-02,WC-2002,2002 FIFA World Cup,Paraguay v South Africa,Group stage,Paraguay,South Africa,PRY,ZAF,2.0,2.0,2-2,draw,0.0,0.0,yes,no,no,0-0,Busan Asiad Stadium,S-137,Busan Asiad Stadium,Busan,"Korea Republic, Japan",0.0,25186.0,16:30,,,496,32,64,161,2.5,0.782608695652174,large,15,13.0,9.0,13.0,59.0,50.0,9.0,0.8666666666666667,0.6,3.933333333333333,3.3333333333333335,5.0,1.0,0.2,20.0,1.0,0.05,15.0,0.0,0.0,1.0,5.0,0.0,1.0,0.0,0.2,-0.2,32498.933333333334,0,0.0,1.0,1.0,,,,0.0,5,0,0.0,0.0,,,,,,,32,64,161,2.5,0.782608695652174,large,0,0.0,0.0,0.0,0,32,64,161,2.5,0.782608695652174,large,1493.6375487216458,0.0,3,4.0,7.0,5.0,21.0,29.0,-8.0,1.3333333333333333,-2.6666666666666665,7.0,9.666666666666666,2.0,0.0,0.0,12.0,1.0,0.0833333333333333,4.0,0.0,0.0,1.0,6.0,0.0,1.0,0.0,0.1666666666666666,-0.1666666666666666,40100.0,0,0.0,2.0,2.0,,,,0.0,1,0,0.0,0.0,,,,,,,32,64,161,2.5,0.782608695652174,large,0,0.0,0.0,0.0,0,32,64,161,2.5,0.782608695652174,large,1491.3724628168825,0.0,-0.4666666666666665,17.0,0.2,-3.066666666666667,-6.333333333333332,,0.0,2.265085904763282,Draw,19,3,17,2,1,1,16
2002,2002-06-02,WC-2002,2002 FIFA World Cup,Spain v Slovenia,Group stage,Spain,Slovenia,ESP,SVN,3.0,1.0,3-1,home team win,1.0,0.0,no,no,no,0-0,Gwangju World Cup Stadium,S-140,Gwangju World Cup Stadium,Gwangju,"Korea Republic, Japan",0.0,28588.0,20:30,,,497,32,64,161,2.5,0.782608695652174,large,38,0.0,3.0,1.0,5.0,8.0,-3.0,0.0,-0.0789473684210526,0.131578947368421,0.2105263157894736,7.0,-1.0,0.4,4.0,1.0,0.25,0.0,0.0,,2.0,6.0,0.0,1.0,0.0,0.1666666666666666,-0.1666666666666666,41494.45945945946,0,0.0,2.0,2.0,,,,0.0,10,0,0.0,0.0,,0.0,0.0,0.0,0.0,0.0,32,64,161,2.5,0.782608695652174,large,0,0.0,0.0,0.0,0,32,64,161,2.5,0.782608695652174,large,1533.089363113932,0.0,0,17.0,10.0,12.0,62.0,45.0,17.0,,,,,,-1.0,,25.0,1.0,0.04,14.0,0.0,0.0,3.0,6.0,0.0,1.0,0.0,0.1666666666666666,-0.1666666666666666,,0,1.0,3.0,1.0,,,,2.0,0,0,1.0,2.0,,,,,,,32,64,161,2.5,0.782608695652174,large,0,0.0,0.0,0.0,0,32,64,161,2.5,0.782608695652174,large,1500.0,0.0,,-20.0,,,,,-2.0,33.089363113931995,HomeWin,60,0,50,0,9,0,60
2002,2002-06-03,WC-2002,2002 FIFA World Cup,Brazil v Turkey,Group stage,Brazil,Turkey,BRA,TUR,2.0,1.0,2-1,home team win,1.0,0.0,no,no,no,0-0,Ulsan Munsu Football Stadium,S-146,Ulsan Munsu Football Stadium,Ulsan,South Korea,0.0,,18:00,,,498,32,64,161,2.5,0.782608695652174,large,74,0.0,0.0,1.0,1.0,3.0,-2.0,0.0,-0.027027027027027,0.0135135135135135,0.0405405405405405,10.0,-6.0,0.6,1.0,1.0,1.0,0.0,0.0,,3.0,7.0,0.0,1.0,0.0,0.1428571428571428,-0.1428571428571428,53589.78082191781,0,0.0,1.0,3.0,,,,-2.0,16,0,0.0,-2.0,,1.0,4.0,6.0,8.0,0.0,32,64,161,2.5,0.782608695652174,large,1,4.0,6.0,8.0,0,32,64,161,2.5,0.782608695652174,large,1688.2916710435147,0.0,1,50.0,13.0,12.0,161.0,71.0,90.0,50.0,90.0,161.0,71.0,3.0,-2.0,1.0,44.0,2.0,0.0454545454545454,31.0,0.0,0.0,3.0,8.0,0.0,2.0,0.0,0.25,-0.25,,0,1.0,2.0,1.0,,,,1.0,1,0,1.0,1.0,,0.0,0.0,0.0,0.0,0.0,32,64,161,2.5,0.782608695652174,large,0,0.0,0.0,0.0,0,32,64,161,2.5,0.782608695652174,large,1509.7216998451831,0.0,-50.0,-92.0,-0.4,-160.98648648648648,-70.95945945945945,,-3.0,178.5699711983316,HomeWin,161,7,129,4,6,0,154
2002,2002-06-03,WC-2002,2002 FIFA World Cup,Croatia v Mexico,Group stage,Croatia,Mexico,HRV,MEX,0.0,1.0,0-1,away team win,0.0,1.0,no,no,no,0-0,Niigata Stadium,S-088,Niigata Stadium,Niigata,"Korea Republic, Japan",0.0,32239.0,15:30,,,499,32,64,161,2.5,0.782608695652174,large,7,1.0,0.0,1.0,8.0,2.0,6.0,0.1428571428571428,0.8571428571428571,1.1428571428571428,0.2857142857142857,9.0,-2.0,0.6,2.0,2.0,1.0,0.0,0.0,,4.0,8.0,0.0,2.0,0.0,0.25,-0.25,43500.0,0,0.0,1.0,2.0,,,,-1.0,1,0,0.0,-1.0,,0.0,0.0,0.0,1.0,0.0,32,64,161,2.5,0.782608695652174,large,0,0.0,0.0,1.0,0,32,64,161,2.5,0.782608695652174,large,1534.480925245644,0.0,31,5.0,0.0,3.0,11.0,6.0,5.0,0.1612903225806451,0.1612903225806451,0.3548387096774194,0.1935483870967742,6.0,-2.0,0.2,4.0,2.0,0.5,4.0,0.0,0.0,4.0,9.0,0.0,2.0,0.0,0.2222222222222222,-0.2222222222222222,45084.77419354839,0,0.0,0.0,1.0,,,,-1.0,11,0,0.0,-1.0,,,,,,,32,64,161,2.5,0.782608695652174,large,0,0.0,0.0,0.0,0,32,64,161,2.5,0.782608695652174,large,1448.7375216710498,0.0,-0.0184331797235023,1.0,0.3999999999999999,0.7880184331797234,0.0921658986175115,,0.0,85.74340357459414,AwayWin,11,35,11,31,1,7,-24
2002,2002-06-03,WC-2002,2002 FIFA World Cup,Italy v Ecuador,Group stage,Italy,Ecuador,ITA,ECU,2.0,0.0,2-0,home team win,1.0,0.0,no,no,no,0-0,Sapporo Dome,S-092,Sapporo Dome,Sapporo,"Korea Republic, Japan",0.0,31081.0,20:30,,,500,32,64,161,2.5,0.782608695652174,large,56,7.0,8.0,17.0,36.0,64.0,-28.0,0.125,-0.5,0.6428571428571429,1.1428571428571428,11.0,-2.0,0.6,26.0,2.0,0.0769230769230769,6.0,0.0,0.0,4.0,10.0,0.0,2.0,0.0,0.2,-0.2,49099.61111111111,0,1.0,1.0,0.0,,,,1.0,14,0,1.0,1.0,,1.0,3.0,5.0,6.0,0.0,32,64,161,2.5,0.782608695652174,large,1,3.0,5.0,6.0,0,32,64,161,2.5,0.782608695652174,large,1644.4633573295755,0.0,0,34.0,12.0,11.0,90.0,53.0,37.0,,,,,,1.0,,36.0,2.0,0.0555555555555555,21.0,0.0,0.0,5.0,10.0,0.0,2.0,0.0,0.2,-0.2,,0,1.0,2.0,0.0,,,,2.0,0,0,1.0,2.0,,,,,,,32,64,161,2.5,0.782608695652174,large,0,0.0,0.0,0.0,0,32,64,161,2.5,0.782608695652174,large,1500.0,0.0,,-65.0,,,,,-1.0,144.4633573295755,HomeWin,92,0,79,0,6,0,92
2002,2002-06-04,WC-2002,2002 FIFA World Cup,China v Costa Rica,Group stage,China,Costa Rica,CHN,CRI,0.0,2.0,0-2,away team win,0.0,1.0,no,no,no,0-0,Gwangju World Cup Stadium,S-140,Gwangju World Cup Stadium,Gwangju,South Korea,0.0,,15:30,,,501,32,64,161,2.5,0.782608695652174,large,0,0.0,0.0,1.0,0.0,2.0,-2.0,,,,,,0.0,,1.0,3.0,3.0,0.0,0.0,,5.0,11.0,0.0,3.0,0.0,0.2727272727272727,-0.2727272727272727,,0,0.0,0.0,2.0,,,,-2.0,0,0,0.0,-2.0,,,,,,,32,64,161,2.5,0.782608695652174,large,0,0.0,0.0,0.0,0,32,64,161,2.5,0.782608695652174,large,1500.0,,4,0.0,0.0,1.0,0.0,2.0,-2.0,0.0,-0.5,0.0,0.5,6.0,2.0,0.5,1.0,4.0,4.0,0.0,0.0,,5.0,12.0,0.0,4.0,0.0,0.3333333333333333,-0.3333333333333333,41692.5,0,0.0,0.0,2.0,,,,-2.0,1,0,0.0,-2.0,,,,,,,32,64,161,2.5,0.782608695652174,large,0,0.0,0.0,0.0,0,32,64,161,2.5,0.782608695652174,large,1502.4976282394373,0.0,,0.0,,,,,0.0,-2.49762823943729,AwayWin,0,4,0,4,0,0,-4
2002,2002-06-04,WC-2002,2002 FIFA World Cup,Japan v Belgium,Group stage,Japan,Belgium,JPN,BEL,2.0,2.0,2-2,draw,0.0,0.0,yes,no,no,0-0,Saitama Stadium,S-091,Saitama Stadium,Saitama,"Korea Republic, Japan",1.0,55256.0,18:00,,,502,32,64,161,2.5,0.782608695652174,large,3,3.0,0.0,2.0,6.0,6.0,0.0,1.0,0.0,2.0,2.0,0.0,3.0,0.0,4.0,4.0,1.0,1.0,0.0,0.0,6.0,12.0,0.0,4.0,0.0,0.3333333333333333,-0.3333333333333333,36033.333333333336,0,1.0,2.0,0.0,,,,2.0,1,0,1.0,2.0,,,,,,,32,64,161,2.5,0.782608695652174,large,0,0.0,0.0,0.0,0,32,64,161,2.5,0.782608695652174,large,1472.6053448623868,0.0,30,0.0,1.0,3.0,3.0,6.0,-3.0,0.0,-0.1,0.1,0.2,3.0,4.0,0.0,4.0,4.0,1.0,0.0,1.0,,7.0,12.0,1.0,4.0,0.1428571428571428,0.3333333333333333,-0.1904761904761904,47178.833333333336,0,0.0,2.0,2.0,,,,0.0,10,0,0.0,0.0,,0.0,0.0,0.0,0.0,0.0,32,64,161,2.5,0.782608695652174,large,0,0.0,0.0,0.0,0,32,64,161,2.5,0.782608695652174,large,1479.278035540828,0.0,1.0,3.0,0.0,1.9,1.8,,2.0,-6.672690678441086,Draw,1,32,1,28,0,2,-31
2002,2002-06-04,WC-2002,2002 FIFA World Cup,South Korea v Poland,Group stage,South Korea,Poland,KOR,POL,2.0,0.0,2-0,home team win,1.0,0.0,no,no,no,0-0,Busan Asiad Stadium,S-137,Busan Asiad Stadium,Busan,"Korea Republic, Japan",1.0,48760.0,20:30,,,503,32,64,161,2.5,0.782608695652174,large,14,9.0,8.0,14.0,39.0,52.0,-13.0,0.6428571428571429,-0.9285714285714286,2.7857142857142856,3.7142857142857144,2.0,2.0,0.0,24.0,4.0,0.1666666666666666,7.0,1.0,0.1428571428571428,7.0,13.0,1.0,4.0,0.1428571428571428,0.3076923076923077,-0.1648351648351648,42066.15384615384,0,0.0,2.0,2.0,,,,0.0,5,0,0.0,0.0,,,,,,,32,64,161,2.5,0.782608695652174,large,0,0.0,0.0,0.0,0,32,64,161,2.5,0.782608695652174,large,1418.6481831326116,0.0,21,1.0,4.0,10.0,13.0,43.0,-30.0,0.0476190476190476,-1.4285714285714286,0.6190476190476191,2.047619047619047,7.0,,0.4,15.0,0.0,0.0,0.0,0.0,,0.0,0.0,0.0,0.0,,,,36098.76190476191,0,1.0,2.0,0.0,,,,2.0,5,0,1.0,2.0,,0.0,0.0,0.0,2.0,0.0,32,64,161,2.5,0.782608695652174,large,0,0.0,0.0,2.0,0,32,64,161,2.5,0.782608695652174,large,1552.282208823749,0.0,0.5952380952380953,17.0,-0.4,2.1666666666666665,1.666666666666667,,-2.0,-133.63402569113737,HomeWin,11,38,11,28,0,2,-27
2002,2002-06-05,WC-2002,2002 FIFA World Cup,Germany v Republic of Ireland,Group stage,Germany,Republic of Ireland,DEU,IRL,1.0,1.0,1-1,draw,0.0,0.0,yes,no,no,0-0,Kashima Stadium,S-085,Kashima Stadium,Ibaraki,"Korea Republic, Japan",0.0,35854.0,20:30,,,504,32,64,161,2.5,0.782608695652174,large,17,12.0,3.0,7.0,38.0,30.0,8.0,0.7058823529411765,0.4705882352941176,2.235294117647059,1.7647058823529411,10.0,-1.0,0.6,17.0,0.0,0.0,5.0,0.0,0.0,0.0,1.0,0.0,0.0,,0.0,,37131.26666666667,1,0.0,0.0,2.0,0.0,0.0,2.0,-2.0,4,0,0.0,-2.0,,0.0,0.0,0.0,1.0,0.0,32,64,161,2.5,0.782608695652174,large,0,0.0,0.0,1.0,0,32,64,161,2.5,0.782608695652174,large,1544.7814449400744,0.0,9,10.0,4.0,4.0,40.0,27.0,13.0,1.1111111111111112,1.4444444444444444,4.444444444444445,3.0,5.0,-4.0,0.2,8.0,0.0,0.0,10.0,0.0,0.0,0.0,2.0,0.0,0.0,,0.0,,48577.555555555555,1,1.0,9.0,1.0,1.0,9.0,1.0,8.0,2,0,0.0,0.0,,,,,,,32,64,161,2.5,0.782608695652174,large,0,0.0,0.0,0.0,0,32,64,161,2.5,0.782608695652174,large,1492.485632137175,0.0,-0.4052287581699346,-5.0,0.3999999999999999,-2.2091503267973858,-1.2352941176470589,-1.0,-10.0,52.29581280289949,Draw,42,5,34,5,1,0,37
2002,2002-06-05,WC-2002,2002 FIFA World Cup,Russia v Tunisia,Group stage,Russia,Tunisia,RUS,TUN,2.0,0.0,2-0,home team win,1.0,0.0,no,no,no,0-0,Kobe Wing Stadium,S-086,Kobe Wing Stadium,Kobe,"Korea Republic, Japan",0.0,30957.0,15:30,,,505,32,64,161,2.5,0.782608695652174,large,31,1.0,7.0,2.0,6.0,8.0,-2.0,0.032258064516129,-0.064516129032258,0.1935483870967742,0.2580645161290322,6.0,-2.0,0.4,8.0,1.0,0.125,2.0,0.0,0.0,0.0,3.0,0.0,1.0,,0.3333333333333333,,43741.76666666667,0,0.0,2.0,2.0,,,,0.0,8,0,0.0,0.0,,,,,,,32,64,161,2.5,0.782608695652174,large,0,0.0,0.0,0.0,0,32,64,161,2.5,0.782608695652174,large,1540.4030424572627,0.0,5,17.0,5.0,10.0,61.0,37.0,24.0,3.4,4.8,12.2,7.4,4.0,-2.0,0.2,27.0,1.0,0.037037037037037,5.0,0.0,0.0,1.0,3.0,0.0,1.0,0.0,0.3333333333333333,-0.3333333333333333,39421.4,0,1.0,2.0,0.0,,,,2.0,2,0,1.0,2.0,,,,,,,32,64,161,2.5,0.782608695652174,large,0,0.0,0.0,0.0,0,32,64,161,2.5,0.782608695652174,large,1481.324287916514,0.0,-3.367741935483871,-26.0,0.2,-12.006451612903223,-7.141935483870968,,-2.0,59.07875454074883,HomeWin,7,4,3,4,2,1,3
2002,2002-06-05,WC-2002,2002 FIFA World Cup,United States v Portugal,Group stage,United States,Portugal,USA,PRT,3.0,2.0,3-2,home team win,1.0,0.0,no,no,no,0-0,Suwon World Cup Stadium,S-145,Suwon World Cup Stadium,Suwon,"Korea Republic, Japan",0.0,37306.0,18:00,,,506,32,64,161,2.5,0.782608695652174,large,16,1.0,1.0,4.0,4.0,8.0,-4.0,0.0625,-0.25,0.25,0.5,3.0,1.0,0.2,6.0,2.0,0.3333333333333333,0.0,0.0,,1.0,4.0,0.0,2.0,0.0,0.5,-0.5,43886.42857142857,0,0.0,0.0,2.0,,,,-2.0,6,0,0.0,-2.0,,0.0,0.0,0.0,1.0,0.0,32,64,161,2.5,0.782608695652174,large,0,0.0,0.0,1.0,0,32,64,161,2.5,0.782608695652174,large,1438.8970048510273,0.0,9,5.0,1.0,11.0,21.0,39.0,-18.0,0.5555555555555556,-2.0,2.3333333333333335,4.333333333333333,6.0,6.0,0.4,12.0,3.0,0.25,5.0,0.0,0.0,2.0,4.0,1.0,2.0,0.5,0.5,0.0,45863.375,0,1.0,3.0,2.0,,,,1.0,2,0,1.0,1.0,,0.0,0.0,0.0,1.0,0.0,32,64,161,2.5,0.782608695652174,large,0,0.0,0.0,1.0,0,32,64,161,2.5,0.782608695652174,large,1529.7636973626222,0.0,-0.4930555555555556,14.0,-0.2,-2.0833333333333335,-3.833333333333333,,-3.0,-90.86669251159492,HomeWin,18,17,16,12,1,3,1
2002,2002-06-06,WC-2002,2002 FIFA World Cup,Cameroon v Saudi Arabia,Group stage,Cameroon,Saudi Arabia,CMR,SAU,1.0,0.0,1-0,home team win,1.0,0.0,no,no,no,0-0,Saitama Stadium,S-091,Saitama Stadium,Saitama,"Korea Republic, Japan",0.0,52328.0,18:00,,,507,32,64,161,2.5,0.782608695652174,large,14,6.0,0.0,4.0,21.0,15.0,6.0,0.4285714285714285,0.4285714285714285,1.5,1.0714285714285714,3.0,11.0,0.0,7.0,4.0,0.5714285714285714,3.0,0.0,0.0,2.0,5.0,1.0,3.0,0.5,0.6,-0.0999999999999999,46177.71428571428,1,0.0,2.0,3.0,0.0,2.0,3.0,-1.0,4,0,0.0,-1.0,,,,,,,32,64,161,2.5,0.782608695652174,large,0,0.0,0.0,0.0,0,32,64,161,2.5,0.782608695652174,large,1500.455870221294,0.0,8,4.0,7.0,4.0,13.0,24.0,-11.0,0.5,-1.375,1.625,3.0,1.0,11.0,0.0,14.0,5.0,0.3571428571428571,1.0,0.0,0.0,3.0,5.0,2.0,3.0,0.6666666666666666,0.6,0.0666666666666666,52776.375,1,1.0,2.0,1.0,1.0,2.0,1.0,1.0,2,0,1.0,1.0,,,,,,,32,64,161,2.5,0.782608695652174,large,0,0.0,0.0,0.0,0,32,64,161,2.5,0.782608695652174,large,1473.8223654328435,0.0,-0.0714285714285714,17.0,0.0,-0.125,-1.9285714285714288,-1.0,-2.0,26.63350478845041,HomeWin,12,7,10,7,0,3,5
2002,2002-06-06,WC-2002,2002 FIFA World Cup,Denmark v Senegal,Group stage,Denmark,Senegal,DNK,SEN,1.0,1.0,1-1,draw,0.0,0.0,yes,no,no,0-0,Daegu World Cup Stadium,S-138,Daegu World Cup Stadium,Daegu,"Korea Republic, Japan",0.0,43500.0,15:30,,,508,32,64,161,2.5,0.782608695652174,large,9,2.0,1.0,6.0,7.0,22.0,-15.0,0.2222222222222222,-1.6666666666666667,0.7777777777777778,2.4444444444444446,7.0,14.0,0.4,8.0,6.0,0.75,1.0,0.0,0.0,4.0,5.0,3.0,3.0,0.75,0.6,0.15,38928.555555555555,1,0.0,0.0,9.0,0.0,0.0,9.0,-9.0,2,0,0.0,-1.0,,,,,,,32,64,161,2.5,0.782608695652174,large,0,0.0,0.0,0.0,0,32,64,161,2.5,0.782608695652174,large,1523.3443323908978,0.0,1,5.0,2.0,3.0,20.0,15.0,5.0,5.0,5.0,20.0,15.0,3.0,11.0,1.0,7.0,6.0,0.8571428571428571,3.0,0.0,0.0,5.0,5.0,3.0,3.0,0.6,0.6,0.0,62561.0,1,1.0,3.0,2.0,1.0,3.0,2.0,1.0,0,0,0.0,0.0,,,,,,,32,64,161,2.5,0.782608695652174,large,0,0.0,0.0,0.0,0,32,64,161,2.5,0.782608695652174,large,1512.081504294475,0.0,-4.777777777777778,-20.0,-0.6,-19.22222222222222,-12.555555555555555,-1.0,-10.0,11.262828096422709,Draw,19,1,16,1,2,0,18
2002,2002-06-06,WC-2002,2002 FIFA World Cup,France v Uruguay,Group stage,France,Uruguay,FRA,URY,0.0,0.0,0-0,draw,0.0,0.0,yes,no,no,0-0,Busan Asiad Stadium,S-137,Busan Asiad Stadium,Busan,"Korea Republic, Japan",0.0,38070.0,20:30,,,509,32,64,161,2.5,0.782608695652174,large,35,1.0,1.0,0.0,2.0,1.0,1.0,0.0285714285714285,0.0285714285714285,0.0571428571428571,0.0285714285714285,12.0,6.0,0.8,2.0,6.0,3.0,0.0,0.0,,5.0,6.0,3.0,3.0,0.6,0.5,0.0999999999999999,38970.485714285714,1,1.0,2.0,1.0,1.0,2.0,1.0,1.0,10,1,0.0,0.0,0.0,1.0,1.0,1.0,3.0,1.0,32,64,161,2.5,0.782608695652174,large,1,1.0,1.0,3.0,1,32,64,161,2.5,0.782608695652174,large,1561.3098265384062,0.0,33,18.0,5.0,13.0,69.0,46.0,23.0,0.5454545454545454,0.696969696969697,2.090909090909091,1.393939393939394,4.0,2.0,0.2,27.0,6.0,0.2222222222222222,9.0,0.0,0.0,5.0,7.0,3.0,3.0,0.6,0.4285714285714285,0.1714285714285714,39946.36363636364,1,0.0,0.0,1.0,0.0,0.0,1.0,-1.0,9,1,0.0,-1.0,0.0,1.0,2.0,2.0,2.0,0.0,32,64,161,2.5,0.782608695652174,large,1,2.0,2.0,2.0,0,32,64,161,2.5,0.782608695652174,large,1483.3250341702387,0.0,-0.5168831168831168,-22.0,0.6000000000000001,-2.033766233766234,-1.3653679653679656,1.0,2.0,77.98479236816752,Draw,68,59,58,47,4,1,9
2002,2002-06-07,WC-2002,2002 FIFA World Cup,Argentina v England,Group stage,Argentina,England,ARG,ENG,0.0,1.0,0-1,away team win,0.0,1.0,no,no,no,0-0,Sapporo Dome,S-092,Sapporo Dome,Sapporo,"Korea Republic, Japan",0.0,35927.0,20:30,,,510,32,64,161,2.5,0.782608695652174,large,52,14.0,7.0,13.0,60.0,48.0,12.0,0.2692307692307692,0.2307692307692307,1.1538461538461535,0.9230769230769232,10.0,0.0,0.6,22.0,6.0,0.2727272727272727,12.0,0.0,0.0,6.0,7.0,3.0,3.0,0.5,0.4285714285714285,0.0714285714285714,48708.2,1,0.0,1.0,2.0,0.0,1.0,2.0,-1.0,12,4,1.0,1.0,0.25,1.0,2.0,4.0,4.0,0.0,32,64,161,2.5,0.782608695652174,large,1,2.0,4.0,4.0,0,32,64,161,2.5,0.782608695652174,large,1592.1333432373256,0.0,40,29.0,7.0,17.0,96.0,63.0,33.0,0.725,0.825,2.4,1.575,8.0,-3.0,0.4,41.0,6.0,0.1463414634146341,12.0,0.0,0.0,6.0,8.0,3.0,3.0,0.5,0.375,0.125,46005.05,1,1.0,1.0,1.0,1.0,1.0,1.0,0.0,10,4,1.0,-3.0,0.25,1.0,1.0,1.0,1.0,0.0,32,64,161,2.5,0.782608695652174,large,1,1.0,1.0,1.0,0,32,64,161,2.5,0.782608695652174,large,1557.4665922989002,0.0,-0.4557692307692307,-21.0,0.1999999999999999,-1.2461538461538462,-0.6519230769230768,-1.0,-1.0,34.666750938425366,AwayWin,94,49,72,41,8,4,45
2002,2002-06-07,WC-2002,2002 FIFA World Cup,Spain v Paraguay,Group stage,Spain,Paraguay,ESP,PRY,3.0,1.0,3-1,home team win,1.0,0.0,no,no,no,0-0,Jeonju World Cup Stadium,S-142,Jeonju World Cup Stadium,Jeonju,"Korea Republic, Japan",0.0,24000.0,18:00,,,511,32,64,161,2.5,0.782608695652174,large,39,18.0,12.0,11.0,52.0,35.0,17.0,0.4615384615384615,0.4358974358974359,1.3333333333333333,0.8974358974358975,7.0,-3.0,0.4,29.0,6.0,0.2068965517241379,12.0,0.0,0.0,6.0,9.0,3.0,3.0,0.5,0.3333333333333333,0.1666666666666666,41154.81578947369,1,1.0,2.0,1.0,1.0,2.0,1.0,1.0,10,1,3.0,3.0,3.0,0.0,0.0,0.0,0.0,0.0,32,64,161,2.5,0.782608695652174,large,0,0.0,0.0,0.0,0,32,64,161,2.5,0.782608695652174,large,1542.1398438031558,0.0,16,18.0,10.0,12.0,65.0,46.0,19.0,1.125,1.1875,4.0625,2.875,6.0,-1.0,0.2,26.0,7.0,0.2692307692307692,14.0,0.0,0.0,7.0,9.0,4.0,3.0,0.5714285714285714,0.3333333333333333,0.238095238095238,32041.875,1,2.0,6.0,2.0,2.0,6.0,2.0,4.0,5,1,1.0,2.0,1.0,,,,,,32,64,161,2.5,0.782608695652174,large,0,0.0,0.0,0.0,0,32,64,161,2.5,0.782608695652174,large,1493.572355232302,0.0,-0.6634615384615384,-2.0,0.2,-2.729166666666667,-1.9775641025641024,-1.0,-3.0,48.56748857085381,HomeWin,63,21,53,19,10,1,42
2002,2002-06-07,WC-2002,2002 FIFA World Cup,Sweden v Nigeria,Group stage,Sweden,Nigeria,SWE,NGA,2.0,1.0,2-1,home team win,1.0,0.0,no,no,no,0-0,Kobe Wing Stadium,S-086,Kobe Wing Stadium,Kobe,"Korea Republic, Japan",0.0,36194.0,15:30,,,512,32,64,161,2.5,0.782608695652174,large,35,4.0,7.0,6.0,22.0,32.0,-10.0,0.1142857142857142,-0.2857142857142857,0.6285714285714286,0.9142857142857144,8.0,0.0,0.4,13.0,7.0,0.5384615384615384,4.0,0.0,0.0,7.0,10.0,4.0,3.0,0.5714285714285714,0.3,0.2714285714285714,41627.05714285714,1,0.0,3.0,5.0,0.0,3.0,5.0,-2.0,9,0,0.0,-2.0,,0.0,0.0,1.0,3.0,0.0,32,64,161,2.5,0.782608695652174,large,0,0.0,1.0,3.0,0,32,64,161,2.5,0.782608695652174,large,1516.646237943111,0.0,9,14.0,9.0,13.0,61.0,51.0,10.0,1.5555555555555556,1.1111111111111112,6.777777777777778,5.666666666666667,6.0,1.0,0.4,21.0,8.0,0.3809523809523809,15.0,0.0,0.0,7.0,11.0,4.0,4.0,0.5714285714285714,0.3636363636363636,0.2077922077922077,48489.22222222222,1,1.0,3.0,2.0,1.0,3.0,2.0,1.0,2,0,1.0,1.0,,,,,,,32,64,161,2.5,0.782608695652174,large,0,0.0,0.0,0.0,0,32,64,161,2.5,0.782608695652174,large,1493.193148906175,0.0,-1.4412698412698413,-20.0,0.0,-6.149206349206349,-4.752380952380952,-1.0,-3.0,23.45308903693558,HomeWin,57,13,46,13,3,0,44
2002,2002-06-08,WC-2002,2002 FIFA World Cup,Brazil v China,Group stage,Brazil,China,BRA,CHN,4.0,0.0,4-0,home team win,1.0,0.0,no,no,no,0-0,Jeju World Cup Stadium,S-143,Jeju World Cup Stadium,Seogwipo,South Korea,0.0,,20:30,,,513,32,64,161,2.5,0.782608695652174,large,75,4.0,0.0,6.0,14.0,16.0,-2.0,0.0533333333333333,-0.0266666666666666,0.1866666666666666,0.2133333333333333,10.0,3.0,0.6,8.0,8.0,1.0,2.0,1.0,0.5,8.0,11.0,5.0,4.0,0.625,0.3636363636363636,0.2613636363636363,53589.78082191781,1,0.0,1.0,3.0,0.0,1.0,3.0,-2.0,16,0,0.0,-1.0,,1.0,4.0,6.0,8.0,0.0,32,64,161,2.5,0.782608695652174,large,1,4.0,6.0,8.0,0,32,64,161,2.5,0.782608695652174,large,1693.561377942704,0.0,1,51.0,13.0,12.0,165.0,71.0,94.0,51.0,94.0,165.0,71.0,0.0,2.0,0.0,45.0,8.0,0.1777777777777777,31.0,1.0,0.032258064516129,9.0,11.0,5.0,4.0,0.5555555555555556,0.3636363636363636,0.1919191919191919,,1,2.0,6.0,1.0,2.0,6.0,1.0,5.0,0,0,1.0,4.0,,,,,,,32,64,161,2.5,0.782608695652174,large,0,0.0,0.0,0.0,0,32,64,161,2.5,0.782608695652174,large,1490.071886281087,,-50.946666666666665,-96.0,0.6,-164.81333333333333,-70.78666666666666,-2.0,-7.0,203.48949166161697,HomeWin,164,0,131,0,7,0,164
2002,2002-06-08,WC-2002,2002 FIFA World Cup,Italy v Croatia,Group stage,Italy,Croatia,ITA,HRV,1.0,2.0,1-2,away team win,0.0,1.0,no,no,no,0-0,Kashima Stadium,S-085,Kashima Stadium,Ibaraki,"Korea Republic, Japan",0.0,36472.0,18:00,,,514,32,64,161,2.5,0.782608695652174,large,57,0.0,0.0,2.0,0.0,6.0,-6.0,0.0,-0.1052631578947368,0.0,0.1052631578947368,13.0,1.0,0.8,2.0,8.0,4.0,0.0,1.0,,10.0,11.0,5.0,4.0,0.5,0.3636363636363636,0.1363636363636363,48772.0,1,0.0,0.0,6.0,0.0,0.0,6.0,-6.0,14,0,0.0,-4.0,,1.0,3.0,5.0,6.0,0.0,32,64,161,2.5,0.782608695652174,large,1,3.0,5.0,6.0,0,32,64,161,2.5,0.782608695652174,large,1650.5295033648747,0.0,8,34.0,12.0,12.0,91.0,55.0,36.0,4.25,4.5,11.375,6.875,9.0,7.0,0.6,37.0,9.0,0.2432432432432432,21.0,1.0,0.0476190476190476,11.0,11.0,6.0,4.0,0.5454545454545454,0.3636363636363636,0.1818181818181817,42092.375,1,1.0,3.0,2.0,1.0,3.0,2.0,1.0,1,0,0.0,-1.0,,0.0,0.0,0.0,1.0,0.0,32,64,161,2.5,0.782608695652174,large,0,0.0,0.0,1.0,0,32,64,161,2.5,0.782608695652174,large,1522.0619428215562,0.0,-4.25,-42.0,0.2,-11.375,-6.769736842105263,-1.0,-7.0,128.46756054331854,AwayWin,94,11,80,11,6,1,83
2002,2002-06-08,WC-2002,2002 FIFA World Cup,South Africa v Slovenia,Group stage,South Africa,Slovenia,ZAF,SVN,1.0,0.0,1-0,home team win,1.0,0.0,no,no,no,0-0,Daegu World Cup Stadium,S-138,Daegu World Cup Stadium,Daegu,"Korea Republic, Japan",0.0,47226.0,15:30,,,515,32,64,161,2.5,0.782608695652174,large,4,6.0,0.0,3.0,13.0,7.0,6.0,1.5,1.5,3.25,1.75,3.0,6.0,0.0,5.0,9.0,1.8,4.0,1.0,0.25,12.0,11.0,6.0,4.0,0.5,0.3636363636363636,0.1363636363636363,36371.5,1,1.0,2.0,2.0,1.0,2.0,2.0,0.0,1,0,1.0,1.0,,,,,,,32,64,161,2.5,0.782608695652174,large,0,0.0,0.0,0.0,0,32,64,161,2.5,0.782608695652174,large,1491.4376563062262,0.0,1,1.0,3.0,1.0,6.0,8.0,-2.0,1.0,-2.0,6.0,8.0,0.0,5.0,0.0,5.0,9.0,1.8,0.0,2.0,,13.0,11.0,7.0,4.0,0.5384615384615384,0.3636363636363636,0.1748251748251748,28588.0,1,1.0,3.0,2.0,1.0,3.0,2.0,1.0,0,0,1.0,1.0,,,,,,,32,64,161,2.5,0.782608695652174,large,0,0.0,0.0,0.0,0,32,64,161,2.5,0.782608695652174,large,1490.9495193107762,0.0,0.5,8.0,0.0,-2.75,-6.25,0.0,-1.0,0.4881369954500769,HomeWin,5,1,4,1,2,0,4
2002,2002-06-09,WC-2002,2002 FIFA World Cup,Costa Rica v Turkey,Group stage,Costa Rica,Turkey,CRI,TUR,1.0,1.0,1-1,draw,0.0,0.0,yes,no,no,0-0,Incheon Munhak Stadium,S-141,Incheon Munhak Stadium,Incheon,South Korea,0.0,,18:00,,,516,32,64,161,2.5,0.782608695652174,large,5,0.0,0.0,2.0,1.0,4.0,-3.0,0.0,-0.6,0.2,0.8,9.0,7.0,0.6,2.0,9.0,4.5,0.0,3.0,,14.0,11.0,8.0,4.0,0.5714285714285714,0.3636363636363636,0.2077922077922077,41692.5,1,0.0,1.0,4.0,0.0,1.0,4.0,-3.0,1,0,0.0,-1.0,,,,,,,32,64,161,2.5,0.782608695652174,large,0,0.0,0.0,0.0,0,32,64,161,2.5,0.782608695652174,large,1512.4257419583505,0.0,2,3.0,1.0,2.0,7.0,7.0,0.0,1.5,0.0,3.5,3.5,3.0,7.0,0.5,5.0,9.0,1.8,1.0,3.0,3.0,14.0,12.0,8.0,4.0,0.5714285714285714,0.3333333333333333,0.238095238095238,,1,1.0,3.0,1.0,1.0,3.0,1.0,2.0,1,0,0.0,0.0,,0.0,0.0,0.0,0.0,0.0,32,64,161,2.5,0.782608695652174,large,0,0.0,0.0,0.0,0,32,64,161,2.5,0.782608695652174,large,1504.451992945994,0.0,-1.5,-3.0,0.0999999999999999,-3.3,-2.7,-1.0,-5.0,7.973749012356393,Draw,6,8,6,5,0,0,-2
2002,2002-06-09,WC-2002,2002 FIFA World Cup,Japan v Russia,Group stage,Japan,Russia,JPN,RUS,1.0,0.0,1-0,home team win,1.0,0.0,no,no,no,0-0,International Stadium Yokohama,S-094,International Stadium Yokohama,Yokohama,"Korea Republic, Japan",1.0,66108.0,20:30,,,517,32,64,161,2.5,0.782608695652174,large,4,1.0,1.0,1.0,9.0,3.0,6.0,0.25,1.5,2.25,0.75,1.0,1.0,0.0,3.0,9.0,3.0,0.0,3.0,,15.0,12.0,8.0,4.0,0.5333333333333333,0.3333333333333333,0.2,40839.0,1,0.0,2.0,3.0,0.0,2.0,3.0,-1.0,1,0,0.0,0.0,,,,,,,32,64,161,2.5,0.782608695652174,large,0,0.0,0.0,0.0,0,32,64,161,2.5,0.782608695652174,large,1472.7973767285328,0.0,32,1.0,1.0,3.0,4.0,6.0,-2.0,0.03125,-0.0625,0.125,0.1875,9.0,2.0,0.6,5.0,10.0,2.0,0.0,3.0,,16.0,12.0,9.0,4.0,0.5625,0.3333333333333333,0.2291666666666666,43329.354838709674,1,1.0,3.0,2.0,1.0,3.0,2.0,1.0,8,0,1.0,1.0,,,,,,,32,64,161,2.5,0.782608695652174,large,0,0.0,0.0,0.0,0,32,64,161,2.5,0.782608695652174,large,1548.7188207573963,0.0,0.21875,8.0,-0.6,2.125,0.5625,-1.0,-2.0,-75.92144402886356,HomeWin,3,9,3,5,0,3,-6
2002,2002-06-09,WC-2002,2002 FIFA World Cup,Mexico v Ecuador,Group stage,Mexico,Ecuador,MEX,ECU,2.0,1.0,2-1,home team win,1.0,0.0,no,no,no,0-0,Miyagi Stadium,S-087,Miyagi Stadium,Miyagi,"Korea Republic, Japan",0.0,45610.0,15:30,,,518,32,64,161,2.5,0.782608695652174,large,32,17.0,5.0,11.0,61.0,38.0,23.0,0.53125,0.71875,1.90625,1.1875,8.0,1.0,0.4,28.0,10.0,0.3571428571428571,5.0,3.0,0.6,17.0,12.0,9.0,4.0,0.5294117647058824,0.3333333333333333,0.196078431372549,44683.34375,1,1.0,2.0,1.0,1.0,2.0,1.0,1.0,11,0,0.0,-1.0,,,,,,,32,64,161,2.5,0.782608695652174,large,0,0.0,0.0,0.0,0,32,64,161,2.5,0.782608695652174,large,1461.1565040951375,0.0,1,8.0,8.0,17.0,38.0,65.0,-27.0,8.0,-27.0,38.0,65.0,0.0,-1.0,0.0,27.0,10.0,0.3703703703703703,6.0,3.0,0.5,17.0,13.0,9.0,4.0,0.5294117647058824,0.3076923076923077,0.2217194570135746,31081.0,1,2.0,3.0,1.0,2.0,3.0,1.0,2.0,0,0,1.0,1.0,,,,,,,32,64,161,2.5,0.782608695652174,large,0,0.0,0.0,0.0,0,32,64,161,2.5,0.782608695652174,large,1493.9338539647008,0.0,-7.46875,50.0,0.4,-36.09375,-63.8125,-1.0,-1.0,-32.777349869563295,HomeWin,36,0,32,0,8,0,36
2002,2002-06-10,WC-2002,2002 FIFA World Cup,Portugal v Poland,Group stage,Portugal,Poland,PRT,POL,4.0,0.0,4-0,home team win,1.0,0.0,no,no,no,0-0,Jeonju World Cup Stadium,S-142,Jeonju World Cup Stadium,Jeonju,"Korea Republic, Japan",0.0,31000.0,20:30,,,519,32,64,161,2.5,0.782608695652174,large,10,0.0,0.0,2.0,1.0,4.0,-3.0,0.0,-0.3,0.1,0.4,6.0,1.0,0.4,2.0,11.0,5.5,0.0,3.0,,18.0,13.0,10.0,4.0,0.5555555555555556,0.3076923076923077,0.2478632478632478,44912.555555555555,1,0.0,1.0,4.0,0.0,1.0,4.0,-3.0,2,1,0.0,-1.0,0.0,0.0,0.0,0.0,1.0,0.0,32,64,161,2.5,0.782608695652174,large,0,0.0,0.0,1.0,0,32,64,161,2.5,0.782608695652174,large,1517.2063868692564,0.0,22,7.0,0.0,4.0,25.0,15.0,10.0,0.3181818181818182,0.4545454545454545,1.1363636363636365,0.6818181818181818,4.0,3.0,0.2,8.0,12.0,1.5,3.0,3.0,1.0,19.0,13.0,11.0,4.0,0.5789473684210527,0.3076923076923077,0.2712550607287449,36674.27272727273,1,1.0,6.0,3.0,1.0,6.0,3.0,3.0,5,1,1.0,3.0,1.0,0.0,0.0,0.0,2.0,0.0,32,64,161,2.5,0.782608695652174,large,0,0.0,0.0,2.0,0,32,64,161,2.5,0.782608695652174,large,1538.614995999208,0.0,-0.3181818181818182,-13.0,0.2,-1.0363636363636364,-0.2818181818181817,-1.0,-6.0,-21.40860912995163,HomeWin,19,38,14,28,3,2,-19
2002,2002-06-10,WC-2002,2002 FIFA World Cup,South Korea v United States,Group stage,South Korea,United States,KOR,USA,1.0,1.0,1-1,draw,0.0,0.0,yes,no,no,0-0,Daegu World Cup Stadium,S-138,Daegu World Cup Stadium,Daegu,"Korea Republic, Japan",1.0,60778.0,15:30,,,520,32,64,161,2.5,0.782608695652174,large,15,12.0,3.0,8.0,38.0,34.0,4.0,0.8,0.2666666666666666,2.533333333333333,2.2666666666666666,4.0,3.0,0.2,18.0,13.0,0.7222222222222222,5.0,3.0,0.6,19.0,14.0,11.0,5.0,0.5789473684210527,0.3571428571428571,0.2218045112781955,42544.28571428572,1,0.0,0.0,6.0,0.0,0.0,6.0,-6.0,5,0,1.0,-3.0,,,,,,,32,64,161,2.5,0.782608695652174,large,0,0.0,0.0,0.0,0,32,64,161,2.5,0.782608695652174,large,1432.3153959571523,0.0,17,1.0,5.0,10.0,14.0,44.0,-30.0,0.0588235294117647,-1.7647058823529411,0.8235294117647058,2.588235294117647,3.0,4.0,0.2,16.0,13.0,0.8125,0.0,4.0,,20.0,14.0,12.0,5.0,0.6,0.3571428571428571,0.2428571428571428,43447.73333333333,1,1.0,3.0,1.0,1.0,3.0,1.0,2.0,6,0,0.0,0.0,,0.0,0.0,0.0,1.0,0.0,32,64,161,2.5,0.782608695652174,large,0,0.0,0.0,1.0,0,32,64,161,2.5,0.782608695652174,large,1451.454315344393,0.0,0.7411764705882353,34.0,0.0,1.7098039215686274,-0.3215686274509806,-1.0,-8.0,-19.13891938724055,Draw,13,21,13,19,0,1,-8
2002,2002-06-10,WC-2002,2002 FIFA World Cup,Tunisia v Belgium,Group stage,Tunisia,Belgium,TUN,BEL,1.0,1.0,1-1,draw,0.0,0.0,yes,no,no,0-0,?ita Stadium,S-089,?ita Stadium,?ita,"Korea Republic, Japan",0.0,39700.0,18:00,,,521,32,64,161,2.5,0.782608695652174,large,6,5.0,2.0,11.0,22.0,40.0,-18.0,0.8333333333333334,-3.0,3.6666666666666665,6.666666666666667,1.0,6.0,0.0,13.0,13.0,1.0,5.0,5.0,1.0,21.0,14.0,13.0,5.0,0.6190476190476191,0.3571428571428571,0.2619047619047619,38010.666666666664,1,1.0,4.0,3.0,1.0,4.0,3.0,1.0,2,0,0.0,0.0,,,,,,,32,64,161,2.5,0.782608695652174,large,0,0.0,0.0,0.0,0,32,64,161,2.5,0.782608695652174,large,1473.0085096163805,0.0,31,1.0,2.0,4.0,5.0,9.0,-4.0,0.032258064516129,-0.1290322580645161,0.1612903225806451,0.2903225806451613,4.0,5.0,0.0,7.0,13.0,1.8571428571428572,0.0,6.0,,21.0,15.0,13.0,6.0,0.6190476190476191,0.4,0.219047619047619,47439.3870967742,1,0.0,1.0,3.0,0.0,1.0,3.0,-2.0,10,0,0.0,0.0,,0.0,0.0,0.0,0.0,0.0,32,64,161,2.5,0.782608695652174,large,0,0.0,0.0,0.0,0,32,64,161,2.5,0.782608695652174,large,1479.086003674682,0.0,0.8010752688172044,-14.0,0.0,3.5053763440860215,6.376344086021506,1.0,3.0,-6.077494058301681,Draw,4,34,4,30,1,2,-30
2002,2002-06-11,WC-2002,2002 FIFA World Cup,Cameroon v Germany,Group stage,Cameroon,Germany,CMR,DEU,0.0,2.0,0-2,away team win,0.0,1.0,no,no,no,0-0,Shizuoka Stadium ECOPA,S-093,Shizuoka Stadium ECOPA,Shizuoka,"Korea Republic, Japan",0.0,47085.0,20:30,,,522,32,64,161,2.5,0.782608695652174,large,15,9.0,9.0,14.0,40.0,53.0,-13.0,0.6,-0.8666666666666667,2.6666666666666665,3.533333333333333,6.0,3.0,0.2,25.0,13.0,0.52,7.0,6.0,0.8571428571428571,22.0,15.0,13.0,6.0,0.5909090909090909,0.4,0.1909090909090909,46587.73333333333,2,0.0,3.0,3.0,0.0,1.5,1.5,0.0,4,0,0.0,0.0,,,,,,,32,64,161,2.5,0.782608695652174,large,0,0.0,0.0,0.0,0,32,64,161,2.5,0.782608695652174,large,1509.690794364957,0.0,18,4.0,7.0,5.0,13.0,26.0,-13.0,0.2222222222222222,-0.7222222222222222,0.7222222222222222,1.4444444444444444,10.0,6.0,0.6,15.0,14.0,0.9333333333333332,1.0,6.0,6.0,22.0,16.0,13.0,7.0,0.5909090909090909,0.4375,0.1534090909090909,37051.4375,2,1.0,2.0,3.0,0.5,1.0,1.5,-1.0,4,0,0.0,-2.0,,0.0,0.0,0.0,1.0,0.0,32,64,161,2.5,0.782608695652174,large,0,0.0,0.0,1.0,0,32,64,161,2.5,0.782608695652174,large,1543.2875156546886,0.0,0.3777777777777777,0.0,-0.3999999999999999,1.944444444444444,2.088888888888889,-0.5,1.0,-33.59672128973193,AwayWin,13,43,11,35,0,1,-30
2002,2002-06-11,WC-2002,2002 FIFA World Cup,Denmark v France,Group stage,Denmark,France,DNK,FRA,2.0,0.0,2-0,home team win,1.0,0.0,no,no,no,0-0,Incheon Munhak Stadium,S-141,Incheon Munhak Stadium,Incheon,"Korea Republic, Japan",0.0,48100.0,15:30,,,523,32,64,161,2.5,0.782608695652174,large,10,11.0,4.0,4.0,42.0,27.0,15.0,1.1,1.5,4.2,2.7,7.0,6.0,0.4,9.0,15.0,1.6666666666666667,10.0,6.0,0.6,22.0,17.0,13.0,8.0,0.5909090909090909,0.4705882352941176,0.1203208556149733,39385.7,2,2.0,11.0,1.0,1.0,5.5,0.5,10.0,2,1,1.0,2.0,1.0,,,,,,32,64,161,2.5,0.782608695652174,large,0,0.0,0.0,0.0,0,32,64,161,2.5,0.782608695652174,large,1523.020275645086,0.0,36,6.0,2.0,3.0,22.0,15.0,7.0,0.1666666666666666,0.1944444444444444,0.6111111111111112,0.4166666666666667,10.0,7.0,0.6,8.0,16.0,2.0,3.0,6.0,2.0,23.0,17.0,14.0,8.0,0.6086956521739131,0.4705882352941176,0.1381074168797954,38945.47222222222,2,2.0,5.0,2.0,1.0,2.5,1.0,3.0,10,1,1.0,1.0,1.0,1.0,1.0,1.0,3.0,1.0,32,64,161,2.5,0.782608695652174,large,1,1.0,1.0,3.0,1,32,64,161,2.5,0.782608695652174,large,1559.102194470871,0.0,0.9333333333333336,8.0,-0.1999999999999999,3.588888888888889,2.2833333333333337,0.0,7.0,-36.081918825784896,HomeWin,20,68,17,58,3,4,-48
2002,2002-06-11,WC-2002,2002 FIFA World Cup,Saudi Arabia v Republic of Ireland,Group stage,Saudi Arabia,Republic of Ireland,SAU,IRL,0.0,3.0,0-3,away team win,0.0,1.0,no,no,no,0-0,International Stadium Yokohama,S-094,International Stadium Yokohama,Yokohama,"Korea Republic, Japan",0.0,65320.0,20:30,,,524,32,64,161,2.5,0.782608695652174,large,9,18.0,5.0,14.0,69.0,48.0,21.0,2.0,2.3333333333333335,7.666666666666667,5.333333333333333,1.0,7.0,0.0,28.0,16.0,0.5714285714285714,9.0,7.0,0.7777777777777778,24.0,17.0,15.0,8.0,0.625,0.4705882352941176,0.1544117647058823,52726.555555555555,2,0.0,0.0,3.0,0.0,0.0,1.5,-3.0,2,0,1.0,-1.0,,,,,,,32,64,161,2.5,0.782608695652174,large,0,0.0,0.0,0.0,0,32,64,161,2.5,0.782608695652174,large,1464.5874412891808,0.0,10,2.0,1.0,7.0,7.0,25.0,-18.0,0.2,-1.8,0.7,2.5,3.0,8.0,0.0,9.0,16.0,1.7777777777777777,1.0,7.0,7.0,25.0,17.0,15.0,8.0,0.6,0.4705882352941176,0.1294117647058823,47305.2,2,0.0,0.0,12.0,0.0,0.0,6.0,-12.0,2,0,0.0,-3.0,,,,,,,32,64,161,2.5,0.782608695652174,large,0,0.0,0.0,0.0,0,32,64,161,2.5,0.782608695652174,large,1493.979561422561,0.0,1.8,39.0,0.0,6.966666666666667,2.833333333333333,0.0,9.0,-29.392120133379876,AwayWin,7,6,7,6,3,0,1
2002,2002-06-11,WC-2002,2002 FIFA World Cup,Senegal v Uruguay,Group stage,Senegal,Uruguay,SEN,URY,3.0,3.0,3-3,draw,0.0,0.0,yes,no,no,0-0,Suwon World Cup Stadium,S-145,Suwon World Cup Stadium,Suwon,"Korea Republic, Japan",0.0,33681.0,15:30,,,525,32,64,161,2.5,0.782608695652174,large,2,2.0,7.0,2.0,9.0,8.0,1.0,1.0,0.5,4.5,4.0,4.0,4.0,0.5,9.0,16.0,1.7777777777777777,2.0,7.0,3.5,26.0,17.0,15.0,8.0,0.5769230769230769,0.4705882352941176,0.1063348416289592,53030.5,2,1.0,5.0,2.0,0.5,2.5,1.0,3.0,0,0,1.0,3.0,,,,,,,32,64,161,2.5,0.782608695652174,large,0,0.0,0.0,0.0,0,32,64,161,2.5,0.782608695652174,large,1512.4055610402868,0.0,34,1.0,2.0,0.0,5.0,4.0,1.0,0.0294117647058823,0.0294117647058823,0.1470588235294117,0.1176470588235294,4.0,6.0,0.2,3.0,16.0,5.333333333333333,0.0,8.0,,26.0,18.0,15.0,9.0,0.5769230769230769,0.5,0.0769230769230768,39891.17647058824,2,1.0,5.0,4.0,0.5,2.5,2.0,1.0,9,0,0.0,0.0,,1.0,2.0,2.0,2.0,0.0,32,64,161,2.5,0.782608695652174,large,1,2.0,2.0,2.0,0,32,64,161,2.5,0.782608695652174,large,1485.532666237774,0.0,0.9705882352941176,0.0,0.3,4.352941176470588,3.8823529411764706,0.0,2.0,26.872894802512747,Draw,2,59,2,47,0,1,-57
2002,2002-06-12,WC-2002,2002 FIFA World Cup,Nigeria v England,Group stage,Nigeria,England,NGA,ENG,0.0,0.0,0-0,draw,0.0,0.0,yes,no,no,0-0,Nagai Stadium,S-090,Nagai Stadium,Osaka,"Korea Republic, Japan",0.0,44864.0,15:30,,,526,32,64,161,2.5,0.782608695652174,large,10,14.0,8.0,13.0,63.0,51.0,12.0,1.4,1.2,6.3,5.1,3.0,6.0,0.2,23.0,17.0,0.7391304347826086,12.0,8.0,0.6666666666666666,26.0,19.0,15.0,10.0,0.5769230769230769,0.5263157894736842,0.0506072874493926,47259.7,2,0.0,4.0,5.0,0.0,2.0,2.5,-1.0,2,0,0.0,0.0,,,,,,,32,64,161,2.5,0.782608695652174,large,0,0.0,0.0,0.0,0,32,64,161,2.5,0.782608695652174,large,1483.8671596246468,0.0,41,4.0,1.0,6.0,14.0,16.0,-2.0,0.0975609756097561,-0.048780487804878,0.3414634146341463,0.3902439024390244,8.0,5.0,0.4,9.0,17.0,1.8888888888888888,2.0,8.0,4.0,27.0,19.0,15.0,10.0,0.5555555555555556,0.5263157894736842,0.0292397660818714,45759.243902439026,2,0.0,1.0,3.0,0.0,0.5,1.5,-2.0,10,0,0.0,0.0,,1.0,1.0,1.0,1.0,0.0,32,64,161,2.5,0.782608695652174,large,1,1.0,1.0,1.0,0,32,64,161,2.5,0.782608695652174,large,1568.4610834565844,0.0,1.3024390243902435,14.0,-0.2,5.958536585365853,4.709756097560975,0.0,1.0,-84.59392383193767,Draw,14,50,14,42,0,5,-36
2002,2002-06-12,WC-2002,2002 FIFA World Cup,Slovenia v Paraguay,Group stage,Slovenia,Paraguay,SVN,PRY,1.0,3.0,1-3,away team win,0.0,1.0,no,no,no,0-0,Jeju World Cup Stadium,S-143,Jeju World Cup Stadium,Seogwipo,"Korea Republic, Japan",0.0,30176.0,20:30,,,527,32,64,161,2.5,0.782608695652174,large,2,18.0,13.0,11.0,52.0,35.0,17.0,9.0,8.5,26.0,17.5,0.0,7.0,0.0,30.0,18.0,0.6,12.0,8.0,0.6666666666666666,28.0,19.0,16.0,10.0,0.5714285714285714,0.5263157894736842,0.0451127819548872,37907.0,2,1.0,2.0,1.0,0.5,1.0,0.5,1.0,0,0,0.0,0.0,,,,,,,32,64,161,2.5,0.782608695652174,large,0,0.0,0.0,0.0,0,32,64,161,2.5,0.782608695652174,large,1480.963569013645,0.0,17,0.0,0.0,3.0,2.0,7.0,-5.0,0.0,-0.2941176470588235,0.1176470588235294,0.4117647058823529,5.0,9.0,0.2,3.0,18.0,6.0,0.0,9.0,,29.0,19.0,17.0,10.0,0.5862068965517241,0.5263157894736842,0.0598911070780399,31568.82352941177,2,0.0,2.0,7.0,0.0,1.0,3.5,-5.0,5,0,0.0,-2.0,,,,,,,32,64,161,2.5,0.782608695652174,large,0,0.0,0.0,0.0,0,32,64,161,2.5,0.782608695652174,large,1484.961205264215,0.0,9.0,22.0,-0.2,25.88235294117647,17.08823529411765,0.5,6.0,-3.9976362505701672,AwayWin,1,22,1,20,0,1,-21
2002,2002-06-12,WC-2002,2002 FIFA World Cup,South Africa v Spain,Group stage,South Africa,Spain,ZAF,ESP,2.0,3.0,2-3,away team win,0.0,1.0,no,no,no,0-0,Daejeon World Cup Stadium,S-139,Daejeon World Cup Stadium,Daejeon,"Korea Republic, Japan",0.0,31024.0,20:30,,,528,32,64,161,2.5,0.782608695652174,large,5,5.0,7.0,6.0,25.0,33.0,-8.0,1.0,-1.6,5.0,6.6,6.0,,0.2,14.0,0.0,0.0,4.0,0.0,0.0,0.0,0.0,0.0,0.0,,,,38542.4,2,1.0,6.0,6.0,0.5,3.0,3.0,0.0,1,0,1.0,2.0,,,,,,,32,64,161,2.5,0.782608695652174,large,0,0.0,0.0,0.0,0,32,64,161,2.5,0.782608695652174,large,1501.4236066033577,0.0,40,1.0,3.0,2.0,8.0,11.0,-3.0,0.025,-0.075,0.2,0.275,10.0,-3.0,0.6,6.0,0.0,0.0,0.0,0.0,,0.0,1.0,0.0,0.0,,0.0,,40714.94871794872,2,1.0,5.0,5.0,0.5,2.5,2.5,0.0,10,0,0.0,-1.0,,0.0,0.0,0.0,0.0,0.0,32,64,161,2.5,0.782608695652174,large,0,0.0,0.0,0.0,0,32,64,161,2.5,0.782608695652174,large,1550.7509937712427,0.0,0.975,-5.0,-0.3999999999999999,4.8,6.324999999999999,0.0,0.0,-49.32738716788526,AwayWin,6,66,5,55,2,11,-60
2002,2002-06-12,WC-2002,2002 FIFA World Cup,Sweden v Argentina,Group stage,Sweden,Argentina,SWE,ARG,1.0,1.0,1-1,draw,0.0,0.0,yes,no,no,0-0,Miyagi Stadium,S-087,Miyagi Stadium,Miyagi,"Korea Republic, Japan",0.0,45777.0,15:30,,,529,32,64,161,2.5,0.782608695652174,large,36,19.0,10.0,12.0,68.0,48.0,20.0,0.5277777777777778,0.5555555555555556,1.8888888888888888,1.3333333333333333,8.0,-6.0,0.4,27.0,0.0,0.0,14.0,0.0,0.0,0.0,2.0,0.0,0.0,,0.0,,41476.13888888889,2,3.0,9.0,4.0,1.5,4.5,2.0,5.0,9,1,1.0,1.0,1.0,0.0,0.0,1.0,3.0,0.0,32,64,161,2.5,0.782608695652174,large,0,0.0,1.0,3.0,0,32,64,161,2.5,0.782608695652174,large,1525.9722272246397,0.0,53,14.0,10.0,13.0,62.0,52.0,10.0,0.2641509433962264,0.1886792452830188,1.169811320754717,0.981132075471698,7.0,-10.0,0.4,22.0,0.0,0.0,15.0,0.0,0.0,0.0,3.0,0.0,0.0,,0.0,,48457.58823529412,2,1.0,4.0,3.0,0.5,2.0,1.5,1.0,12,1,1.0,1.0,1.0,1.0,2.0,4.0,4.0,0.0,32,64,161,2.5,0.782608695652174,large,1,2.0,4.0,4.0,0,32,64,161,2.5,0.782608695652174,large,1581.1388520796413,0.0,0.2636268343815514,10.0,0.0,0.7190775681341719,0.3522012578616351,1.0,4.0,-55.16662485500183,Draw,59,94,47,72,4,8,-35
2002,2002-06-13,WC-2002,2002 FIFA World Cup,Costa Rica v Brazil,Group stage,Costa Rica,Brazil,CRI,BRA,2.0,5.0,2-5,away team win,0.0,1.0,no,no,no,0-0,Suwon World Cup Stadium,S-145,Suwon World Cup Stadium,Suwon,"Korea Republic, Japan",0.0,38524.0,15:30,,,530,32,64,161,2.5,0.782608695652174,large,6,29.0,8.0,17.0,97.0,64.0,33.0,4.833333333333333,5.5,16.166666666666668,10.666666666666666,7.0,-10.0,0.4,42.0,0.0,0.0,12.0,0.0,0.0,1.0,3.0,0.0,0.0,0.0,0.0,0.0,41692.5,2,1.0,2.0,2.0,0.5,1.0,1.0,0.0,1,1,0.0,-1.0,0.0,,,,,,32,64,161,2.5,0.782608695652174,large,0,0.0,0.0,0.0,0,32,64,161,2.5,0.782608695652174,large,1512.196279299016,0.0,76,3.0,1.0,3.0,9.0,12.0,-3.0,0.0394736842105263,-0.0394736842105263,0.1184210526315789,0.1578947368421052,13.0,-10.0,0.8,6.0,0.0,0.0,1.0,0.0,0.0,1.0,4.0,0.0,0.0,0.0,0.0,0.0,53589.78082191781,2,1.0,5.0,6.0,0.5,2.5,3.0,-1.0,16,1,0.0,-4.0,0.0,1.0,4.0,6.0,8.0,0.0,32,64,161,2.5,0.782608695652174,large,1,4.0,6.0,8.0,0,32,64,161,2.5,0.782608695652174,large,1698.2934917835264,0.0,4.7938596491228065,36.0,-0.4,16.04824561403509,10.508771929824562,0.0,1.0,-186.0972124845105,AwayWin,7,168,7,135,0,8,-161
2002,2002-06-13,WC-2002,2002 FIFA World Cup,Ecuador v Croatia,Group stage,Ecuador,Croatia,ECU,HRV,1.0,0.0,1-0,home team win,1.0,0.0,no,no,no,0-0,International Stadium Yokohama,S-094,International Stadium Yokohama,Yokohama,"Korea Republic, Japan",0.0,65862.0,20:30,,,531,32,64,161,2.5,0.782608695652174,large,2,52.0,13.0,12.0,170.0,73.0,97.0,26.0,48.5,85.0,36.5,0.0,,0.0,46.0,0.0,0.0,31.0,0.0,0.0,0.0,0.0,0.0,0.0,,,,38345.5,2,3.0,11.0,3.0,1.5,5.5,1.5,8.0,0,0,2.0,4.0,,,,,,,32,64,161,2.5,0.782608695652174,large,0,0.0,0.0,0.0,0,32,64,161,2.5,0.782608695652174,large,1482.993234906853,0.0,9,1.0,0.0,2.0,2.0,4.0,-2.0,0.1111111111111111,-0.2222222222222222,0.2222222222222222,0.4444444444444444,9.0,3.0,0.6,3.0,1.0,0.3333333333333333,0.0,0.0,,1.0,0.0,1.0,0.0,1.0,,,41467.88888888889,2,1.0,2.0,4.0,0.5,1.0,2.0,-2.0,1,0,1.0,1.0,,0.0,0.0,0.0,1.0,0.0,32,64,161,2.5,0.782608695652174,large,0,0.0,0.0,1.0,0,32,64,161,2.5,0.782608695652174,large,1535.599754933479,0.0,25.88888888888889,99.0,-0.6,84.77777777777777,36.05555555555556,1.0,10.0,-52.60652002662573,HomeWin,1,13,1,13,0,1,-12
2002,2002-06-13,WC-2002,2002 FIFA World Cup,Mexico v Italy,Group stage,Mexico,Italy,MEX,ITA,1.0,1.0,1-1,draw,0.0,0.0,yes,no,no,0-0,?ita Stadium,S-089,?ita Stadium,?ita,"Korea Republic, Japan",0.0,39291.0,20:30,,,532,32,64,161,2.5,0.782608695652174,large,33,6.0,0.0,4.0,13.0,8.0,5.0,0.1818181818181818,0.1515151515151515,0.3939393939393939,0.2424242424242424,8.0,2.0,0.4,6.0,1.0,0.1666666666666666,4.0,0.0,0.0,1.0,1.0,1.0,0.0,1.0,0.0,1.0,44711.42424242424,2,1.0,2.0,3.0,0.5,1.0,1.5,-1.0,11,1,0.0,-1.0,0.0,,,,,,32,64,161,2.5,0.782608695652174,large,0,0.0,0.0,0.0,0,32,64,161,2.5,0.782608695652174,large,1472.097123152985,0.0,58,8.0,9.0,17.0,39.0,66.0,-27.0,0.1379310344827586,-0.4655172413793103,0.6724137931034483,1.137931034482759,12.0,4.0,0.8,28.0,2.0,0.0714285714285714,6.0,0.0,0.0,1.0,2.0,1.0,1.0,1.0,0.5,0.5,48552.357142857145,2,2.0,4.0,2.0,1.0,2.0,1.0,2.0,14,1,0.0,0.0,0.0,1.0,3.0,5.0,6.0,0.0,32,64,161,2.5,0.782608695652174,large,1,3.0,5.0,6.0,0,32,64,161,2.5,0.782608695652174,large,1636.9916912529518,0.0,0.0438871473354232,32.0,-0.4,-0.2784743991640543,-0.8955067920585162,-0.5,-3.0,-164.89456809996682,Draw,38,95,34,81,8,6,-57
2002,2002-06-13,WC-2002,2002 FIFA World Cup,Turkey v China,Group stage,Turkey,China,TUR,CHN,3.0,0.0,3-0,home team win,1.0,0.0,no,no,no,0-0,Seoul World Cup Stadium,S-144,Seoul World Cup Stadium,Seoul,South Korea,0.0,,15:30,,,533,32,64,161,2.5,0.782608695652174,large,3,34.0,13.0,12.0,92.0,56.0,36.0,11.333333333333334,12.0,30.666666666666668,18.666666666666668,4.0,3.0,0.3333333333333333,38.0,2.0,0.0526315789473684,21.0,0.0,0.0,2.0,2.0,1.0,1.0,0.5,0.5,0.0,,2,1.0,4.0,3.0,0.5,2.0,1.5,1.0,1,0,0.0,0.0,,0.0,0.0,0.0,0.0,0.0,32,64,161,2.5,0.782608695652174,large,0,0.0,0.0,0.0,0,32,64,161,2.5,0.782608695652174,large,1504.6814556053282,0.0,2,2.0,1.0,1.0,12.0,3.0,9.0,1.0,4.5,6.0,1.5,0.0,4.0,0.0,4.0,3.0,0.75,0.0,0.0,,2.0,3.0,1.0,2.0,0.5,0.6666666666666666,-0.1666666666666666,,2,1.0,5.0,3.0,0.5,2.5,1.5,2.0,0,0,1.0,3.0,,,,,,,32,64,161,2.5,0.782608695652174,large,0,0.0,0.0,0.0,0,32,64,161,2.5,0.782608695652174,large,1485.3397724402646,,10.333333333333334,27.0,0.3333333333333333,24.666666666666668,17.166666666666668,0.0,-1.0,19.341683165063618,HomeWin,9,0,6,0,0,0,9
2002,2002-06-14,WC-2002,2002 FIFA World Cup,Belgium v Russia,Group stage,Belgium,Russia,BEL,RUS,3.0,2.0,3-2,home team win,1.0,0.0,no,no,no,0-0,Shizuoka Stadium ECOPA,S-093,Shizuoka Stadium ECOPA,Shizuoka,"Korea Republic, Japan",0.0,46640.0,15:30,,,534,32,64,161,2.5,0.782608695652174,large,32,0.0,0.0,3.0,0.0,9.0,-9.0,0.0,-0.28125,0.0,0.28125,5.0,2.0,0.0,3.0,4.0,1.3333333333333333,0.0,0.0,,3.0,3.0,2.0,2.0,0.6666666666666666,0.6666666666666666,0.0,47197.53125,2,0.0,0.0,9.0,0.0,0.0,4.5,-9.0,10,3,0.0,-3.0,0.0,0.0,0.0,0.0,0.0,0.0,32,64,161,2.5,0.782608695652174,large,0,0.0,0.0,0.0,0,32,64,161,2.5,0.782608695652174,large,1478.9110971736536,0.0,33,10.0,9.0,14.0,43.0,55.0,-12.0,0.303030303030303,-0.3636363636363636,1.303030303030303,1.6666666666666667,6.0,1.0,0.4,26.0,4.0,0.1538461538461538,7.0,0.0,0.0,4.0,3.0,2.0,2.0,0.5,0.6666666666666666,-0.1666666666666666,44041.1875,2,1.0,6.0,5.0,0.5,3.0,2.5,1.0,8,3,2.0,-2.0,0.6666666666666666,,,,,,32,64,161,2.5,0.782608695652174,large,0,0.0,0.0,0.0,0,32,64,161,2.5,0.782608695652174,large,1536.567755773213,0.0,-0.303030303030303,3.0,-0.4,-1.303030303030303,-1.3854166666666667,-0.5,-10.0,-57.656658599559705,HomeWin,35,9,31,5,2,3,26
2002,2002-06-14,WC-2002,2002 FIFA World Cup,Poland v United States,Group stage,Poland,United States,POL,USA,3.0,1.0,3-1,home team win,1.0,0.0,no,no,no,0-0,Daejeon World Cup Stadium,S-139,Daejeon World Cup Stadium,Daejeon,"Korea Republic, Japan",0.0,26482.0,20:30,,,535,32,64,161,2.5,0.782608695652174,large,23,17.0,5.0,12.0,63.0,41.0,22.0,0.7391304347826086,0.9565217391304348,2.739130434782609,1.7826086956521738,3.0,-4.0,0.2,29.0,4.0,0.1379310344827586,5.0,0.0,0.0,5.0,3.0,2.0,2.0,0.4,0.6666666666666666,-0.2666666666666666,36427.565217391304,2,1.0,4.0,4.0,0.5,2.0,2.0,0.0,5,0,2.0,2.0,,0.0,0.0,0.0,2.0,0.0,32,64,161,2.5,0.782608695652174,large,0,0.0,0.0,2.0,0,32,64,161,2.5,0.782608695652174,large,1527.9995853817366,0.0,18,13.0,3.0,8.0,41.0,35.0,6.0,0.7222222222222222,0.3333333333333333,2.2777777777777777,1.9444444444444444,4.0,-4.0,0.2,19.0,4.0,0.2105263157894736,5.0,0.0,0.0,5.0,4.0,2.0,2.0,0.4,0.5,-0.0999999999999999,44530.875,2,1.0,3.0,7.0,0.5,1.5,3.5,-4.0,6,0,1.0,2.0,,0.0,0.0,0.0,1.0,0.0,32,64,161,2.5,0.782608695652174,large,0,0.0,0.0,1.0,0,32,64,161,2.5,0.782608695652174,large,1450.9040094840643,0.0,0.0169082125603864,16.0,0.0,0.4613526570048312,-0.1618357487922705,0.0,4.0,77.09557589767223,HomeWin,38,22,28,20,2,1,16
2002,2002-06-15,WC-2002,2002 FIFA World Cup,Denmark v England,Round of 16,Denmark,England,DNK,ENG,0.0,3.0,0-3,away team win,0.0,1.0,no,no,no,0-0,Niigata Stadium,S-088,Niigata Stadium,Niigata,"Korea Republic, Japan",0.0,40582.0,20:30,,,536,32,64,161,2.5,0.782608695652174,large,11,5.0,2.0,12.0,23.0,43.0,-20.0,0.4545454545454545,-1.818181818181818,2.090909090909091,3.909090909090909,10.0,-6.0,0.6,14.0,4.0,0.2857142857142857,5.0,0.0,0.0,5.0,5.0,2.0,2.0,0.4,0.4,0.0,40177.90909090909,3,1.0,5.0,6.0,0.3333333333333333,1.6666666666666667,2.0,-1.0,2,0,0.0,-2.0,,,,,,,32,64,161,2.5,0.782608695652174,large,0,0.0,0.0,0.0,0,32,64,161,2.5,0.782608695652174,large,1534.055079213614,0.0,42,6.0,2.0,4.0,22.0,18.0,4.0,0.1428571428571428,0.0952380952380952,0.5238095238095238,0.4285714285714285,9.0,-7.0,0.4,8.0,4.0,0.5,4.0,0.0,0.0,6.0,5.0,2.0,2.0,0.3333333333333333,0.4,-0.0666666666666667,45737.92857142857,3,2.0,5.0,5.0,0.6666666666666666,1.6666666666666667,1.6666666666666667,0.0,10,0,0.0,-3.0,,1.0,1.0,1.0,1.0,0.0,32,64,161,2.5,0.782608695652174,large,1,1.0,1.0,1.0,0,32,64,161,2.5,0.782608695652174,large,1566.07327461139,0.0,0.3116883116883117,-24.0,0.1999999999999999,1.567099567099567,3.480519480519481,-0.3333333333333333,-1.0,-32.018195397776026,AwayWin,22,50,19,42,3,5,-28
2002,2002-06-15,WC-2002,2002 FIFA World Cup,Germany v Paraguay,Round of 16,Germany,Paraguay,DEU,PRY,1.0,0.0,1-0,home team win,1.0,0.0,no,no,no,0-0,Jeju World Cup Stadium,S-143,Jeju World Cup Stadium,Seogwipo,"Korea Republic, Japan",0.0,25176.0,15:30,,,537,32,64,161,2.5,0.782608695652174,large,19,19.0,13.0,11.0,55.0,35.0,20.0,1.0,1.0526315789473684,2.8947368421052633,1.8421052631578947,10.0,-6.0,0.6,30.0,4.0,0.1333333333333333,13.0,0.0,0.0,6.0,6.0,2.0,2.0,0.3333333333333333,0.3333333333333333,0.0,37641.64705882353,3,2.0,5.0,1.0,0.6666666666666666,1.6666666666666667,0.3333333333333333,4.0,4,0,1.0,3.0,,0.0,0.0,0.0,1.0,0.0,32,64,161,2.5,0.782608695652174,large,0,0.0,0.0,1.0,0,32,64,161,2.5,0.782608695652174,large,1552.3235270765354,0.0,18,12.0,4.0,4.0,43.0,27.0,16.0,0.6666666666666666,0.8888888888888888,2.388888888888889,1.5,7.0,-4.0,0.4,9.0,4.0,0.4444444444444444,11.0,0.0,0.0,6.0,7.0,2.0,2.0,0.3333333333333333,0.2857142857142857,0.0476190476190476,31491.444444444445,3,3.0,12.0,1.0,1.0,4.0,0.3333333333333333,11.0,5,0,1.0,1.0,,,,,,,32,64,161,2.5,0.782608695652174,large,0,0.0,0.0,0.0,0,32,64,161,2.5,0.782608695652174,large,1494.846149121158,0.0,0.3333333333333333,4.0,0.1999999999999999,0.5058479532163744,0.3421052631578947,-0.3333333333333333,-7.0,57.47737795537728,HomeWin,45,25,37,22,1,1,20
2002,2002-06-16,WC-2002,2002 FIFA World Cup,Spain v Republic of Ireland,Round of 16,Spain,Republic of Ireland,ESP,IRL,1.0,1.0,1-1,home team win,1.0,0.0,no,yes,yes,3-2,Suwon World Cup Stadium,S-145,Suwon World Cup Stadium,Suwon,"Korea Republic, Japan",0.0,38926.0,20:30,,Spain won on penalty kicks following extra time,538,32,64,161,2.5,0.782608695652174,large,41,5.0,7.0,7.0,25.0,34.0,-9.0,0.1219512195121951,-0.2195121951219512,0.6097560975609756,0.8292682926829268,13.0,-3.0,0.8,14.0,4.0,0.2857142857142857,5.0,0.0,0.0,7.0,7.0,2.0,2.0,0.2857142857142857,0.2857142857142857,0.0,40472.675,3,1.0,6.0,7.0,0.3333333333333333,2.0,2.3333333333333335,-1.0,10,0,0.0,-1.0,,0.0,0.0,0.0,0.0,0.0,32,64,161,2.5,0.782608695652174,large,0,0.0,0.0,0.0,0,32,64,161,2.5,0.782608695652174,large,1559.340700530456,0.0,11,19.0,11.0,12.0,69.0,49.0,20.0,1.7272727272727273,1.818181818181818,6.2727272727272725,4.454545454545454,6.0,-2.0,0.2,27.0,4.0,0.1481481481481481,15.0,0.0,0.0,7.0,8.0,2.0,2.0,0.2857142857142857,0.25,0.0357142857142857,48942.90909090909,3,3.0,10.0,5.0,1.0,3.3333333333333335,1.6666666666666667,5.0,2,0,0.0,0.0,,,,,,,32,64,161,2.5,0.782608695652174,large,0,0.0,0.0,0.0,0,32,64,161,2.5,0.782608695652174,large,1503.13560056857,0.0,-1.6053215077605325,-29.0,0.6000000000000001,-5.662971175166297,-3.625277161862527,-0.6666666666666667,-6.0,56.205099961885935,Draw,69,9,57,9,11,0,60
2002,2002-06-16,WC-2002,2002 FIFA World Cup,Sweden v Senegal,Round of 16,Sweden,Senegal,SWE,SEN,1.0,2.0,1-2,away team win,0.0,1.0,no,yes,no,0-0,?ita Stadium,S-089,?ita Stadium,?ita,"Korea Republic, Japan",0.0,39747.0,15:30,,Required Extra Time,539,32,64,161,2.5,0.782608695652174,large,37,2.0,8.0,2.0,10.0,9.0,1.0,0.054054054054054,0.027027027027027,0.2702702702702703,0.2432432432432432,8.0,-1.0,0.4,9.0,5.0,0.5555555555555556,3.0,0.0,0.0,8.0,8.0,3.0,2.0,0.375,0.25,0.125,41592.37837837838,3,1.0,6.0,3.0,0.3333333333333333,2.0,1.0,3.0,9,0,0.0,0.0,,0.0,0.0,1.0,3.0,0.0,32,64,161,2.5,0.782608695652174,large,0,0.0,1.0,3.0,0,32,64,161,2.5,0.782608695652174,large,1527.546839564758,0.0,3,14.0,10.0,14.0,63.0,54.0,9.0,4.666666666666667,3.0,21.0,18.0,5.0,-1.0,0.3333333333333333,22.0,5.0,0.2272727272727272,16.0,0.0,0.0,9.0,8.0,3.0,2.0,0.3333333333333333,0.25,0.0833333333333333,46580.666666666664,3,1.0,5.0,5.0,0.3333333333333333,1.6666666666666667,1.6666666666666667,0.0,0,0,0.0,-1.0,,,,,,,32,64,161,2.5,0.782608695652174,large,0,0.0,0.0,0.0,0,32,64,161,2.5,0.782608695652174,large,1511.6336356787956,0.0,-4.612612612612613,-8.0,0.0666666666666667,-20.72972972972973,-17.756756756756758,0.0,3.0,15.913203885962275,AwayWin,60,5,48,4,4,1,55
2002,2002-06-17,WC-2002,2002 FIFA World Cup,Brazil v Belgium,Round of 16,Brazil,Belgium,BRA,BEL,2.0,0.0,2-0,home team win,1.0,0.0,no,no,no,0-0,Kobe Wing Stadium,S-086,Kobe Wing Stadium,Kobe,"Korea Republic, Japan",0.0,40440.0,20:30,,,540,32,64,161,2.5,0.782608695652174,large,77,2.0,2.0,0.0,7.0,5.0,2.0,0.0259740259740259,0.0259740259740259,0.0909090909090909,0.0649350649350649,13.0,-2.0,0.8,3.0,5.0,1.6666666666666667,1.0,0.0,0.0,9.0,9.0,3.0,2.0,0.3333333333333333,0.2222222222222222,0.1111111111111111,53386.18918918919,3,2.0,7.0,5.0,0.6666666666666666,2.3333333333333335,1.6666666666666667,2.0,16,0,1.0,1.0,,1.0,4.0,6.0,8.0,0.0,32,64,161,2.5,0.782608695652174,large,1,4.0,6.0,8.0,0,32,64,161,2.5,0.782608695652174,large,1703.3967562596042,0.0,33,53.0,13.0,12.0,172.0,73.0,99.0,1.606060606060606,3.0,5.212121212121212,2.212121212121212,7.0,-4.0,0.2,46.0,5.0,0.108695652173913,32.0,0.0,0.0,9.0,10.0,3.0,2.0,0.3333333333333333,0.2,0.1333333333333333,47180.63636363636,3,4.0,13.0,3.0,1.3333333333333333,4.333333333333333,1.0,10.0,10,0,1.0,2.0,,0.0,0.0,0.0,0.0,0.0,32,64,161,2.5,0.782608695652174,large,0,0.0,0.0,0.0,0,32,64,161,2.5,0.782608695652174,large,1490.5555215049903,0.0,-1.58008658008658,-97.0,0.6000000000000001,-5.121212121212121,-2.147186147186147,-0.6666666666666666,-8.0,212.84123475461388,HomeWin,173,38,139,34,8,2,135
2002,2002-06-17,WC-2002,2002 FIFA World Cup,Mexico v United States,Round of 16,Mexico,United States,MEX,USA,0.0,2.0,0-2,away team win,0.0,1.0,no,no,no,0-0,Jeonju World Cup Stadium,S-142,Jeonju World Cup Stadium,Jeonju,"Korea Republic, Japan",0.0,36380.0,15:30,,,541,32,64,161,2.5,0.782608695652174,large,34,10.0,9.0,15.0,43.0,57.0,-14.0,0.2941176470588235,-0.4117647058823529,1.2647058823529411,1.6764705882352942,8.0,-2.0,0.4,26.0,6.0,0.2307692307692307,8.0,0.0,0.0,10.0,10.0,4.0,2.0,0.4,0.2,0.2,44552.0,3,1.0,6.0,7.0,0.3333333333333333,2.0,2.3333333333333335,-1.0,11,0,0.0,-2.0,,,,,,,32,64,161,2.5,0.782608695652174,large,0,0.0,0.0,0.0,0,32,64,161,2.5,0.782608695652174,large,1476.5162463817635,0.0,19,8.0,9.0,18.0,39.0,68.0,-29.0,0.4210526315789473,-1.5263157894736843,2.0526315789473686,3.5789473684210527,4.0,,0.2,28.0,0.0,0.0,7.0,0.0,0.0,0.0,0.0,0.0,0.0,,,,43469.17647058824,3,2.0,4.0,4.0,0.6666666666666666,1.3333333333333333,1.3333333333333333,0.0,6,0,0.0,-2.0,,0.0,0.0,0.0,1.0,0.0,32,64,161,2.5,0.782608695652174,large,0,0.0,0.0,1.0,0,32,64,161,2.5,0.782608695652174,large,1443.0872814786094,0.0,-0.1269349845201238,15.0,0.2,-0.7879256965944275,-1.9024767801857585,-0.3333333333333333,-1.0,33.42896490315411,AwayWin,39,23,35,21,8,1,16
2002,2002-06-18,WC-2002,2002 FIFA World Cup,Japan v Turkey,Round of 16,Japan,Turkey,JPN,TUR,0.0,1.0,0-1,away team win,0.0,1.0,no,no,no,0-0,Miyagi Stadium,S-087,Miyagi Stadium,Miyagi,Japan,1.0,,15:30,,,542,32,64,161,2.5,0.782608695652174,large,5,6.0,2.0,12.0,25.0,43.0,-18.0,1.2,-3.6,5.0,8.6,4.0,-3.0,0.2,14.0,0.0,0.0,6.0,0.0,0.0,0.0,1.0,0.0,0.0,,0.0,,45892.8,2,2.0,7.0,6.0,1.0,3.5,3.0,1.0,1,0,1.0,2.0,,,,,,,32,64,161,2.5,0.782608695652174,large,0,0.0,0.0,0.0,0,32,64,161,2.5,0.782608695652174,large,1484.9484417127155,0.0,4,1.0,1.0,4.0,4.0,7.0,-3.0,0.25,-0.75,1.0,1.75,7.0,-2.0,0.5,5.0,1.0,0.2,1.0,0.0,0.0,1.0,1.0,1.0,0.0,1.0,0.0,1.0,,3,1.0,3.0,3.0,0.3333333333333333,1.0,1.0,0.0,1,0,0.0,-1.0,,0.0,0.0,0.0,0.0,0.0,32,64,161,2.5,0.782608695652174,large,0,0.0,0.0,0.0,0,32,64,161,2.5,0.782608695652174,large,1514.1253315954352,0.0,0.95,-15.0,-0.3,4.0,6.85,0.6666666666666667,1.0,-29.17688988271948,AwayWin,4,12,4,9,0,0,-8
2002,2002-06-18,WC-2002,2002 FIFA World Cup,South Korea v Italy,Round of 16,South Korea,Italy,KOR,ITA,2.0,1.0,2-1,home team win,1.0,0.0,no,yes,no,0-0,Daejeon World Cup Stadium,S-139,Daejeon World Cup Stadium,Daejeon,"Korea Republic, Japan",1.0,38588.0,20:30,,Required Extra Time,543,32,64,161,2.5,0.782608695652174,large,16,3.0,1.0,1.0,13.0,3.0,10.0,0.1875,0.625,0.8125,0.1875,5.0,-4.0,0.2,4.0,1.0,0.25,1.0,0.0,0.0,1.0,2.0,1.0,0.0,1.0,0.0,1.0,43759.86666666667,2,2.0,6.0,3.0,1.0,3.0,1.5,3.0,5,1,1.0,1.0,1.0,,,,,,32,64,161,2.5,0.782608695652174,large,0,0.0,0.0,0.0,0,32,64,161,2.5,0.782608695652174,large,1432.8657018174813,0.0,59,2.0,5.0,10.0,16.0,45.0,-29.0,0.0338983050847457,-0.4915254237288136,0.2711864406779661,0.7627118644067796,10.0,-5.0,0.6,16.0,1.0,0.0625,1.0,0.0,0.0,1.0,3.0,1.0,0.0,1.0,0.0,1.0,48389.87719298246,3,2.0,5.0,2.0,0.6666666666666666,1.6666666666666667,0.6666666666666666,3.0,14,1,1.0,0.0,1.0,1.0,3.0,5.0,6.0,0.0,32,64,161,2.5,0.782608695652174,large,1,3.0,5.0,6.0,0,32,64,161,2.5,0.782608695652174,large,1632.5725680241733,0.0,0.1536016949152542,39.0,-0.3999999999999999,0.541313559322034,-0.5752118644067796,0.3333333333333333,0.0,-199.706866206692,HomeWin,14,96,14,82,0,6,-82
2002,2002-06-21,WC-2002,2002 FIFA World Cup,England v Brazil,Quarter-finals,England,Brazil,ENG,BRA,1.0,2.0,1-2,away team win,0.0,1.0,no,no,no,0-0,Shizuoka Stadium ECOPA,S-093,Shizuoka Stadium ECOPA,Shizuoka,"Korea Republic, Japan",0.0,47436.0,15:30,,,544,32,64,161,2.5,0.782608695652174,large,43,34.0,13.0,13.0,93.0,58.0,35.0,0.7906976744186046,0.813953488372093,2.1627906976744184,1.3488372093023255,9.0,-12.0,0.4,38.0,1.0,0.0263157894736842,22.0,0.0,0.0,1.0,4.0,1.0,0.0,1.0,0.0,1.0,45618.023255813954,4,1.0,5.0,5.0,0.25,1.25,1.25,0.0,10,3,1.0,0.0,0.3333333333333333,1.0,1.0,1.0,1.0,0.0,32,64,161,2.5,0.782608695652174,large,1,1.0,1.0,1.0,0,32,64,161,2.5,0.782608695652174,large,1575.1543168702424,0.0,78,19.0,13.0,12.0,56.0,37.0,19.0,0.2435897435897435,0.2435897435897435,0.717948717948718,0.4743589743589743,13.0,,0.8,30.0,0.0,0.0,14.0,0.0,0.0,0.0,0.0,0.0,0.0,,,,53213.573333333334,4,2.0,6.0,3.0,0.5,1.5,0.75,3.0,16,3,0.0,-4.0,0.0,1.0,4.0,6.0,8.0,0.0,32,64,161,2.5,0.782608695652174,large,1,4.0,6.0,8.0,0,32,64,161,2.5,0.782608695652174,large,1707.9371647525952,0.0,0.547107930828861,16.0,-0.4,1.4448419797257004,0.8744782349433512,-0.25,-3.0,-132.78284788235285,AwayWin,53,175,45,141,5,8,-122
2002,2002-06-21,WC-2002,2002 FIFA World Cup,Germany v United States,Quarter-finals,Germany,United States,DEU,USA,1.0,0.0,1-0,home team win,1.0,0.0,no,no,no,0-0,Ulsan Munsu Football Stadium,S-146,Ulsan Munsu Football Stadium,Ulsan,"Korea Republic, Japan",0.0,37337.0,20:30,,,545,32,64,161,2.5,0.782608695652174,large,20,54.0,13.0,12.0,174.0,74.0,100.0,2.7,5.0,8.7,3.7,10.0,1.0,0.6,46.0,1.0,0.0217391304347826,33.0,0.0,0.0,1.0,0.0,1.0,0.0,1.0,,,36949.11111111111,4,5.0,15.0,4.0,1.25,3.75,1.0,11.0,4,1,3.0,4.0,3.0,0.0,0.0,0.0,1.0,0.0,32,64,161,2.5,0.782608695652174,large,0,0.0,0.0,1.0,0,32,64,161,2.5,0.782608695652174,large,1560.6841237463395,0.0,20,13.0,4.0,4.0,44.0,27.0,17.0,0.65,0.85,2.2,1.35,7.0,-1.0,0.4,9.0,1.0,0.1111111111111111,12.0,0.0,0.0,1.0,1.0,1.0,0.0,1.0,0.0,1.0,43075.333333333336,4,4.0,13.0,1.0,1.0,3.25,0.25,12.0,6,1,2.0,3.0,2.0,0.0,0.0,0.0,1.0,0.0,32,64,161,2.5,0.782608695652174,large,0,0.0,0.0,1.0,0,32,64,161,2.5,0.782608695652174,large,1454.0464862867568,0.0,2.0500000000000003,83.0,0.1999999999999999,6.499999999999999,2.35,0.25,-1.0,106.63763745958272,HomeWin,46,25,38,23,1,1,21
2002,2002-06-22,WC-2002,2002 FIFA World Cup,Senegal v Turkey,Quarter-finals,Senegal,Turkey,SEN,TUR,0.0,1.0,0-1,away team win,0.0,1.0,no,yes,no,0-0,Nagai Stadium,S-090,Nagai Stadium,Osaka,Japan,0.0,,20:30,,,546,32,64,161,2.5,0.782608695652174,large,4,6.0,2.0,13.0,25.0,44.0,-19.0,1.5,-4.75,6.25,11.0,8.0,0.0,0.5,14.0,2.0,0.1428571428571428,7.0,0.0,0.0,2.0,1.0,2.0,0.0,1.0,0.0,1.0,44872.25,4,2.0,7.0,7.0,0.5,1.75,1.75,0.0,0,0,0.0,-3.0,,,,,,,32,64,161,2.5,0.782608695652174,large,0,0.0,0.0,0.0,0,32,64,161,2.5,0.782608695652174,large,1522.0913344937442,0.0,5,2.0,2.0,1.0,7.0,6.0,1.0,0.4,0.2,1.4,1.2,10.0,-4.0,0.6,3.0,2.0,0.6666666666666666,2.0,0.0,0.0,2.0,2.0,2.0,0.0,1.0,0.0,1.0,,4,2.0,7.0,6.0,0.5,1.75,1.5,1.0,1,0,0.0,-1.0,,0.0,0.0,0.0,0.0,0.0,32,64,161,2.5,0.782608695652174,large,0,0.0,0.0,0.0,0,32,64,161,2.5,0.782608695652174,large,1523.2875217629569,0.0,1.1,-20.0,-0.0999999999999999,4.85,9.8,0.0,-1.0,-1.196187269212487,AwayWin,7,13,5,10,1,0,-6
2002,2002-06-26,WC-2002,2002 FIFA World Cup,Brazil v Turkey,Semi-finals,Brazil,Turkey,BRA,TUR,1.0,0.0,1-0,home team win,1.0,0.0,no,no,no,0-0,Saitama Stadium,S-091,Saitama Stadium,Saitama,Japan,0.0,,20:30,,,547,32,64,161,2.5,0.782608695652174,large,79,4.0,1.0,1.0,14.0,3.0,11.0,0.050632911392405,0.1392405063291139,0.1772151898734177,0.0379746835443038,15.0,-4.0,1.0,4.0,2.0,0.5,2.0,0.0,0.0,2.0,3.0,2.0,0.0,1.0,0.0,1.0,53137.55263157895,5,3.0,7.0,3.0,0.6,1.4,0.6,4.0,16,1,1.0,1.0,1.0,1.0,4.0,6.0,8.0,0.0,32,64,161,2.5,0.782608695652174,large,1,4.0,6.0,8.0,0,32,64,161,2.5,0.782608695652174,large,1714.2911751019003,0.0,6,55.0,13.0,12.0,175.0,74.0,101.0,9.166666666666666,16.833333333333332,29.166666666666668,12.333333333333334,10.0,-5.0,0.6,46.0,2.0,0.0434782608695652,34.0,0.0,0.0,2.0,4.0,2.0,0.0,1.0,0.0,1.0,,5,6.0,16.0,4.0,1.2,3.2,0.8,12.0,1,1,2.0,2.0,2.0,0.0,0.0,0.0,0.0,0.0,32,64,161,2.5,0.782608695652174,large,0,0.0,0.0,0.0,0,32,64,161,2.5,0.782608695652174,large,1533.2530928618105,0.0,-9.11603375527426,-90.0,0.4,-28.98945147679325,-12.29535864978903,-0.6,-8.0,181.03808224009003,HomeWin,177,14,143,11,8,0,163
2002,2002-06-29,WC-2002,2002 FIFA World Cup,South Korea v Turkey,Third place,South Korea,Turkey,KOR,TUR,2.0,3.0,2-3,away team win,0.0,1.0,no,no,no,0-0,Daegu World Cup Stadium,S-138,Daegu World Cup Stadium,Daegu,South Korea,1.0,,20:00,,,548,32,64,161,2.5,0.782608695652174,large,17,4.0,1.0,2.0,14.0,4.0,10.0,0.2352941176470588,0.5882352941176471,0.8235294117647058,0.2352941176470588,8.0,-2.0,0.4,4.0,3.0,0.75,3.0,0.0,0.0,2.0,5.0,2.0,1.0,1.0,0.2,0.8,43436.625,3,3.0,7.0,4.0,1.0,2.3333333333333335,1.3333333333333333,3.0,5,1,0.0,-2.0,0.0,,,,,,32,64,161,2.5,0.782608695652174,large,0,0.0,0.0,0.0,0,32,64,161,2.5,0.782608695652174,large,1448.0544775263,0.0,7,2.0,5.0,11.0,18.0,48.0,-30.0,0.2857142857142857,-4.285714285714286,2.5714285714285716,6.857142857142857,10.0,-3.0,0.6,16.0,3.0,0.1875,2.0,0.0,0.0,2.0,6.0,2.0,1.0,1.0,0.1666666666666666,0.8333333333333334,,6,2.0,7.0,5.0,0.3333333333333333,1.1666666666666667,0.8333333333333334,2.0,1,1,0.0,-8.0,0.0,0.0,0.0,0.0,0.0,0.0,32,64,161,2.5,0.782608695652174,large,0,0.0,0.0,0.0,0,32,64,161,2.5,0.782608695652174,large,1528.0383430933068,0.0,-0.0504201680672268,40.0,-0.1999999999999999,-1.7478991596638658,-6.621848739495798,0.6666666666666667,1.0,-79.98386556700689,AwayWin,16,15,16,12,0,0,1
2002,2002-06-30,WC-2002,2002 FIFA World Cup,Germany v Brazil,Final,Germany,Brazil,DEU,BRA,0.0,2.0,0-2,away team win,0.0,1.0,no,no,no,0-0,International Stadium Yokohama,S-094,International Stadium Yokohama,Yokohama,"Korea Republic, Japan",0.0,69029.0,20:00,,,549,32,64,161,2.5,0.782608695652174,large,21,5.0,1.0,2.0,17.0,6.0,11.0,0.238095238095238,0.5238095238095238,0.8095238095238095,0.2857142857142857,13.0,-2.0,0.8,4.0,3.0,0.75,4.0,0.0,0.0,2.0,7.0,2.0,1.0,1.0,0.1428571428571428,0.8571428571428572,36969.52631578947,5,4.0,10.0,6.0,0.8,2.0,1.2,4.0,4,0,2.0,8.0,,0.0,0.0,0.0,1.0,0.0,32,64,161,2.5,0.782608695652174,large,0,0.0,0.0,1.0,0,32,64,161,2.5,0.782608695652174,large,1567.7077275287804,0.0,80,13.0,4.0,5.0,44.0,29.0,15.0,0.1625,0.1875,0.55,0.3625,15.0,-2.0,1.0,9.0,3.0,0.3333333333333333,13.0,0.0,0.0,2.0,8.0,2.0,1.0,1.0,0.125,0.875,53137.55263157895,6,4.0,13.0,3.0,0.6666666666666666,2.1666666666666665,0.5,10.0,16,0,0.0,-2.0,,1.0,4.0,6.0,8.0,0.0,32,64,161,2.5,0.782608695652174,large,1,4.0,6.0,8.0,0,32,64,161,2.5,0.782608695652174,large,1719.5059248704042,0.0,0.075595238095238,-4.0,-0.1999999999999999,0.2595238095238095,-0.0767857142857142,0.1333333333333334,-6.0,-151.7981973416238,AwayWin,47,180,39,145,1,9,-133
2006,2006-06-09,WC-2006,2006 FIFA World Cup,Germany v Costa Rica,Group stage,Germany,Costa Rica,DEU,CRI,4.0,2.0,4-2,home team win,1.0,0.0,no,no,no,0-0,Allianz Arena,S-064,Allianz Arena,Munich,Germany,1.0,64950.0,18:00,,,550,32,64,147,2.3,0.8260869565217391,large,22,56.0,13.0,12.0,177.0,74.0,103.0,2.5454545454545454,4.681818181818182,8.045454545454545,3.363636363636364,10.0,-3.0,0.6,46.0,3.0,0.0652173913043478,35.0,0.0,0.0,3.0,8.0,2.0,1.0,0.6666666666666666,0.125,0.5416666666666666,38572.5,0,7.0,18.0,4.0,,,,14.0,5,0,1.0,2.0,,0.0,0.0,1.0,2.0,0.0,32,64,147,2.3,0.8260869565217391,large,0,0.0,1.0,2.0,0,32,64,147,2.3,0.8260869565217391,large,1561.8185290629528,0.0,7,14.0,4.0,5.0,48.0,31.0,17.0,2.0,2.4285714285714284,6.857142857142857,4.428571428571429,7.0,,0.4,10.0,0.0,0.0,13.0,0.0,0.0,0.0,0.0,0.0,0.0,,,,41058.8,0,1.0,4.0,2.0,,,,2.0,2,0,1.0,2.0,,,,,,,32,64,147,2.3,0.8260869565217391,large,0,0.0,0.0,0.0,0,32,64,147,2.3,0.8260869565217391,large,1507.093014822938,0.0,0.5454545454545454,86.0,0.1999999999999999,1.1883116883116882,-1.064935064935065,,12.0,54.72551424001472,HomeWin,47,9,39,9,1,0,38
2006,2006-06-09,WC-2006,2006 FIFA World Cup,Poland v Ecuador,Group stage,Poland,Ecuador,POL,ECU,0.0,2.0,0-2,away team win,0.0,1.0,no,no,no,0-0,Arena AufShalke,S-058,Arena AufShalke,Gelsenkirchen,Germany,0.0,52000.0,21:00,,,551,32,64,147,2.3,0.8260869565217391,large,24,3.0,1.0,4.0,11.0,16.0,-5.0,0.125,-0.2083333333333333,0.4583333333333333,0.6666666666666666,3.0,-1.0,0.2,7.0,0.0,0.0,1.0,0.0,0.0,0.0,1.0,0.0,0.0,,0.0,,36013.166666666664,0,0.0,2.0,4.0,,,,-2.0,6,0,0.0,-2.0,,0.0,0.0,0.0,2.0,0.0,32,64,147,2.3,0.8260869565217391,large,0,0.0,0.0,2.0,0,32,64,147,2.3,0.8260869565217391,large,1535.8163133871917,0.0,3,13.0,3.0,9.0,41.0,37.0,4.0,4.333333333333333,1.3333333333333333,13.666666666666666,12.333333333333334,3.0,0.0,0.3333333333333333,20.0,1.0,0.05,5.0,0.0,0.0,1.0,1.0,1.0,0.0,1.0,0.0,1.0,47517.666666666664,0,0.0,0.0,2.0,,,,-2.0,1,0,0.0,-2.0,,,,,,,32,64,147,2.3,0.8260869565217391,large,0,0.0,0.0,0.0,0,32,64,147,2.3,0.8260869565217391,large,1494.4959063054866,0.0,-4.208333333333333,-9.0,-0.1333333333333333,-13.208333333333332,-11.666666666666668,,0.0,41.32040708170484,AwayWin,41,2,31,2,2,0,39
2006,2006-06-10,WC-2006,2006 FIFA World Cup,Argentina v Ivory Coast,Group stage,Argentina,Ivory Coast,ARG,CIV,2.0,1.0,2-1,home team win,1.0,0.0,no,no,no,0-0,Volksparkstadion,S-060,Volksparkstadion,Hamburg,Germany,0.0,,21:00,,,552,32,64,147,2.3,0.8260869565217391,large,54,2.0,0.0,2.0,4.0,4.0,0.0,0.037037037037037,0.0,0.074074074074074,0.074074074074074,5.0,-1.0,0.2,4.0,1.0,0.25,0.0,0.0,,1.0,2.0,1.0,0.0,1.0,0.0,1.0,48406.03846153846,0,1.0,2.0,0.0,,,,2.0,13,0,1.0,2.0,,1.0,2.0,4.0,4.0,0.0,32,64,147,2.3,0.8260869565217391,large,1,2.0,4.0,4.0,0,32,64,147,2.3,0.8260869565217391,large,1579.564239739523,0.0,0,30.0,8.0,17.0,99.0,65.0,34.0,,,,,,-1.0,,43.0,1.0,0.0232558139534883,12.0,0.0,0.0,1.0,3.0,1.0,0.0,1.0,0.0,1.0,,0,1.0,2.0,1.0,,,,1.0,0,0,1.0,1.0,,,,,,,32,64,147,2.3,0.8260869565217391,large,0,0.0,0.0,0.0,0,32,64,147,2.3,0.8260869565217391,large,1500.0,0.0,,-34.0,,,,,1.0,79.56423973952292,HomeWin,95,0,73,0,8,0,95
2006,2006-06-10,WC-2006,2006 FIFA World Cup,England v Paraguay,Group stage,England,Paraguay,ENG,PRY,1.0,0.0,1-0,home team win,1.0,0.0,no,no,no,0-0,Waldstadion,S-057,Waldstadion,Frankfurt,Germany,0.0,48000.0,15:00,,,553,32,64,147,2.3,0.8260869565217391,large,44,0.0,0.0,1.0,1.0,2.0,-1.0,0.0,-0.0227272727272727,0.0227272727272727,0.0454545454545454,8.0,-1.0,0.4,1.0,1.0,1.0,0.0,0.0,,1.0,4.0,1.0,0.0,1.0,0.0,1.0,45659.34090909091,0,0.0,1.0,2.0,,,,-1.0,11,1,0.0,-1.0,0.0,1.0,1.0,1.0,1.0,0.0,32,64,147,2.3,0.8260869565217391,large,1,1.0,1.0,1.0,0,32,64,147,2.3,0.8260869565217391,large,1568.800306520937,0.0,19,20.0,13.0,12.0,57.0,37.0,20.0,1.0526315789473684,1.0526315789473684,3.0,1.9473684210526316,4.0,0.0,0.2,31.0,1.0,0.032258064516129,14.0,0.0,0.0,1.0,5.0,1.0,0.0,1.0,0.0,1.0,31159.052631578947,0,1.0,1.0,0.0,,,,1.0,6,1,2.0,4.0,2.0,,,,,,32,64,147,2.3,0.8260869565217391,large,0,0.0,0.0,0.0,0,32,64,147,2.3,0.8260869565217391,large,1486.485552451354,0.0,-1.0526315789473684,-21.0,0.2,-2.977272727272727,-1.9019138755980864,,-2.0,82.31475406958316,HomeWin,54,25,46,22,5,1,29
2006,2006-06-10,WC-2006,2006 FIFA World Cup,Trinidad and Tobago v Sweden,Group stage,Trinidad and Tobago,Sweden,TTO,SWE,0.0,0.0,0-0,draw,0.0,0.0,yes,no,no,0-0,Westfalenstadion,S-055,Westfalenstadion,Dortmund,Germany,0.0,62959.0,18:00,,,554,32,64,147,2.3,0.8260869565217391,large,0,5.0,7.0,8.0,25.0,35.0,-10.0,,,,,,0.0,,15.0,2.0,0.1333333333333333,5.0,0.0,0.0,1.0,6.0,1.0,1.0,1.0,0.1666666666666666,0.8333333333333334,,0,0.0,0.0,1.0,,,,-1.0,0,0,0.0,-4.0,,,,,,,32,64,147,2.3,0.8260869565217391,large,0,0.0,0.0,0.0,0,32,64,147,2.3,0.8260869565217391,large,1500.0,0.0,38,0.0,1.0,0.0,0.0,0.0,0.0,0.0,0.0,0.0,0.0,8.0,,0.4,1.0,0.0,0.0,0.0,0.0,,0.0,0.0,0.0,0.0,,,,41543.81578947369,0,0.0,0.0,0.0,,,,0.0,10,0,0.0,0.0,,0.0,0.0,1.0,3.0,0.0,32,64,147,2.3,0.8260869565217391,large,0,0.0,1.0,3.0,0,32,64,147,2.3,0.8260869565217391,large,1517.0891407498093,0.0,,-10.0,,,,,-1.0,-17.089140749809303,Draw,0,61,0,49,0,4,-61
2006,2006-06-11,WC-2006,2006 FIFA World Cup,Angola v Portugal,Group stage,Angola,Portugal,AGO,PRT,0.0,1.0,0-1,away team win,0.0,1.0,no,no,no,0-0,RheinEnergieStadion,S-054,RheinEnergieStadion,Cologne,Germany,0.0,45000.0,21:00,,,555,32,64,147,2.3,0.8260869565217391,large,0,14.0,11.0,14.0,63.0,54.0,9.0,,,,,,-3.0,,23.0,0.0,0.0,16.0,0.0,0.0,0.0,1.0,0.0,0.0,,0.0,,,0,0.0,0.0,0.0,,,,0.0,0,0,0.0,0.0,,,,,,,32,64,147,2.3,0.8260869565217391,large,0,0.0,0.0,0.0,0,32,64,147,2.3,0.8260869565217391,large,1500.0,0.0,11,0.0,0.0,1.0,0.0,1.0,-1.0,0.0,-0.0909090909090909,0.0,0.0909090909090909,6.0,-8.0,0.4,1.0,0.0,0.0,0.0,0.0,,0.0,2.0,0.0,0.0,,0.0,,43521.3,0,0.0,0.0,1.0,,,,-1.0,3,0,0.0,-1.0,,0.0,0.0,0.0,1.0,0.0,32,64,147,2.3,0.8260869565217391,large,0,0.0,0.0,1.0,0,32,64,147,2.3,0.8260869565217391,large,1527.821797486728,0.0,,10.0,,,,,1.0,-27.821797486727977,AwayWin,0,23,0,16,0,3,-23
2006,2006-06-11,WC-2006,2006 FIFA World Cup,Mexico v Iran,Group stage,Mexico,Iran,MEX,IRN,3.0,1.0,3-1,home team win,1.0,0.0,no,no,no,0-0,Frankenstadion,S-066,Frankenstadion,Nuremberg,Germany,0.0,,18:00,,,556,32,64,147,2.3,0.8260869565217391,large,35,8.0,0.0,4.0,26.0,15.0,11.0,0.2285714285714285,0.3142857142857143,0.7428571428571429,0.4285714285714285,7.0,,0.4,9.0,0.0,0.0,3.0,0.0,0.0,0.0,0.0,0.0,0.0,,,,44318.514285714286,0,1.0,1.0,0.0,,,,1.0,12,0,1.0,1.0,,,,,,,32,64,147,2.3,0.8260869565217391,large,0,0.0,0.0,0.0,0,32,64,147,2.3,0.8260869565217391,large,1465.557041573616,0.0,6,9.0,9.0,18.0,42.0,69.0,-27.0,1.5,-4.5,7.0,11.5,4.0,-3.0,0.2,29.0,0.0,0.0,7.0,0.0,0.0,0.0,1.0,0.0,0.0,,0.0,,,0,1.0,3.0,1.0,,,,2.0,2,0,1.0,2.0,,,,,,,32,64,147,2.3,0.8260869565217391,large,0,0.0,0.0,0.0,0,32,64,147,2.3,0.8260869565217391,large,1472.9894245554087,0.0,-1.2714285714285714,38.0,0.2,-6.257142857142857,-11.071428571428571,,-1.0,-7.432382981792671,HomeWin,39,4,35,4,8,0,35
2006,2006-06-12,WC-2006,2006 FIFA World Cup,Australia v Japan,Group stage,Australia,Japan,AUS,JPN,3.0,1.0,3-1,home team win,1.0,0.0,no,no,no,0-0,Fritz-Walter-Stadion,S-062,Fritz-Walter-Stadion,Kaiserslautern,Germany,0.0,46000.0,15:00,,,557,32,64,147,2.3,0.8260869565217391,large,2,1.0,1.0,5.0,5.0,15.0,-10.0,0.5,-5.0,2.5,7.5,1.0,-2.0,0.0,7.0,1.0,0.1428571428571428,0.0,0.0,,1.0,1.0,1.0,0.0,1.0,0.0,1.0,17400.0,0,0.0,1.0,3.0,,,,-2.0,1,0,0.0,-2.0,,,,,,,32,64,147,2.3,0.8260869565217391,large,0,0.0,0.0,0.0,0,32,64,147,2.3,0.8260869565217391,large,1490.9017408580107,0.0,6,1.0,1.0,1.0,3.0,3.0,0.0,0.1666666666666666,0.0,0.5,0.5,4.0,-2.0,0.2,3.0,1.0,0.3333333333333333,0.0,0.0,,1.0,2.0,1.0,0.0,1.0,0.0,1.0,45892.8,0,1.0,3.0,1.0,,,,2.0,2,0,1.0,2.0,,,,,,,32,64,147,2.3,0.8260869565217391,large,0,0.0,0.0,0.0,0,32,64,147,2.3,0.8260869565217391,large,1475.7862515451943,0.0,0.3333333333333333,-10.0,-0.2,2.0,7.0,,-4.0,15.115489312816408,HomeWin,0,4,0,4,0,0,-4
2006,2006-06-12,WC-2006,2006 FIFA World Cup,Italy v Ghana,Group stage,Italy,Ghana,ITA,GHA,2.0,0.0,2-0,home team win,1.0,0.0,no,no,no,0-0,Niedersachsenstadion,S-061,Niedersachsenstadion,Hanover,Germany,0.0,43000.0,21:00,,,558,32,64,147,2.3,0.8260869565217391,large,60,1.0,1.0,5.0,5.0,10.0,-5.0,0.0166666666666666,-0.0833333333333333,0.0833333333333333,0.1666666666666666,7.0,-4.0,0.4,6.0,1.0,0.1666666666666666,1.0,0.0,0.0,1.0,3.0,1.0,0.0,1.0,0.0,1.0,48220.879310344826,0,0.0,1.0,3.0,,,,-2.0,15,0,0.0,-2.0,,1.0,3.0,5.0,6.0,0.0,32,64,147,2.3,0.8260869565217391,large,1,3.0,5.0,6.0,0,32,64,147,2.3,0.8260869565217391,large,1617.3837923153546,0.0,0,35.0,13.0,13.0,95.0,58.0,37.0,,,,,,-8.0,,39.0,1.0,0.0256410256410256,22.0,0.0,0.0,1.0,4.0,1.0,0.0,1.0,0.0,1.0,,0,1.0,2.0,0.0,,,,2.0,0,0,1.0,2.0,,,,,,,32,64,147,2.3,0.8260869565217391,large,0,0.0,0.0,0.0,0,32,64,147,2.3,0.8260869565217391,large,1500.0,0.0,,-42.0,,,,,-4.0,117.38379231535464,HomeWin,97,0,83,0,6,0,97
2006,2006-06-12,WC-2006,2006 FIFA World Cup,United States v Czech Republic,Group stage,United States,Czech Republic,USA,CZE,0.0,3.0,0-3,away team win,0.0,1.0,no,no,no,0-0,Arena AufShalke,S-058,Arena AufShalke,Gelsenkirchen,Germany,0.0,52000.0,18:00,,,559,32,64,147,2.3,0.8260869565217391,large,21,0.0,0.0,1.0,0.0,2.0,-2.0,0.0,-0.0952380952380952,0.0,0.0952380952380952,7.0,-4.0,0.4,1.0,2.0,2.0,0.0,0.0,,2.0,4.0,2.0,0.0,1.0,0.0,1.0,42773.31578947369,0,0.0,0.0,2.0,,,,-2.0,7,0,0.0,-2.0,,0.0,0.0,0.0,1.0,0.0,32,64,147,2.3,0.8260869565217391,large,0,0.0,0.0,1.0,0,32,64,147,2.3,0.8260869565217391,large,1447.022882504316,0.0,0,6.0,2.0,14.0,25.0,47.0,-22.0,,,,,,-5.0,,15.0,2.0,0.1333333333333333,7.0,0.0,0.0,3.0,4.0,2.0,0.0,0.6666666666666666,0.0,0.6666666666666666,,0,0.0,0.0,3.0,,,,-3.0,0,0,0.0,-3.0,,,,,,,32,64,147,2.3,0.8260869565217391,large,0,0.0,0.0,0.0,0,32,64,147,2.3,0.8260869565217391,large,1500.0,0.0,,20.0,,,,,1.0,-52.97711749568407,AwayWin,25,0,23,0,1,0,25
2006,2006-06-13,WC-2006,2006 FIFA World Cup,Brazil v Croatia,Group stage,Brazil,Croatia,BRA,HRV,1.0,0.0,1-0,home team win,1.0,0.0,no,no,no,0-0,Olympiastadion,S-053,Olympiastadion,Berlin,Germany,0.0,72000.0,21:00,,,560,32,64,147,2.3,0.8260869565217391,large,81,1.0,0.0,0.0,3.0,0.0,3.0,0.0123456790123456,0.037037037037037,0.037037037037037,0.0,15.0,-4.0,1.0,1.0,3.0,3.0,0.0,0.0,,4.0,4.0,3.0,0.0,0.75,0.0,0.75,53343.93506493507,0,1.0,3.0,0.0,,,,3.0,17,0,1.0,3.0,,1.0,5.0,7.0,9.0,1.0,32,64,147,2.3,0.8260869565217391,large,1,5.0,7.0,9.0,1,32,64,147,2.3,0.8260869565217391,large,1725.3951233362318,0.0,10,57.0,13.0,12.0,178.0,74.0,104.0,5.7,10.4,17.8,7.4,6.0,-2.0,0.4,47.0,3.0,0.0638297872340425,35.0,0.0,0.0,4.0,5.0,3.0,0.0,0.75,0.0,0.75,43907.3,0,1.0,1.0,0.0,,,,1.0,2,0,1.0,1.0,,0.0,0.0,0.0,1.0,0.0,32,64,147,2.3,0.8260869565217391,large,0,0.0,0.0,1.0,0,32,64,147,2.3,0.8260869565217391,large,1524.0970835348458,0.0,-5.687654320987654,-101.0,0.6,-17.762962962962963,-7.4,,2.0,201.29803980138604,HomeWin,182,13,146,13,9,1,169
2006,2006-06-13,WC-2006,2006 FIFA World Cup,France v Switzerland,Group stage,France,Switzerland,FRA,CHE,0.0,0.0,0-0,draw,0.0,0.0,yes,no,no,0-0,Neckarstadion,S-067,Neckarstadion,Stuttgart,Germany,0.0,52000.0,18:00,,,561,32,64,147,2.3,0.8260869565217391,large,37,6.0,0.0,5.0,13.0,9.0,4.0,0.1621621621621621,0.1081081081081081,0.3513513513513513,0.2432432432432432,7.0,2.0,0.4,7.0,3.0,0.4285714285714285,4.0,0.0,0.0,5.0,5.0,3.0,0.0,0.6,0.0,0.6,39192.89189189189,0,0.0,0.0,1.0,,,,-1.0,11,0,0.0,-1.0,,1.0,1.0,1.0,3.0,0.0,32,64,147,2.3,0.8260869565217391,large,1,1.0,1.0,3.0,0,32,64,147,2.3,0.8260869565217391,large,1548.067390902343,0.0,18,18.0,6.0,14.0,69.0,48.0,21.0,1.0,1.1666666666666667,3.8333333333333335,2.6666666666666665,4.0,-2.0,0.2,29.0,3.0,0.1034482758620689,9.0,0.0,0.0,5.0,6.0,3.0,0.0,0.6,0.0,0.6,38527.166666666664,0,0.0,0.0,0.0,,,,0.0,7,0,0.0,0.0,,,,,,,32,64,147,2.3,0.8260869565217391,large,0,0.0,0.0,0.0,0,32,64,147,2.3,0.8260869565217391,large,1474.4231999498804,0.0,-0.8378378378378378,-17.0,0.2,-3.481981981981982,-2.423423423423423,,-1.0,73.64419095246262,Draw,68,38,58,25,4,0,30
2006,2006-06-13,WC-2006,2006 FIFA World Cup,South Korea v Togo,Group stage,South Korea,Togo,KOR,TGO,2.0,1.0,2-1,home team win,1.0,0.0,no,no,no,0-0,Waldstadion,S-057,Waldstadion,Frankfurt,Germany,0.0,48000.0,15:00,,,562,32,64,147,2.3,0.8260869565217391,large,18,6.0,4.0,9.0,27.0,35.0,-8.0,0.3333333333333333,-0.4444444444444444,1.5,1.9444444444444444,8.0,-2.0,0.4,10.0,3.0,0.3,9.0,0.0,0.0,6.0,6.0,3.0,0.0,0.5,0.0,0.5,43436.625,0,0.0,0.0,0.0,,,,0.0,6,0,0.0,0.0,,,,,,,32,64,147,2.3,0.8260869565217391,large,0,0.0,0.0,0.0,0,32,64,147,2.3,0.8260869565217391,large,1440.3167733148898,0.0,0,3.0,5.0,11.0,20.0,49.0,-29.0,,,,,,-3.0,,17.0,3.0,0.1764705882352941,2.0,0.0,0.0,6.0,7.0,3.0,0.0,0.5,0.0,0.5,,0,1.0,2.0,1.0,,,,1.0,0,0,1.0,1.0,,,,,,,32,64,147,2.3,0.8260869565217391,large,0,0.0,0.0,0.0,0,32,64,147,2.3,0.8260869565217391,large,1500.0,0.0,,21.0,,,,,-1.0,-59.683226685110185,HomeWin,18,0,18,0,0,0,18
2006,2006-06-14,WC-2006,2006 FIFA World Cup,Germany v Poland,Group stage,Germany,Poland,DEU,POL,1.0,0.0,1-0,home team win,1.0,0.0,no,no,no,0-0,Westfalenstadion,S-055,Westfalenstadion,Dortmund,Germany,1.0,65000.0,21:00,,,563,32,64,147,2.3,0.8260869565217391,large,23,0.0,0.0,1.0,1.0,2.0,-1.0,0.0,-0.0434782608695652,0.0434782608695652,0.0869565217391304,12.0,-1.0,0.8,1.0,4.0,4.0,0.0,0.0,,6.0,8.0,3.0,1.0,0.5,0.125,0.375,39828.57142857143,1,0.0,1.0,2.0,0.0,1.0,2.0,-1.0,5,0,0.0,-1.0,,0.0,0.0,1.0,2.0,0.0,32,64,147,2.3,0.8260869565217391,large,0,0.0,1.0,2.0,0,32,64,147,2.3,0.8260869565217391,large,1570.2563005862903,0.0,25,15.0,4.0,5.0,49.0,31.0,18.0,0.6,0.72,1.96,1.24,3.0,-2.0,0.2,11.0,4.0,0.3636363636363636,13.0,0.0,0.0,6.0,9.0,3.0,1.0,0.5,0.1111111111111111,0.3888888888888889,36652.64,1,2.0,5.0,2.0,2.0,5.0,2.0,3.0,6,0,1.0,1.0,,0.0,0.0,0.0,2.0,0.0,32,64,147,2.3,0.8260869565217391,large,0,0.0,0.0,2.0,0,32,64,147,2.3,0.8260869565217391,large,1524.632592172523,0.0,-0.6,-19.0,0.6000000000000001,-1.9165217391304348,-1.1530434782608696,-2.0,-4.0,45.623708413767645,HomeWin,51,41,42,31,1,2,10
2006,2006-06-14,WC-2006,2006 FIFA World Cup,Spain v Ukraine,Group stage,Spain,Ukraine,ESP,UKR,4.0,0.0,4-0,home team win,1.0,0.0,no,no,no,0-0,Zentralstadion,S-063,Zentralstadion,Leipzig,Germany,0.0,43000.0,15:00,,,564,32,64,147,2.3,0.8260869565217391,large,42,13.0,3.0,10.0,41.0,38.0,3.0,0.3095238095238095,0.0714285714285714,0.9761904761904762,0.9047619047619048,13.0,1.0,0.8,21.0,4.0,0.1904761904761904,5.0,0.0,0.0,7.0,9.0,3.0,1.0,0.4285714285714285,0.1111111111111111,0.3174603174603174,40434.95121951219,0,0.0,0.0,3.0,,,,-3.0,11,0,0.0,-1.0,,0.0,0.0,0.0,0.0,0.0,32,64,147,2.3,0.8260869565217391,large,0,0.0,0.0,0.0,0,32,64,147,2.3,0.8260869565217391,large,1557.7369533598958,0.0,0,20.0,11.0,12.0,73.0,49.0,24.0,,,,,,-1.0,,28.0,4.0,0.1428571428571428,15.0,0.0,0.0,7.0,10.0,3.0,1.0,0.4285714285714285,0.1,0.3285714285714285,,0,1.0,4.0,0.0,,,,4.0,0,0,1.0,4.0,,,,,,,32,64,147,2.3,0.8260869565217391,large,0,0.0,0.0,0.0,0,32,64,147,2.3,0.8260869565217391,large,1500.0,0.0,,-21.0,,,,,-7.0,57.73695335989578,HomeWin,70,0,58,0,11,0,70
2006,2006-06-14,WC-2006,2006 FIFA World Cup,Tunisia v Saudi Arabia,Group stage,Tunisia,Saudi Arabia,TUN,SAU,2.0,2.0,2-2,draw,0.0,0.0,yes,no,no,0-0,Allianz Arena,S-064,Allianz Arena,Munich,Germany,0.0,66000.0,18:00,,,565,32,64,147,2.3,0.8260869565217391,large,7,0.0,0.0,1.0,0.0,4.0,-4.0,0.0,-0.5714285714285714,0.0,0.5714285714285714,2.0,1.0,0.0,1.0,5.0,5.0,0.0,0.0,,7.0,11.0,3.0,2.0,0.4285714285714285,0.1818181818181818,0.2467532467532467,38252.0,0,0.0,0.0,4.0,,,,-4.0,3,0,0.0,-4.0,,,,,,,32,64,147,2.3,0.8260869565217391,large,0,0.0,0.0,0.0,0,32,64,147,2.3,0.8260869565217391,large,1473.1834161174086,0.0,10,1.0,3.0,4.0,7.0,11.0,-4.0,0.1,-0.4,0.7,1.1,1.0,-2.0,0.0,8.0,5.0,0.625,0.0,0.0,,7.0,12.0,3.0,2.0,0.4285714285714285,0.1666666666666666,0.2619047619047618,53985.9,0,0.0,2.0,2.0,,,,0.0,3,0,0.0,0.0,,,,,,,32,64,147,2.3,0.8260869565217391,large,0,0.0,0.0,0.0,0,32,64,147,2.3,0.8260869565217391,large,1455.4314021431717,0.0,-0.1,0.0,0.0,-0.7,-0.5285714285714287,,-4.0,17.752013974237116,Draw,5,7,5,7,1,3,-2
2006,2006-06-15,WC-2006,2006 FIFA World Cup,Ecuador v Costa Rica,Group stage,Ecuador,Costa Rica,ECU,CRI,3.0,0.0,3-0,home team win,1.0,0.0,no,no,no,0-0,Volksparkstadion,S-060,Volksparkstadion,Hamburg,Germany,0.0,50000.0,15:00,,,566,32,64,147,2.3,0.8260869565217391,large,4,2.0,2.0,7.0,9.0,27.0,-18.0,0.5,-4.5,2.25,6.75,6.0,-2.0,0.5,10.0,5.0,0.5,1.0,0.0,0.0,7.0,13.0,3.0,2.0,0.4285714285714285,0.1538461538461538,0.2747252747252747,48638.25,1,0.0,2.0,2.0,0.0,2.0,2.0,0.0,1,0,0.0,0.0,,,,,,,32,64,147,2.3,0.8260869565217391,large,0,0.0,0.0,0.0,0,32,64,147,2.3,0.8260869565217391,large,1505.6796275201552,0.0,8,3.0,0.0,2.0,7.0,4.0,3.0,0.375,0.375,0.875,0.5,4.0,-3.0,0.2,5.0,5.0,1.0,0.0,0.0,,7.0,14.0,3.0,2.0,0.4285714285714285,0.1428571428571428,0.2857142857142857,45040.666666666664,1,2.0,5.0,0.0,2.0,5.0,0.0,5.0,2,0,1.0,3.0,,,,,,,32,64,147,2.3,0.8260869565217391,large,0,0.0,0.0,0.0,0,32,64,147,2.3,0.8260869565217391,large,1498.6552432996004,0.0,0.125,-21.0,0.3,1.375,6.25,-2.0,-5.0,7.0243842205547935,HomeWin,4,11,4,10,0,0,-7
2006,2006-06-15,WC-2006,2006 FIFA World Cup,England v Trinidad and Tobago,Group stage,England,Trinidad and Tobago,ENG,TTO,2.0,0.0,2-0,home team win,1.0,0.0,no,no,no,0-0,Frankenstadion,S-066,Frankenstadion,Nuremberg,Germany,0.0,41000.0,18:00,,,567,32,64,147,2.3,0.8260869565217391,large,45,3.0,1.0,5.0,11.0,19.0,-8.0,0.0666666666666666,-0.1777777777777777,0.2444444444444444,0.4222222222222222,10.0,1.0,0.6,8.0,6.0,0.75,1.0,0.0,0.0,8.0,14.0,4.0,2.0,0.5,0.1428571428571428,0.3571428571428571,45711.35555555556,1,0.0,2.0,7.0,0.0,2.0,7.0,-5.0,11,0,0.0,-3.0,,1.0,1.0,1.0,1.0,0.0,32,64,147,2.3,0.8260869565217391,large,1,1.0,1.0,1.0,0,32,64,147,2.3,0.8260869565217391,large,1576.4744533558392,0.0,1,21.0,13.0,12.0,59.0,37.0,22.0,21.0,22.0,59.0,37.0,1.0,-1.0,0.0,32.0,6.0,0.1875,14.0,0.0,0.0,8.0,15.0,4.0,2.0,0.5,0.1333333333333333,0.3666666666666667,62959.0,1,2.0,3.0,0.0,2.0,3.0,0.0,3.0,0,0,1.0,2.0,,,,,,,32,64,147,2.3,0.8260869565217391,large,0,0.0,0.0,0.0,0,32,64,147,2.3,0.8260869565217391,large,1500.4914687344772,0.0,-20.933333333333337,-30.0,0.6,-58.75555555555555,-36.577777777777776,-2.0,-8.0,75.982984621362,HomeWin,55,0,47,0,5,0,55
2006,2006-06-15,WC-2006,2006 FIFA World Cup,Sweden v Paraguay,Group stage,Sweden,Paraguay,SWE,PRY,1.0,0.0,1-0,home team win,1.0,0.0,no,no,no,0-0,Olympiastadion,S-053,Olympiastadion,Berlin,Germany,0.0,72000.0,21:00,,,568,32,64,147,2.3,0.8260869565217391,large,39,0.0,1.0,1.0,0.0,2.0,-2.0,0.0,-0.0512820512820512,0.0,0.0512820512820512,6.0,2.0,0.2,2.0,7.0,3.5,0.0,0.0,,8.0,16.0,4.0,3.0,0.5,0.1875,0.3125,42092.92307692308,1,0.0,0.0,2.0,0.0,0.0,2.0,-2.0,10,1,0.0,-2.0,0.0,0.0,0.0,1.0,3.0,0.0,32,64,147,2.3,0.8260869565217391,large,0,0.0,1.0,3.0,0,32,64,147,2.3,0.8260869565217391,large,1516.597672015332,0.0,20,15.0,11.0,14.0,64.0,54.0,10.0,0.75,0.5,3.2,2.7,4.0,3.0,0.2,24.0,7.0,0.2916666666666667,16.0,0.0,0.0,9.0,16.0,4.0,3.0,0.4444444444444444,0.1875,0.2569444444444444,32001.1,1,1.0,1.0,0.0,1.0,1.0,0.0,1.0,6,1,1.0,1.0,1.0,,,,,,32,64,147,2.3,0.8260869565217391,large,0,0.0,0.0,0.0,0,32,64,147,2.3,0.8260869565217391,large,1478.8114056164518,0.0,-0.75,-12.0,0.0,-3.2,-2.648717948717949,-1.0,-3.0,37.78626639888034,HomeWin,61,25,49,22,4,1,36
2006,2006-06-16,WC-2006,2006 FIFA World Cup,Mexico v Angola,Group stage,Mexico,Angola,MEX,AGO,0.0,0.0,0-0,draw,0.0,0.0,yes,no,no,0-0,Niedersachsenstadion,S-061,Niedersachsenstadion,Hanover,Germany,0.0,43000.0,21:00,,,569,32,64,147,2.3,0.8260869565217391,large,36,5.0,7.0,9.0,25.0,36.0,-11.0,0.1388888888888889,-0.3055555555555556,0.6944444444444444,1.0,10.0,4.0,0.6,16.0,7.0,0.4375,5.0,0.0,0.0,10.0,16.0,4.0,3.0,0.4,0.1875,0.2125,44318.514285714286,1,0.0,0.0,2.0,0.0,0.0,2.0,-2.0,12,0,0.0,-1.0,,,,,,,32,64,147,2.3,0.8260869565217391,large,0,0.0,0.0,0.0,0,32,64,147,2.3,0.8260869565217391,large,1475.7709301261,0.0,1,9.0,10.0,18.0,42.0,69.0,-27.0,9.0,-27.0,42.0,69.0,0.0,,0.0,30.0,0.0,0.0,7.0,0.0,0.0,0.0,0.0,0.0,0.0,,,,45000.0,1,1.0,3.0,1.0,1.0,3.0,1.0,2.0,0,0,0.0,0.0,,,,,,,32,64,147,2.3,0.8260869565217391,large,0,0.0,0.0,0.0,0,32,64,147,2.3,0.8260869565217391,large,1490.7990684448655,0.0,-8.86111111111111,16.0,0.6,-41.30555555555556,-68.0,-1.0,-4.0,-15.028138318765514,Draw,42,0,37,0,8,0,42
2006,2006-06-16,WC-2006,2006 FIFA World Cup,Netherlands v Ivory Coast,Group stage,Netherlands,Ivory Coast,NLD,CIV,2.0,1.0,2-1,home team win,1.0,0.0,no,no,no,0-0,Neckarstadion,S-067,Neckarstadion,Stuttgart,Germany,0.0,,18:00,,,570,32,64,147,2.3,0.8260869565217391,large,27,0.0,1.0,1.0,0.0,1.0,-1.0,0.0,-0.037037037037037,0.0,0.037037037037037,8.0,-2.0,0.4,2.0,0.0,0.0,0.0,0.0,,0.0,1.0,0.0,0.0,,0.0,,49078.5,0,0.0,0.0,1.0,,,,-1.0,7,0,0.0,0.0,,0.0,0.0,2.0,2.0,0.0,32,64,147,2.3,0.8260869565217391,large,0,0.0,2.0,2.0,0,32,64,147,2.3,0.8260869565217391,large,1548.7779288901418,0.0,1,13.0,8.0,7.0,47.0,29.0,18.0,13.0,18.0,47.0,29.0,0.0,-3.0,0.0,19.0,0.0,0.0,9.0,0.0,0.0,0.0,2.0,0.0,0.0,,0.0,,,1,1.0,2.0,1.0,1.0,2.0,1.0,1.0,0,0,1.0,1.0,,,,,,,32,64,147,2.3,0.8260869565217391,large,0,0.0,0.0,0.0,0,32,64,147,2.3,0.8260869565217391,large,1492.2508329997045,0.0,-13.0,-19.0,0.4,-47.0,-28.96296296296296,,-2.0,56.527095890437295,HomeWin,45,1,40,1,5,0,44
2006,2006-06-17,WC-2006,2006 FIFA World Cup,Czech Republic v Ghana,Group stage,Czech Republic,Ghana,CZE,GHA,0.0,2.0,0-2,away team win,0.0,1.0,no,no,no,0-0,RheinEnergieStadion,S-054,RheinEnergieStadion,Cologne,Germany,0.0,45000.0,18:00,,,571,32,64,147,2.3,0.8260869565217391,large,1,0.0,0.0,2.0,2.0,4.0,-2.0,0.0,-2.0,2.0,4.0,3.0,-2.0,1.0,2.0,1.0,0.5,0.0,0.0,,1.0,2.0,1.0,0.0,1.0,0.0,1.0,52000.0,1,0.0,2.0,4.0,0.0,2.0,4.0,-2.0,0,0,0.0,-1.0,,,,,,,32,64,147,2.3,0.8260869565217391,large,0,0.0,0.0,0.0,0,32,64,147,2.3,0.8260869565217391,large,1508.486904478842,0.0,1,1.0,0.0,1.0,3.0,2.0,1.0,1.0,1.0,3.0,2.0,0.0,1.0,0.0,2.0,2.0,1.0,0.0,0.0,,2.0,2.0,2.0,0.0,1.0,0.0,1.0,43000.0,1,1.0,3.0,2.0,1.0,3.0,2.0,1.0,0,0,0.0,-2.0,,,,,,,32,64,147,2.3,0.8260869565217391,large,0,0.0,0.0,0.0,0,32,64,147,2.3,0.8260869565217391,large,1493.255635099391,0.0,-1.0,-3.0,1.0,-1.0,2.0,-1.0,-3.0,15.231269379451078,AwayWin,3,0,2,0,0,0,3
2006,2006-06-17,WC-2006,2006 FIFA World Cup,Italy v United States,Group stage,Italy,United States,ITA,USA,1.0,1.0,1-1,draw,0.0,0.0,yes,no,no,0-0,Fritz-Walter-Stadion,S-062,Fritz-Walter-Stadion,Kaiserslautern,Germany,0.0,46000.0,21:00,,,572,32,64,147,2.3,0.8260869565217391,large,61,1.0,0.0,1.0,2.0,2.0,0.0,0.0163934426229508,0.0,0.0327868852459016,0.0327868852459016,7.0,-1.0,0.4,2.0,2.0,1.0,0.0,0.0,,2.0,3.0,2.0,0.0,1.0,0.0,1.0,48132.38983050847,1,1.0,2.0,2.0,1.0,2.0,2.0,0.0,15,2,1.0,2.0,0.5,1.0,3.0,5.0,6.0,0.0,32,64,147,2.3,0.8260869565217391,large,1,3.0,5.0,6.0,0,32,64,147,2.3,0.8260869565217391,large,1624.1281572159637,0.0,22,35.0,14.0,13.0,96.0,59.0,37.0,1.5909090909090908,1.681818181818182,4.363636363636363,2.6818181818181817,4.0,3.0,0.2,40.0,3.0,0.075,22.0,0.0,0.0,3.0,3.0,3.0,0.0,1.0,0.0,1.0,43234.65,1,1.0,3.0,1.0,1.0,3.0,1.0,2.0,7,2,2.0,7.0,1.0,0.0,0.0,0.0,1.0,0.0,32,64,147,2.3,0.8260869565217391,large,0,0.0,0.0,1.0,0,32,64,147,2.3,0.8260869565217391,large,1438.535978025474,0.0,-1.57451564828614,-37.0,0.2,-4.330849478390462,-2.64903129657228,0.0,-2.0,185.5921791904898,Draw,99,25,85,23,6,1,74
2006,2006-06-17,WC-2006,2006 FIFA World Cup,Portugal v Iran,Group stage,Portugal,Iran,PRT,IRN,2.0,0.0,2-0,home team win,1.0,0.0,no,no,no,0-0,Waldstadion,S-057,Waldstadion,Frankfurt,Germany,0.0,,15:00,,,573,32,64,147,2.3,0.8260869565217391,large,12,6.0,3.0,14.0,26.0,48.0,-22.0,0.5,-1.8333333333333333,2.1666666666666665,4.0,6.0,4.0,0.4,16.0,3.0,0.1875,7.0,0.0,0.0,3.0,4.0,3.0,0.0,1.0,0.0,1.0,43655.72727272727,1,0.0,1.0,4.0,0.0,1.0,4.0,-3.0,3,0,0.0,-7.0,,0.0,0.0,0.0,1.0,0.0,32,64,147,2.3,0.8260869565217391,large,0,0.0,0.0,1.0,0,32,64,147,2.3,0.8260869565217391,large,1537.0227290418625,0.0,7,9.0,0.0,4.0,28.0,15.0,13.0,1.2857142857142858,1.8571428571428572,4.0,2.142857142857143,3.0,6.0,0.2,10.0,4.0,0.4,3.0,0.0,0.0,4.0,4.0,4.0,0.0,1.0,0.0,1.0,,1,2.0,3.0,0.0,2.0,3.0,0.0,3.0,2,0,1.0,2.0,,,,,,,32,64,147,2.3,0.8260869565217391,large,0,0.0,0.0,0.0,0,32,64,147,2.3,0.8260869565217391,large,1462.7755360029248,0.0,-0.7857142857142858,-35.0,0.2,-1.8333333333333337,1.8571428571428572,-2.0,-6.0,74.24719303893767,HomeWin,24,5,17,5,3,0,19
2006,2006-06-18,WC-2006,2006 FIFA World Cup,Brazil v Australia,Group stage,Brazil,Australia,BRA,AUS,2.0,0.0,2-0,home team win,1.0,0.0,no,no,no,0-0,Allianz Arena,S-064,Allianz Arena,Munich,Germany,0.0,66000.0,18:00,,,574,32,64,147,2.3,0.8260869565217391,large,82,1.0,1.0,6.0,5.0,17.0,-12.0,0.0121951219512195,-0.1463414634146341,0.0609756097560975,0.2073170731707317,15.0,0.0,1.0,8.0,4.0,0.5,0.0,0.0,,4.0,5.0,4.0,0.0,1.0,0.0,1.0,53583.11538461538,1,0.0,1.0,5.0,0.0,1.0,5.0,-4.0,17,0,0.0,-2.0,,1.0,5.0,7.0,9.0,1.0,32,64,147,2.3,0.8260869565217391,large,1,5.0,7.0,9.0,1,32,64,147,2.3,0.8260869565217391,large,1730.1729598275108,0.0,3,58.0,13.0,12.0,180.0,74.0,106.0,19.333333333333332,35.333333333333336,60.0,24.666666666666668,4.0,-4.0,0.3333333333333333,48.0,4.0,0.0833333333333333,35.0,0.0,0.0,4.0,6.0,4.0,0.0,1.0,0.0,1.0,31700.0,1,2.0,3.0,0.0,2.0,3.0,0.0,3.0,1,0,1.0,2.0,,,,,,,32,64,147,2.3,0.8260869565217391,large,0,0.0,0.0,0.0,0,32,64,147,2.3,0.8260869565217391,large,1500.466956383235,0.0,-19.321138211382113,-118.0,0.6666666666666667,-59.9390243902439,-24.459349593495936,-2.0,-7.0,229.7060034442759,HomeWin,183,3,147,2,9,0,180
2006,2006-06-18,WC-2006,2006 FIFA World Cup,France v South Korea,Group stage,France,South Korea,FRA,KOR,1.0,1.0,1-1,draw,0.0,0.0,yes,no,no,0-0,Zentralstadion,S-063,Zentralstadion,Leipzig,Germany,0.0,43000.0,21:00,,,575,32,64,147,2.3,0.8260869565217391,large,38,1.0,1.0,2.0,3.0,5.0,-2.0,0.0263157894736842,-0.0526315789473684,0.0789473684210526,0.131578947368421,5.0,-6.0,0.2,4.0,4.0,1.0,0.0,0.0,,5.0,6.0,4.0,0.0,0.8,0.0,0.8,39529.92105263158,1,1.0,3.0,3.0,1.0,3.0,3.0,0.0,11,0,0.0,-2.0,,1.0,1.0,1.0,3.0,0.0,32,64,147,2.3,0.8260869565217391,large,1,1.0,1.0,3.0,0,32,64,147,2.3,0.8260869565217391,large,1545.9789250910617,0.0,19,18.0,7.0,14.0,70.0,49.0,21.0,0.9473684210526316,1.105263157894737,3.6842105263157894,2.5789473684210527,10.0,-6.0,0.6,30.0,4.0,0.1333333333333333,9.0,0.0,0.0,5.0,7.0,4.0,0.0,0.8,0.0,0.8,43705.05882352941,1,0.0,1.0,1.0,0.0,1.0,1.0,0.0,6,0,0.0,0.0,,,,,,,32,64,147,2.3,0.8260869565217391,large,0,0.0,0.0,0.0,0,32,64,147,2.3,0.8260869565217391,large,1452.0178946374162,0.0,-0.9210526315789472,-23.0,-0.3999999999999999,-3.6052631578947367,-2.4473684210526314,1.0,0.0,93.9610304536452,Draw,68,20,58,20,4,0,48
2006,2006-06-18,WC-2006,2006 FIFA World Cup,Japan v Croatia,Group stage,Japan,Croatia,JPN,HRV,0.0,0.0,0-0,draw,0.0,0.0,yes,no,no,0-0,Frankenstadion,S-066,Frankenstadion,Nuremberg,Germany,0.0,41000.0,15:00,,,576,32,64,147,2.3,0.8260869565217391,large,7,3.0,6.0,11.0,21.0,50.0,-29.0,0.4285714285714285,-4.142857142857143,3.0,7.142857142857143,4.0,-13.0,0.2,18.0,4.0,0.2222222222222222,2.0,0.0,0.0,5.0,8.0,4.0,0.0,0.8,0.0,0.8,45910.666666666664,1,1.0,3.0,2.0,1.0,3.0,2.0,1.0,2,1,0.0,0.0,0.0,,,,,,32,64,147,2.3,0.8260869565217391,large,0,0.0,0.0,0.0,0,32,64,147,2.3,0.8260869565217391,large,1466.22103601997,0.0,11,1.0,2.0,5.0,5.0,10.0,-5.0,0.0909090909090909,-0.4545454545454545,0.4545454545454545,0.9090909090909092,6.0,-11.0,0.4,7.0,4.0,0.5714285714285714,1.0,0.0,0.0,6.0,8.0,4.0,0.0,0.6666666666666666,0.0,0.6666666666666666,46461.181818181816,1,0.0,1.0,3.0,0.0,1.0,3.0,-2.0,2,1,0.0,-1.0,0.0,0.0,0.0,0.0,1.0,0.0,32,64,147,2.3,0.8260869565217391,large,0,0.0,0.0,1.0,0,32,64,147,2.3,0.8260869565217391,large,1519.3192470435667,0.0,0.3376623376623376,-24.0,-0.2,2.5454545454545454,6.233766233766234,1.0,3.0,-53.098211023596605,Draw,5,13,5,13,0,1,-8
2006,2006-06-19,WC-2006,2006 FIFA World Cup,Saudi Arabia v Ukraine,Group stage,Saudi Arabia,Ukraine,SAU,UKR,0.0,4.0,0-4,away team win,0.0,1.0,no,no,no,0-0,Volksparkstadion,S-060,Volksparkstadion,Hamburg,Germany,0.0,50000.0,18:00,,,577,32,64,147,2.3,0.8260869565217391,large,11,6.0,1.0,5.0,13.0,9.0,4.0,0.5454545454545454,0.3636363636363636,1.181818181818182,0.8181818181818182,2.0,-6.0,0.0,8.0,4.0,0.5,4.0,0.0,0.0,6.0,9.0,4.0,0.0,0.6666666666666666,0.0,0.6666666666666666,55078.09090909091,1,0.0,0.0,1.0,0.0,0.0,1.0,-1.0,3,0,1.0,1.0,,,,,,,32,64,147,2.3,0.8260869565217391,large,0,0.0,0.0,0.0,0,32,64,147,2.3,0.8260869565217391,large,1455.9419020113537,0.0,1,2.0,2.0,8.0,9.0,31.0,-22.0,2.0,-22.0,9.0,31.0,0.0,,0.0,11.0,0.0,0.0,1.0,0.0,0.0,0.0,0.0,0.0,0.0,,,,43000.0,1,0.0,2.0,6.0,0.0,2.0,6.0,-4.0,0,0,0.0,-4.0,,,,,,,32,64,147,2.3,0.8260869565217391,large,0,0.0,0.0,0.0,0,32,64,147,2.3,0.8260869565217391,large,1491.6466728204814,0.0,-1.4545454545454546,26.0,0.0,-7.818181818181818,-30.181818181818183,0.0,3.0,-35.70477080912792,AwayWin,9,0,9,0,3,0,9
2006,2006-06-19,WC-2006,2006 FIFA World Cup,Spain v Tunisia,Group stage,Spain,Tunisia,ESP,TUN,3.0,1.0,3-1,home team win,1.0,0.0,no,no,no,0-0,Neckarstadion,S-067,Neckarstadion,Stuttgart,Germany,0.0,52000.0,21:00,,,578,32,64,147,2.3,0.8260869565217391,large,43,1.0,0.0,1.0,4.0,4.0,0.0,0.0232558139534883,0.0,0.0930232558139534,0.0930232558139534,13.0,-1.0,0.8,2.0,0.0,0.0,0.0,0.0,,0.0,1.0,0.0,0.0,,0.0,,40496.02380952381,1,1.0,4.0,4.0,1.0,4.0,4.0,0.0,11,0,1.0,4.0,,0.0,0.0,0.0,0.0,0.0,32,64,147,2.3,0.8260869565217391,large,0,0.0,0.0,0.0,0,32,64,147,2.3,0.8260869565217391,large,1566.0902805394144,0.0,8,21.0,11.0,12.0,76.0,50.0,26.0,2.625,3.25,9.5,6.25,3.0,0.0,0.0,29.0,1.0,0.0344827586206896,15.0,0.0,0.0,1.0,1.0,1.0,0.0,1.0,0.0,1.0,41720.5,1,2.0,7.0,1.0,2.0,7.0,1.0,6.0,3,0,1.0,2.0,,,,,,,32,64,147,2.3,0.8260869565217391,large,0,0.0,0.0,0.0,0,32,64,147,2.3,0.8260869565217391,large,1472.6729162492263,0.0,-2.6017441860465116,-26.0,0.8,-9.406976744186046,-6.156976744186046,-1.0,-6.0,93.41736429018783,HomeWin,74,7,61,7,12,1,67
2006,2006-06-19,WC-2006,2006 FIFA World Cup,Togo v Switzerland,Group stage,Togo,Switzerland,TGO,CHE,0.0,2.0,0-2,away team win,0.0,1.0,no,no,no,0-0,Westfalenstadion,S-055,Westfalenstadion,Dortmund,Germany,0.0,65000.0,15:00,,,579,32,64,147,2.3,0.8260869565217391,large,1,1.0,3.0,5.0,8.0,14.0,-6.0,1.0,-6.0,8.0,14.0,0.0,7.0,0.0,9.0,2.0,0.2222222222222222,0.0,0.0,,1.0,2.0,1.0,1.0,1.0,0.5,0.5,48000.0,1,0.0,3.0,5.0,0.0,3.0,5.0,-2.0,0,0,0.0,-2.0,,,,,,,32,64,147,2.3,0.8260869565217391,large,0,0.0,0.0,0.0,0,32,64,147,2.3,0.8260869565217391,large,1488.2988786774736,0.0,19,0.0,0.0,2.0,1.0,4.0,-3.0,0.0,-0.1578947368421052,0.0526315789473684,0.2105263157894736,5.0,8.0,0.2,2.0,3.0,1.5,0.0,0.0,,2.0,2.0,2.0,1.0,1.0,0.5,0.5,39236.26315789474,1,0.0,1.0,4.0,0.0,1.0,4.0,-3.0,7,0,0.0,-2.0,,,,,,,32,64,147,2.3,0.8260869565217391,large,0,0.0,0.0,0.0,0,32,64,147,2.3,0.8260869565217391,large,1476.511665761162,0.0,1.0,-3.0,-0.2,7.947368421052632,13.789473684210526,0.0,1.0,11.787212916311546,AwayWin,1,38,1,25,0,0,-37
2006,2006-06-20,WC-2006,2006 FIFA World Cup,Costa Rica v Poland,Group stage,Costa Rica,Poland,CRI,POL,1.0,2.0,1-2,away team win,0.0,1.0,no,no,no,0-0,Niedersachsenstadion,S-061,Niedersachsenstadion,Hanover,Germany,0.0,43000.0,16:00,,,580,32,64,147,2.3,0.8260869565217391,large,9,7.0,4.0,9.0,29.0,35.0,-6.0,0.7777777777777778,-0.6666666666666666,3.2222222222222223,3.888888888888889,4.0,9.0,0.2,11.0,4.0,0.3636363636363636,9.0,0.0,0.0,2.0,3.0,2.0,2.0,1.0,0.6666666666666666,0.3333333333333333,45749.142857142855,2,1.0,2.0,0.0,0.5,1.0,0.0,2.0,2,0,1.0,2.0,,,,,,,32,64,147,2.3,0.8260869565217391,large,0,0.0,0.0,0.0,0,32,64,147,2.3,0.8260869565217391,large,1488.8573937866245,0.0,26,3.0,1.0,6.0,12.0,21.0,-9.0,0.1153846153846153,-0.3461538461538461,0.4615384615384615,0.8076923076923077,3.0,11.0,0.2,9.0,5.0,0.5555555555555556,1.0,0.0,0.0,3.0,3.0,3.0,2.0,1.0,0.6666666666666666,0.3333333333333333,37742.92307692308,2,0.0,3.0,9.0,0.0,1.5,4.5,-6.0,6,0,0.0,-1.0,,0.0,0.0,0.0,2.0,0.0,32,64,147,2.3,0.8260869565217391,large,0,0.0,0.0,2.0,0,32,64,147,2.3,0.8260869565217391,large,1515.9382518341952,0.0,0.6623931623931624,3.0,0.0,2.7606837606837606,3.081196581196581,0.5,8.0,-27.0808580475707,AwayWin,11,41,10,31,0,2,-30
2006,2006-06-20,WC-2006,2006 FIFA World Cup,Paraguay v Trinidad and Tobago,Group stage,Paraguay,Trinidad and Tobago,PRY,TTO,2.0,0.0,2-0,home team win,1.0,0.0,no,no,no,0-0,Fritz-Walter-Stadion,S-062,Fritz-Walter-Stadion,Kaiserslautern,Germany,0.0,46000.0,21:00,,,581,32,64,147,2.3,0.8260869565217391,large,21,14.0,3.0,10.0,43.0,39.0,4.0,0.6666666666666666,0.1904761904761904,2.047619047619047,1.8571428571428572,3.0,11.0,0.2,22.0,5.0,0.2272727272727272,5.0,1.0,0.2,3.0,4.0,3.0,3.0,1.0,0.75,0.25,33905.80952380953,2,1.0,2.0,4.0,0.5,1.0,2.0,-2.0,6,0,1.0,1.0,,,,,,,32,64,147,2.3,0.8260869565217391,large,0,0.0,0.0,0.0,0,32,64,147,2.3,0.8260869565217391,large,1469.894713949494,0.0,2,6.0,7.0,9.0,27.0,36.0,-9.0,3.0,-4.5,13.5,18.0,1.0,5.0,0.0,17.0,6.0,0.3529411764705882,5.0,1.0,0.2,4.0,4.0,4.0,3.0,1.0,0.75,0.25,51979.5,2,1.0,2.0,2.0,0.5,1.0,1.0,0.0,0,0,1.0,2.0,,,,,,,32,64,147,2.3,0.8260869565217391,large,0,0.0,0.0,0.0,0,32,64,147,2.3,0.8260869565217391,large,1492.6442229763336,0.0,-2.3333333333333335,13.0,0.2,-11.452380952380953,-16.142857142857142,0.0,-2.0,-22.749509026839632,HomeWin,25,0,22,0,1,0,25
2006,2006-06-20,WC-2006,2006 FIFA World Cup,Sweden v England,Group stage,Sweden,England,SWE,ENG,2.0,2.0,2-2,draw,0.0,0.0,yes,no,no,0-0,RheinEnergieStadion,S-054,RheinEnergieStadion,Cologne,Germany,0.0,45000.0,21:00,,,582,32,64,147,2.3,0.8260869565217391,large,40,0.0,1.0,2.0,0.0,4.0,-4.0,0.0,-0.1,0.0,0.1,8.0,6.0,0.4,3.0,7.0,2.3333333333333335,0.0,1.0,,5.0,4.0,5.0,3.0,1.0,0.75,0.25,42840.6,2,0.0,0.0,4.0,0.0,0.0,2.0,-4.0,10,1,0.0,-2.0,0.0,0.0,0.0,1.0,3.0,0.0,32,64,147,2.3,0.8260869565217391,large,0,0.0,1.0,3.0,0,32,64,147,2.3,0.8260869565217391,large,1525.51436368229,0.0,46,15.0,12.0,14.0,66.0,56.0,10.0,0.3260869565217391,0.217391304347826,1.434782608695652,1.2173913043478262,10.0,3.0,0.6,25.0,7.0,0.28,16.0,1.0,0.0625,5.0,5.0,5.0,3.0,1.0,0.6,0.4,45608.934782608696,2,1.0,3.0,2.0,0.5,1.5,1.0,1.0,11,1,0.0,0.0,0.0,1.0,1.0,1.0,1.0,0.0,32,64,147,2.3,0.8260869565217391,large,1,1.0,1.0,1.0,0,32,64,147,2.3,0.8260869565217391,large,1584.3216991139827,0.0,-0.3260869565217391,-14.0,-0.1999999999999999,-1.434782608695652,-1.117391304347826,-0.5,-5.0,-58.80733543169276,Draw,62,57,50,49,4,5,5
2006,2006-06-21,WC-2006,2006 FIFA World Cup,Iran v Angola,Group stage,Iran,Angola,IRN,AGO,1.0,1.0,1-1,draw,0.0,0.0,yes,no,no,0-0,Zentralstadion,S-063,Zentralstadion,Leipzig,Germany,0.0,,16:00,,,583,32,64,147,2.3,0.8260869565217391,large,8,21.0,14.0,12.0,61.0,39.0,22.0,2.625,2.75,7.625,4.875,3.0,0.0,0.2,33.0,7.0,0.2121212121212121,14.0,1.0,0.0714285714285714,5.0,6.0,5.0,3.0,1.0,0.5,0.5,,2,2.0,5.0,2.0,1.0,2.5,1.0,3.0,2,0,0.0,0.0,,,,,,,32,64,147,2.3,0.8260869565217391,large,0,0.0,0.0,0.0,0,32,64,147,2.3,0.8260869565217391,large,1454.8805945724764,0.0,2,1.0,2.0,6.0,6.0,18.0,-12.0,0.5,-6.0,3.0,9.0,1.0,-1.0,0.0,9.0,7.0,0.7777777777777778,0.0,1.0,,5.0,7.0,5.0,3.0,1.0,0.4285714285714285,0.5714285714285714,44000.0,2,0.0,2.0,6.0,0.0,1.0,3.0,-4.0,0,0,0.0,0.0,,,,,,,32,64,147,2.3,0.8260869565217391,large,0,0.0,0.0,0.0,0,32,64,147,2.3,0.8260869565217391,large,1490.3667934084642,0.0,2.125,34.0,0.2,4.625,-4.125,1.0,7.0,-35.48619883598781,Draw,5,0,5,0,0,0,5
2006,2006-06-21,WC-2006,2006 FIFA World Cup,Netherlands v Argentina,Group stage,Netherlands,Argentina,NLD,ARG,0.0,0.0,0-0,draw,0.0,0.0,yes,no,no,0-0,Waldstadion,S-057,Waldstadion,Frankfurt,Germany,0.0,48000.0,21:00,,,584,32,64,147,2.3,0.8260869565217391,large,28,0.0,2.0,1.0,1.0,2.0,-1.0,0.0,-0.0357142857142857,0.0357142857142857,0.0714285714285714,10.0,-2.0,0.6,3.0,7.0,2.3333333333333335,0.0,1.0,,6.0,7.0,5.0,3.0,0.8333333333333334,0.4285714285714285,0.4047619047619048,49078.5,1,0.0,1.0,2.0,0.0,1.0,2.0,-1.0,7,3,0.0,0.0,0.0,0.0,0.0,2.0,2.0,0.0,32,64,147,2.3,0.8260869565217391,large,0,0.0,2.0,2.0,0,32,64,147,2.3,0.8260869565217391,large,1557.1651536441773,0.0,55,13.0,9.0,7.0,47.0,29.0,18.0,0.2363636363636363,0.3272727272727272,0.8545454545454545,0.5272727272727272,7.0,0.0,0.4,20.0,8.0,0.4,9.0,1.0,0.1111111111111111,7.0,7.0,6.0,3.0,0.8571428571428571,0.4285714285714285,0.4285714285714285,48406.03846153846,1,1.0,2.0,1.0,1.0,2.0,1.0,1.0,13,3,2.0,3.0,0.6666666666666666,1.0,2.0,4.0,4.0,0.0,32,64,147,2.3,0.8260869565217391,large,1,2.0,4.0,4.0,0,32,64,147,2.3,0.8260869565217391,large,1587.3134067398184,0.0,-0.2363636363636363,-19.0,0.1999999999999999,-0.8188311688311688,-0.4558441558441558,-1.0,-2.0,-30.148253095641167,Draw,47,97,42,75,5,8,-50
2006,2006-06-21,WC-2006,2006 FIFA World Cup,Portugal v Mexico,Group stage,Portugal,Mexico,PRT,MEX,2.0,1.0,2-1,home team win,1.0,0.0,no,no,no,0-0,Arena AufShalke,S-058,Arena AufShalke,Gelsenkirchen,Germany,0.0,52000.0,16:00,,,585,32,64,147,2.3,0.8260869565217391,large,13,30.0,9.0,17.0,99.0,65.0,34.0,2.3076923076923075,2.6153846153846154,7.615384615384615,5.0,9.0,5.0,0.6,44.0,9.0,0.2045454545454545,12.0,1.0,0.0833333333333333,8.0,7.0,7.0,3.0,0.875,0.4285714285714285,0.4464285714285714,43655.72727272727,2,1.0,2.0,1.0,0.5,1.0,0.5,1.0,3,0,1.0,-3.0,,0.0,0.0,0.0,1.0,0.0,32,64,147,2.3,0.8260869565217391,large,0,0.0,0.0,1.0,0,32,64,147,2.3,0.8260869565217391,large,1544.9176704723109,0.0,37,10.0,0.0,4.0,30.0,16.0,14.0,0.2702702702702703,0.3783783783783784,0.8108108108108109,0.4324324324324324,8.0,5.0,0.4,11.0,9.0,0.8181818181818182,3.0,1.0,0.3333333333333333,9.0,7.0,7.0,3.0,0.7777777777777778,0.4285714285714285,0.3492063492063492,44281.88888888889,2,3.0,5.0,1.0,1.5,2.5,0.5,4.0,12,0,1.0,1.0,,,,,,,32,64,147,2.3,0.8260869565217391,large,0,0.0,0.0,0.0,0,32,64,147,2.3,0.8260869565217391,large,1476.2032051625013,0.0,2.0374220374220373,20.0,0.1999999999999999,6.8045738045738045,4.5675675675675675,-1.0,-3.0,68.71446530980961,HomeWin,26,42,19,37,4,8,-16
2006,2006-06-22,WC-2006,2006 FIFA World Cup,Croatia v Australia,Group stage,Croatia,Australia,HRV,AUS,2.0,2.0,2-2,draw,0.0,0.0,yes,no,no,0-0,Neckarstadion,S-067,Neckarstadion,Stuttgart,Germany,0.0,52000.0,21:00,,,586,32,64,147,2.3,0.8260869565217391,large,12,9.0,10.0,19.0,43.0,71.0,-28.0,0.75,-2.3333333333333335,3.5833333333333335,5.916666666666667,4.0,6.0,0.2,31.0,9.0,0.2903225806451613,7.0,2.0,0.2857142857142857,10.0,7.0,8.0,3.0,0.8,0.4285714285714285,0.3714285714285715,46006.083333333336,2,1.0,4.0,3.0,0.5,2.0,1.5,1.0,2,0,0.0,-1.0,,0.0,0.0,0.0,1.0,0.0,32,64,147,2.3,0.8260869565217391,large,0,0.0,0.0,1.0,0,32,64,147,2.3,0.8260869565217391,large,1517.802746145902,0.0,4,6.0,2.0,5.0,15.0,11.0,4.0,1.5,1.0,3.75,2.75,4.0,6.0,0.25,9.0,9.0,1.0,4.0,2.0,0.5,10.0,8.0,8.0,3.0,0.8,0.375,0.425,43133.333333333336,2,0.0,2.0,3.0,0.0,1.0,1.5,-1.0,1,0,0.0,0.0,,,,,,,32,64,147,2.3,0.8260869565217391,large,0,0.0,0.0,0.0,0,32,64,147,2.3,0.8260869565217391,large,1496.2582188466858,0.0,-0.75,-32.0,-0.0499999999999999,-0.1666666666666665,3.166666666666667,0.5,2.0,21.544527299216043,Draw,13,3,13,2,1,0,10
2006,2006-06-22,WC-2006,2006 FIFA World Cup,Czech Republic v Italy,Group stage,Czech Republic,Italy,CZE,ITA,0.0,2.0,0-2,away team win,0.0,1.0,no,no,no,0-0,Volksparkstadion,S-060,Volksparkstadion,Hamburg,Germany,0.0,50000.0,16:00,,,587,32,64,147,2.3,0.8260869565217391,large,2,1.0,2.0,2.0,5.0,7.0,-2.0,0.5,-1.0,2.5,3.5,3.0,3.0,0.5,5.0,10.0,2.0,0.0,2.0,,11.0,8.0,9.0,3.0,0.8181818181818182,0.375,0.4431818181818182,48500.0,2,1.0,5.0,5.0,0.5,2.5,2.5,0.0,0,0,0.0,0.0,,,,,,,32,64,147,2.3,0.8260869565217391,large,0,0.0,0.0,0.0,0,32,64,147,2.3,0.8260869565217391,large,1498.048793933708,0.0,62,1.0,0.0,2.0,3.0,4.0,-1.0,0.0161290322580645,-0.0161290322580645,0.0483870967741935,0.064516129032258,5.0,-3.0,0.2,3.0,10.0,3.3333333333333335,0.0,2.0,,11.0,9.0,9.0,3.0,0.8181818181818182,0.3333333333333333,0.4848484848484849,48096.85,2,1.0,3.0,4.0,0.5,1.5,2.0,-1.0,15,0,0.0,-2.0,,1.0,3.0,5.0,6.0,0.0,32,64,147,2.3,0.8260869565217391,large,1,3.0,5.0,6.0,0,32,64,147,2.3,0.8260869565217391,large,1619.2424801310178,0.0,0.4838709677419355,-1.0,0.3,2.4516129032258065,3.435483870967742,0.0,1.0,-121.19368619730994,AwayWin,3,100,2,86,0,6,-97
2006,2006-06-22,WC-2006,2006 FIFA World Cup,Ghana v United States,Group stage,Ghana,United States,GHA,USA,2.0,1.0,2-1,home team win,1.0,0.0,no,no,no,0-0,Frankenstadion,S-066,Frankenstadion,Nuremberg,Germany,0.0,41000.0,16:00,,,588,32,64,147,2.3,0.8260869565217391,large,2,36.0,14.0,13.0,98.0,59.0,39.0,18.0,19.5,49.0,29.5,3.0,-5.0,0.5,41.0,10.0,0.2439024390243902,22.0,2.0,0.0909090909090909,11.0,10.0,9.0,3.0,0.8181818181818182,0.3,0.5181818181818183,44000.0,2,2.0,5.0,1.0,1.0,2.5,0.5,4.0,0,0,1.0,2.0,,,,,,,32,64,147,2.3,0.8260869565217391,large,0,0.0,0.0,0.0,0,32,64,147,2.3,0.8260869565217391,large,1503.693745644525,0.0,23,2.0,0.0,1.0,4.0,3.0,1.0,0.0869565217391304,0.0434782608695652,0.1739130434782608,0.1304347826086956,4.0,-8.0,0.2,3.0,10.0,3.3333333333333335,0.0,2.0,,11.0,11.0,9.0,3.0,0.8181818181818182,0.2727272727272727,0.5454545454545455,43366.333333333336,2,2.0,4.0,3.0,1.0,2.0,1.5,1.0,7,0,1.0,1.0,,0.0,0.0,0.0,1.0,0.0,32,64,147,2.3,0.8260869565217391,large,0,0.0,0.0,1.0,0,32,64,147,2.3,0.8260869565217391,large,1443.4216551104198,0.0,17.91304347826087,38.0,0.3,48.82608695652174,29.369565217391305,0.0,3.0,60.272090534105246,HomeWin,2,26,2,24,0,1,-24
2006,2006-06-22,WC-2006,2006 FIFA World Cup,Japan v Brazil,Group stage,Japan,Brazil,JPN,BRA,1.0,4.0,1-4,away team win,0.0,1.0,no,no,no,0-0,Westfalenstadion,S-055,Westfalenstadion,Dortmund,Germany,0.0,65000.0,21:00,,,589,32,64,147,2.3,0.8260869565217391,large,8,6.0,3.0,15.0,27.0,50.0,-23.0,0.75,-2.875,3.375,6.25,5.0,-12.0,0.2,17.0,10.0,0.5882352941176471,7.0,2.0,0.2857142857142857,11.0,12.0,9.0,3.0,0.8181818181818182,0.25,0.5681818181818182,45209.142857142855,2,0.0,2.0,6.0,0.0,1.0,3.0,-4.0,2,0,0.0,-1.0,,,,,,,32,64,147,2.3,0.8260869565217391,large,0,0.0,0.0,0.0,0,32,64,147,2.3,0.8260869565217391,large,1467.737536917635,0.0,83,1.0,2.0,6.0,6.0,14.0,-8.0,0.0120481927710843,-0.0963855421686747,0.072289156626506,0.1686746987951807,15.0,-11.0,1.0,8.0,11.0,1.375,1.0,2.0,2.0,12.0,12.0,10.0,3.0,0.8333333333333334,0.25,0.5833333333333334,53740.29113924051,2,0.0,2.0,7.0,0.0,1.0,3.5,-5.0,17,0,0.0,-3.0,,1.0,5.0,7.0,9.0,1.0,32,64,147,2.3,0.8260869565217391,large,1,5.0,7.0,9.0,1,32,64,147,2.3,0.8260869565217391,large,1734.3816973640598,0.0,0.7379518072289156,-15.0,-0.8,3.302710843373494,6.081325301204819,0.0,1.0,-266.64416044642485,AwayWin,5,185,5,149,0,9,-180
2006,2006-06-23,WC-2006,2006 FIFA World Cup,Saudi Arabia v Spain,Group stage,Saudi Arabia,Spain,SAU,ESP,0.0,1.0,0-1,away team win,0.0,1.0,no,no,no,0-0,Fritz-Walter-Stadion,S-062,Fritz-Walter-Stadion,Kaiserslautern,Germany,0.0,46000.0,16:00,,,590,32,64,147,2.3,0.8260869565217391,large,12,59.0,13.0,12.0,184.0,75.0,109.0,4.916666666666667,9.083333333333334,15.333333333333334,6.25,1.0,-10.0,0.0,49.0,11.0,0.2244897959183673,35.0,2.0,0.0571428571428571,13.0,12.0,10.0,3.0,0.7692307692307693,0.25,0.5192307692307693,54654.916666666664,2,3.0,7.0,1.0,1.5,3.5,0.5,6.0,3,0,1.0,3.0,,,,,,,32,64,147,2.3,0.8260869565217391,large,0,0.0,0.0,0.0,0,32,64,147,2.3,0.8260869565217391,large,1446.965965424548,0.0,44,2.0,2.0,9.0,9.0,32.0,-23.0,0.0454545454545454,-0.5227272727272727,0.2045454545454545,0.7272727272727273,13.0,-7.0,0.8,12.0,11.0,0.9166666666666666,1.0,2.0,2.0,13.0,13.0,10.0,3.0,0.7692307692307693,0.2307692307692307,0.5384615384615385,40763.558139534885,2,0.0,2.0,7.0,0.0,1.0,3.5,-5.0,11,0,0.0,-1.0,,0.0,0.0,0.0,0.0,0.0,32,64,147,2.3,0.8260869565217391,large,0,0.0,0.0,0.0,0,32,64,147,2.3,0.8260869565217391,large,1573.4644867850093,0.0,4.871212121212121,132.0,-0.8,15.12878787878788,5.5227272727272725,1.5,11.0,-126.49852136046115,AwayWin,9,77,9,63,3,13,-68
2006,2006-06-23,WC-2006,2006 FIFA World Cup,Switzerland v South Korea,Group stage,Switzerland,South Korea,CHE,KOR,2.0,0.0,2-0,home team win,1.0,0.0,no,no,no,0-0,Niedersachsenstadion,S-061,Niedersachsenstadion,Hanover,Germany,0.0,43000.0,21:00,,,591,32,64,147,2.3,0.8260869565217391,large,20,22.0,11.0,12.0,77.0,50.0,27.0,1.1,1.35,3.85,2.5,7.0,-4.0,0.4,30.0,12.0,0.4,15.0,2.0,0.1333333333333333,13.0,14.0,10.0,4.0,0.7692307692307693,0.2857142857142857,0.4835164835164836,40524.45,2,3.0,8.0,1.0,1.5,4.0,0.5,7.0,7,0,1.0,1.0,,,,,,,32,64,147,2.3,0.8260869565217391,large,0,0.0,0.0,0.0,0,32,64,147,2.3,0.8260869565217391,large,1486.8507989169188,0.0,20,8.0,4.0,9.0,31.0,35.0,-4.0,0.4,-0.2,1.55,1.75,8.0,-1.0,0.4,12.0,12.0,1.0,9.0,2.0,0.2222222222222222,14.0,14.0,10.0,4.0,0.7142857142857143,0.2857142857142857,0.4285714285714286,43665.88888888889,2,2.0,4.0,0.0,1.0,2.0,0.0,4.0,6,0,1.0,2.0,,,,,,,32,64,147,2.3,0.8260869565217391,large,0,0.0,0.0,0.0,0,32,64,147,2.3,0.8260869565217391,large,1454.658251471133,0.0,0.7000000000000001,31.0,0.0,2.3,0.75,0.5,3.0,32.19254744578575,HomeWin,40,21,27,21,0,0,19
2006,2006-06-23,WC-2006,2006 FIFA World Cup,Togo v France,Group stage,Togo,France,TGO,FRA,0.0,2.0,0-2,away team win,0.0,1.0,no,no,no,0-0,RheinEnergieStadion,S-054,RheinEnergieStadion,Cologne,Germany,0.0,45000.0,21:00,,,592,32,64,147,2.3,0.8260869565217391,large,2,3.0,6.0,12.0,21.0,52.0,-31.0,1.5,-15.5,10.5,26.0,0.0,-6.0,0.0,19.0,12.0,0.631578947368421,2.0,2.0,1.0,15.0,14.0,10.0,4.0,0.6666666666666666,0.2857142857142857,0.3809523809523809,56500.0,2,1.0,3.0,4.0,0.5,1.5,2.0,-1.0,0,0,0.0,-2.0,,,,,,,32,64,147,2.3,0.8260869565217391,large,0,0.0,0.0,0.0,0,32,64,147,2.3,0.8260869565217391,large,1477.9597455217167,0.0,39,0.0,0.0,3.0,1.0,6.0,-5.0,0.0,-0.1282051282051282,0.0256410256410256,0.1538461538461538,3.0,-3.0,0.0,3.0,13.0,4.333333333333333,0.0,2.0,,15.0,15.0,10.0,5.0,0.6666666666666666,0.3333333333333333,0.3333333333333333,39618.89743589744,2,0.0,1.0,6.0,0.0,0.5,3.0,-5.0,11,0,0.0,-2.0,,1.0,1.0,1.0,3.0,0.0,32,64,147,2.3,0.8260869565217391,large,1,1.0,1.0,3.0,0,32,64,147,2.3,0.8260869565217391,large,1543.3385682573446,0.0,1.5,-26.0,0.0,10.474358974358974,25.846153846153847,0.5,4.0,-65.37882273562786,AwayWin,1,69,1,59,0,4,-68
2006,2006-06-23,WC-2006,2006 FIFA World Cup,Ukraine v Tunisia,Group stage,Ukraine,Tunisia,UKR,TUN,1.0,0.0,1-0,home team win,1.0,0.0,no,no,no,0-0,Olympiastadion,S-053,Olympiastadion,Berlin,Germany,0.0,72000.0,16:00,,,593,32,64,147,2.3,0.8260869565217391,large,2,19.0,7.0,14.0,72.0,49.0,23.0,9.5,11.5,36.0,24.5,3.0,-2.0,0.5,31.0,13.0,0.4193548387096774,9.0,2.0,0.2222222222222222,15.0,16.0,10.0,5.0,0.6666666666666666,0.3125,0.3541666666666666,46500.0,2,1.0,3.0,1.0,0.5,1.5,0.5,2.0,0,0,1.0,2.0,,,,,,,32,64,147,2.3,0.8260869565217391,large,0,0.0,0.0,0.0,0,32,64,147,2.3,0.8260869565217391,large,1500.6226094072867,0.0,9,2.0,0.0,1.0,5.0,4.0,1.0,0.2222222222222222,0.1111111111111111,0.5555555555555556,0.4444444444444444,3.0,-1.0,0.0,3.0,14.0,4.666666666666667,0.0,2.0,,16.0,16.0,11.0,5.0,0.6875,0.3125,0.375,42862.666666666664,2,2.0,5.0,4.0,1.0,2.5,2.0,1.0,3,0,1.0,1.0,,,,,,,32,64,147,2.3,0.8260869565217391,large,0,0.0,0.0,0.0,0,32,64,147,2.3,0.8260869565217391,large,1465.2987100036316,0.0,9.27777777777778,22.0,0.5,35.44444444444444,24.055555555555557,-0.5,1.0,35.323899403655105,HomeWin,4,8,4,8,0,1,-4
2006,2006-06-24,WC-2006,2006 FIFA World Cup,Argentina v Mexico,Round of 16,Argentina,Mexico,ARG,MEX,2.0,1.0,2-1,home team win,1.0,0.0,no,yes,no,0-0,Zentralstadion,S-063,Zentralstadion,Leipzig,Germany,0.0,43000.0,21:00,,Required Extra Time,594,32,64,147,2.3,0.8260869565217391,large,56,1.0,3.0,6.0,8.0,15.0,-7.0,0.0178571428571428,-0.125,0.1428571428571428,0.2678571428571428,8.0,-2.0,0.4,10.0,14.0,1.4,0.0,2.0,,17.0,16.0,11.0,5.0,0.6470588235294118,0.3125,0.3345588235294118,48398.377358490565,2,0.0,3.0,6.0,0.0,1.5,3.0,-3.0,13,1,0.0,-1.0,0.0,1.0,2.0,4.0,4.0,0.0,32,64,147,2.3,0.8260869565217391,large,1,2.0,4.0,4.0,0,32,64,147,2.3,0.8260869565217391,large,1586.447841645097,0.0,38,31.0,9.0,17.0,101.0,66.0,35.0,0.8157894736842105,0.9210526315789472,2.6578947368421053,1.736842105263158,5.0,,0.2,44.0,0.0,0.0,13.0,0.0,0.0,0.0,0.0,0.0,0.0,,,,44490.48648648649,3,2.0,4.0,2.0,0.6666666666666666,1.3333333333333333,0.6666666666666666,2.0,12,1,2.0,4.0,2.0,,,,,,32,64,147,2.3,0.8260869565217391,large,0,0.0,0.0,0.0,0,32,64,147,2.3,0.8260869565217391,large,1468.1555766621275,0.0,-0.7979323308270676,-42.0,0.2,-2.5150375939849625,-1.4689849624060152,-0.6666666666666666,-5.0,118.2922649829693,HomeWin,97,43,75,38,8,8,54
2006,2006-06-24,WC-2006,2006 FIFA World Cup,Germany v Sweden,Round of 16,Germany,Sweden,DEU,SWE,2.0,0.0,2-0,home team win,1.0,0.0,no,no,no,0-0,Allianz Arena,S-064,Allianz Arena,Munich,Germany,1.0,66000.0,17:00,,,595,32,64,147,2.3,0.8260869565217391,large,24,9.0,10.0,20.0,44.0,73.0,-29.0,0.375,-1.2083333333333333,1.8333333333333333,3.0416666666666665,12.0,2.0,0.8,31.0,1.0,0.032258064516129,8.0,0.0,0.0,1.0,0.0,1.0,0.0,1.0,,,40972.72727272727,2,1.0,5.0,5.0,0.5,2.5,2.5,0.0,5,1,0.0,-4.0,0.0,0.0,0.0,1.0,2.0,0.0,32,64,147,2.3,0.8260869565217391,large,0,0.0,1.0,2.0,0,32,64,147,2.3,0.8260869565217391,large,1578.9506409246185,0.0,41,16.0,4.0,5.0,51.0,31.0,20.0,0.3902439024390244,0.4878048780487805,1.2439024390243902,0.7560975609756098,6.0,5.0,0.2,11.0,2.0,0.1818181818181818,14.0,0.0,0.0,2.0,0.0,2.0,0.0,1.0,,,42893.26829268293,3,3.0,7.0,2.0,1.0,2.3333333333333335,0.6666666666666666,5.0,10,1,2.0,3.0,2.0,0.0,0.0,1.0,3.0,0.0,32,64,147,2.3,0.8260869565217391,large,0,0.0,1.0,3.0,0,32,64,147,2.3,0.8260869565217391,large,1527.19099391233,0.0,-0.0152439024390244,-49.0,0.6000000000000001,0.589430894308943,2.2855691056910565,-0.5,-5.0,51.75964701228827,HomeWin,52,64,43,52,1,4,-12
2006,2006-06-25,WC-2006,2006 FIFA World Cup,England v Ecuador,Round of 16,England,Ecuador,ENG,ECU,1.0,0.0,1-0,home team win,1.0,0.0,no,no,no,0-0,Neckarstadion,S-067,Neckarstadion,Stuttgart,Germany,0.0,52000.0,17:00,,,596,32,64,147,2.3,0.8260869565217391,large,47,15.0,12.0,15.0,66.0,58.0,8.0,0.3191489361702128,0.1702127659574468,1.4042553191489362,1.2340425531914894,10.0,7.0,0.6,25.0,3.0,0.12,17.0,0.0,0.0,3.0,0.0,3.0,0.0,1.0,,,45595.97872340425,3,1.0,3.0,4.0,0.3333333333333333,1.0,1.3333333333333333,-1.0,11,0,0.0,-3.0,,1.0,1.0,1.0,1.0,0.0,32,64,147,2.3,0.8260869565217391,large,1,1.0,1.0,1.0,0,32,64,147,2.3,0.8260869565217391,large,1582.6450688839427,0.0,5,22.0,14.0,12.0,62.0,39.0,23.0,4.4,4.6,12.4,7.8,9.0,9.0,0.6,33.0,3.0,0.0909090909090909,15.0,1.0,0.0666666666666666,4.0,0.0,4.0,0.0,1.0,,,48910.6,2,3.0,6.0,2.0,1.5,3.0,1.0,4.0,1,0,1.0,1.0,,,,,,,32,64,147,2.3,0.8260869565217391,large,0,0.0,0.0,0.0,0,32,64,147,2.3,0.8260869565217391,large,1515.4774770331312,0.0,-4.080851063829788,-15.0,0.0,-10.995744680851065,-6.56595744680851,-1.1666666666666667,-5.0,67.1675918508115,HomeWin,59,7,51,7,5,0,52
2006,2006-06-25,WC-2006,2006 FIFA World Cup,Portugal v Netherlands,Round of 16,Portugal,Netherlands,PRT,NLD,1.0,0.0,1-0,home team win,1.0,0.0,no,no,no,0-0,Frankenstadion,S-066,Frankenstadion,Nuremberg,Germany,0.0,41000.0,21:00,,,597,32,64,147,2.3,0.8260869565217391,large,14,3.0,0.0,3.0,7.0,5.0,2.0,0.2142857142857142,0.1428571428571428,0.5,0.3571428571428571,12.0,8.0,0.8,5.0,3.0,0.6,1.0,1.0,1.0,4.0,1.0,4.0,0.0,1.0,0.0,1.0,44351.083333333336,3,2.0,5.0,1.0,0.6666666666666666,1.6666666666666667,0.3333333333333333,4.0,3,0,0.0,-1.0,,0.0,0.0,0.0,1.0,0.0,32,64,147,2.3,0.8260869565217391,large,0,0.0,0.0,1.0,0,32,64,147,2.3,0.8260869565217391,large,1552.9652989726844,0.0,29,11.0,0.0,4.0,31.0,16.0,15.0,0.3793103448275862,0.5172413793103449,1.0689655172413792,0.5517241379310345,8.0,7.0,0.4,11.0,3.0,0.2727272727272727,4.0,2.0,0.5,5.0,1.0,5.0,0.0,1.0,0.0,1.0,49035.36,2,4.0,6.0,1.0,2.0,3.0,0.5,5.0,7,0,1.0,1.0,,0.0,0.0,2.0,2.0,0.0,32,64,147,2.3,0.8260869565217391,large,0,0.0,2.0,2.0,0,32,64,147,2.3,0.8260869565217391,large,1558.0307187388987,0.0,-0.1650246305418719,-13.0,0.4,-0.5689655172413792,-0.1945812807881773,-1.3333333333333337,-1.0,-5.065419766214291,HomeWin,28,47,21,42,5,5,-19
2006,2006-06-26,WC-2006,2006 FIFA World Cup,Italy v Australia,Round of 16,Italy,Australia,ITA,AUS,1.0,0.0,1-0,home team win,1.0,0.0,no,no,no,0-0,Fritz-Walter-Stadion,S-062,Fritz-Walter-Stadion,Kaiserslautern,Germany,0.0,46000.0,17:00,,,598,32,64,147,2.3,0.8260869565217391,large,63,13.0,9.0,8.0,47.0,30.0,17.0,0.2063492063492063,0.2698412698412698,0.746031746031746,0.4761904761904761,8.0,5.0,0.4,20.0,4.0,0.2,10.0,2.0,0.2,6.0,1.0,6.0,0.0,1.0,0.0,1.0,48128.04918032787,3,1.0,2.0,2.0,0.3333333333333333,0.6666666666666666,0.6666666666666666,0.0,15,0,0.0,-1.0,,1.0,3.0,5.0,6.0,0.0,32,64,147,2.3,0.8260869565217391,large,1,3.0,5.0,6.0,0,32,64,147,2.3,0.8260869565217391,large,1625.8891628965334,0.0,5,37.0,14.0,13.0,99.0,59.0,40.0,7.4,8.0,19.8,11.8,5.0,2.0,0.2,41.0,4.0,0.0975609756097561,23.0,2.0,0.0869565217391304,6.0,2.0,6.0,0.0,1.0,0.0,1.0,45350.0,3,3.0,6.0,1.0,1.0,2.0,0.3333333333333333,5.0,1,0,1.0,1.0,,,,,,,32,64,147,2.3,0.8260869565217391,large,0,0.0,0.0,0.0,0,32,64,147,2.3,0.8260869565217391,large,1496.8775265934391,0.0,-7.193650793650794,-23.0,0.2,-19.053968253968257,-11.323809523809524,-0.6666666666666667,-5.0,129.0116363030943,HomeWin,102,5,88,4,6,1,97
2006,2006-06-26,WC-2006,2006 FIFA World Cup,Switzerland v Ukraine,Round of 16,Switzerland,Ukraine,CHE,UKR,0.0,0.0,0-0,away team win,0.0,1.0,no,yes,yes,0-3,RheinEnergieStadion,S-054,RheinEnergieStadion,Cologne,Germany,0.0,45000.0,21:00,,Ukraine won on penalty kicks following extra time,599,32,64,147,2.3,0.8260869565217391,large,21,1.0,2.0,3.0,5.0,8.0,-3.0,0.0476190476190476,-0.1428571428571428,0.238095238095238,0.3809523809523809,7.0,-2.0,0.4,5.0,4.0,0.8,1.0,2.0,2.0,7.0,2.0,6.0,0.0,0.8571428571428571,0.0,0.8571428571428571,40642.333333333336,3,1.0,5.0,6.0,0.3333333333333333,1.6666666666666667,2.0,-1.0,7,0,0.0,-1.0,,,,,,,32,64,147,2.3,0.8260869565217391,large,0,0.0,0.0,0.0,0,32,64,147,2.3,0.8260869565217391,large,1495.9268655286403,0.0,3,8.0,5.0,9.0,31.0,35.0,-4.0,2.6666666666666665,-1.3333333333333333,10.333333333333334,11.666666666666666,6.0,-2.0,0.6666666666666666,12.0,4.0,0.3333333333333333,10.0,2.0,0.2,7.0,3.0,6.0,0.0,0.8571428571428571,0.0,0.8571428571428571,55000.0,3,2.0,4.0,0.0,0.6666666666666666,1.3333333333333333,0.0,4.0,0,0,0.0,0.0,,,,,,,32,64,147,2.3,0.8260869565217391,large,0,0.0,0.0,0.0,0,32,64,147,2.3,0.8260869565217391,large,1509.609394604969,0.0,-2.619047619047619,1.0,-0.2666666666666666,-10.095238095238097,-11.285714285714285,-0.3333333333333333,-5.0,-13.68252907632882,Draw,42,5,29,5,0,1,37
2006,2006-06-27,WC-2006,2006 FIFA World Cup,Brazil v Ghana,Round of 16,Brazil,Ghana,BRA,GHA,3.0,0.0,3-0,home team win,1.0,0.0,no,no,no,0-0,Westfalenstadion,S-055,Westfalenstadion,Dortmund,Germany,0.0,65000.0,17:00,,,600,32,64,147,2.3,0.8260869565217391,large,84,2.0,1.0,1.0,5.0,4.0,1.0,0.0238095238095238,0.0119047619047619,0.0595238095238095,0.0476190476190476,15.0,1.0,1.0,3.0,5.0,1.6666666666666667,1.0,2.0,2.0,8.0,3.0,7.0,0.0,0.875,0.0,0.875,53881.0375,3,2.0,5.0,4.0,0.6666666666666666,1.6666666666666667,1.3333333333333333,1.0,17,0,0.0,0.0,,1.0,5.0,7.0,9.0,1.0,32,64,147,2.3,0.8260869565217391,large,1,5.0,7.0,9.0,1,32,64,147,2.3,0.8260869565217391,large,1737.927175865524,0.0,3,60.0,13.0,12.0,187.0,75.0,112.0,20.0,37.333333333333336,62.333333333333336,25.0,6.0,1.0,0.6666666666666666,49.0,6.0,0.1224489795918367,36.0,2.0,0.0555555555555555,8.0,4.0,7.0,1.0,0.875,0.25,0.625,43000.0,3,4.0,10.0,1.0,1.3333333333333333,3.3333333333333335,0.3333333333333333,9.0,0,0,1.0,3.0,,,,,,,32,64,147,2.3,0.8260869565217391,large,0,0.0,0.0,0.0,0,32,64,147,2.3,0.8260869565217391,large,1511.9761706862296,0.0,-19.97619047619047,-111.0,0.3333333333333333,-62.273809523809526,-24.952380952380953,-0.6666666666666666,-8.0,225.9510051792945,HomeWin,189,4,152,4,9,1,185
2006,2006-06-27,WC-2006,2006 FIFA World Cup,Spain v France,Round of 16,Spain,France,ESP,FRA,1.0,3.0,1-3,away team win,0.0,1.0,no,no,no,0-0,Niedersachsenstadion,S-061,Niedersachsenstadion,Hanover,Germany,0.0,43000.0,21:00,,,601,32,64,147,2.3,0.8260869565217391,large,45,2.0,0.0,2.0,4.0,6.0,-2.0,0.0444444444444444,-0.0444444444444444,0.0888888888888888,0.1333333333333333,13.0,4.0,0.8,3.0,7.0,2.3333333333333335,1.0,2.0,2.0,9.0,4.0,8.0,1.0,0.8888888888888888,0.25,0.6388888888888888,40882.568181818184,3,2.0,4.0,6.0,0.6666666666666666,1.3333333333333333,2.0,-2.0,11,0,0.0,-3.0,,0.0,0.0,0.0,0.0,0.0,32,64,147,2.3,0.8260869565217391,large,0,0.0,0.0,0.0,0,32,64,147,2.3,0.8260869565217391,large,1579.9763539310009,0.0,40,22.0,11.0,13.0,78.0,53.0,25.0,0.55,0.625,1.95,1.325,6.0,7.0,0.2,30.0,8.0,0.2666666666666666,16.0,2.0,0.125,10.0,4.0,9.0,1.0,0.9,0.25,0.65,39753.425,3,3.0,9.0,4.0,1.0,3.0,1.3333333333333333,5.0,11,0,0.0,-2.0,,1.0,1.0,1.0,3.0,0.0,32,64,147,2.3,0.8260869565217391,large,1,1.0,1.0,3.0,0,32,64,147,2.3,0.8260869565217391,large,1551.4787152742306,0.0,-0.5055555555555556,-27.0,0.6000000000000001,-1.8611111111111112,-1.1916666666666669,-0.3333333333333333,-7.0,28.49763865677028,AwayWin,78,71,64,61,13,4,7
2006,2006-06-30,WC-2006,2006 FIFA World Cup,Germany v Argentina,Quarter-finals,Germany,Argentina,DEU,ARG,1.0,1.0,1-1,home team win,1.0,0.0,no,yes,yes,4-2,Olympiastadion,S-053,Olympiastadion,Berlin,Germany,1.0,72000.0,17:00,,Germany won on penalty kicks following extra time,602,32,64,147,2.3,0.8260869565217391,large,25,20.0,7.0,14.0,75.0,50.0,25.0,0.8,1.0,3.0,2.0,12.0,9.0,0.8,31.0,8.0,0.2580645161290322,10.0,3.0,0.3,11.0,4.0,10.0,1.0,0.9090909090909092,0.25,0.6590909090909091,42060.86956521739,3,2.0,6.0,2.0,0.6666666666666666,2.0,0.6666666666666666,4.0,5,0,1.0,2.0,,0.0,0.0,1.0,2.0,0.0,32,64,147,2.3,0.8260869565217391,large,0,0.0,1.0,2.0,0,32,64,147,2.3,0.8260869565217391,large,1587.4718027811518,0.0,57,16.0,5.0,5.0,52.0,32.0,20.0,0.2807017543859649,0.3508771929824561,0.912280701754386,0.5614035087719298,8.0,5.0,0.4,11.0,8.0,0.7272727272727273,15.0,3.0,0.2,11.0,5.0,10.0,1.0,0.9090909090909092,0.2,0.709090909090909,48298.40740740741,3,3.0,8.0,3.0,1.0,2.6666666666666665,1.0,5.0,13,0,0.0,0.0,,1.0,2.0,4.0,4.0,0.0,32,64,147,2.3,0.8260869565217391,large,1,2.0,4.0,4.0,0,32,64,147,2.3,0.8260869565217391,large,1593.1688499991942,0.0,0.5192982456140351,5.0,0.4,2.087719298245614,1.4385964912280702,-0.3333333333333333,-1.0,-5.697047218042371,Draw,54,99,44,77,1,8,-45
2006,2006-06-30,WC-2006,2006 FIFA World Cup,Italy v Ukraine,Quarter-finals,Italy,Ukraine,ITA,UKR,3.0,0.0,3-0,home team win,1.0,0.0,no,no,no,0-0,Volksparkstadion,S-060,Volksparkstadion,Hamburg,Germany,0.0,50000.0,21:00,,,603,32,64,147,2.3,0.8260869565217391,large,64,31.0,10.0,17.0,102.0,67.0,35.0,0.484375,0.546875,1.59375,1.046875,10.0,3.0,0.6,44.0,8.0,0.1818181818181818,14.0,3.0,0.2142857142857142,12.0,5.0,10.0,1.0,0.8333333333333334,0.2,0.6333333333333333,48093.72580645161,4,2.0,5.0,3.0,0.5,1.25,0.75,2.0,15,0,0.0,0.0,,1.0,3.0,5.0,6.0,0.0,32,64,147,2.3,0.8260869565217391,large,1,3.0,5.0,6.0,0,32,64,147,2.3,0.8260869565217391,large,1632.3376586156614,0.0,4,38.0,14.0,13.0,102.0,59.0,43.0,9.5,10.75,25.5,14.75,7.0,-1.0,0.5,41.0,8.0,0.1951219512195122,24.0,3.0,0.125,12.0,6.0,10.0,1.0,0.8333333333333334,0.1666666666666666,0.6666666666666667,52500.0,4,4.0,9.0,1.0,1.0,2.25,0.25,8.0,0,0,1.0,3.0,,,,,,,32,64,147,2.3,0.8260869565217391,large,0,0.0,0.0,0.0,0,32,64,147,2.3,0.8260869565217391,large,1509.2157832244986,0.0,-9.015625,-8.0,0.0999999999999999,-23.90625,-13.703125,-0.5,-6.0,123.1218753911628,HomeWin,103,5,89,5,7,1,98
2006,2006-07-01,WC-2006,2006 FIFA World Cup,Brazil v France,Quarter-finals,Brazil,France,BRA,FRA,0.0,1.0,0-1,away team win,0.0,1.0,no,no,no,0-0,Waldstadion,S-057,Waldstadion,Frankfurt,Germany,0.0,48000.0,21:00,,,604,32,64,147,2.3,0.8260869565217391,large,85,2.0,1.0,2.0,5.0,7.0,-2.0,0.0235294117647058,-0.0235294117647058,0.0588235294117647,0.0823529411764705,15.0,-2.0,1.0,3.0,8.0,2.6666666666666665,2.0,3.0,1.5,12.0,7.0,10.0,1.0,0.8333333333333334,0.1428571428571428,0.6904761904761905,54018.30864197531,4,2.0,5.0,7.0,0.5,1.25,1.75,-2.0,17,2,0.0,-3.0,0.0,1.0,5.0,7.0,9.0,1.0,32,64,147,2.3,0.8260869565217391,large,1,5.0,7.0,9.0,1,32,64,147,2.3,0.8260869565217391,large,1742.208192701934,0.0,41,60.0,13.0,13.0,187.0,76.0,111.0,1.4634146341463414,2.707317073170732,4.560975609756097,1.853658536585366,8.0,4.0,0.4,49.0,9.0,0.1836734693877551,37.0,3.0,0.081081081081081,13.0,7.0,11.0,1.0,0.8461538461538461,0.1428571428571428,0.7032967032967032,39832.60975609756,4,4.0,10.0,2.0,1.0,2.5,0.5,8.0,11,2,1.0,2.0,0.5,1.0,1.0,1.0,3.0,0.0,32,64,147,2.3,0.8260869565217391,large,1,1.0,1.0,3.0,0,32,64,147,2.3,0.8260869565217391,large,1562.2971087586586,0.0,-1.4398852223816356,-113.0,0.6,-4.502152080344333,-1.7713055954088954,-0.5,-10.0,179.91108394327534,AwayWin,192,74,155,64,9,4,118
2006,2006-07-01,WC-2006,2006 FIFA World Cup,England v Portugal,Quarter-finals,England,Portugal,ENG,PRT,0.0,0.0,0-0,away team win,0.0,1.0,no,yes,yes,1-3,Arena AufShalke,S-058,Arena AufShalke,Gelsenkirchen,Germany,0.0,52000.0,17:00,,Portugal won on penalty kicks following extra time,605,32,64,147,2.3,0.8260869565217391,large,48,21.0,7.0,14.0,76.0,50.0,26.0,0.4375,0.5416666666666666,1.5833333333333333,1.0416666666666667,10.0,4.0,0.6,31.0,9.0,0.2903225806451613,11.0,3.0,0.2727272727272727,14.0,7.0,11.0,1.0,0.7857142857142857,0.1428571428571428,0.6428571428571428,45729.395833333336,4,3.0,7.0,2.0,0.75,1.75,0.5,5.0,11,2,1.0,-2.0,0.5,1.0,1.0,1.0,1.0,0.0,32,64,147,2.3,0.8260869565217391,large,1,1.0,1.0,1.0,0,32,64,147,2.3,0.8260869565217391,large,1590.7355598641684,0.0,15,22.0,15.0,12.0,62.0,39.0,23.0,1.4666666666666666,1.5333333333333334,4.133333333333334,2.6,15.0,4.0,1.0,33.0,9.0,0.2727272727272727,16.0,3.0,0.1875,14.0,8.0,11.0,1.0,0.7857142857142857,0.125,0.6607142857142857,44093.307692307695,4,3.0,6.0,2.0,0.75,1.5,0.5,4.0,3,2,1.0,0.0,0.5,0.0,0.0,0.0,1.0,0.0,32,64,147,2.3,0.8260869565217391,large,0,0.0,0.0,1.0,0,32,64,147,2.3,0.8260869565217391,large,1563.1110831440617,0.0,-1.0291666666666666,3.0,-0.4,-2.5500000000000007,-1.5583333333333331,0.0,1.0,27.624476720106713,Draw,60,29,52,22,5,5,31
2006,2006-07-04,WC-2006,2006 FIFA World Cup,Germany v Italy,Semi-finals,Germany,Italy,DEU,ITA,0.0,2.0,0-2,away team win,0.0,1.0,no,yes,no,0-0,Westfalenstadion,S-055,Westfalenstadion,Dortmund,Germany,1.0,65000.0,21:00,,Required Extra Time,606,32,64,147,2.3,0.8260869565217391,large,26,11.0,1.0,4.0,31.0,16.0,15.0,0.4230769230769231,0.5769230769230769,1.1923076923076923,0.6153846153846154,10.0,2.0,0.6,11.0,9.0,0.8181818181818182,5.0,3.0,0.6,14.0,9.0,11.0,1.0,0.7857142857142857,0.1111111111111111,0.6746031746031746,43308.333333333336,4,4.0,6.0,1.0,1.0,1.5,0.25,5.0,5,0,1.0,0.0,,0.0,0.0,1.0,2.0,0.0,32,64,147,2.3,0.8260869565217391,large,0,0.0,1.0,2.0,0,32,64,147,2.3,0.8260869565217391,large,1587.635762286503,0.0,65,16.0,5.0,6.0,52.0,34.0,18.0,0.2461538461538461,0.2769230769230769,0.8,0.5230769230769231,13.0,2.0,0.8,11.0,9.0,0.8181818181818182,16.0,3.0,0.1875,14.0,10.0,11.0,1.0,0.7857142857142857,0.1,0.6857142857142857,48123.98412698413,5,3.0,8.0,5.0,0.6,1.6,1.0,3.0,15,0,0.0,-2.0,,1.0,3.0,5.0,6.0,0.0,32,64,147,2.3,0.8260869565217391,large,1,3.0,5.0,6.0,0,32,64,147,2.3,0.8260869565217391,large,1638.9351762122085,0.0,0.1769230769230769,-3.0,-0.2,0.3923076923076922,0.0923076923076923,0.4,2.0,-51.299413925705494,AwayWin,55,106,45,91,1,7,-51
2006,2006-07-05,WC-2006,2006 FIFA World Cup,Portugal v France,Semi-finals,Portugal,France,PRT,FRA,0.0,1.0,0-1,away team win,0.0,1.0,no,no,no,0-0,Allianz Arena,S-064,Allianz Arena,Munich,Germany,0.0,66000.0,21:00,,,607,32,64,147,2.3,0.8260869565217391,large,16,39.0,14.0,13.0,104.0,59.0,45.0,2.4375,2.8125,6.5,3.6875,13.0,-4.0,0.8,41.0,10.0,0.2439024390243902,25.0,3.0,0.12,15.0,10.0,12.0,1.0,0.8,0.1,0.7000000000000001,44658.07142857143,5,5.0,11.0,1.0,1.0,2.2,0.2,10.0,3,0,1.0,2.0,,0.0,0.0,0.0,1.0,0.0,32,64,147,2.3,0.8260869565217391,large,0,0.0,0.0,1.0,0,32,64,147,2.3,0.8260869565217391,large,1563.9045082484593,0.0,42,11.0,1.0,5.0,31.0,17.0,14.0,0.2619047619047619,0.3333333333333333,0.7380952380952381,0.4047619047619047,11.0,-4.0,0.6,11.0,10.0,0.9090909090909092,6.0,3.0,0.5,16.0,10.0,12.0,1.0,0.75,0.1,0.65,40027.07142857143,5,4.0,6.0,2.0,0.8,1.2,0.4,4.0,11,0,0.0,-1.0,,1.0,1.0,1.0,3.0,0.0,32,64,147,2.3,0.8260869565217391,large,1,1.0,1.0,3.0,0,32,64,147,2.3,0.8260869565217391,large,1577.0573103454149,0.0,2.175595238095238,31.0,0.2,5.761904761904762,3.2827380952380953,0.1999999999999999,6.0,-13.152802096955613,AwayWin,29,75,22,65,5,4,-46
2006,2006-07-08,WC-2006,2006 FIFA World Cup,Germany v Portugal,Third place,Germany,Portugal,DEU,PRT,3.0,1.0,3-1,home team win,1.0,0.0,no,no,no,0-0,Neckarstadion,S-067,Neckarstadion,Stuttgart,Germany,1.0,52000.0,21:00,,,608,32,64,147,2.3,0.8260869565217391,large,27,22.0,7.0,14.0,77.0,50.0,27.0,0.8148148148148148,1.0,2.8518518518518516,1.851851851851852,10.0,-2.0,0.6,31.0,11.0,0.3548387096774194,12.0,3.0,0.25,17.0,10.0,13.0,1.0,0.7647058823529411,0.1,0.6647058823529411,44176.0,5,4.0,8.0,2.0,0.8,1.6,0.4,6.0,5,0,1.0,1.0,,0.0,0.0,1.0,2.0,0.0,32,64,147,2.3,0.8260869565217391,large,0,0.0,1.0,2.0,0,32,64,147,2.3,0.8260869565217391,large,1579.1016410233583,0.0,17,17.0,5.0,6.0,55.0,35.0,20.0,1.0,1.1764705882352942,3.235294117647059,2.0588235294117645,10.0,2.0,0.6,11.0,11.0,1.0,17.0,3.0,0.1764705882352941,17.0,11.0,13.0,1.0,0.7647058823529411,0.0909090909090909,0.6737967914438502,46080.86666666667,6,4.0,11.0,6.0,0.6666666666666666,1.8333333333333333,1.0,5.0,3,0,1.0,2.0,,0.0,0.0,0.0,1.0,0.0,32,64,147,2.3,0.8260869565217391,large,0,0.0,0.0,1.0,0,32,64,147,2.3,0.8260869565217391,large,1554.2828955808154,0.0,-0.1851851851851852,7.0,0.0,-0.3834422657952072,-0.2069716775599126,0.1333333333333334,1.0,24.818745442543104,HomeWin,55,29,45,22,1,5,26
2006,2006-07-09,WC-2006,2006 FIFA World Cup,Italy v France,Final,Italy,France,ITA,FRA,1.0,1.0,1-1,home team win,1.0,0.0,no,yes,yes,5-3,Olympiastadion,S-053,Olympiastadion,Berlin,Germany,0.0,69000.0,20:00,,Italy won on penalty kicks following extra time,609,32,64,147,2.3,0.8260869565217391,large,66,11.0,1.0,6.0,32.0,20.0,12.0,0.1666666666666666,0.1818181818181818,0.4848484848484848,0.303030303030303,13.0,1.0,0.8,11.0,11.0,1.0,7.0,3.0,0.4285714285714285,17.0,12.0,13.0,1.0,0.7647058823529411,0.0833333333333333,0.6813725490196078,48387.671875,6,4.0,7.0,5.0,0.6666666666666666,1.1666666666666667,0.8333333333333334,2.0,15,2,0.0,-2.0,0.0,1.0,3.0,5.0,6.0,0.0,32,64,147,2.3,0.8260869565217391,large,1,3.0,5.0,6.0,0,32,64,147,2.3,0.8260869565217391,large,1647.469297475353,0.0,43,39.0,15.0,13.0,105.0,60.0,45.0,0.9069767441860463,1.0465116279069768,2.441860465116279,1.3953488372093024,13.0,1.0,0.8,41.0,12.0,0.2926829268292683,26.0,3.0,0.1153846153846153,18.0,12.0,14.0,1.0,0.7777777777777778,0.0833333333333333,0.6944444444444444,40631.09302325582,6,5.0,12.0,2.0,0.8333333333333334,2.0,0.3333333333333333,10.0,11,2,1.0,-1.0,0.5,1.0,1.0,1.0,3.0,0.0,32,64,147,2.3,0.8260869565217391,large,1,1.0,1.0,3.0,0,32,64,147,2.3,0.8260869565217391,large,1586.6789230130587,0.0,-0.7403100775193798,-33.0,0.0,-1.957011980267794,-1.0923185341789994,-0.1666666666666667,-8.0,60.79037446229427,Draw,108,76,93,66,7,5,32
2010,2010-06-11,WC-2010,2010 FIFA World Cup,South Africa v Mexico,Group stage,South Africa,Mexico,ZAF,MEX,1.0,1.0,1-1,draw,0.0,0.0,yes,no,no,0-0,Soccer City,S-131,Soccer City,Johannesburg,South Africa,1.0,84490.0,16:00,,,610,32,64,145,2.3,0.8695652173913043,large,6,22.0,8.0,14.0,78.0,51.0,27.0,3.6666666666666665,4.5,13.0,8.5,6.0,3.0,0.2,31.0,13.0,0.4193548387096774,13.0,3.0,0.2307692307692307,19.0,12.0,15.0,1.0,0.7894736842105263,0.0833333333333333,0.706140350877193,37289.333333333336,0,4.0,9.0,3.0,,,,6.0,2,0,1.0,1.0,,,,,,,32,64,145,2.3,0.8695652173913043,large,0,0.0,0.0,0.0,0,32,64,145,2.3,0.8695652173913043,large,1492.8338998441443,0.0,39,1.0,4.0,2.0,9.0,12.0,-3.0,0.0256410256410256,-0.0769230769230769,0.2307692307692307,0.3076923076923077,4.0,1.0,0.2,7.0,13.0,1.8571428571428572,0.0,3.0,,19.0,13.0,15.0,1.0,0.7894736842105263,0.0769230769230769,0.7125506072874495,44451.26315789474,0,0.0,1.0,1.0,,,,0.0,13,0,0.0,0.0,,,,,,,32,64,145,2.3,0.8695652173913043,large,0,0.0,0.0,0.0,0,32,64,145,2.3,0.8695652173913043,large,1461.4345683080303,0.0,3.641025641025641,30.0,0.0,12.76923076923077,8.192307692307692,,6.0,31.399331536113777,Draw,8,44,7,39,2,8,-36
2010,2010-06-11,WC-2010,2010 FIFA World Cup,Uruguay v France,Group stage,Uruguay,France,URY,FRA,0.0,0.0,0-0,draw,0.0,0.0,yes,no,no,0-0,Cape Town Stadium,S-128,Cape Town Stadium,Cape Town,South Africa,0.0,64100.0,20:30,,,611,32,64,145,2.3,0.8695652173913043,large,35,9.0,11.0,20.0,45.0,74.0,-29.0,0.2571428571428571,-0.8285714285714286,1.2857142857142858,2.1142857142857143,5.0,6.0,0.2,32.0,13.0,0.40625,8.0,4.0,0.5,20.0,13.0,16.0,1.0,0.8,0.0769230769230769,0.7230769230769232,39713.74285714285,0,0.0,1.0,1.0,,,,0.0,10,2,0.0,0.0,0.0,1.0,2.0,2.0,2.0,0.0,32,64,145,2.3,0.8695652173913043,large,1,2.0,2.0,2.0,0,32,64,145,2.3,0.8695652173913043,large,1486.3045915992652,0.0,44,14.0,9.0,13.0,63.0,51.0,12.0,0.3181818181818182,0.2727272727272727,1.431818181818182,1.1590909090909092,13.0,,0.8,24.0,0.0,0.0,12.0,0.0,0.0,0.0,0.0,0.0,0.0,,,,41275.84090909091,0,0.0,0.0,0.0,,,,0.0,12,2,1.0,1.0,0.5,1.0,1.0,2.0,4.0,0.0,32,64,145,2.3,0.8695652173913043,large,1,1.0,2.0,4.0,0,32,64,145,2.3,0.8695652173913043,large,1588.4109715896875,0.0,-0.061038961038961,-41.0,-0.6000000000000001,-0.146103896103896,0.9551948051948052,,0.0,-102.10637999042252,Draw,62,77,50,67,2,6,-15
2010,2010-06-12,WC-2010,2010 FIFA World Cup,Argentina v Nigeria,Group stage,Argentina,Nigeria,ARG,NGA,1.0,0.0,1-0,home team win,1.0,0.0,no,no,no,0-0,Ellis Park Stadium,S-130,Ellis Park Stadium,Johannesburg,South Africa,0.0,55686.0,16:00,,,612,32,64,145,2.3,0.8695652173913043,large,58,22.0,9.0,14.0,78.0,51.0,27.0,0.3793103448275862,0.4655172413793103,1.3448275862068966,0.8793103448275862,9.0,-2.0,0.4,32.0,0.0,0.0,13.0,0.0,0.0,1.0,0.0,0.0,0.0,0.0,,,48729.34545454545,0,0.0,0.0,0.0,,,,0.0,14,2,0.0,-1.0,0.0,1.0,2.0,4.0,4.0,0.0,32,64,145,2.3,0.8695652173913043,large,1,2.0,4.0,4.0,0,32,64,145,2.3,0.8695652173913043,large,1593.004890493843,0.0,11,32.0,10.0,17.0,103.0,67.0,36.0,2.909090909090909,3.272727272727273,9.363636363636363,6.090909090909091,1.0,-4.0,0.0,45.0,0.0,0.0,14.0,0.0,0.0,2.0,0.0,0.0,0.0,0.0,,,47041.90909090909,0,1.0,1.0,0.0,,,,1.0,3,2,3.0,3.0,1.5,,,,,,32,64,145,2.3,0.8695652173913043,large,0,0.0,0.0,0.0,0,32,64,145,2.3,0.8695652173913043,large,1486.2549684698413,0.0,-2.529780564263323,-9.0,0.4,-8.018808777429467,-5.2115987460815045,,-1.0,106.74992202400176,HomeWin,100,14,78,14,8,0,86
2010,2010-06-12,WC-2010,2010 FIFA World Cup,England v United States,Group stage,England,United States,ENG,USA,1.0,1.0,1-1,draw,0.0,0.0,yes,no,no,0-0,Royal Bafokeng Stadium,S-136,Royal Bafokeng Stadium,Rustenburg,South Africa,0.0,38646.0,20:30,,,613,32,64,145,2.3,0.8695652173913043,large,49,4.0,1.0,7.0,14.0,17.0,-3.0,0.0816326530612244,-0.0612244897959183,0.2857142857142857,0.3469387755102041,11.0,,0.6,10.0,0.0,0.0,2.0,0.0,0.0,0.0,0.0,0.0,0.0,,,,45857.36734693877,0,0.0,0.0,1.0,,,,-1.0,12,1,0.0,-3.0,0.0,1.0,1.0,1.0,1.0,0.0,32,64,145,2.3,0.8695652173913043,large,1,1.0,1.0,1.0,0,32,64,145,2.3,0.8695652173913043,large,1589.9421347597709,0.0,24,22.0,16.0,12.0,63.0,40.0,23.0,0.9166666666666666,0.9583333333333334,2.625,1.6666666666666667,4.0,0.0,0.2,34.0,0.0,0.0,16.0,0.0,0.0,0.0,1.0,0.0,0.0,,0.0,,43258.77272727273,0,0.0,1.0,1.0,,,,0.0,8,1,0.0,-1.0,0.0,0.0,0.0,0.0,1.0,0.0,32,64,145,2.3,0.8695652173913043,large,0,0.0,0.0,1.0,0,32,64,145,2.3,0.8695652173913043,large,1435.1392300687153,0.0,-0.8350340136054422,-26.0,0.3999999999999999,-2.3392857142857144,-1.3197278911564627,,-1.0,154.80290469105557,Draw,60,27,52,25,5,1,33
2010,2010-06-12,WC-2010,2010 FIFA World Cup,South Korea v Greece,Group stage,South Korea,Greece,KOR,GRC,2.0,0.0,2-0,home team win,1.0,0.0,no,no,no,0-0,Nelson Mandela Bay Stadium,S-134,Nelson Mandela Bay Stadium,Port Elizabeth,South Africa,0.0,31513.0,13:30,,,614,32,64,145,2.3,0.8695652173913043,large,21,6.0,4.0,15.0,28.0,51.0,-23.0,0.2857142857142857,-1.0952380952380951,1.3333333333333333,2.4285714285714284,7.0,0.0,0.4,18.0,0.0,0.0,7.0,0.0,0.0,1.0,1.0,0.0,0.0,0.0,0.0,0.0,43630.84210526316,0,0.0,1.0,1.0,,,,0.0,7,0,1.0,1.0,,,,,,,32,64,145,2.3,0.8695652173913043,large,0,0.0,0.0,0.0,0,32,64,145,2.3,0.8695652173913043,large,1445.5821848594114,0.0,3,4.0,6.0,12.0,23.0,52.0,-29.0,1.3333333333333333,-9.666666666666666,7.666666666666667,17.333333333333332,0.0,0.0,0.0,20.0,0.0,0.0,2.0,0.0,0.0,2.0,1.0,0.0,0.0,0.0,0.0,0.0,56872.333333333336,0,1.0,2.0,0.0,,,,2.0,1,0,1.0,2.0,,,,,,,32,64,145,2.3,0.8695652173913043,large,0,0.0,0.0,0.0,0,32,64,145,2.3,0.8695652173913043,large,1471.0442654433575,0.0,-1.0476190476190474,6.0,0.4,-6.333333333333334,-14.904761904761903,,-2.0,-25.46208058394609,HomeWin,21,0,21,0,0,0,21
2010,2010-06-13,WC-2010,2010 FIFA World Cup,Algeria v Slovenia,Group stage,Algeria,Slovenia,DZA,SVN,0.0,1.0,0-1,away team win,0.0,1.0,no,no,no,0-0,Peter Mokaba Stadium,S-133,Peter Mokaba Stadium,Polokwane,South Africa,0.0,30325.0,13:30,,,615,32,64,145,2.3,0.8695652173913043,large,5,0.0,0.0,4.0,0.0,12.0,-12.0,0.0,-2.4,0.0,2.4,4.0,0.0,0.2,4.0,0.0,0.0,0.0,0.0,,3.0,1.0,0.0,0.0,0.0,0.0,0.0,26396.0,0,0.0,0.0,2.0,,,,-2.0,2,0,0.0,-2.0,,,,,,,32,64,145,2.3,0.8695652173913043,large,0,0.0,0.0,0.0,0,32,64,145,2.3,0.8695652173913043,large,1485.678967748629,0.0,3,1.0,1.0,4.0,4.0,10.0,-6.0,0.3333333333333333,-2.0,1.3333333333333333,3.3333333333333335,0.0,1.0,0.0,6.0,1.0,0.1666666666666666,0.0,0.0,,3.0,2.0,0.0,1.0,0.0,0.5,-0.5,35330.0,0,0.0,0.0,1.0,,,,-1.0,1,0,0.0,-1.0,,,,,,,32,64,145,2.3,0.8695652173913043,large,0,0.0,0.0,0.0,0,32,64,145,2.3,0.8695652173913043,large,1471.078625156702,0.0,-0.3333333333333333,-6.0,0.2,-1.3333333333333333,-0.9333333333333336,,-1.0,14.600342591927074,AwayWin,4,2,3,2,0,0,2
2010,2010-06-13,WC-2010,2010 FIFA World Cup,Germany v Australia,Group stage,Germany,Australia,DEU,AUS,4.0,0.0,4-0,home team win,1.0,0.0,no,no,no,0-0,Moses Mabhida Stadium,S-129,Moses Mabhida Stadium,Durban,South Africa,0.0,62660.0,20:30,,,616,32,64,145,2.3,0.8695652173913043,large,28,1.0,0.0,3.0,3.0,7.0,-4.0,0.0357142857142857,-0.1428571428571428,0.1071428571428571,0.25,10.0,0.0,0.6,4.0,1.0,0.25,0.0,0.0,,3.0,3.0,0.0,1.0,0.0,0.3333333333333333,-0.3333333333333333,44476.92307692308,0,1.0,1.0,0.0,,,,1.0,6,0,1.0,1.0,,0.0,0.0,1.0,3.0,0.0,32,64,145,2.3,0.8695652173913043,large,0,0.0,1.0,3.0,0,32,64,145,2.3,0.8695652173913043,large,1588.3885126856376,0.0,6,18.0,5.0,6.0,59.0,35.0,24.0,3.0,4.0,9.833333333333334,5.833333333333333,5.0,0.0,0.2,12.0,1.0,0.0833333333333333,17.0,0.0,0.0,4.0,3.0,0.0,1.0,0.0,0.3333333333333333,-0.3333333333333333,45480.0,0,1.0,4.0,0.0,,,,4.0,2,0,1.0,4.0,,,,,,,32,64,145,2.3,0.8695652173913043,large,0,0.0,0.0,0.0,0,32,64,145,2.3,0.8695652173913043,large,1490.4290308743111,0.0,-2.9642857142857144,-28.0,0.3999999999999999,-9.726190476190476,-5.583333333333333,,-3.0,97.95948181132644,HomeWin,58,5,47,4,1,1,53
2010,2010-06-13,WC-2010,2010 FIFA World Cup,Serbia v Ghana,Group stage,Serbia,Ghana,SRB,GHA,0.0,1.0,0-1,away team win,0.0,1.0,no,no,no,0-0,Loftus Versfeld Stadium,S-135,Loftus Versfeld Stadium,Pretoria,South Africa,0.0,38833.0,16:00,,,617,32,64,145,2.3,0.8695652173913043,large,0,1.0,2.0,4.0,5.0,12.0,-7.0,,,,,,-2.0,,6.0,1.0,0.1666666666666666,1.0,0.0,0.0,4.0,4.0,0.0,1.0,0.0,0.25,-0.25,,0,0.0,0.0,4.0,,,,-4.0,0,0,0.0,-4.0,,,,,,,32,64,145,2.3,0.8695652173913043,large,0,0.0,0.0,0.0,0,32,64,145,2.3,0.8695652173913043,large,1500.0,0.0,4,0.0,0.0,1.0,0.0,1.0,-1.0,0.0,-0.25,0.0,0.25,6.0,-2.0,0.5,1.0,1.0,1.0,0.0,0.0,,5.0,4.0,0.0,1.0,0.0,0.25,-0.25,48500.0,0,0.0,0.0,1.0,,,,-1.0,1,0,0.0,-1.0,,,,,,,32,64,145,2.3,0.8695652173913043,large,0,0.0,0.0,0.0,0,32,64,145,2.3,0.8695652173913043,large,1507.6951538498197,0.0,,-6.0,,,,,-3.0,-7.69515384981969,AwayWin,0,4,0,4,0,1,-4
2010,2010-06-14,WC-2010,2010 FIFA World Cup,Italy v Paraguay,Group stage,Italy,Paraguay,ITA,PRY,1.0,1.0,1-1,draw,0.0,0.0,yes,no,no,0-0,Cape Town Stadium,S-128,Cape Town Stadium,Cape Town,South Africa,0.0,62869.0,20:30,,,618,32,64,145,2.3,0.8695652173913043,large,67,3.0,0.0,2.0,5.0,6.0,-1.0,0.044776119402985,-0.0149253731343283,0.0746268656716417,0.0895522388059701,13.0,-3.0,0.8,4.0,1.0,0.25,1.0,0.0,0.0,5.0,5.0,0.0,1.0,0.0,0.2,-0.2,48704.78461538462,0,1.0,1.0,0.0,,,,1.0,16,1,1.0,1.0,1.0,1.0,4.0,6.0,7.0,1.0,32,64,145,2.3,0.8695652173913043,large,1,4.0,6.0,7.0,1,32,64,145,2.3,0.8695652173913043,large,1645.737248898724,0.0,22,39.0,16.0,13.0,106.0,61.0,45.0,1.7727272727272727,2.0454545454545454,4.818181818181818,2.772727272727273,6.0,1.0,0.4,42.0,2.0,0.0476190476190476,26.0,0.0,0.0,5.0,6.0,0.0,2.0,0.0,0.3333333333333333,-0.3333333333333333,34455.545454545456,0,0.0,1.0,1.0,,,,0.0,7,1,1.0,2.0,1.0,,,,,,32,64,145,2.3,0.8695652173913043,large,0,0.0,0.0,0.0,0,32,64,145,2.3,0.8695652173913043,large,1480.548563279944,0.0,-1.7279511533242875,-46.0,0.4,-4.743554952510177,-2.683175033921303,,1.0,165.1886856187798,Draw,109,27,94,24,7,1,82
2010,2010-06-14,WC-2010,2010 FIFA World Cup,Japan v Cameroon,Group stage,Japan,Cameroon,JPN,CMR,1.0,0.0,1-0,home team win,1.0,0.0,no,no,no,0-0,Free State Stadium,S-127,Free State Stadium,Bloemfontein,South Africa,0.0,30620.0,16:00,,,619,32,64,145,2.3,0.8695652173913043,large,9,6.0,8.0,9.0,28.0,37.0,-9.0,0.6666666666666666,-1.0,3.111111111111111,4.111111111111111,4.0,,0.2,18.0,0.0,0.0,5.0,0.0,0.0,0.0,0.0,0.0,0.0,,,,47683.0,0,0.0,1.0,1.0,,,,0.0,3,0,0.0,-2.0,,,,,,,32,64,145,2.3,0.8695652173913043,large,0,0.0,0.0,0.0,0,32,64,145,2.3,0.8695652173913043,large,1464.1920584161708,0.0,16,2.0,2.0,6.0,7.0,14.0,-7.0,0.125,-0.4375,0.4375,0.875,5.0,2.0,0.2,9.0,1.0,0.1111111111111111,1.0,0.0,0.0,1.0,0.0,1.0,0.0,1.0,,,46618.8125,0,1.0,1.0,0.0,,,,1.0,5,0,1.0,1.0,,,,,,,32,64,145,2.3,0.8695652173913043,large,0,0.0,0.0,0.0,0,32,64,145,2.3,0.8695652173913043,large,1500.65478294311,0.0,0.5416666666666666,-2.0,0.0,2.673611111111111,3.2361111111111107,,-1.0,-36.462724526939155,HomeWin,6,13,6,11,0,0,-7
2010,2010-06-14,WC-2010,2010 FIFA World Cup,Netherlands v Denmark,Group stage,Netherlands,Denmark,NLD,DNK,2.0,0.0,2-0,home team win,1.0,0.0,no,no,no,0-0,Soccer City,S-131,Soccer City,Johannesburg,South Africa,0.0,83465.0,13:30,,,620,32,64,145,2.3,0.8695652173913043,large,30,4.0,7.0,6.0,13.0,27.0,-14.0,0.1333333333333333,-0.4666666666666667,0.4333333333333333,0.9,5.0,-2.0,0.2,16.0,1.0,0.0625,1.0,0.0,0.0,1.0,1.0,1.0,0.0,1.0,0.0,1.0,48726.307692307695,0,0.0,0.0,1.0,,,,-1.0,8,0,0.0,-1.0,,0.0,0.0,2.0,2.0,0.0,32,64,145,2.3,0.8695652173913043,large,0,0.0,2.0,2.0,0,32,64,145,2.3,0.8695652173913043,large,1547.8849345675214,0.0,12,14.0,9.0,8.0,49.0,30.0,19.0,1.1666666666666667,1.5833333333333333,4.083333333333333,2.5,7.0,-3.0,0.4,21.0,1.0,0.0476190476190476,10.0,0.0,0.0,1.0,2.0,1.0,0.0,1.0,0.0,1.0,40211.583333333336,0,1.0,2.0,0.0,,,,2.0,3,0,1.0,2.0,,,,,,,32,64,145,2.3,0.8695652173913043,large,0,0.0,0.0,0.0,0,32,64,145,2.3,0.8695652173913043,large,1524.9740369547617,0.0,-1.0333333333333334,-33.0,-0.2,-3.649999999999999,-1.6,,-3.0,22.91089761275998,HomeWin,47,22,42,19,5,3,25
2010,2010-06-15,WC-2010,2010 FIFA World Cup,Brazil v North Korea,Group stage,Brazil,North Korea,BRA,PRK,2.0,1.0,2-1,home team win,1.0,0.0,no,no,no,0-0,Ellis Park Stadium,S-130,Ellis Park Stadium,Johannesburg,South Africa,0.0,,20:30,,,621,32,64,145,2.3,0.8695652173913043,large,86,6.0,2.0,5.0,22.0,20.0,2.0,0.0697674418604651,0.0232558139534883,0.2558139534883721,0.2325581395348837,12.0,-3.0,0.8,9.0,1.0,0.1111111111111111,4.0,0.0,0.0,1.0,3.0,1.0,0.0,1.0,0.0,1.0,53944.91463414634,0,0.0,0.0,2.0,,,,-2.0,18,0,0.0,-2.0,,1.0,5.0,7.0,9.0,0.0,32,64,145,2.3,0.8695652173913043,large,1,5.0,7.0,9.0,0,32,64,145,2.3,0.8695652173913043,large,1727.4479911151775,0.0,3,61.0,13.0,13.0,189.0,77.0,112.0,20.333333333333332,37.333333333333336,63.0,25.666666666666668,3.0,-4.0,0.3333333333333333,50.0,1.0,0.02,37.0,0.0,0.0,1.0,4.0,1.0,0.0,1.0,0.0,1.0,,0,1.0,2.0,1.0,,,,1.0,1,0,1.0,1.0,,,,,,,32,64,145,2.3,0.8695652173913043,large,0,0.0,0.0,0.0,0,32,64,145,2.3,0.8695652173913043,large,1492.7777854941185,,-20.26356589147287,-110.0,0.4666666666666667,-62.74418604651163,-25.434108527131784,,-3.0,234.67020562105927,HomeWin,192,4,155,4,9,0,188
2010,2010-06-15,WC-2010,2010 FIFA World Cup,Ivory Coast v Portugal,Group stage,Ivory Coast,Portugal,CIV,PRT,0.0,0.0,0-0,draw,0.0,0.0,yes,no,no,0-0,Nelson Mandela Bay Stadium,S-134,Nelson Mandela Bay Stadium,Port Elizabeth,South Africa,0.0,,16:00,,,622,32,64,145,2.3,0.8695652173913043,large,2,1.0,0.0,3.0,5.0,10.0,-5.0,0.5,-2.5,2.5,5.0,0.0,-7.0,0.0,3.0,1.0,0.3333333333333333,1.0,0.0,0.0,1.0,5.0,1.0,0.0,1.0,0.0,1.0,,0,0.0,1.0,2.0,,,,-1.0,1,0,0.0,-1.0,,,,,,,32,64,145,2.3,0.8695652173913043,large,0,0.0,0.0,0.0,0,32,64,145,2.3,0.8695652173913043,large,1483.863608245669,0.0,18,0.0,1.0,2.0,2.0,4.0,-2.0,0.0,-0.1111111111111111,0.1111111111111111,0.2222222222222222,7.0,-2.0,0.4,3.0,2.0,0.6666666666666666,0.0,0.0,,2.0,5.0,2.0,0.0,1.0,0.0,1.0,46450.8125,0,0.0,0.0,0.0,,,,0.0,4,0,0.0,0.0,,0.0,0.0,0.0,1.0,0.0,32,64,145,2.3,0.8695652173913043,large,0,0.0,0.0,1.0,0,32,64,145,2.3,0.8695652173913043,large,1544.9960239185364,0.0,0.5,-3.0,-0.4,2.388888888888889,4.777777777777778,,-1.0,-61.13241567286741,Draw,2,30,2,23,0,5,-28
2010,2010-06-15,WC-2010,2010 FIFA World Cup,New Zealand v Slovakia,Group stage,New Zealand,Slovakia,NZL,SVK,1.0,1.0,1-1,draw,0.0,0.0,yes,no,no,0-0,Royal Bafokeng Stadium,S-136,Royal Bafokeng Stadium,Rustenburg,South Africa,0.0,23871.0,13:30,,,623,32,64,145,2.3,0.8695652173913043,large,3,11.0,2.0,6.0,32.0,20.0,12.0,3.6666666666666665,4.0,10.666666666666666,6.666666666666667,0.0,-2.0,0.0,12.0,2.0,0.1666666666666666,7.0,0.0,0.0,2.0,6.0,2.0,0.0,1.0,0.0,1.0,32666.666666666668,0,0.0,0.0,0.0,,,,0.0,1,0,0.0,0.0,,,,,,,32,64,145,2.3,0.8695652173913043,large,0,0.0,0.0,0.0,0,32,64,145,2.3,0.8695652173913043,large,1475.335178687042,0.0,0,0.0,1.0,3.0,3.0,13.0,-10.0,,,,,,0.0,,4.0,3.0,0.75,0.0,0.0,,2.0,7.0,2.0,1.0,1.0,0.1428571428571428,0.8571428571428572,,0,0.0,1.0,1.0,,,,0.0,0,0,0.0,0.0,,,,,,,32,64,145,2.3,0.8695652173913043,large,0,0.0,0.0,0.0,0,32,64,145,2.3,0.8695652173913043,large,1500.0,0.0,,22.0,,,,,0.0,-24.66482131295811,Draw,2,0,2,0,0,0,2
2010,2010-06-16,WC-2010,2010 FIFA World Cup,Honduras v Chile,Group stage,Honduras,Chile,HND,CHL,0.0,1.0,0-1,away team win,0.0,1.0,no,no,no,0-0,Mbombela Stadium,S-132,Mbombela Stadium,Nelspruit,South Africa,0.0,32664.0,13:30,,,624,32,64,145,2.3,0.8695652173913043,large,3,0.0,1.0,0.0,1.0,1.0,0.0,0.0,0.0,0.3333333333333333,0.3333333333333333,2.0,0.0,0.0,1.0,3.0,3.0,0.0,0.0,,2.0,8.0,2.0,1.0,1.0,0.125,0.875,29854.0,0,0.0,1.0,1.0,,,,0.0,1,0,0.0,0.0,,,,,,,32,64,145,2.3,0.8695652173913043,large,0,0.0,0.0,0.0,0,32,64,145,2.3,0.8695652173913043,large,1489.913153043608,0.0,20,0.0,2.0,2.0,2.0,4.0,-2.0,0.0,-0.1,0.1,0.2,3.0,1.0,0.0,4.0,3.0,0.75,0.0,0.0,,2.0,9.0,2.0,1.0,1.0,0.1111111111111111,0.8888888888888888,30581.894736842107,0,0.0,0.0,1.0,,,,-1.0,7,0,0.0,-1.0,,0.0,0.0,0.0,1.0,0.0,32,64,145,2.3,0.8695652173913043,large,0,0.0,0.0,1.0,0,32,64,145,2.3,0.8695652173913043,large,1498.121781712795,0.0,0.0,2.0,0.0,0.2333333333333333,0.1333333333333333,,1.0,-8.208628669186965,AwayWin,2,24,2,20,0,1,-22
2010,2010-06-16,WC-2010,2010 FIFA World Cup,South Africa v Uruguay,Group stage,South Africa,Uruguay,ZAF,URY,0.0,3.0,0-3,away team win,0.0,1.0,no,no,no,0-0,Loftus Versfeld Stadium,S-135,Loftus Versfeld Stadium,Pretoria,South Africa,1.0,42658.0,20:30,,,625,32,64,145,2.3,0.8695652173913043,large,7,8.0,5.0,8.0,28.0,28.0,0.0,1.1428571428571428,0.0,4.0,4.0,6.0,0.0,0.2,15.0,3.0,0.2,6.0,0.0,0.0,2.0,10.0,2.0,1.0,1.0,0.1,0.9,44032.28571428572,1,1.0,1.0,0.0,1.0,1.0,0.0,1.0,2,0,1.0,1.0,,,,,,,32,64,145,2.3,0.8695652173913043,large,0,0.0,0.0,0.0,0,32,64,145,2.3,0.8695652173913043,large,1491.932606887416,0.0,36,1.0,4.0,3.0,9.0,15.0,-6.0,0.0277777777777777,-0.1666666666666666,0.25,0.4166666666666667,3.0,3.0,0.0,8.0,4.0,0.5,0.0,0.0,,2.0,11.0,2.0,2.0,1.0,0.1818181818181818,0.8181818181818181,40391.13888888889,1,0.0,1.0,4.0,0.0,1.0,4.0,-3.0,10,0,0.0,-3.0,,1.0,2.0,2.0,2.0,0.0,32,64,145,2.3,0.8695652173913043,large,1,2.0,2.0,2.0,0,32,64,145,2.3,0.8695652173913043,large,1489.1616651482766,0.0,1.1150793650793651,6.0,0.2,3.75,3.5833333333333335,1.0,4.0,2.770941739139289,AwayWin,9,62,8,50,2,2,-53
2010,2010-06-16,WC-2010,2010 FIFA World Cup,Spain v Switzerland,Group stage,Spain,Switzerland,ESP,CHE,0.0,1.0,0-1,away team win,0.0,1.0,no,no,no,0-0,Moses Mabhida Stadium,S-129,Moses Mabhida Stadium,Durban,South Africa,0.0,62453.0,16:00,,,626,32,64,145,2.3,0.8695652173913043,large,46,15.0,9.0,13.0,66.0,51.0,15.0,0.3260869565217391,0.3260869565217391,1.434782608695652,1.108695652173913,10.0,-2.0,0.6,25.0,4.0,0.16,12.0,0.0,0.0,3.0,11.0,2.0,2.0,0.6666666666666666,0.1818181818181818,0.4848484848484848,40929.62222222222,0,1.0,3.0,0.0,,,,3.0,12,2,1.0,3.0,0.5,0.0,0.0,0.0,0.0,0.0,32,64,145,2.3,0.8695652173913043,large,0,0.0,0.0,0.0,0,32,64,145,2.3,0.8695652173913043,large,1569.1579604465728,0.0,22,22.0,11.0,14.0,78.0,54.0,24.0,1.0,1.0909090909090908,3.5454545454545454,2.4545454545454546,8.0,0.0,0.4,31.0,5.0,0.1612903225806451,16.0,0.0,0.0,3.0,12.0,2.0,3.0,0.6666666666666666,0.25,0.4166666666666666,40840.40909090909,0,0.0,0.0,1.0,,,,-1.0,8,2,2.0,3.0,1.0,,,,,,32,64,145,2.3,0.8695652173913043,large,0,0.0,0.0,0.0,0,32,64,145,2.3,0.8695652173913043,large,1496.3204769091112,0.0,-0.6739130434782609,-9.0,0.1999999999999999,-2.1106719367588935,-1.3458498023715415,,4.0,72.8374835374616,AwayWin,79,42,65,29,14,0,37
2010,2010-06-17,WC-2010,2010 FIFA World Cup,Argentina v South Korea,Group stage,Argentina,South Korea,ARG,KOR,4.0,1.0,4-1,home team win,1.0,0.0,no,no,no,0-0,Soccer City,S-131,Soccer City,Johannesburg,South Africa,0.0,82174.0,13:30,,,627,32,64,145,2.3,0.8695652173913043,large,59,9.0,5.0,9.0,32.0,35.0,-3.0,0.1525423728813559,-0.0508474576271186,0.5423728813559322,0.5932203389830508,11.0,1.0,0.6,13.0,5.0,0.3846153846153846,10.0,1.0,0.1,4.0,12.0,3.0,3.0,0.75,0.25,0.5,48853.57142857143,1,1.0,1.0,0.0,1.0,1.0,0.0,1.0,14,1,1.0,-3.0,1.0,1.0,2.0,4.0,4.0,0.0,32,64,145,2.3,0.8695652173913043,large,1,2.0,4.0,4.0,0,32,64,145,2.3,0.8695652173913043,large,1600.0255490540287,0.0,22,33.0,10.0,17.0,107.0,68.0,39.0,1.5,1.7727272727272727,4.863636363636363,3.090909090909091,7.0,1.0,0.4,46.0,5.0,0.108695652173913,14.0,1.0,0.0714285714285714,5.0,12.0,3.0,3.0,0.6,0.25,0.35,43024.95,1,2.0,5.0,1.0,2.0,5.0,1.0,4.0,7,1,2.0,5.0,2.0,,,,,,32,64,145,2.3,0.8695652173913043,large,0,0.0,0.0,0.0,0,32,64,145,2.3,0.8695652173913043,large,1456.3137332506656,0.0,-1.347457627118644,-42.0,0.1999999999999999,-4.321263482280431,-2.49768875192604,-1.0,-3.0,143.71181580336315,HomeWin,101,23,79,23,8,0,78
2010,2010-06-17,WC-2010,2010 FIFA World Cup,France v Mexico,Group stage,France,Mexico,FRA,MEX,0.0,2.0,0-2,away team win,0.0,1.0,no,no,no,0-0,Peter Mokaba Stadium,S-133,Peter Mokaba Stadium,Polokwane,South Africa,0.0,35370.0,20:30,,,628,32,64,145,2.3,0.8695652173913043,large,45,4.0,6.0,13.0,24.0,56.0,-32.0,0.0888888888888888,-0.7111111111111111,0.5333333333333333,1.2444444444444445,11.0,0.0,0.6,21.0,6.0,0.2857142857142857,2.0,1.0,0.5,6.0,12.0,4.0,3.0,0.6666666666666666,0.25,0.4166666666666666,41783.04444444445,1,1.0,3.0,4.0,1.0,3.0,4.0,-1.0,12,3,0.0,-5.0,0.0,1.0,1.0,2.0,4.0,0.0,32,64,145,2.3,0.8695652173913043,large,1,1.0,2.0,4.0,0,32,64,145,2.3,0.8695652173913043,large,1585.5538980406764,0.0,40,22.0,9.0,15.0,78.0,53.0,25.0,0.55,0.625,1.95,1.325,5.0,4.0,0.2,33.0,7.0,0.2121212121212121,13.0,1.0,0.0769230769230769,7.0,12.0,5.0,3.0,0.7142857142857143,0.25,0.4642857142857143,45477.89743589744,1,0.0,0.0,2.0,0.0,0.0,2.0,-2.0,13,3,2.0,2.0,0.6666666666666666,,,,,,32,64,145,2.3,0.8695652173913043,large,0,0.0,0.0,0.0,0,32,64,145,2.3,0.8695652173913043,large,1462.335861264759,0.0,-0.4611111111111111,-57.0,0.3999999999999999,-1.4166666666666663,-0.0805555555555554,1.0,1.0,123.21803677591744,AwayWin,77,45,67,40,6,8,32
2010,2010-06-17,WC-2010,2010 FIFA World Cup,Greece v Nigeria,Group stage,Greece,Nigeria,GRC,NGA,2.0,1.0,2-1,home team win,1.0,0.0,no,no,no,0-0,Free State Stadium,S-127,Free State Stadium,Bloemfontein,South Africa,0.0,31593.0,16:00,,,629,32,64,145,2.3,0.8695652173913043,large,4,10.0,11.0,20.0,47.0,74.0,-27.0,2.5,-6.75,11.75,18.5,0.0,3.0,0.0,33.0,7.0,0.2121212121212121,8.0,1.0,0.125,8.0,12.0,5.0,3.0,0.625,0.25,0.375,50532.5,1,1.0,3.0,1.0,1.0,3.0,1.0,2.0,1,1,1.0,-2.0,1.0,,,,,,32,64,145,2.3,0.8695652173913043,large,0,0.0,0.0,0.0,0,32,64,145,2.3,0.8695652173913043,large,1460.3127170521034,0.0,12,1.0,0.0,4.0,2.0,13.0,-11.0,0.0833333333333333,-0.9166666666666666,0.1666666666666666,1.0833333333333333,1.0,,0.0,5.0,0.0,0.0,0.0,0.0,,0.0,0.0,0.0,0.0,,,,47762.25,1,1.0,2.0,3.0,1.0,2.0,3.0,-1.0,3,1,1.0,-1.0,1.0,,,,,,32,64,145,2.3,0.8695652173913043,large,0,0.0,0.0,0.0,0,32,64,145,2.3,0.8695652173913043,large,1479.2343099096556,0.0,2.4166666666666665,-16.0,0.0,11.583333333333334,17.416666666666668,0.0,3.0,-18.92159285755224,HomeWin,0,14,0,14,0,0,-14
2010,2010-06-18,WC-2010,2010 FIFA World Cup,England v Algeria,Group stage,England,Algeria,ENG,DZA,0.0,0.0,0-0,draw,0.0,0.0,yes,no,no,0-0,Cape Town Stadium,S-128,Cape Town Stadium,Cape Town,South Africa,0.0,64100.0,20:30,,,630,32,64,145,2.3,0.8695652173913043,large,50,4.0,1.0,8.0,15.0,19.0,-4.0,0.08,-0.08,0.3,0.38,9.0,0.0,0.4,11.0,0.0,0.0,2.0,0.0,0.0,1.0,0.0,0.0,0.0,0.0,,,45713.14,1,0.0,1.0,3.0,0.0,1.0,3.0,-2.0,12,0,1.0,1.0,,1.0,1.0,1.0,1.0,0.0,32,64,145,2.3,0.8695652173913043,large,1,1.0,1.0,1.0,0,32,64,145,2.3,0.8695652173913043,large,1585.7597215666408,0.0,6,22.0,17.0,12.0,63.0,40.0,23.0,3.6666666666666665,3.8333333333333335,10.5,6.666666666666667,4.0,2.0,0.2,35.0,1.0,0.0285714285714285,16.0,0.0,0.0,2.0,0.0,1.0,0.0,0.5,,,27050.833333333332,1,0.0,1.0,1.0,0.0,1.0,1.0,0.0,2,0,0.0,0.0,,,,,,,32,64,145,2.3,0.8695652173913043,large,0,0.0,0.0,0.0,0,32,64,145,2.3,0.8695652173913043,large,1475.2589833027969,0.0,-3.5866666666666664,-27.0,0.2,-10.2,-6.286666666666667,0.0,-2.0,110.50073826384414,Draw,61,4,53,3,5,0,57
2010,2010-06-18,WC-2010,2010 FIFA World Cup,Germany v Serbia,Group stage,Germany,Serbia,DEU,SRB,0.0,1.0,0-1,away team win,0.0,1.0,no,no,no,0-0,Nelson Mandela Bay Stadium,S-134,Nelson Mandela Bay Stadium,Port Elizabeth,South Africa,0.0,38294.0,13:30,,,631,32,64,145,2.3,0.8695652173913043,large,29,1.0,2.0,4.0,4.0,10.0,-6.0,0.0344827586206896,-0.2068965517241379,0.1379310344827586,0.3448275862068966,10.0,0.0,0.6,7.0,1.0,0.1428571428571428,0.0,0.0,,2.0,1.0,1.0,0.0,0.5,0.0,0.5,45150.37037037037,1,0.0,0.0,1.0,0.0,0.0,1.0,-1.0,6,0,0.0,0.0,,0.0,0.0,1.0,3.0,0.0,32,64,145,2.3,0.8695652173913043,large,0,0.0,1.0,3.0,0,32,64,145,2.3,0.8695652173913043,large,1595.64142331559,0.0,1,18.0,5.0,7.0,59.0,36.0,23.0,18.0,23.0,59.0,36.0,0.0,1.0,0.0,13.0,2.0,0.1538461538461538,17.0,0.0,0.0,3.0,1.0,2.0,0.0,0.6666666666666666,0.0,0.6666666666666666,38833.0,1,1.0,4.0,1.0,1.0,4.0,1.0,3.0,0,0,0.0,-1.0,,,,,,,32,64,145,2.3,0.8695652173913043,large,0,0.0,0.0,0.0,0,32,64,145,2.3,0.8695652173913043,large,1490.2214481222832,0.0,-17.96551724137931,-29.0,0.6,-58.86206896551724,-35.6551724137931,-1.0,-4.0,105.41997519330675,AwayWin,62,0,51,0,1,0,62
2010,2010-06-18,WC-2010,2010 FIFA World Cup,Slovenia v United States,Group stage,Slovenia,United States,SVN,USA,2.0,2.0,2-2,draw,0.0,0.0,yes,no,no,0-0,Ellis Park Stadium,S-130,Ellis Park Stadium,Johannesburg,South Africa,0.0,45573.0,16:00,,,632,32,64,145,2.3,0.8695652173913043,large,4,1.0,0.0,1.0,1.0,1.0,0.0,0.25,0.0,0.25,0.25,3.0,-1.0,0.25,2.0,2.0,1.0,0.0,0.0,,3.0,2.0,2.0,0.0,0.6666666666666666,0.0,0.6666666666666666,34078.75,1,1.0,1.0,1.0,1.0,1.0,1.0,0.0,1,0,1.0,1.0,,,,,,,32,64,145,2.3,0.8695652173913043,large,0,0.0,0.0,0.0,0,32,64,145,2.3,0.8695652173913043,large,1481.4986096025343,0.0,25,1.0,1.0,3.0,5.0,9.0,-4.0,0.04,-0.16,0.2,0.36,2.0,1.0,0.0,5.0,3.0,0.6,0.0,0.0,,4.0,2.0,3.0,0.0,0.75,0.0,0.75,43058.217391304344,1,1.0,3.0,2.0,1.0,3.0,2.0,1.0,8,0,0.0,0.0,,0.0,0.0,0.0,1.0,0.0,32,64,145,2.3,0.8695652173913043,large,0,0.0,0.0,1.0,0,32,64,145,2.3,0.8695652173913043,large,1439.321643261845,0.0,0.21,4.0,0.25,0.0499999999999999,-0.1099999999999999,0.0,-1.0,42.17696634068898,Draw,3,28,3,26,0,1,-25
2010,2010-06-19,WC-2010,2010 FIFA World Cup,Cameroon v Denmark,Group stage,Cameroon,Denmark,CMR,DNK,1.0,2.0,1-2,away team win,0.0,1.0,no,no,no,0-0,Loftus Versfeld Stadium,S-135,Loftus Versfeld Stadium,Pretoria,South Africa,0.0,38074.0,20:30,,,633,32,64,145,2.3,0.8695652173913043,large,17,6.0,5.0,15.0,30.0,53.0,-23.0,0.3529411764705882,-1.3529411764705883,1.7647058823529411,3.1176470588235294,5.0,-1.0,0.2,19.0,3.0,0.1578947368421052,7.0,0.0,0.0,5.0,2.0,3.0,0.0,0.6,0.0,0.6,45677.705882352944,1,0.0,3.0,3.0,0.0,3.0,3.0,0.0,5,0,0.0,0.0,,,,,,,32,64,145,2.3,0.8695652173913043,large,0,0.0,0.0,0.0,0,32,64,145,2.3,0.8695652173913043,large,1489.6091375061887,0.0,13,4.0,7.0,7.0,14.0,29.0,-15.0,0.3076923076923077,-1.1538461538461535,1.0769230769230769,2.230769230769231,7.0,2.0,0.4,17.0,4.0,0.2352941176470588,1.0,0.0,0.0,6.0,2.0,4.0,0.0,0.6666666666666666,0.0,0.6666666666666666,43538.769230769234,1,0.0,1.0,3.0,0.0,1.0,3.0,-2.0,3,0,0.0,-1.0,,,,,,,32,64,145,2.3,0.8695652173913043,large,0,0.0,0.0,0.0,0,32,64,145,2.3,0.8695652173913043,large,1515.6325114224644,0.0,0.0452488687782805,-8.0,-0.2,0.6877828054298643,0.8868778280542986,0.0,2.0,-26.02337391627566,AwayWin,13,22,11,19,0,3,-9
2010,2010-06-19,WC-2010,2010 FIFA World Cup,Ghana v Australia,Group stage,Ghana,Australia,GHA,AUS,1.0,1.0,1-1,draw,0.0,0.0,yes,no,no,0-0,Royal Bafokeng Stadium,S-136,Royal Bafokeng Stadium,Rustenburg,South Africa,0.0,34812.0,16:00,,,634,32,64,145,2.3,0.8695652173913043,large,5,7.0,2.0,5.0,24.0,21.0,3.0,1.4,0.6,4.8,4.2,9.0,0.0,0.6,10.0,4.0,0.4,4.0,0.0,0.0,6.0,3.0,4.0,0.0,0.6666666666666666,0.0,0.6666666666666666,46566.6,1,1.0,2.0,3.0,1.0,2.0,3.0,-1.0,1,0,1.0,1.0,,,,,,,32,64,145,2.3,0.8695652173913043,large,0,0.0,0.0,0.0,0,32,64,145,2.3,0.8695652173913043,large,1517.4737057275363,0.0,7,3.0,1.0,2.0,6.0,7.0,-1.0,0.4285714285714285,-0.1428571428571428,0.8571428571428571,1.0,4.0,5.0,0.2,5.0,5.0,1.0,1.0,0.0,0.0,7.0,3.0,5.0,0.0,0.7142857142857143,0.0,0.7142857142857143,48343.333333333336,1,1.0,2.0,1.0,1.0,2.0,1.0,1.0,2,0,0.0,0.0,,,,,,,32,64,145,2.3,0.8695652173913043,large,0,0.0,0.0,0.0,0,32,64,145,2.3,0.8695652173913043,large,1483.1761202443588,0.0,0.9714285714285712,4.0,0.3999999999999999,3.9428571428571426,3.2,0.0,-2.0,34.29758548317773,Draw,5,5,5,4,2,1,0
2010,2010-06-19,WC-2010,2010 FIFA World Cup,Netherlands v Japan,Group stage,Netherlands,Japan,NLD,JPN,1.0,0.0,1-0,home team win,1.0,0.0,no,no,no,0-0,Moses Mabhida Stadium,S-129,Moses Mabhida Stadium,Durban,South Africa,0.0,62010.0,13:30,,,635,32,64,145,2.3,0.8695652173913043,large,31,1.0,3.0,4.0,6.0,13.0,-7.0,0.032258064516129,-0.2258064516129032,0.1935483870967742,0.4193548387096774,7.0,4.0,0.4,7.0,6.0,0.8571428571428571,1.0,0.0,0.0,8.0,3.0,6.0,0.0,0.75,0.0,0.75,50012.92592592593,1,0.0,1.0,5.0,0.0,1.0,5.0,-4.0,8,0,0.0,0.0,,0.0,0.0,2.0,2.0,0.0,32,64,145,2.3,0.8695652173913043,large,0,0.0,2.0,2.0,0,32,64,145,2.3,0.8695652173913043,large,1557.2264600998185,0.0,10,15.0,9.0,8.0,50.0,30.0,20.0,1.5,2.0,5.0,3.0,4.0,5.0,0.2,22.0,7.0,0.3181818181818182,10.0,0.0,0.0,9.0,3.0,7.0,0.0,0.7777777777777778,0.0,0.7777777777777778,45787.11111111111,1,2.0,3.0,0.0,2.0,3.0,0.0,3.0,3,0,1.0,1.0,,,,,,,32,64,145,2.3,0.8695652173913043,large,0,0.0,0.0,0.0,0,32,64,145,2.3,0.8695652173913043,large,1475.237703853092,0.0,-1.467741935483871,-27.0,0.2,-4.806451612903226,-2.5806451612903225,-2.0,-7.0,81.98875624672655,HomeWin,49,7,44,7,5,0,42
2010,2010-06-20,WC-2010,2010 FIFA World Cup,Brazil v Ivory Coast,Group stage,Brazil,Ivory Coast,BRA,CIV,3.0,1.0,3-1,home team win,1.0,0.0,no,no,no,0-0,Soccer City,S-131,Soccer City,Johannesburg,South Africa,0.0,,20:30,,,636,32,64,145,2.3,0.8695652173913043,large,87,2.0,2.0,7.0,7.0,15.0,-8.0,0.0229885057471264,-0.0919540229885057,0.0804597701149425,0.1724137931034483,12.0,5.0,0.8,10.0,7.0,0.7,1.0,1.0,1.0,10.0,3.0,8.0,0.0,0.8,0.0,0.8,53944.91463414634,1,1.0,1.0,1.0,1.0,1.0,1.0,0.0,18,0,0.0,-1.0,,1.0,5.0,7.0,9.0,0.0,32,64,145,2.3,0.8695652173913043,large,1,5.0,7.0,9.0,0,32,64,145,2.3,0.8695652173913043,large,1731.5625536342525,0.0,3,62.0,13.0,13.0,192.0,78.0,114.0,20.666666666666668,38.0,64.0,26.0,1.0,5.0,0.0,51.0,7.0,0.1372549019607843,37.0,1.0,0.027027027027027,10.0,4.0,8.0,0.0,0.8,0.0,0.8,,1,2.0,5.0,2.0,2.0,5.0,2.0,3.0,1,0,1.0,2.0,,,,,,,32,64,145,2.3,0.8695652173913043,large,0,0.0,0.0,0.0,0,32,64,145,2.3,0.8695652173913043,large,1485.605204587217,0.0,-20.643678160919546,-122.0,0.8,-63.91954022988506,-25.82758620689655,-1.0,-3.0,245.95734904703545,HomeWin,194,2,157,2,9,0,192
2010,2010-06-20,WC-2010,2010 FIFA World Cup,Italy v New Zealand,Group stage,Italy,New Zealand,ITA,NZL,1.0,1.0,1-1,draw,0.0,0.0,yes,no,no,0-0,Mbombela Stadium,S-132,Mbombela Stadium,Nelspruit,South Africa,0.0,38229.0,16:00,,,637,32,64,145,2.3,0.8695652173913043,large,68,0.0,1.0,3.0,3.0,7.0,-4.0,0.0,-0.0588235294117647,0.0441176470588235,0.1029411764705882,11.0,2.0,0.6,4.0,7.0,1.75,0.0,1.0,,10.0,5.0,8.0,0.0,0.8,0.0,0.8,48919.393939393936,1,0.0,1.0,3.0,0.0,1.0,3.0,-2.0,16,0,0.0,-2.0,,1.0,4.0,6.0,7.0,1.0,32,64,145,2.3,0.8695652173913043,large,1,4.0,6.0,7.0,1,32,64,145,2.3,0.8695652173913043,large,1641.31131601132,0.0,4,39.0,17.0,13.0,107.0,62.0,45.0,9.75,11.25,26.75,15.5,1.0,4.0,0.0,43.0,8.0,0.1860465116279069,26.0,1.0,0.0384615384615384,11.0,5.0,9.0,0.0,0.8181818181818182,0.0,0.8181818181818182,30467.75,1,0.0,2.0,2.0,0.0,2.0,2.0,0.0,1,0,0.0,0.0,,,,,,,32,64,145,2.3,0.8695652173913043,large,0,0.0,0.0,0.0,0,32,64,145,2.3,0.8695652173913043,large,1476.0438991235542,0.0,-9.75,-49.0,0.6,-26.705882352941178,-15.397058823529411,0.0,-2.0,165.26741688776588,Draw,110,3,95,3,7,0,107
2010,2010-06-20,WC-2010,2010 FIFA World Cup,Slovakia v Paraguay,Group stage,Slovakia,Paraguay,SVK,PRY,0.0,2.0,0-2,away team win,0.0,1.0,no,no,no,0-0,Free State Stadium,S-127,Free State Stadium,Bloemfontein,South Africa,0.0,26643.0,13:30,,,638,32,64,145,2.3,0.8695652173913043,large,1,0.0,2.0,3.0,4.0,14.0,-10.0,0.0,-10.0,4.0,14.0,1.0,5.0,0.0,5.0,9.0,1.8,0.0,1.0,,12.0,5.0,10.0,0.0,0.8333333333333334,0.0,0.8333333333333334,23871.0,1,0.0,2.0,2.0,0.0,2.0,2.0,0.0,0,0,0.0,0.0,,,,,,,32,64,145,2.3,0.8695652173913043,large,0,0.0,0.0,0.0,0,32,64,145,2.3,0.8695652173913043,large,1499.2912795634877,0.0,23,0.0,1.0,1.0,1.0,3.0,-2.0,0.0,-0.0869565217391304,0.0434782608695652,0.1304347826086956,4.0,3.0,0.2,2.0,9.0,4.5,0.0,1.0,,12.0,6.0,10.0,0.0,0.8333333333333334,0.0,0.8333333333333334,35690.913043478264,1,0.0,1.0,3.0,0.0,1.0,3.0,-2.0,7,0,0.0,-2.0,,,,,,,32,64,145,2.3,0.8695652173913043,large,0,0.0,0.0,0.0,0,32,64,145,2.3,0.8695652173913043,large,1484.974496167348,0.0,0.0,-8.0,-0.2,3.9565217391304346,13.869565217391305,0.0,2.0,14.316783396139726,AwayWin,1,28,1,25,0,1,-27
2010,2010-06-21,WC-2010,2010 FIFA World Cup,Chile v Switzerland,Group stage,Chile,Switzerland,CHL,CHE,1.0,0.0,1-0,home team win,1.0,0.0,no,no,no,0-0,Nelson Mandela Bay Stadium,S-134,Nelson Mandela Bay Stadium,Port Elizabeth,South Africa,0.0,34872.0,16:00,,,639,32,64,145,2.3,0.8695652173913043,large,21,7.0,8.0,9.0,30.0,37.0,-7.0,0.3333333333333333,-0.3333333333333333,1.4285714285714286,1.761904761904762,6.0,7.0,0.2,19.0,10.0,0.5263157894736842,5.0,1.0,0.2,13.0,6.0,11.0,0.0,0.8461538461538461,0.0,0.8461538461538461,30686.0,1,1.0,3.0,1.0,1.0,3.0,1.0,2.0,7,1,1.0,2.0,1.0,0.0,0.0,0.0,1.0,0.0,32,64,145,2.3,0.8695652173913043,large,0,0.0,0.0,1.0,0,32,64,145,2.3,0.8695652173913043,large,1507.8855623388984,0.0,23,9.0,5.0,8.0,29.0,28.0,1.0,0.391304347826087,0.0434782608695652,1.2608695652173914,1.2173913043478262,11.0,7.0,0.6,16.0,10.0,0.625,6.0,1.0,0.1666666666666666,14.0,6.0,11.0,0.0,0.7857142857142857,0.0,0.7857142857142857,41780.086956521736,1,2.0,2.0,0.0,2.0,2.0,0.0,2.0,8,1,2.0,3.0,2.0,,,,,,32,64,145,2.3,0.8695652173913043,large,0,0.0,0.0,0.0,0,32,64,145,2.3,0.8695652173913043,large,1508.3867258176351,0.0,-0.0579710144927536,-8.0,-0.3999999999999999,0.1677018633540372,0.5445134575569357,-1.0,0.0,-0.5011634787367711,HomeWin,25,43,21,30,1,0,-18
2010,2010-06-21,WC-2010,2010 FIFA World Cup,Portugal v North Korea,Group stage,Portugal,North Korea,PRT,PRK,7.0,0.0,7-0,home team win,1.0,0.0,no,no,no,0-0,Cape Town Stadium,S-128,Cape Town Stadium,Cape Town,South Africa,0.0,,13:30,,,640,32,64,145,2.3,0.8695652173913043,large,19,9.0,5.0,10.0,32.0,36.0,-4.0,0.4736842105263157,-0.2105263157894736,1.6842105263157894,1.894736842105263,5.0,5.0,0.2,14.0,11.0,0.7857142857142857,10.0,1.0,0.1,14.0,7.0,11.0,1.0,0.7857142857142857,0.1428571428571428,0.6428571428571428,46450.8125,1,1.0,1.0,1.0,1.0,1.0,1.0,0.0,4,1,0.0,-3.0,0.0,0.0,0.0,0.0,1.0,0.0,32,64,145,2.3,0.8695652173913043,large,0,0.0,0.0,1.0,0,32,64,145,2.3,0.8695652173913043,large,1543.2544275769883,0.0,4,12.0,2.0,6.0,39.0,20.0,19.0,3.0,4.75,9.75,5.0,3.0,9.0,0.25,13.0,12.0,0.9230769230769232,7.0,1.0,0.1428571428571428,15.0,7.0,12.0,1.0,0.8,0.1428571428571428,0.6571428571428573,,1,1.0,7.0,0.0,1.0,7.0,0.0,7.0,1,1,2.0,9.0,2.0,,,,,,32,64,145,2.3,0.8695652173913043,large,0,0.0,0.0,0.0,0,32,64,145,2.3,0.8695652173913043,large,1488.6632229750437,,-2.526315789473684,-23.0,-0.0499999999999999,-8.06578947368421,-3.105263157894737,0.0,-7.0,54.59120460194458,HomeWin,30,5,23,5,5,0,25
2010,2010-06-21,WC-2010,2010 FIFA World Cup,Spain v Honduras,Group stage,Spain,Honduras,ESP,HND,2.0,0.0,2-0,home team win,1.0,0.0,no,no,no,0-0,Ellis Park Stadium,S-130,Ellis Park Stadium,Johannesburg,South Africa,0.0,54386.0,20:30,,,641,32,64,145,2.3,0.8695652173913043,large,47,1.0,0.0,4.0,5.0,17.0,-12.0,0.0212765957446808,-0.2553191489361702,0.1063829787234042,0.3617021276595745,9.0,10.0,0.6,4.0,12.0,3.0,1.0,1.0,1.0,15.0,8.0,12.0,1.0,0.8,0.125,0.675,41397.52173913043,1,0.0,1.0,9.0,0.0,1.0,9.0,-8.0,12,1,0.0,-9.0,0.0,0.0,0.0,0.0,0.0,0.0,32,64,145,2.3,0.8695652173913043,large,0,0.0,0.0,0.0,0,32,64,145,2.3,0.8695652173913043,large,1557.091711538049,0.0,4,23.0,11.0,14.0,80.0,54.0,26.0,5.75,6.5,20.0,13.5,2.0,9.0,0.0,32.0,13.0,0.40625,16.0,1.0,0.0625,16.0,8.0,13.0,1.0,0.8125,0.125,0.6875,30556.5,1,1.0,2.0,1.0,1.0,2.0,1.0,1.0,1,1,1.0,2.0,1.0,,,,,,32,64,145,2.3,0.8695652173913043,large,0,0.0,0.0,0.0,0,32,64,145,2.3,0.8695652173913043,large,1480.1493724175043,0.0,-5.7287234042553195,-38.0,0.6,-19.893617021276597,-13.138297872340424,-1.0,-9.0,76.94233912054437,HomeWin,79,2,65,2,14,0,77
2010,2010-06-22,WC-2010,2010 FIFA World Cup,Greece v Argentina,Group stage,Greece,Argentina,GRC,ARG,0.0,2.0,0-2,away team win,0.0,1.0,no,no,no,0-0,Peter Mokaba Stadium,S-133,Peter Mokaba Stadium,Polokwane,South Africa,0.0,38891.0,20:30,,,642,32,64,145,2.3,0.8695652173913043,large,5,0.0,2.0,3.0,2.0,6.0,-4.0,0.0,-0.8,0.4,1.2,3.0,8.0,0.2,5.0,13.0,2.6,0.0,1.0,,17.0,8.0,13.0,1.0,0.7647058823529411,0.125,0.6397058823529411,46744.6,2,0.0,0.0,3.0,0.0,0.0,1.5,-3.0,1,1,0.0,-2.0,0.0,,,,,,32,64,145,2.3,0.8695652173913043,large,0,0.0,0.0,0.0,0,32,64,145,2.3,0.8695652173913043,large,1470.8567864811384,0.0,60,1.0,0.0,5.0,2.0,15.0,-13.0,0.0166666666666666,-0.2166666666666666,0.0333333333333333,0.25,11.0,5.0,0.6,6.0,13.0,2.1666666666666665,0.0,1.0,,18.0,8.0,13.0,1.0,0.7222222222222222,0.125,0.5972222222222222,49438.14035087719,2,1.0,2.0,5.0,0.5,1.0,2.5,-3.0,14,1,0.0,-6.0,0.0,1.0,2.0,4.0,4.0,0.0,32,64,145,2.3,0.8695652173913043,large,1,2.0,4.0,4.0,0,32,64,145,2.3,0.8695652173913043,large,1606.1099942780495,0.0,-0.0166666666666666,9.0,-0.3999999999999999,0.3666666666666667,0.95,-0.5,0.0,-135.25320779691128,AwayWin,2,105,2,81,0,8,-103
2010,2010-06-22,WC-2010,2010 FIFA World Cup,Mexico v Uruguay,Group stage,Mexico,Uruguay,MEX,URY,0.0,1.0,0-1,away team win,0.0,1.0,no,no,no,0-0,Royal Bafokeng Stadium,S-136,Royal Bafokeng Stadium,Rustenburg,South Africa,0.0,33425.0,16:00,,,643,32,64,145,2.3,0.8695652173913043,large,41,34.0,10.0,17.0,109.0,68.0,41.0,0.8292682926829268,1.0,2.658536585365854,1.6585365853658536,5.0,-3.0,0.2,47.0,13.0,0.2765957446808511,14.0,1.0,0.0714285714285714,18.0,9.0,13.0,1.0,0.7222222222222222,0.1111111111111111,0.6111111111111112,45225.2,2,3.0,7.0,1.0,1.5,3.5,0.5,6.0,13,0,2.0,6.0,,,,,,,32,64,145,2.3,0.8695652173913043,large,0,0.0,0.0,0.0,0,32,64,145,2.3,0.8695652173913043,large,1475.7407907658942,0.0,37,10.0,11.0,21.0,47.0,75.0,-28.0,0.2702702702702703,-0.7567567567567568,1.2702702702702702,2.027027027027027,6.0,1.0,0.2,34.0,14.0,0.4117647058823529,8.0,1.0,0.125,18.0,10.0,13.0,2.0,0.7222222222222222,0.2,0.5222222222222221,40452.40540540541,2,1.0,3.0,2.0,0.5,1.5,1.0,1.0,10,0,0.0,-1.0,,1.0,2.0,2.0,2.0,0.0,32,64,145,2.3,0.8695652173913043,large,1,2.0,2.0,2.0,0,32,64,145,2.3,0.8695652173913043,large,1499.2414175716176,0.0,0.5589980224126565,69.0,0.0,1.3882663150955836,-0.3684904416611736,1.0,5.0,-23.500626805723417,AwayWin,47,65,42,52,9,3,-18
2010,2010-06-22,WC-2010,2010 FIFA World Cup,Nigeria v South Korea,Group stage,Nigeria,South Korea,NGA,KOR,2.0,2.0,2-2,draw,0.0,0.0,yes,no,no,0-0,Moses Mabhida Stadium,S-129,Moses Mabhida Stadium,Durban,South Africa,0.0,61874.0,20:30,,,644,32,64,145,2.3,0.8695652173913043,large,13,16.0,9.0,13.0,67.0,51.0,16.0,1.2307692307692308,1.2307692307692308,5.153846153846154,3.923076923076923,1.0,-3.0,0.0,26.0,14.0,0.5384615384615384,12.0,1.0,0.0833333333333333,18.0,11.0,13.0,2.0,0.7222222222222222,0.1818181818181818,0.5404040404040404,46518.46153846154,2,2.0,4.0,0.0,1.0,2.0,0.0,4.0,3,0,1.0,1.0,,,,,,,32,64,145,2.3,0.8695652173913043,large,0,0.0,0.0,0.0,0,32,64,145,2.3,0.8695652173913043,large,1468.6902404806206,0.0,23,4.0,2.0,8.0,17.0,21.0,-4.0,0.1739130434782608,-0.1739130434782608,0.7391304347826086,0.9130434782608696,7.0,-4.0,0.4,12.0,14.0,1.1666666666666667,2.0,1.0,0.5,18.0,12.0,13.0,2.0,0.7222222222222222,0.1666666666666666,0.5555555555555556,44889.19047619047,2,0.0,3.0,5.0,0.0,1.5,2.5,-2.0,7,0,0.0,0.0,,,,,,,32,64,145,2.3,0.8695652173913043,large,0,0.0,0.0,0.0,0,32,64,145,2.3,0.8695652173913043,large,1450.2292880266446,0.0,1.05685618729097,20.0,-0.4,4.414715719063546,3.0100334448160533,1.0,6.0,18.46095245397601,Draw,15,24,15,24,0,0,-9
2010,2010-06-23,WC-2010,2010 FIFA World Cup,Australia v Serbia,Group stage,Australia,Serbia,AUS,SRB,2.0,1.0,2-1,home team win,1.0,0.0,no,no,no,0-0,Mbombela Stadium,S-132,Mbombela Stadium,Nelspruit,South Africa,0.0,37836.0,20:30,,,645,32,64,145,2.3,0.8695652173913043,large,8,4.0,7.0,13.0,26.0,58.0,-32.0,0.5,-4.0,3.25,7.25,2.0,3.0,0.0,22.0,15.0,0.6818181818181818,2.0,1.0,0.5,19.0,12.0,14.0,2.0,0.7368421052631579,0.1666666666666666,0.5701754385964912,46410.28571428572,2,1.0,5.0,6.0,0.5,2.5,3.0,-1.0,2,0,0.0,0.0,,,,,,,32,64,145,2.3,0.8695652173913043,large,0,0.0,0.0,0.0,0,32,64,145,2.3,0.8695652173913043,large,1484.1600899451912,0.0,2,2.0,3.0,4.0,8.0,14.0,-6.0,1.0,-3.0,4.0,7.0,3.0,7.0,0.5,8.0,16.0,2.0,1.0,1.0,1.0,20.0,12.0,15.0,2.0,0.75,0.1666666666666666,0.5833333333333334,38563.5,2,1.0,3.0,6.0,0.5,1.5,3.0,-3.0,0,0,1.0,1.0,,,,,,,32,64,145,2.3,0.8695652173913043,large,0,0.0,0.0,0.0,0,32,64,145,2.3,0.8695652173913043,large,1503.165868781357,0.0,-0.5,-26.0,-0.5,-0.75,0.25,0.0,2.0,-19.005778836165742,HomeWin,6,1,5,1,1,0,5
2010,2010-06-23,WC-2010,2010 FIFA World Cup,Ghana v Germany,Group stage,Ghana,Germany,GHA,DEU,0.0,1.0,0-1,away team win,0.0,1.0,no,no,no,0-0,Soccer City,S-131,Soccer City,Johannesburg,South Africa,0.0,83391.0,20:30,,,646,32,64,145,2.3,0.8695652173913043,large,6,1.0,0.0,2.0,2.0,3.0,-1.0,0.1666666666666666,-0.1666666666666666,0.3333333333333333,0.5,10.0,2.0,0.6,3.0,16.0,5.333333333333333,0.0,1.0,,20.0,13.0,15.0,2.0,0.75,0.1538461538461538,0.5961538461538461,44607.5,2,1.0,2.0,3.0,0.5,1.0,1.5,-1.0,1,0,0.0,-1.0,,,,,,,32,64,145,2.3,0.8695652173913043,large,0,0.0,0.0,0.0,0,32,64,145,2.3,0.8695652173913043,large,1516.489736026704,0.0,30,3.0,1.0,3.0,6.0,8.0,-2.0,0.1,-0.0666666666666666,0.2,0.2666666666666666,7.0,3.0,0.4,6.0,16.0,2.6666666666666665,1.0,1.0,1.0,20.0,14.0,15.0,2.0,0.75,0.1428571428571428,0.6071428571428572,44905.5,2,1.0,2.0,2.0,0.5,1.0,1.0,0.0,6,0,0.0,-1.0,,0.0,0.0,1.0,3.0,0.0,32,64,145,2.3,0.8695652173913043,large,0,0.0,1.0,3.0,0,32,64,145,2.3,0.8695652173913043,large,1582.697002656516,0.0,0.0666666666666666,1.0,0.1999999999999999,0.1333333333333333,0.2333333333333333,0.0,-1.0,-66.20726662981201,AwayWin,6,62,6,51,3,1,-56
2010,2010-06-23,WC-2010,2010 FIFA World Cup,Slovenia v England,Group stage,Slovenia,England,SVN,ENG,0.0,1.0,0-1,away team win,0.0,1.0,no,no,no,0-0,Nelson Mandela Bay Stadium,S-134,Nelson Mandela Bay Stadium,Port Elizabeth,South Africa,0.0,36893.0,16:00,,,647,32,64,145,2.3,0.8695652173913043,large,5,19.0,5.0,7.0,60.0,36.0,24.0,3.8,4.8,12.0,7.2,4.0,5.0,0.2,14.0,16.0,1.1428571428571428,17.0,1.0,0.0588235294117647,21.0,14.0,15.0,2.0,0.7142857142857143,0.1428571428571428,0.5714285714285714,36377.6,2,2.0,5.0,1.0,1.0,2.5,0.5,4.0,1,0,1.0,1.0,,,,,,,32,64,145,2.3,0.8695652173913043,large,0,0.0,0.0,0.0,0,32,64,145,2.3,0.8695652173913043,large,1480.2905872191302,0.0,51,1.0,1.0,4.0,5.0,10.0,-5.0,0.0196078431372549,-0.0980392156862745,0.0980392156862745,0.196078431372549,7.0,-1.0,0.2,6.0,16.0,2.6666666666666665,0.0,1.0,,21.0,15.0,15.0,2.0,0.7142857142857143,0.1333333333333333,0.580952380952381,46073.666666666664,2,1.0,3.0,3.0,0.5,1.5,1.5,0.0,12,0,0.0,-1.0,,1.0,1.0,1.0,1.0,0.0,32,64,145,2.3,0.8695652173913043,large,1,1.0,1.0,1.0,0,32,64,145,2.3,0.8695652173913043,large,1582.6823249441973,0.0,3.780392156862745,29.0,0.0,11.901960784313726,7.003921568627451,0.5,4.0,-102.39173772506706,AwayWin,5,61,5,53,0,5,-56
2010,2010-06-23,WC-2010,2010 FIFA World Cup,United States v Algeria,Group stage,United States,Algeria,USA,DZA,1.0,0.0,1-0,home team win,1.0,0.0,no,no,no,0-0,Loftus Versfeld Stadium,S-135,Loftus Versfeld Stadium,Pretoria,South Africa,0.0,35827.0,16:00,,,648,32,64,145,2.3,0.8695652173913043,large,26,23.0,17.0,12.0,64.0,40.0,24.0,0.8846153846153846,0.9230769230769232,2.4615384615384617,1.5384615384615383,3.0,-3.0,0.0,36.0,16.0,0.4444444444444444,16.0,1.0,0.0625,21.0,16.0,15.0,2.0,0.7142857142857143,0.125,0.5892857142857143,43163.0,2,1.0,2.0,1.0,0.5,1.0,0.5,1.0,8,0,1.0,1.0,,0.0,0.0,0.0,1.0,0.0,32,64,145,2.3,0.8695652173913043,large,0,0.0,0.0,1.0,0,32,64,145,2.3,0.8695652173913043,large,1440.5296656452497,0.0,7,7.0,5.0,15.0,31.0,53.0,-22.0,1.0,-3.142857142857143,4.428571428571429,7.571428571428571,2.0,3.0,0.0,20.0,17.0,0.85,7.0,1.0,0.1428571428571428,22.0,16.0,16.0,2.0,0.7272727272727273,0.125,0.6022727272727273,32343.571428571428,2,1.0,4.0,3.0,0.5,2.0,1.5,1.0,2,0,1.0,1.0,,,,,,,32,64,145,2.3,0.8695652173913043,large,0,0.0,0.0,0.0,0,32,64,145,2.3,0.8695652173913043,large,1478.3363799252402,0.0,-0.1153846153846154,46.0,0.0,-1.9670329670329672,-6.032967032967033,0.0,0.0,-37.80671427999073,HomeWin,30,4,28,3,1,0,26
2010,2010-06-24,WC-2010,2010 FIFA World Cup,Cameroon v Netherlands,Group stage,Cameroon,Netherlands,CMR,NLD,1.0,2.0,1-2,away team win,0.0,1.0,no,no,no,0-0,Cape Town Stadium,S-128,Cape Town Stadium,Cape Town,South Africa,0.0,63093.0,20:30,,,649,32,64,145,2.3,0.8695652173913043,large,18,1.0,2.0,5.0,4.0,11.0,-7.0,0.0555555555555555,-0.3888888888888889,0.2222222222222222,0.6111111111111112,4.0,6.0,0.2,8.0,18.0,2.25,0.0,1.0,,23.0,16.0,17.0,2.0,0.7391304347826086,0.125,0.6141304347826086,45255.27777777778,2,0.0,0.0,2.0,0.0,0.0,1.0,-2.0,5,0,0.0,-1.0,,,,,,,32,64,145,2.3,0.8695652173913043,large,0,0.0,0.0,0.0,0,32,64,145,2.3,0.8695652173913043,large,1480.3567528480492,0.0,32,4.0,7.0,8.0,15.0,31.0,-16.0,0.125,-0.5,0.46875,0.96875,10.0,,0.6,18.0,0.0,0.0,1.0,0.0,0.0,0.0,0.0,0.0,0.0,,,,50441.392857142855,2,0.0,2.0,5.0,0.0,1.0,2.5,-3.0,8,0,0.0,-1.0,,0.0,0.0,2.0,2.0,0.0,32,64,145,2.3,0.8695652173913043,large,0,0.0,2.0,2.0,0,32,64,145,2.3,0.8695652173913043,large,1564.9094842604725,0.0,-0.0694444444444444,9.0,-0.3999999999999999,-0.2465277777777778,-0.3576388888888888,0.0,1.0,-84.55273141242333,AwayWin,14,50,12,45,0,5,-36
2010,2010-06-24,WC-2010,2010 FIFA World Cup,Denmark v Japan,Group stage,Denmark,Japan,DNK,JPN,1.0,3.0,1-3,away team win,0.0,1.0,no,no,no,0-0,Royal Bafokeng Stadium,S-136,Royal Bafokeng Stadium,Rustenburg,South Africa,0.0,27967.0,20:30,,,650,32,64,145,2.3,0.8695652173913043,large,14,16.0,9.0,8.0,52.0,31.0,21.0,1.1428571428571428,1.5,3.7142857142857144,2.2142857142857144,7.0,-1.0,0.4,23.0,0.0,0.0,10.0,0.0,0.0,0.0,1.0,0.0,0.0,,0.0,,43148.42857142857,2,3.0,5.0,1.0,1.5,2.5,0.5,4.0,3,0,1.0,1.0,,,,,,,32,64,145,2.3,0.8695652173913043,large,0,0.0,0.0,0.0,0,32,64,145,2.3,0.8695652173913043,large,1524.884896080604,0.0,11,7.0,2.0,6.0,25.0,24.0,1.0,0.6363636363636364,0.0909090909090909,2.272727272727273,2.1818181818181817,4.0,0.0,0.2,11.0,1.0,0.0909090909090909,4.0,0.0,0.0,1.0,1.0,1.0,0.0,1.0,0.0,1.0,47409.4,2,1.0,3.0,6.0,0.5,1.5,3.0,-3.0,3,0,0.0,-2.0,,,,,,,32,64,145,2.3,0.8695652173913043,large,0,0.0,0.0,0.0,0,32,64,145,2.3,0.8695652173913043,large,1467.554679692438,0.0,0.5064935064935064,20.0,0.2,1.4415584415584417,0.0324675324675327,1.0,7.0,57.33021638816603,AwayWin,24,7,21,7,3,0,17
2010,2010-06-24,WC-2010,2010 FIFA World Cup,Paraguay v New Zealand,Group stage,Paraguay,New Zealand,PRY,NZL,0.0,0.0,0-0,draw,0.0,0.0,yes,no,no,0-0,Peter Mokaba Stadium,S-133,Peter Mokaba Stadium,Polokwane,South Africa,0.0,34850.0,16:00,,,651,32,64,145,2.3,0.8695652173913043,large,24,3.0,2.0,7.0,10.0,16.0,-6.0,0.125,-0.25,0.4166666666666667,0.6666666666666666,7.0,1.0,0.4,11.0,2.0,0.1818181818181818,1.0,0.0,0.0,1.0,2.0,1.0,1.0,1.0,0.5,0.5,35313.916666666664,2,2.0,4.0,2.0,1.0,2.0,1.0,2.0,7,0,1.0,2.0,,,,,,,32,64,145,2.3,0.8695652173913043,large,0,0.0,0.0,0.0,0,32,64,145,2.3,0.8695652173913043,large,1495.3863332418086,0.0,5,7.0,9.0,9.0,30.0,37.0,-7.0,1.4,-1.4,6.0,7.4,2.0,-1.0,0.0,20.0,2.0,0.1,5.0,0.0,0.0,2.0,2.0,1.0,1.0,0.5,0.5,0.0,32020.0,2,1.0,3.0,1.0,0.5,1.5,0.5,2.0,1,0,0.0,0.0,,,,,,,32,64,145,2.3,0.8695652173913043,large,0,0.0,0.0,0.0,0,32,64,145,2.3,0.8695652173913043,large,1480.47165399887,0.0,-1.275,1.0,0.4,-5.583333333333333,-6.733333333333333,0.5,0.0,14.914679242938746,Draw,30,4,27,4,1,0,26
2010,2010-06-24,WC-2010,2010 FIFA World Cup,Slovakia v Italy,Group stage,Slovakia,Italy,SVK,ITA,3.0,2.0,3-2,home team win,1.0,0.0,no,no,no,0-0,Ellis Park Stadium,S-130,Ellis Park Stadium,Johannesburg,South Africa,0.0,53412.0,16:00,,,652,32,64,145,2.3,0.8695652173913043,large,2,0.0,3.0,3.0,4.0,14.0,-10.0,0.0,-5.0,2.0,7.0,1.0,-2.0,0.0,6.0,2.0,0.3333333333333333,0.0,0.0,,3.0,2.0,1.0,1.0,0.3333333333333333,0.5,-0.1666666666666666,25257.0,2,0.0,2.0,2.0,0.0,1.0,1.0,0.0,0,0,0.0,0.0,,,,,,,32,64,145,2.3,0.8695652173913043,large,0,0.0,0.0,0.0,0,32,64,145,2.3,0.8695652173913043,large,1488.879442489027,0.0,69,1.0,1.0,1.0,4.0,5.0,-1.0,0.0144927536231884,-0.0144927536231884,0.0579710144927536,0.072463768115942,9.0,-5.0,0.4,3.0,2.0,0.6666666666666666,0.0,0.0,,3.0,3.0,1.0,1.0,0.3333333333333333,0.3333333333333333,0.0,48759.835820895525,2,1.0,4.0,5.0,0.5,2.0,2.5,-1.0,16,0,1.0,1.0,,1.0,4.0,6.0,7.0,1.0,32,64,145,2.3,0.8695652173913043,large,1,4.0,6.0,7.0,1,32,64,145,2.3,0.8695652173913043,large,1636.8835611360043,0.0,-0.0144927536231884,-9.0,-0.4,1.9420289855072463,6.927536231884058,-0.5,1.0,-148.0041186469773,HomeWin,1,111,1,96,0,8,-110
2010,2010-06-25,WC-2010,2010 FIFA World Cup,Chile v Spain,Group stage,Chile,Spain,CHL,ESP,1.0,2.0,1-2,away team win,0.0,1.0,no,no,no,0-0,Loftus Versfeld Stadium,S-135,Loftus Versfeld Stadium,Pretoria,South Africa,0.0,41958.0,20:30,,,653,32,64,145,2.3,0.8695652173913043,large,22,39.0,17.0,14.0,109.0,65.0,44.0,1.7727272727272727,2.0,4.954545454545454,2.9545454545454546,8.0,-6.0,0.4,44.0,2.0,0.0454545454545454,26.0,0.0,0.0,3.0,4.0,1.0,1.0,0.3333333333333333,0.25,0.0833333333333333,30885.333333333332,2,0.0,4.0,5.0,0.0,2.0,2.5,-1.0,7,1,0.0,-1.0,0.0,0.0,0.0,0.0,1.0,0.0,32,64,145,2.3,0.8695652173913043,large,0,0.0,0.0,1.0,0,32,64,145,2.3,0.8695652173913043,large,1517.899986973335,0.0,48,9.0,5.0,9.0,30.0,30.0,0.0,0.1875,0.0,0.625,0.625,9.0,-15.0,0.6,17.0,2.0,0.1176470588235294,6.0,0.0,0.0,3.0,5.0,1.0,1.0,0.3333333333333333,0.2,0.1333333333333333,41673.87234042553,2,2.0,3.0,2.0,1.0,1.5,1.0,1.0,12,1,0.0,-3.0,0.0,0.0,0.0,0.0,0.0,0.0,32,64,145,2.3,0.8695652173913043,large,0,0.0,0.0,0.0,0,32,64,145,2.3,0.8695652173913043,large,1564.9126402220131,0.0,1.5852272727272727,44.0,-0.1999999999999999,4.329545454545454,2.3295454545454546,-1.0,-2.0,-47.012653248678134,AwayWin,26,81,22,66,1,14,-55
2010,2010-06-25,WC-2010,2010 FIFA World Cup,North Korea v Ivory Coast,Group stage,North Korea,Ivory Coast,PRK,CIV,0.0,3.0,0-3,away team win,0.0,1.0,no,no,no,0-0,Mbombela Stadium,S-132,Mbombela Stadium,Nelspruit,South Africa,0.0,,16:00,,,654,32,64,145,2.3,0.8695652173913043,large,5,24.0,11.0,14.0,82.0,55.0,27.0,4.8,5.4,16.4,11.0,3.0,-14.0,0.2,33.0,2.0,0.0606060606060606,16.0,0.0,0.0,3.0,6.0,1.0,1.0,0.3333333333333333,0.1666666666666666,0.1666666666666666,,2,2.0,4.0,2.0,1.0,2.0,1.0,2.0,1,0,2.0,3.0,,,,,,,32,64,145,2.3,0.8695652173913043,large,0,0.0,0.0,0.0,0,32,64,145,2.3,0.8695652173913043,large,1480.2216798276595,,4,1.0,0.0,5.0,5.0,20.0,-15.0,0.25,-3.75,1.25,5.0,1.0,-16.0,0.0,5.0,2.0,0.4,1.0,0.0,0.0,4.0,6.0,1.0,1.0,0.25,0.1666666666666666,0.0833333333333333,,2,0.0,1.0,12.0,0.0,0.5,6.0,-11.0,1,0,0.0,-3.0,,,,,,,32,64,145,2.3,0.8695652173913043,large,0,0.0,0.0,0.0,0,32,64,145,2.3,0.8695652173913043,large,1481.6989267694996,0.0,4.55,42.0,0.2,15.15,6.0,1.0,13.0,-1.477246941839894,AwayWin,5,3,5,3,0,0,2
2010,2010-06-25,WC-2010,2010 FIFA World Cup,Portugal v Brazil,Group stage,Portugal,Brazil,PRT,BRA,0.0,0.0,0-0,draw,0.0,0.0,yes,no,no,0-0,Moses Mabhida Stadium,S-129,Moses Mabhida Stadium,Durban,South Africa,0.0,62712.0,16:00,,,655,32,64,145,2.3,0.8695652173913043,large,20,1.0,1.0,3.0,6.0,7.0,-1.0,0.05,-0.05,0.3,0.35,5.0,-12.0,0.2,5.0,2.0,0.4,0.0,0.0,,4.0,7.0,1.0,1.0,0.25,0.1428571428571428,0.1071428571428571,46450.8125,2,1.0,4.0,3.0,0.5,2.0,1.5,1.0,4,1,1.0,3.0,1.0,0.0,0.0,0.0,1.0,0.0,32,64,145,2.3,0.8695652173913043,large,0,0.0,0.0,1.0,0,32,64,145,2.3,0.8695652173913043,large,1551.6959707243725,0.0,88,12.0,3.0,6.0,39.0,20.0,19.0,0.1363636363636363,0.2159090909090909,0.4431818181818182,0.2272727272727272,12.0,-16.0,0.8,14.0,2.0,0.1428571428571428,7.0,0.0,0.0,5.0,7.0,1.0,1.0,0.2,0.1428571428571428,0.0571428571428571,53944.91463414634,2,1.0,7.0,0.0,0.5,3.5,0.0,7.0,18,1,1.0,2.0,1.0,1.0,5.0,7.0,9.0,0.0,32,64,145,2.3,0.8695652173913043,large,1,5.0,7.0,9.0,0,32,64,145,2.3,0.8695652173913043,large,1735.46883145197,0.0,-0.0863636363636363,-20.0,-0.6000000000000001,-0.1431818181818182,0.1227272727272727,0.0,-6.0,-183.7728607275976,Draw,37,197,29,159,5,9,-160
2010,2010-06-25,WC-2010,2010 FIFA World Cup,Switzerland v Honduras,Group stage,Switzerland,Honduras,CHE,HND,0.0,0.0,0-0,draw,0.0,0.0,yes,no,no,0-0,Free State Stadium,S-127,Free State Stadium,Bloemfontein,South Africa,0.0,28042.0,20:30,,,656,32,64,145,2.3,0.8695652173913043,large,24,62.0,14.0,13.0,192.0,78.0,114.0,2.5833333333333335,4.75,8.0,3.25,10.0,-9.0,0.6,52.0,2.0,0.0384615384615384,37.0,0.0,0.0,6.0,7.0,1.0,1.0,0.1666666666666666,0.1428571428571428,0.0238095238095238,41492.25,2,2.0,5.0,2.0,1.0,2.5,1.0,3.0,8,0,0.0,-2.0,,,,,,,32,64,145,2.3,0.8695652173913043,large,0,0.0,0.0,0.0,0,32,64,145,2.3,0.8695652173913043,large,1498.3723011831985,0.0,5,9.0,6.0,10.0,32.0,36.0,-4.0,1.8,-0.8,6.4,7.2,2.0,-13.0,0.0,15.0,2.0,0.1333333333333333,10.0,0.0,0.0,6.0,8.0,1.0,1.0,0.1666666666666666,0.125,0.0416666666666666,35322.4,2,1.0,1.0,1.0,0.5,0.5,0.5,0.0,1,0,0.0,0.0,,,,,,,32,64,145,2.3,0.8695652173913043,large,0,0.0,0.0,0.0,0,32,64,145,2.3,0.8695652173913043,large,1472.3284437335403,0.0,0.7833333333333334,118.0,0.6,1.5999999999999996,-3.95,0.5,3.0,26.04385744965816,Draw,43,2,30,2,0,0,41
2010,2010-06-26,WC-2010,2010 FIFA World Cup,United States v Ghana,Round of 16,United States,Ghana,USA,GHA,1.0,2.0,1-2,away team win,0.0,1.0,no,yes,no,0-0,Royal Bafokeng Stadium,S-136,Royal Bafokeng Stadium,Rustenburg,South Africa,0.0,34976.0,20:30,,Required Extra Time,657,32,64,145,2.3,0.8695652173913043,large,27,0.0,3.0,3.0,2.0,6.0,-4.0,0.0,-0.1481481481481481,0.074074074074074,0.2222222222222222,6.0,-11.0,0.2,6.0,2.0,0.3333333333333333,0.0,0.0,,6.0,9.0,1.0,1.0,0.1666666666666666,0.1111111111111111,0.0555555555555555,42869.56,3,0.0,0.0,3.0,0.0,0.0,1.0,-3.0,8,1,0.0,0.0,0.0,0.0,0.0,0.0,1.0,0.0,32,64,145,2.3,0.8695652173913043,large,0,0.0,0.0,1.0,0,32,64,145,2.3,0.8695652173913043,large,1451.61355560509,0.0,7,7.0,5.0,16.0,32.0,55.0,-23.0,1.0,-3.2857142857142856,4.571428571428571,7.857142857142857,7.0,-10.0,0.4,20.0,3.0,0.15,8.0,0.0,0.0,7.0,9.0,2.0,1.0,0.2857142857142857,0.1111111111111111,0.1746031746031746,50148.0,3,1.0,5.0,5.0,0.3333333333333333,1.6666666666666667,1.6666666666666667,0.0,1,1,0.0,-2.0,0.0,,,,,,32,64,145,2.3,0.8695652173913043,large,0,0.0,0.0,0.0,0,32,64,145,2.3,0.8695652173913043,large,1508.372598499103,0.0,-1.0,19.0,-0.2,-4.497354497354497,-7.634920634920634,-0.3333333333333333,-3.0,-56.75904289401342,AwayWin,31,6,29,6,1,3,25
2010,2010-06-26,WC-2010,2010 FIFA World Cup,Uruguay v South Korea,Round of 16,Uruguay,South Korea,URY,KOR,2.0,1.0,2-1,home team win,1.0,0.0,no,no,no,0-0,Nelson Mandela Bay Stadium,S-134,Nelson Mandela Bay Stadium,Port Elizabeth,South Africa,0.0,30597.0,16:00,,,658,32,64,145,2.3,0.8695652173913043,large,38,4.0,1.0,3.0,8.0,9.0,-1.0,0.1052631578947368,-0.0263157894736842,0.2105263157894736,0.2368421052631578,9.0,-5.0,0.4,6.0,4.0,0.6666666666666666,2.0,0.0,0.0,7.0,10.0,2.0,2.0,0.2857142857142857,0.2,0.0857142857142856,40267.47368421053,3,2.0,4.0,3.0,0.6666666666666666,1.3333333333333333,1.0,1.0,10,1,2.0,2.0,2.0,1.0,2.0,2.0,2.0,0.0,32,64,145,2.3,0.8695652173913043,large,1,2.0,2.0,2.0,0,32,64,145,2.3,0.8695652173913043,large,1508.5660448345586,0.0,24,17.0,9.0,13.0,69.0,52.0,17.0,0.7083333333333334,0.7083333333333334,2.875,2.1666666666666665,5.0,-6.0,0.2,26.0,4.0,0.1538461538461538,13.0,0.0,0.0,7.0,11.0,2.0,2.0,0.2857142857142857,0.1818181818181818,0.1038961038961038,45661.22727272727,3,3.0,6.0,1.0,1.0,2.0,0.3333333333333333,5.0,7,1,2.0,2.0,2.0,,,,,,32,64,145,2.3,0.8695652173913043,large,0,0.0,0.0,0.0,0,32,64,145,2.3,0.8695652173913043,large,1450.760137459317,0.0,-0.6030701754385965,-18.0,0.2,-2.6644736842105265,-1.9298245614035088,-0.3333333333333333,-4.0,57.80590737524153,HomeWin,66,26,53,26,3,0,40
2010,2010-06-27,WC-2010,2010 FIFA World Cup,Argentina v Mexico,Round of 16,Argentina,Mexico,ARG,MEX,3.0,1.0,3-1,home team win,1.0,0.0,no,no,no,0-0,Soccer City,S-131,Soccer City,Johannesburg,South Africa,0.0,84377.0,20:30,,,659,32,64,145,2.3,0.8695652173913043,large,61,4.0,7.0,14.0,27.0,60.0,-33.0,0.0655737704918032,-0.5409836065573771,0.4426229508196721,0.9836065573770492,13.0,,0.8,22.0,0.0,0.0,3.0,0.0,0.0,0.0,0.0,0.0,0.0,,,,49256.293103448275,3,1.0,6.0,8.0,0.3333333333333333,2.0,2.6666666666666665,-2.0,14,2,0.0,-2.0,0.0,1.0,2.0,4.0,4.0,0.0,32,64,145,2.3,0.8695652173913043,large,1,2.0,4.0,4.0,0,32,64,145,2.3,0.8695652173913043,large,1612.4025142465605,0.0,42,35.0,10.0,17.0,112.0,69.0,43.0,0.8333333333333334,1.0238095238095235,2.6666666666666665,1.6428571428571428,4.0,-1.0,0.2,47.0,0.0,0.0,15.0,0.0,0.0,0.0,1.0,0.0,0.0,,0.0,,44937.39024390244,3,4.0,10.0,2.0,1.3333333333333333,3.3333333333333335,0.6666666666666666,8.0,13,2,3.0,6.0,1.5,,,,,,32,64,145,2.3,0.8695652173913043,large,0,0.0,0.0,0.0,0,32,64,145,2.3,0.8695652173913043,large,1466.4161635029532,0.0,-0.7677595628415301,-76.0,0.6000000000000001,-2.2240437158469946,-0.6592505854800936,-1.0,-10.0,145.9863507436071,HomeWin,107,47,83,42,8,9,60
2010,2010-06-27,WC-2010,2010 FIFA World Cup,Germany v England,Round of 16,Germany,England,DEU,ENG,4.0,1.0,4-1,home team win,1.0,0.0,no,no,no,0-0,Free State Stadium,S-127,Free State Stadium,Bloemfontein,South Africa,0.0,40510.0,16:00,,,660,32,64,145,2.3,0.8695652173913043,large,31,10.0,11.0,22.0,48.0,78.0,-30.0,0.3225806451612903,-0.967741935483871,1.5483870967741935,2.5161290322580645,9.0,-8.0,0.6,34.0,0.0,0.0,9.0,0.0,0.0,0.0,2.0,0.0,0.0,,0.0,,46232.58620689655,3,1.0,4.0,5.0,0.3333333333333333,1.3333333333333333,1.6666666666666667,-1.0,6,0,0.0,-6.0,,0.0,0.0,1.0,3.0,0.0,32,64,145,2.3,0.8695652173913043,large,0,0.0,1.0,3.0,0,32,64,145,2.3,0.8695652173913043,large,1590.814140184117,0.0,52,20.0,5.0,7.0,64.0,37.0,27.0,0.3846153846153846,0.5192307692307693,1.2307692307692308,0.7115384615384616,9.0,-8.0,0.4,14.0,0.0,0.0,18.0,0.0,0.0,0.0,3.0,0.0,0.0,,0.0,,45897.11538461538,3,3.0,9.0,2.0,1.0,3.0,0.6666666666666666,7.0,12,0,1.0,3.0,,1.0,1.0,1.0,1.0,0.0,32,64,145,2.3,0.8695652173913043,large,1,1.0,1.0,1.0,0,32,64,145,2.3,0.8695652173913043,large,1589.817710347965,0.0,-0.0620347394540943,-57.0,0.1999999999999999,0.3176178660049626,1.8045905707196028,-0.6666666666666667,-8.0,0.9964298361519468,HomeWin,63,62,52,54,1,5,1
2010,2010-06-28,WC-2010,2010 FIFA World Cup,Brazil v Chile,Round of 16,Brazil,Chile,BRA,CHL,3.0,0.0,3-0,home team win,1.0,0.0,no,no,no,0-0,Ellis Park Stadium,S-130,Ellis Park Stadium,Johannesburg,South Africa,0.0,54096.0,20:30,,,661,32,64,145,2.3,0.8695652173913043,large,89,23.0,17.0,13.0,65.0,44.0,21.0,0.2584269662921348,0.2359550561797752,0.7303370786516854,0.4943820224719101,10.0,-9.0,0.6,36.0,0.0,0.0,17.0,0.0,0.0,0.0,4.0,0.0,0.0,,0.0,,54050.5421686747,3,1.0,3.0,5.0,0.3333333333333333,1.0,1.6666666666666667,-2.0,18,1,0.0,-3.0,0.0,1.0,5.0,7.0,9.0,0.0,32,64,145,2.3,0.8695652173913043,large,1,5.0,7.0,9.0,0,32,64,145,2.3,0.8695652173913043,large,1730.6231211955485,0.0,23,63.0,14.0,13.0,195.0,78.0,117.0,2.739130434782609,5.086956521739131,8.478260869565217,3.391304347826087,7.0,-10.0,0.4,52.0,0.0,0.0,38.0,0.0,0.0,0.0,5.0,0.0,0.0,,0.0,,31388.636363636364,3,3.0,8.0,2.0,1.0,2.6666666666666665,0.6666666666666666,6.0,7,1,2.0,6.0,2.0,0.0,0.0,0.0,1.0,0.0,32,64,145,2.3,0.8695652173913043,large,0,0.0,0.0,1.0,0,32,64,145,2.3,0.8695652173913043,large,1509.2449214640756,0.0,-2.480703468490474,-96.0,0.1999999999999999,-7.747923790913531,-2.896922325354177,-0.6666666666666667,-8.0,221.37819973147293,HomeWin,197,27,159,23,9,1,170
2010,2010-06-28,WC-2010,2010 FIFA World Cup,Netherlands v Slovakia,Round of 16,Netherlands,Slovakia,NLD,SVK,2.0,1.0,2-1,home team win,1.0,0.0,no,no,no,0-0,Moses Mabhida Stadium,S-129,Moses Mabhida Stadium,Durban,South Africa,0.0,61962.0,16:00,,,662,32,64,145,2.3,0.8695652173913043,large,33,9.0,5.0,10.0,30.0,33.0,-3.0,0.2727272727272727,-0.0909090909090909,0.9090909090909092,1.0,10.0,-9.0,0.6,17.0,0.0,0.0,7.0,0.0,0.0,1.0,5.0,0.0,0.0,0.0,0.0,0.0,50877.65517241379,3,2.0,3.0,5.0,0.6666666666666666,1.0,1.6666666666666667,-2.0,8,0,0.0,-6.0,,0.0,0.0,2.0,2.0,0.0,32,64,145,2.3,0.8695652173913043,large,0,0.0,2.0,2.0,0,32,64,145,2.3,0.8695652173913043,large,1572.5227934607765,0.0,3,17.0,9.0,8.0,54.0,32.0,22.0,5.666666666666667,7.333333333333333,18.0,10.666666666666666,4.0,-2.0,0.3333333333333333,23.0,0.0,0.0,11.0,0.0,0.0,2.0,5.0,0.0,0.0,0.0,0.0,0.0,34642.0,3,4.0,7.0,2.0,1.3333333333333333,2.3333333333333335,0.6666666666666666,5.0,0,0,1.0,1.0,,,,,,,32,64,145,2.3,0.8695652173913043,large,0,0.0,0.0,0.0,0,32,64,145,2.3,0.8695652173913043,large,1502.8990898520376,0.0,-5.3939393939393945,-25.0,0.2666666666666666,-17.09090909090909,-9.666666666666666,-0.6666666666666666,-7.0,69.62370360873888,HomeWin,52,4,47,3,5,0,48
2010,2010-06-29,WC-2010,2010 FIFA World Cup,Paraguay v Japan,Round of 16,Paraguay,Japan,PRY,JPN,0.0,0.0,0-0,home team win,1.0,0.0,no,yes,yes,5-3,Loftus Versfeld Stadium,S-135,Loftus Versfeld Stadium,Pretoria,South Africa,0.0,36742.0,16:00,,Paraguay won on penalty kicks following extra time,663,32,64,145,2.3,0.8695652173913043,large,25,1.0,1.0,2.0,5.0,7.0,-2.0,0.04,-0.08,0.2,0.28,8.0,-4.0,0.4,3.0,0.0,0.0,1.0,0.0,0.0,2.0,6.0,0.0,0.0,0.0,0.0,0.0,35295.36,3,1.0,5.0,7.0,0.3333333333333333,1.6666666666666667,2.3333333333333335,-2.0,7,0,0.0,-1.0,,,,,,,32,64,145,2.3,0.8695652173913043,large,0,0.0,0.0,0.0,0,32,64,145,2.3,0.8695652173913043,large,1494.95731776383,0.0,12,7.0,10.0,9.0,30.0,37.0,-7.0,0.5833333333333334,-0.5833333333333334,2.5,3.0833333333333335,7.0,-3.0,0.4,20.0,0.0,0.0,6.0,0.0,0.0,3.0,6.0,0.0,0.0,0.0,0.0,0.0,45641.90909090909,3,1.0,3.0,1.0,0.3333333333333333,1.0,0.3333333333333333,2.0,3,0,0.0,0.0,,,,,,,32,64,145,2.3,0.8695652173913043,large,0,0.0,0.0,0.0,0,32,64,145,2.3,0.8695652173913043,large,1479.1899609254308,0.0,-0.5433333333333333,5.0,0.0,-2.3,-2.8033333333333337,0.0,-4.0,15.76735683839911,Draw,30,10,27,10,1,0,20
2010,2010-06-29,WC-2010,2010 FIFA World Cup,Spain v Portugal,Round of 16,Spain,Portugal,ESP,PRT,1.0,0.0,1-0,home team win,1.0,0.0,no,no,no,0-0,Cape Town Stadium,S-128,Cape Town Stadium,Cape Town,South Africa,0.0,62955.0,20:30,,,664,32,64,145,2.3,0.8695652173913043,large,49,3.0,3.0,7.0,10.0,16.0,-6.0,0.0612244897959183,-0.1224489795918367,0.2040816326530612,0.3265306122448979,9.0,-1.0,0.6,11.0,1.0,0.0909090909090909,2.0,0.0,0.0,4.0,6.0,1.0,0.0,0.25,0.0,0.25,41679.791666666664,3,2.0,4.0,2.0,0.6666666666666666,1.3333333333333333,0.6666666666666666,2.0,12,0,0.0,0.0,,0.0,0.0,0.0,0.0,0.0,32,64,145,2.3,0.8695652173913043,large,0,0.0,0.0,0.0,0,32,64,145,2.3,0.8695652173913043,large,1573.5677057312726,0.0,21,25.0,11.0,14.0,83.0,55.0,28.0,1.1904761904761905,1.3333333333333333,3.952380952380953,2.619047619047619,5.0,2.0,0.2,33.0,2.0,0.0606060606060606,17.0,0.0,0.0,5.0,6.0,2.0,0.0,0.4,0.0,0.4,47407.35294117647,3,3.0,5.0,2.0,1.0,1.6666666666666667,0.6666666666666666,3.0,4,0,1.0,1.0,,0.0,0.0,0.0,1.0,0.0,32,64,145,2.3,0.8695652173913043,large,0,0.0,0.0,1.0,0,32,64,145,2.3,0.8695652173913043,large,1556.5416809807937,0.0,-1.129251700680272,-34.0,0.3999999999999999,-3.748299319727891,-2.292517006802721,-0.3333333333333333,-1.0,17.026024750478882,HomeWin,83,37,68,29,14,5,46
2010,2010-07-02,WC-2010,2010 FIFA World Cup,Netherlands v Brazil,Quarter-finals,Netherlands,Brazil,NLD,BRA,2.0,1.0,2-1,home team win,1.0,0.0,no,no,no,0-0,Nelson Mandela Bay Stadium,S-134,Nelson Mandela Bay Stadium,Port Elizabeth,South Africa,0.0,40186.0,16:00,,,665,32,64,145,2.3,0.8695652173913043,large,34,12.0,3.0,7.0,39.0,21.0,18.0,0.3529411764705882,0.5294117647058824,1.1470588235294117,0.6176470588235294,12.0,-1.0,0.8,14.0,2.0,0.1428571428571428,8.0,0.0,0.0,5.0,7.0,2.0,0.0,0.4,0.0,0.4,51247.13333333333,4,1.0,7.0,1.0,0.25,1.75,0.25,6.0,8,3,0.0,-1.0,0.0,0.0,0.0,2.0,2.0,0.0,32,64,145,2.3,0.8695652173913043,large,0,0.0,2.0,2.0,0,32,64,145,2.3,0.8695652173913043,large,1580.5452624270222,0.0,90,18.0,9.0,8.0,56.0,33.0,23.0,0.2,0.2555555555555555,0.6222222222222222,0.3666666666666666,10.0,1.0,0.6,23.0,2.0,0.0869565217391304,12.0,0.0,0.0,5.0,8.0,2.0,0.0,0.4,0.0,0.4,54051.083333333336,4,5.0,9.0,3.0,1.25,2.25,0.75,6.0,18,3,2.0,2.0,0.6666666666666666,1.0,5.0,7.0,9.0,0.0,32,64,145,2.3,0.8695652173913043,large,1,5.0,7.0,9.0,0,32,64,145,2.3,0.8695652173913043,large,1734.993373166775,0.0,0.1529411764705882,-5.0,0.2,0.5248366013071895,0.2509803921568628,-1.0,0.0,-154.4481107397528,HomeWin,54,200,49,162,5,9,-146
2010,2010-07-02,WC-2010,2010 FIFA World Cup,Uruguay v Ghana,Quarter-finals,Uruguay,Ghana,URY,GHA,1.0,1.0,1-1,home team win,1.0,0.0,no,yes,yes,4-2,Soccer City,S-131,Soccer City,Johannesburg,South Africa,0.0,84017.0,20:30,,Uruguay won on penalty kicks following extra time,666,32,64,145,2.3,0.8695652173913043,large,39,63.0,14.0,14.0,196.0,80.0,116.0,1.6153846153846154,2.9743589743589745,5.0256410256410255,2.051282051282051,11.0,0.0,0.6,52.0,2.0,0.0384615384615384,39.0,0.0,0.0,6.0,8.0,2.0,0.0,0.3333333333333333,0.0,0.3333333333333333,40019.51282051282,4,3.0,9.0,4.0,0.75,2.25,1.0,5.0,10,0,1.0,-2.0,,1.0,2.0,2.0,2.0,0.0,32,64,145,2.3,0.8695652173913043,large,1,2.0,2.0,2.0,0,32,64,145,2.3,0.8695652173913043,large,1516.9174412356767,0.0,8,17.0,10.0,13.0,70.0,53.0,17.0,2.125,2.125,8.75,6.625,7.0,-1.0,0.4,26.0,2.0,0.0769230769230769,14.0,0.0,0.0,7.0,8.0,2.0,0.0,0.2857142857142857,0.0,0.2857142857142857,48251.5,4,3.0,7.0,2.0,0.75,1.75,0.5,5.0,1,0,0.0,0.0,,,,,,,32,64,145,2.3,0.8695652173913043,large,0,0.0,0.0,0.0,0,32,64,145,2.3,0.8695652173913043,large,1516.753321627668,0.0,-0.5096153846153846,99.0,0.1999999999999999,-3.7243589743589745,-4.573717948717949,0.0,0.0,0.164119608008832,Draw,68,8,54,8,3,3,60
2010,2010-07-03,WC-2010,2010 FIFA World Cup,Argentina v Germany,Quarter-finals,Argentina,Germany,ARG,DEU,0.0,4.0,0-4,away team win,0.0,1.0,no,no,no,0-0,Cape Town Stadium,S-128,Cape Town Stadium,Cape Town,South Africa,0.0,64100.0,16:00,,,667,32,64,145,2.3,0.8695652173913043,large,62,4.0,2.0,3.0,9.0,10.0,-1.0,0.064516129032258,-0.0161290322580645,0.1451612903225806,0.1612903225806451,13.0,-5.0,0.8,6.0,2.0,0.3333333333333333,3.0,0.0,0.0,7.0,9.0,2.0,0.0,0.2857142857142857,0.0,0.2857142857142857,49851.5593220339,4,2.0,5.0,4.0,0.5,1.25,1.0,1.0,14,1,0.0,0.0,0.0,1.0,2.0,4.0,4.0,0.0,32,64,145,2.3,0.8695652173913043,large,1,2.0,4.0,4.0,0,32,64,145,2.3,0.8695652173913043,large,1618.4316726261338,0.0,32,35.0,10.0,18.0,112.0,73.0,39.0,1.09375,1.21875,3.5,2.28125,12.0,-1.0,0.8,47.0,3.0,0.0638297872340425,16.0,0.0,0.0,7.0,10.0,2.0,1.0,0.2857142857142857,0.1,0.1857142857142857,46041.833333333336,4,4.0,10.0,6.0,1.0,2.5,1.5,4.0,6,1,0.0,-4.0,0.0,0.0,0.0,1.0,3.0,0.0,32,64,145,2.3,0.8695652173913043,large,0,0.0,1.0,3.0,0,32,64,145,2.3,0.8695652173913043,large,1600.7854607066613,0.0,-1.029233870967742,-40.0,0.0,-3.3548387096774195,-2.119959677419355,-0.5,-3.0,17.646211919472535,AwayWin,110,67,85,55,8,1,43
2010,2010-07-03,WC-2010,2010 FIFA World Cup,Paraguay v Spain,Quarter-finals,Paraguay,Spain,PRY,ESP,0.0,1.0,0-1,away team win,0.0,1.0,no,no,no,0-0,Ellis Park Stadium,S-130,Ellis Park Stadium,Johannesburg,South Africa,0.0,55359.0,20:30,,,668,32,64,145,2.3,0.8695652173913043,large,26,21.0,5.0,7.0,68.0,37.0,31.0,0.8076923076923077,1.1923076923076923,2.6153846153846154,1.4230769230769231,9.0,-2.0,0.4,14.0,3.0,0.2142857142857142,19.0,0.0,0.0,7.0,11.0,2.0,1.0,0.2857142857142857,0.0909090909090909,0.1948051948051948,35351.0,4,4.0,13.0,2.0,1.0,3.25,0.5,11.0,7,2,1.0,4.0,0.5,,,,,,32,64,145,2.3,0.8695652173913043,large,0,0.0,0.0,0.0,0,32,64,145,2.3,0.8695652173913043,large,1494.503808050663,0.0,50,7.0,10.0,10.0,30.0,38.0,-8.0,0.14,-0.16,0.6,0.76,9.0,-2.0,0.6,20.0,3.0,0.15,7.0,0.0,0.0,7.0,12.0,2.0,1.0,0.2857142857142857,0.0833333333333333,0.2023809523809523,42113.97959183674,4,1.0,3.0,2.0,0.25,0.75,0.5,1.0,12,2,0.0,-3.0,0.0,0.0,0.0,0.0,0.0,0.0,32,64,145,2.3,0.8695652173913043,large,0,0.0,0.0,0.0,0,32,64,145,2.3,0.8695652173913043,large,1583.078049249543,0.0,0.6676923076923077,39.0,-0.1999999999999999,2.0153846153846153,0.6630769230769231,0.75,10.0,-88.57424119887969,AwayWin,30,84,27,69,1,14,-54
2010,2010-07-06,WC-2010,2010 FIFA World Cup,Uruguay v Netherlands,Semi-finals,Uruguay,Netherlands,URY,NLD,2.0,3.0,2-3,away team win,0.0,1.0,no,no,no,0-0,Cape Town Stadium,S-128,Cape Town Stadium,Cape Town,South Africa,0.0,62479.0,20:30,,,669,32,64,145,2.3,0.8695652173913043,large,40,26.0,11.0,14.0,84.0,55.0,29.0,0.65,0.725,2.1,1.375,11.0,-2.0,0.6,33.0,3.0,0.0909090909090909,18.0,0.0,0.0,8.0,12.0,2.0,1.0,0.25,0.0833333333333333,0.1666666666666666,41119.45,5,4.0,6.0,2.0,0.8,1.2,0.4,4.0,10,1,2.0,3.0,2.0,1.0,2.0,2.0,2.0,0.0,32,64,145,2.3,0.8695652173913043,large,1,2.0,2.0,2.0,0,32,64,145,2.3,0.8695652173913043,large,1516.9127174939922,0.0,35,17.0,10.0,14.0,72.0,56.0,16.0,0.4857142857142857,0.4571428571428571,2.057142857142857,1.6,15.0,,1.0,26.0,0.0,0.0,15.0,0.0,0.0,0.0,0.0,0.0,0.0,,,,50890.32258064516,5,3.0,9.0,5.0,0.6,1.8,1.0,4.0,8,1,0.0,-3.0,0.0,0.0,0.0,2.0,2.0,0.0,32,64,145,2.3,0.8695652173913043,large,0,0.0,2.0,2.0,0,32,64,145,2.3,0.8695652173913043,large,1594.7192465379212,0.0,0.1642857142857143,13.0,-0.4,0.0428571428571431,-0.2250000000000001,0.2,0.0,-77.806529043929,AwayWin,69,56,55,50,3,5,13
2010,2010-07-07,WC-2010,2010 FIFA World Cup,Germany v Spain,Semi-finals,Germany,Spain,DEU,ESP,0.0,1.0,0-1,away team win,0.0,1.0,no,no,no,0-0,Moses Mabhida Stadium,S-129,Moses Mabhida Stadium,Durban,South Africa,0.0,60960.0,20:30,,,670,32,64,145,2.3,0.8695652173913043,large,33,19.0,9.0,8.0,59.0,35.0,24.0,0.5757575757575758,0.7272727272727273,1.7878787878787878,1.0606060606060606,12.0,1.0,0.8,23.0,1.0,0.0434782608695652,13.0,0.0,0.0,0.0,1.0,0.0,1.0,,1.0,,46624.354838709674,5,6.0,12.0,5.0,1.2,2.4,1.0,7.0,6,1,2.0,3.0,2.0,0.0,0.0,1.0,3.0,0.0,32,64,145,2.3,0.8695652173913043,large,0,0.0,1.0,3.0,0,32,64,145,2.3,0.8695652173913043,large,1611.2929232359647,0.0,51,21.0,5.0,8.0,68.0,38.0,30.0,0.4117647058823529,0.5882352941176471,1.3333333333333333,0.7450980392156863,12.0,1.0,0.8,14.0,1.0,0.0714285714285714,20.0,0.0,0.0,0.0,2.0,0.0,1.0,,0.5,,42378.88,5,4.0,13.0,3.0,0.8,2.6,0.6,10.0,12,1,0.0,-1.0,0.0,0.0,0.0,0.0,0.0,0.0,32,64,145,2.3,0.8695652173913043,large,0,0.0,0.0,0.0,0,32,64,145,2.3,0.8695652173913043,large,1590.5825090228757,0.0,0.1639928698752228,-6.0,0.0,0.4545454545454546,0.3155080213903742,0.3999999999999999,-3.0,20.71041421308928,AwayWin,71,85,58,70,1,14,-14
2010,2010-07-10,WC-2010,2010 FIFA World Cup,Uruguay v Germany,Third place,Uruguay,Germany,URY,DEU,2.0,3.0,2-3,away team win,0.0,1.0,no,no,no,0-0,Nelson Mandela Bay Stadium,S-134,Nelson Mandela Bay Stadium,Port Elizabeth,South Africa,0.0,36254.0,20:30,,,671,32,64,145,2.3,0.8695652173913043,large,41,27.0,11.0,14.0,85.0,55.0,30.0,0.6585365853658537,0.7317073170731707,2.073170731707317,1.3414634146341464,10.0,1.0,0.6,33.0,1.0,0.0303030303030303,19.0,0.0,0.0,1.0,2.0,0.0,1.0,0.0,0.5,-0.5,41640.41463414634,6,5.0,7.0,2.0,0.8333333333333334,1.1666666666666667,0.3333333333333333,5.0,10,0,1.0,1.0,,1.0,2.0,2.0,2.0,0.0,32,64,145,2.3,0.8695652173913043,large,1,2.0,2.0,2.0,0,32,64,145,2.3,0.8695652173913043,large,1509.11546823633,0.0,34,17.0,10.0,15.0,74.0,59.0,15.0,0.5,0.4411764705882353,2.176470588235294,1.7352941176470589,9.0,2.0,0.6,26.0,1.0,0.0384615384615384,16.0,1.0,0.0625,1.0,3.0,0.0,2.0,0.0,0.6666666666666666,-0.6666666666666666,47072.34375,6,3.0,11.0,8.0,0.5,1.8333333333333333,1.3333333333333333,3.0,6,0,0.0,-1.0,,0.0,0.0,1.0,3.0,0.0,32,64,145,2.3,0.8695652173913043,large,0,0.0,1.0,3.0,0,32,64,145,2.3,0.8695652173913043,large,1600.6975346244162,0.0,0.1585365853658537,15.0,0.0,-0.1032998565279768,-0.3938307030129124,0.3333333333333333,2.0,-91.5820663880861,AwayWin,71,71,57,58,3,1,0
2010,2010-07-11,WC-2010,2010 FIFA World Cup,Netherlands v Spain,Final,Netherlands,Spain,NLD,ESP,0.0,1.0,0-1,away team win,0.0,1.0,no,yes,no,0-0,Soccer City,S-131,Soccer City,Johannesburg,South Africa,0.0,84490.0,20:30,Howard Webb,Required Extra Time,672,32,64,145,2.3,0.8695652173913043,large,36,22.0,5.0,8.0,71.0,40.0,31.0,0.6111111111111112,0.8611111111111112,1.9722222222222223,1.1111111111111112,15.0,1.0,1.0,14.0,1.0,0.0714285714285714,21.0,1.0,0.0476190476190476,2.0,3.0,0.0,2.0,0.0,0.6666666666666666,-0.6666666666666666,51252.46875,6,5.0,16.0,5.0,0.8333333333333334,2.6666666666666665,0.8333333333333334,11.0,8,0,1.0,1.0,,0.0,0.0,2.0,2.0,0.0,32,64,145,2.3,0.8695652173913043,large,0,0.0,2.0,2.0,0,32,64,145,2.3,0.8695652173913043,large,1602.5164957955833,0.0,52,19.0,9.0,9.0,59.0,36.0,23.0,0.3653846153846153,0.4423076923076923,1.1346153846153846,0.6923076923076923,15.0,1.0,1.0,23.0,2.0,0.0869565217391304,14.0,1.0,0.0714285714285714,2.0,4.0,0.0,3.0,0.0,0.75,-0.75,42743.21568627451,6,6.0,12.0,6.0,1.0,2.0,1.0,6.0,12,0,0.0,-1.0,,0.0,0.0,0.0,0.0,0.0,32,64,145,2.3,0.8695652173913043,large,0,0.0,0.0,0.0,0,32,64,145,2.3,0.8695652173913043,large,1601.177897634424,0.0,0.2457264957264958,8.0,0.0,0.8376068376068377,0.4188034188034188,-0.1666666666666666,5.0,1.3385981611593252,AwayWin,59,86,53,71,5,14,-27
2014,2014-06-12,WC-2014,2014 FIFA World Cup,Brazil v Croatia,Group stage,Brazil,Croatia,BRA,HRV,3.0,1.0,3-1,home team win,1.0,0.0,no,no,no,0-0,Arena Corinthians,S-022,Arena Corinthians,São Paulo,Brazil,1.0,62103.0,17:00,Yuichi Nishimura,,673,32,64,171,2.7,0.9130434782608696,large,91,28.0,11.0,14.0,86.0,55.0,31.0,0.3076923076923077,0.3406593406593406,0.945054945054945,0.6043956043956044,10.0,1.0,0.6,33.0,2.0,0.0606060606060606,20.0,1.0,0.05,2.0,5.0,0.0,3.0,0.0,0.6,-0.6,53887.964705882354,0,6.0,8.0,2.0,,,,6.0,19,1,1.0,1.0,1.0,1.0,5.0,7.0,9.0,0.0,32,64,171,2.7,0.9130434782608696,large,1,5.0,7.0,9.0,0,32,64,171,2.7,0.9130434782608696,large,1720.819389055876,1316.15,13,64.0,14.0,14.0,199.0,81.0,118.0,4.923076923076923,9.076923076923077,15.307692307692308,6.230769230769231,5.0,0.0,0.2,53.0,2.0,0.0377358490566037,39.0,1.0,0.0256410256410256,3.0,5.0,0.0,3.0,0.0,0.6,-0.6,46467.15384615384,0,1.0,3.0,1.0,,,,2.0,3,1,2.0,3.0,2.0,0.0,0.0,0.0,1.0,0.0,32,64,171,2.7,0.9130434782608696,large,0,0.0,0.0,1.0,0,32,64,171,2.7,0.9130434782608696,large,1517.1834383991486,946.45,-4.615384615384616,-87.0,0.3999999999999999,-14.362637362637363,-5.626373626373627,,4.0,203.63595065672737,HomeWin,201,15,163,15,9,1,186
2014,2014-06-13,WC-2014,2014 FIFA World Cup,Chile v Australia,Group stage,Chile,Australia,CHL,AUS,3.0,1.0,3-1,home team win,1.0,0.0,no,no,no,0-0,Arena Pantanal,S-010,Arena Pantanal,Cuiabá,Brazil,0.0,40275.0,18:00,Noumandiez Doué,,674,32,64,171,2.7,0.9130434782608696,large,24,6.0,2.0,6.0,16.0,14.0,2.0,0.25,0.0833333333333333,0.6666666666666666,0.5833333333333334,6.0,-3.0,0.4,10.0,2.0,0.2,4.0,1.0,0.25,4.0,5.0,0.0,3.0,0.0,0.6,-0.6,32375.91304347826,0,0.0,1.0,3.0,,,,-2.0,8,1,0.0,-3.0,0.0,0.0,0.0,0.0,1.0,0.0,32,64,171,2.7,0.9130434782608696,large,0,0.0,0.0,1.0,0,32,64,171,2.7,0.9130434782608696,large,1504.874669492849,1021.76,9,10.0,5.0,10.0,33.0,34.0,-1.0,1.1111111111111112,-0.1111111111111111,3.6666666666666665,3.7777777777777777,5.0,0.0,0.2,18.0,3.0,0.1666666666666666,7.0,1.0,0.1428571428571428,4.0,6.0,0.0,4.0,0.0,0.6666666666666666,-0.6666666666666666,45338.5,0,1.0,3.0,1.0,,,,2.0,3,1,1.0,2.0,1.0,,,,,,32,64,171,2.7,0.9130434782608696,large,0,0.0,0.0,0.0,0,32,64,171,2.7,0.9130434782608696,large,1494.7065752370138,324.32,-0.8611111111111112,3.0,0.2,-3.0,-3.194444444444444,,-4.0,10.168094255835284,HomeWin,27,8,23,7,1,1,19
2014,2014-06-13,WC-2014,2014 FIFA World Cup,Mexico v Cameroon,Group stage,Mexico,Cameroon,MEX,CMR,1.0,0.0,1-0,home team win,1.0,0.0,no,no,no,0-0,Arena das Dunas,S-015,Arena das Dunas,Natal,Brazil,0.0,39216.0,13:00,Wilmar Roldán,,675,32,64,171,2.7,0.9130434782608696,large,43,2.0,3.0,5.0,9.0,17.0,-8.0,0.0465116279069767,-0.1860465116279069,0.2093023255813953,0.3953488372093023,4.0,0.0,0.2,9.0,4.0,0.4444444444444444,1.0,1.0,1.0,4.0,7.0,0.0,5.0,0.0,0.7142857142857143,-0.7142857142857143,45876.42857142857,0,0.0,1.0,3.0,,,,-2.0,14,0,0.0,-2.0,,,,,,,32,64,171,2.7,0.9130434782608696,large,0,0.0,0.0,0.0,0,32,64,171,2.7,0.9130434782608696,large,1460.3870051233796,913.15,19,11.0,11.0,22.0,49.0,78.0,-29.0,0.5789473684210527,-1.5263157894736843,2.5789473684210527,4.105263157894737,3.0,,0.2,35.0,0.0,0.0,9.0,0.0,0.0,0.0,0.0,0.0,0.0,,,,46194.10526315789,0,1.0,1.0,0.0,,,,1.0,6,0,1.0,1.0,,,,,,,32,64,171,2.7,0.9130434782608696,large,0,0.0,0.0,0.0,0,32,64,171,2.7,0.9130434782608696,large,1472.7434436477452,665.16,-0.5324357405140759,21.0,0.0,-2.3696450428396574,-3.709914320685435,,-3.0,-12.356438524365558,HomeWin,48,15,43,13,9,1,33
2014,2014-06-13,WC-2014,2014 FIFA World Cup,Spain v Netherlands,Group stage,Spain,Netherlands,ESP,NLD,1.0,5.0,1-5,away team win,0.0,1.0,no,no,no,0-0,Arena Fonte Nova,S-021,Arena Fonte Nova,Salvador,Brazil,0.0,48173.0,16:00,Nicola Rizzoli,,676,32,64,171,2.7,0.9130434782608696,large,53,4.0,7.0,9.0,15.0,32.0,-17.0,0.0754716981132075,-0.320754716981132,0.2830188679245283,0.6037735849056604,15.0,-1.0,1.0,19.0,0.0,0.0,1.0,0.0,0.0,1.0,0.0,0.0,0.0,0.0,,,43546.03846153846,0,0.0,0.0,1.0,,,,-1.0,13,1,0.0,-1.0,0.0,1.0,1.0,1.0,1.0,1.0,32,64,171,2.7,0.9130434782608696,large,1,1.0,1.0,1.0,1,32,64,171,2.7,0.9130434782608696,large,1611.2164253959309,1141.56,37,28.0,11.0,15.0,87.0,60.0,27.0,0.7567567567567568,0.7297297297297297,2.3513513513513513,1.6216216216216215,12.0,0.0,0.8,34.0,1.0,0.0294117647058823,20.0,0.0,0.0,1.0,1.0,0.0,1.0,0.0,1.0,-1.0,52259.666666666664,0,0.0,1.0,5.0,,,,-4.0,9,1,1.0,-3.0,1.0,0.0,0.0,3.0,3.0,0.0,32,64,171,2.7,0.9130434782608696,large,0,0.0,3.0,3.0,0,32,64,171,2.7,0.9130434782608696,large,1592.4779680340764,1374.24,-0.6812850586435493,-44.0,0.1999999999999999,-2.068332483426823,-1.0178480367159612,,3.0,18.738457361854444,AwayWin,87,59,72,53,14,5,28
2014,2014-06-14,WC-2014,2014 FIFA World Cup,Colombia v Greece,Group stage,Colombia,Greece,COL,GRC,3.0,0.0,3-0,home team win,1.0,0.0,no,no,no,0-0,Estádio Mineirão,S-008,Estádio Mineirão,Belo Horizonte,Brazil,0.0,57174.0,13:00,Mark Geiger,,677,32,64,171,2.7,0.9130434782608696,large,12,20.0,9.0,9.0,64.0,37.0,27.0,1.6666666666666667,2.25,5.333333333333333,3.0833333333333335,6.0,-1.0,0.4,24.0,1.0,0.0416666666666666,14.0,0.0,0.0,1.0,2.0,0.0,1.0,0.0,0.5,-0.5,43842.916666666664,0,1.0,5.0,1.0,,,,4.0,4,0,1.0,3.0,,,,,,,32,64,171,2.7,0.9130434782608696,large,0,0.0,0.0,0.0,0,32,64,171,2.7,0.9130434782608696,large,1460.8723997233528,1449.77,6,4.0,1.0,8.0,16.0,22.0,-6.0,0.6666666666666666,-1.0,2.6666666666666665,3.6666666666666665,3.0,0.0,0.2,12.0,2.0,0.1666666666666666,1.0,0.0,0.0,1.0,3.0,0.0,2.0,0.0,0.6666666666666666,-0.6666666666666666,45435.666666666664,0,1.0,3.0,0.0,,,,3.0,2,0,1.0,3.0,,,,,,,32,64,171,2.7,0.9130434782608696,large,0,0.0,0.0,0.0,0,32,64,171,2.7,0.9130434782608696,large,1464.564266512628,856.07,1.0,33.0,0.2,2.6666666666666665,-0.583333333333333,,1.0,-3.691866789275082,HomeWin,9,2,9,2,1,0,7
2014,2014-06-14,WC-2014,2014 FIFA World Cup,England v Italy,Group stage,England,Italy,ENG,ITA,1.0,2.0,1-2,away team win,0.0,1.0,no,no,no,0-0,Arena da Amazônia,S-014,Arena da Amazônia,Manaus,Brazil,0.0,39800.0,18:00,Björn Kuipers,,678,32,64,171,2.7,0.9130434782608696,large,53,1.0,0.0,6.0,2.0,18.0,-16.0,0.0188679245283018,-0.3018867924528302,0.0377358490566037,0.3396226415094339,6.0,-1.0,0.2,7.0,2.0,0.2857142857142857,0.0,0.0,,2.0,3.0,0.0,2.0,0.0,0.6666666666666666,-0.6666666666666666,45795.47169811321,0,0.0,0.0,3.0,,,,-3.0,13,1,0.0,-3.0,0.0,1.0,1.0,1.0,1.0,0.0,32,64,171,2.7,0.9130434782608696,large,1,1.0,1.0,1.0,0,32,64,171,2.7,0.9130434782608696,large,1579.8463898254206,1031.53,70,23.0,17.0,14.0,66.0,46.0,20.0,0.3285714285714285,0.2857142857142857,0.9428571428571428,0.6571428571428571,6.0,-2.0,0.2,37.0,2.0,0.054054054054054,17.0,0.0,0.0,3.0,3.0,0.0,2.0,0.0,0.6666666666666666,-0.6666666666666666,48828.25,0,0.0,1.0,2.0,,,,-1.0,17,1,0.0,-2.0,0.0,1.0,4.0,6.0,7.0,0.0,32,64,171,2.7,0.9130434782608696,large,1,4.0,6.0,7.0,0,32,64,171,2.7,0.9130434782608696,large,1622.8639137729938,1102.85,-0.3097035040431267,-36.0,0.0,-0.9051212938005392,-0.3175202156334232,,-2.0,-43.01752394757318,AwayWin,63,113,55,98,5,8,-50
2014,2014-06-14,WC-2014,2014 FIFA World Cup,Ivory Coast v Japan,Group stage,Ivory Coast,Japan,CIV,JPN,2.0,1.0,2-1,home team win,1.0,0.0,no,no,no,0-0,Arena Pernambuco,S-018,Arena Pernambuco,Recife,Brazil,0.0,,22:00,,,679,32,64,171,2.7,0.9130434782608696,large,5,40.0,17.0,14.0,111.0,66.0,45.0,8.0,9.0,22.2,13.2,4.0,-5.0,0.2,45.0,2.0,0.0444444444444444,26.0,0.0,0.0,3.0,4.0,0.0,2.0,0.0,0.5,-0.5,,0,1.0,2.0,1.0,,,,1.0,2,0,2.0,2.0,,,,,,,32,64,171,2.7,0.9130434782608696,large,0,0.0,0.0,0.0,0,32,64,171,2.7,0.9130434782608696,large,1491.6564084408822,833.28,13,2.0,1.0,3.0,8.0,8.0,0.0,0.1538461538461538,0.0,0.6153846153846154,0.6153846153846154,7.0,-4.0,0.4,6.0,2.0,0.3333333333333333,0.0,0.0,,3.0,5.0,0.0,2.0,0.0,0.4,-0.4,44900.25,0,1.0,2.0,1.0,,,,1.0,4,0,1.0,1.0,,,,,,,32,64,171,2.7,0.9130434782608696,large,0,0.0,0.0,0.0,0,32,64,171,2.7,0.9130434782608696,large,1479.6434706385974,563.27,7.846153846153846,45.0,-0.2,21.584615384615383,12.584615384615384,,0.0,12.012937802284796,HomeWin,6,10,6,10,0,0,-4
2014,2014-06-14,WC-2014,2014 FIFA World Cup,Uruguay v Costa Rica,Group stage,Uruguay,Costa Rica,URY,CRI,1.0,3.0,1-3,away team win,0.0,1.0,no,no,no,0-0,Estádio Castelão,S-013,Estádio Castelão,Fortaleza,Brazil,0.0,58679.0,16:00,Felix Brych,,680,32,64,171,2.7,0.9130434782608696,large,42,3.0,3.0,8.0,11.0,18.0,-7.0,0.0714285714285714,-0.1666666666666666,0.2619047619047619,0.4285714285714285,7.0,,0.4,12.0,0.0,0.0,2.0,0.0,0.0,0.0,0.0,0.0,0.0,,,,41512.166666666664,0,0.0,1.0,2.0,,,,-1.0,11,0,0.0,-1.0,,1.0,2.0,2.0,2.0,0.0,32,64,171,2.7,0.9130434782608696,large,1,2.0,2.0,2.0,0,32,64,171,2.7,0.9130434782608696,large,1501.692012130436,1135.08,10,17.0,10.0,16.0,75.0,62.0,13.0,1.7,1.3,7.5,6.2,1.0,0.0,0.0,27.0,0.0,0.0,16.0,0.0,0.0,0.0,1.0,0.0,0.0,,0.0,,45405.5,0,0.0,1.0,3.0,,,,-2.0,3,0,0.0,-2.0,,,,,,,32,64,171,2.7,0.9130434782608696,large,0,0.0,0.0,0.0,0,32,64,171,2.7,0.9130434782608696,large,1479.6352688691504,997.28,-1.6285714285714286,-20.0,0.4,-7.238095238095238,-5.771428571428571,,1.0,22.056743261285646,AwayWin,73,12,59,11,3,0,61
2014,2014-06-15,WC-2014,2014 FIFA World Cup,Argentina v Bosnia and Herzegovina,Group stage,Argentina,Bosnia and Herzegovina,ARG,BIH,2.0,1.0,2-1,home team win,1.0,0.0,no,no,no,0-0,Estádio do Maracanã,S-020,Estádio do Maracanã,Rio de Janeiro,Brazil,0.0,74738.0,19:00,Joel Aguilar,,681,32,64,171,2.7,0.9130434782608696,large,63,4.0,1.0,6.0,15.0,22.0,-7.0,0.0634920634920634,-0.1111111111111111,0.238095238095238,0.3492063492063492,12.0,-2.0,0.8,10.0,0.0,0.0,1.0,0.0,0.0,1.0,1.0,0.0,0.0,0.0,0.0,0.0,50089.03333333333,0,1.0,3.0,1.0,,,,2.0,15,0,1.0,2.0,,1.0,2.0,4.0,4.0,0.0,32,64,171,2.7,0.9130434782608696,large,1,2.0,4.0,4.0,0,32,64,171,2.7,0.9130434782608696,large,1607.9242100968304,1538.29,0,36.0,10.0,18.0,114.0,74.0,40.0,,,,,,-1.0,,48.0,1.0,0.0208333333333333,16.0,0.0,0.0,2.0,1.0,1.0,0.0,0.5,0.0,0.5,,0,1.0,2.0,1.0,,,,1.0,0,0,1.0,1.0,,,,,,,32,64,171,2.7,0.9130434782608696,large,0,0.0,0.0,0.0,0,32,64,171,2.7,0.9130434782608696,large,1500.0,816.68,,-47.0,,,,,1.0,107.9242100968304,HomeWin,110,0,85,0,8,0,110
2014,2014-06-15,WC-2014,2014 FIFA World Cup,France v Honduras,Group stage,France,Honduras,FRA,HND,3.0,0.0,3-0,home team win,1.0,0.0,no,no,no,0-0,Estádio Beira-Rio,S-016,Estádio Beira-Rio,Porto Alegre,Brazil,0.0,43012.0,16:00,Sandro Ricci,,682,32,64,171,2.7,0.9130434782608696,large,46,0.0,0.0,1.0,1.0,2.0,-1.0,0.0,-0.0217391304347826,0.0217391304347826,0.0434782608695652,8.0,,0.4,1.0,0.0,0.0,0.0,0.0,,0.0,0.0,0.0,0.0,,,,41643.63043478261,0,0.0,1.0,2.0,,,,-1.0,13,0,0.0,-1.0,,1.0,1.0,2.0,4.0,0.0,32,64,171,2.7,0.9130434782608696,large,1,1.0,2.0,4.0,0,32,64,171,2.7,0.9130434782608696,large,1572.148968539541,1159.55,6,23.0,9.0,15.0,81.0,53.0,28.0,3.8333333333333335,4.666666666666667,13.5,8.833333333333334,2.0,-2.0,0.0,34.0,0.0,0.0,13.0,0.0,0.0,0.0,1.0,0.0,0.0,,0.0,,34109.0,0,1.0,3.0,0.0,,,,3.0,2,0,1.0,3.0,,,,,,,32,64,171,2.7,0.9130434782608696,large,0,0.0,0.0,0.0,0,32,64,171,2.7,0.9130434782608696,large,1473.0766453410592,460.78,-3.8333333333333335,-29.0,0.4,-13.478260869565217,-8.78985507246377,,-4.0,99.07232319848184,HomeWin,77,2,67,2,6,0,75
2014,2014-06-15,WC-2014,2014 FIFA World Cup,Switzerland v Ecuador,Group stage,Switzerland,Ecuador,CHE,ECU,2.0,1.0,2-1,home team win,1.0,0.0,no,no,no,0-0,Estádio Nacional,S-009,Estádio Nacional,Brasília,Brazil,0.0,68351.0,13:00,Ravshan Irmatov,,683,32,64,171,2.7,0.9130434782608696,large,25,0.0,3.0,4.0,2.0,9.0,-7.0,0.0,-0.28,0.08,0.36,8.0,-3.0,0.4,7.0,0.0,0.0,0.0,0.0,,0.0,2.0,0.0,0.0,,0.0,,40954.24,0,0.0,0.0,3.0,,,,-3.0,9,0,0.0,-3.0,,,,,,,32,64,171,2.7,0.9130434782608696,large,0,0.0,0.0,0.0,0,32,64,171,2.7,0.9130434782608696,large,1497.6240995756796,1090.63,6,10.0,6.0,10.0,34.0,37.0,-3.0,1.6666666666666667,-0.5,5.666666666666667,6.166666666666667,9.0,-5.0,0.6,16.0,0.0,0.0,10.0,0.0,0.0,1.0,2.0,0.0,0.0,0.0,0.0,0.0,49425.5,0,1.0,2.0,1.0,,,,1.0,2,0,1.0,1.0,,,,,,,32,64,171,2.7,0.9130434782608696,large,0,0.0,0.0,0.0,0,32,64,171,2.7,0.9130434782608696,large,1507.3869860529055,852.2,-1.6666666666666667,-4.0,-0.1999999999999999,-5.586666666666667,-5.806666666666667,,-4.0,-9.762886477225948,HomeWin,43,7,30,7,0,0,36
2014,2014-06-16,WC-2014,2014 FIFA World Cup,Germany v Portugal,Group stage,Germany,Portugal,DEU,PRT,4.0,0.0,4-0,home team win,1.0,0.0,no,no,no,0-0,Arena Fonte Nova,S-021,Arena Fonte Nova,Salvador,Brazil,0.0,51081.0,13:00,Milorad Mažić,,684,32,64,171,2.7,0.9130434782608696,large,35,3.0,0.0,4.0,8.0,7.0,1.0,0.0857142857142857,0.0285714285714285,0.2285714285714285,0.2,12.0,-4.0,0.8,6.0,1.0,0.1666666666666666,1.0,0.0,0.0,1.0,3.0,0.0,1.0,0.0,0.3333333333333333,-0.3333333333333333,46744.51515151515,0,0.0,1.0,2.0,,,,-1.0,7,1,0.0,-1.0,0.0,0.0,0.0,1.0,4.0,0.0,32,64,171,2.7,0.9130434782608696,large,0,0.0,1.0,4.0,0,32,64,171,2.7,0.9130434782608696,large,1608.1209907303105,1725.29,22,23.0,5.0,8.0,75.0,40.0,35.0,1.0454545454545454,1.5909090909090908,3.409090909090909,1.818181818181818,5.0,-4.0,0.2,15.0,1.0,0.0666666666666666,21.0,0.0,0.0,2.0,3.0,0.0,1.0,0.0,0.3333333333333333,-0.3333333333333333,48271.11111111111,0,1.0,4.0,0.0,,,,4.0,5,1,2.0,6.0,2.0,0.0,0.0,0.0,1.0,0.0,32,64,171,2.7,0.9130434782608696,large,0,0.0,0.0,1.0,0,32,64,171,2.7,0.9130434782608696,large,1547.0313374625232,1160.22,-0.9597402597402596,-34.0,0.6000000000000001,-3.1805194805194805,-1.6181818181818182,,-5.0,61.08965326778707,HomeWin,74,37,61,29,1,5,37
2014,2014-06-16,WC-2014,2014 FIFA World Cup,Ghana v United States,Group stage,Ghana,United States,GHA,USA,1.0,2.0,1-2,away team win,0.0,1.0,no,no,no,0-0,Arena das Dunas,S-015,Arena das Dunas,Natal,Brazil,0.0,39760.0,19:00,Jonas Eriksson,,685,32,64,171,2.7,0.9130434782608696,large,9,12.0,3.0,8.0,39.0,25.0,14.0,1.3333333333333333,1.5555555555555556,4.333333333333333,2.7777777777777777,8.0,,0.4,15.0,0.0,0.0,8.0,0.0,0.0,0.0,0.0,0.0,0.0,,,,52225.444444444445,0,0.0,0.0,4.0,,,,-4.0,2,2,0.0,-6.0,0.0,,,,,,32,64,171,2.7,0.9130434782608696,large,0,0.0,0.0,0.0,0,32,64,171,2.7,0.9130434782608696,large,1516.7580453693524,714.35,28,4.0,2.0,4.0,10.0,12.0,-2.0,0.1428571428571428,-0.0714285714285714,0.3571428571428571,0.4285714285714285,5.0,-3.0,0.2,7.0,0.0,0.0,3.0,0.0,0.0,0.0,1.0,0.0,0.0,,0.0,,42565.96153846154,0,0.0,1.0,2.0,,,,-1.0,9,2,2.0,1.0,1.0,0.0,0.0,0.0,1.0,0.0,32,64,171,2.7,0.9130434782608696,large,0,0.0,0.0,1.0,0,32,64,171,2.7,0.9130434782608696,large,1443.2328324765251,835.79,1.1904761904761905,16.0,0.2,3.976190476190476,2.3492063492063493,,-3.0,73.52521289282708,AwayWin,9,32,9,30,3,2,-23
2014,2014-06-16,WC-2014,2014 FIFA World Cup,Iran v Nigeria,Group stage,Iran,Nigeria,IRN,NGA,0.0,0.0,0-0,draw,0.0,0.0,yes,no,no,0-0,Arena da Baixada,S-011,Arena da Baixada,Curitiba,Brazil,0.0,,16:00,,,686,32,64,171,2.7,0.9130434782608696,large,9,8.0,5.0,16.0,34.0,56.0,-22.0,0.8888888888888888,-2.4444444444444446,3.7777777777777777,6.222222222222222,4.0,-3.0,0.2,21.0,0.0,0.0,8.0,0.0,0.0,1.0,1.0,0.0,0.0,0.0,0.0,0.0,,0,1.0,2.0,1.0,,,,1.0,3,0,1.0,-1.0,,,,,,,32,64,171,2.7,0.9130434782608696,large,0,0.0,0.0,0.0,0,32,64,171,2.7,0.9130434782608696,large,1455.8984325524978,579.64,14,1.0,3.0,6.0,6.0,18.0,-12.0,0.0714285714285714,-0.8571428571428571,0.4285714285714285,1.2857142857142858,2.0,-3.0,0.0,10.0,0.0,0.0,0.0,0.0,,2.0,1.0,0.0,0.0,0.0,0.0,0.0,47615.28571428572,0,0.0,0.0,0.0,,,,0.0,4,0,0.0,0.0,,,,,,,32,64,171,2.7,0.9130434782608696,large,0,0.0,0.0,0.0,0,32,64,171,2.7,0.9130434782608696,large,1468.159391047948,655.91,0.8174603174603174,-10.0,0.2,3.3492063492063493,4.936507936507937,,1.0,-12.260958495450268,Draw,6,17,6,17,0,1,-11
2014,2014-06-17,WC-2014,2014 FIFA World Cup,Belgium v Algeria,Group stage,Belgium,Algeria,BEL,DZA,2.0,1.0,2-1,home team win,1.0,0.0,no,no,no,0-0,Estádio Mineirão,S-008,Estádio Mineirão,Belo Horizonte,Brazil,0.0,56800.0,13:00,Marcos Rodriguez,,687,32,64,171,2.7,0.9130434782608696,large,34,4.0,3.0,8.0,17.0,21.0,-4.0,0.1176470588235294,-0.1176470588235294,0.5,0.6176470588235294,6.0,-3.0,0.2,13.0,0.0,0.0,2.0,0.0,0.0,2.0,2.0,0.0,0.0,0.0,0.0,0.0,46982.382352941175,0,0.0,0.0,0.0,,,,0.0,11,0,0.0,0.0,,0.0,0.0,0.0,0.0,0.0,32,64,171,2.7,0.9130434782608696,large,0,0.0,0.0,0.0,0,32,64,171,2.7,0.9130434782608696,large,1486.0151130119991,1417.27,8,11.0,9.0,15.0,45.0,58.0,-13.0,1.375,-1.625,5.625,7.25,1.0,-2.0,0.0,27.0,1.0,0.037037037037037,8.0,0.0,0.0,3.0,2.0,1.0,0.0,0.3333333333333333,0.0,0.3333333333333333,32779.0,0,1.0,2.0,1.0,,,,1.0,3,0,1.0,1.0,,,,,,,32,64,171,2.7,0.9130434782608696,large,0,0.0,0.0,0.0,0,32,64,171,2.7,0.9130434782608696,large,1467.2524899653995,947.76,-1.2573529411764706,9.0,0.2,-5.125,-6.632352941176471,,-1.0,18.76262304659963,HomeWin,38,4,34,3,2,0,34
2014,2014-06-17,WC-2014,2014 FIFA World Cup,Brazil v Mexico,Group stage,Brazil,Mexico,BRA,MEX,0.0,0.0,0-0,draw,0.0,0.0,yes,no,no,0-0,Estádio Castelão,S-013,Estádio Castelão,Fortaleza,Brazil,1.0,60342.0,16:00,Cüneyt Çakιr,,688,32,64,171,2.7,0.9130434782608696,large,92,1.0,2.0,6.0,5.0,13.0,-8.0,0.0108695652173913,-0.0869565217391304,0.0543478260869565,0.1413043478260869,10.0,0.0,0.6,9.0,1.0,0.1111111111111111,0.0,0.0,,4.0,2.0,1.0,0.0,0.25,0.0,0.25,53983.48837209302,1,0.0,1.0,2.0,0.0,1.0,2.0,-1.0,19,3,0.0,-1.0,0.0,1.0,5.0,7.0,9.0,0.0,32,64,171,2.7,0.9130434782608696,large,1,5.0,7.0,9.0,0,32,64,171,2.7,0.9130434782608696,large,1725.5484579521185,1316.15,44,64.0,15.0,14.0,199.0,81.0,118.0,1.4545454545454546,2.6818181818181817,4.5227272727272725,1.8409090909090908,7.0,0.0,0.4,54.0,1.0,0.0185185185185185,39.0,0.0,0.0,5.0,2.0,1.0,0.0,0.2,0.0,0.2,45721.53488372093,1,1.0,3.0,1.0,1.0,3.0,1.0,2.0,14,3,3.0,11.0,1.0,,,,,,32,64,171,2.7,0.9130434782608696,large,0,0.0,0.0,0.0,0,32,64,171,2.7,0.9130434782608696,large,1470.7425021422512,913.15,-1.4436758893280632,-126.0,0.1999999999999999,-4.468379446640316,-1.699604743083004,-1.0,-3.0,254.80595580986733,Draw,204,49,165,44,10,9,155
2014,2014-06-17,WC-2014,2014 FIFA World Cup,Russia v South Korea,Group stage,Russia,South Korea,RUS,KOR,1.0,1.0,1-1,draw,0.0,0.0,yes,no,no,0-0,Arena Pantanal,S-010,Arena Pantanal,Cuiabá,Brazil,0.0,37603.0,18:00,Néstor Pitana,,689,32,64,171,2.7,0.9130434782608696,large,34,11.0,12.0,22.0,49.0,78.0,-29.0,0.3235294117647059,-0.8529411764705882,1.4411764705882353,2.2941176470588234,6.0,,0.4,36.0,0.0,0.0,9.0,0.0,0.0,0.0,0.0,0.0,0.0,,,,44119.93939393939,0,1.0,1.0,0.0,,,,1.0,9,0,0.0,-11.0,,,,,,,32,64,171,2.7,0.9130434782608696,large,0,0.0,0.0,0.0,0,32,64,171,2.7,0.9130434782608696,large,1524.9233314418766,788.8,25,17.0,6.0,12.0,64.0,42.0,22.0,0.68,0.88,2.56,1.68,4.0,-9.0,0.2,30.0,0.0,0.0,5.0,0.0,0.0,0.0,1.0,0.0,0.0,,0.0,,45006.260869565216,0,0.0,1.0,1.0,,,,0.0,8,0,0.0,0.0,,,,,,,32,64,171,2.7,0.9130434782608696,large,0,0.0,0.0,0.0,0,32,64,171,2.7,0.9130434782608696,large,1442.408741058199,480.71,-0.3564705882352941,-51.0,0.2,-1.1188235294117648,0.6141176470588234,,1.0,82.51459038367761,Draw,11,27,7,27,3,0,-16
2014,2014-06-18,WC-2014,2014 FIFA World Cup,Australia v Netherlands,Group stage,Australia,Netherlands,AUS,NLD,2.0,3.0,2-3,away team win,0.0,1.0,no,no,no,0-0,Estádio Beira-Rio,S-016,Estádio Beira-Rio,Porto Alegre,Brazil,0.0,42877.0,13:00,Djamel Haïmoudi,,690,32,64,171,2.7,0.9130434782608696,large,10,4.0,8.0,14.0,28.0,61.0,-33.0,0.4,-3.3,2.8,6.1,4.0,-16.0,0.2,23.0,0.0,0.0,3.0,0.0,0.0,0.0,2.0,0.0,0.0,,0.0,,44775.88888888889,1,0.0,1.0,1.0,0.0,1.0,1.0,0.0,3,0,0.0,0.0,,,,,,,32,64,171,2.7,0.9130434782608696,large,0,0.0,0.0,0.0,0,32,64,171,2.7,0.9130434782608696,large,1484.9991529884471,324.32,38,2.0,3.0,6.0,11.0,20.0,-9.0,0.0526315789473684,-0.2368421052631578,0.2894736842105263,0.5263157894736842,12.0,-18.0,0.8,10.0,0.0,0.0,1.0,0.0,0.0,0.0,3.0,0.0,0.0,,0.0,,52139.470588235294,1,0.0,3.0,6.0,0.0,3.0,6.0,-3.0,9,0,0.0,-1.0,,0.0,0.0,3.0,3.0,0.0,32,64,171,2.7,0.9130434782608696,large,0,0.0,3.0,3.0,0,32,64,171,2.7,0.9130434782608696,large,1603.0167818525524,1374.24,0.3473684210526316,-24.0,-0.6000000000000001,2.5105263157894733,5.573684210526316,0.0,3.0,-118.01762886410506,AwayWin,9,64,8,56,1,5,-55
2014,2014-06-18,WC-2014,2014 FIFA World Cup,Cameroon v Croatia,Group stage,Cameroon,Croatia,CMR,HRV,0.0,4.0,0-4,away team win,0.0,1.0,no,no,no,0-0,Arena da Amazônia,S-014,Arena da Amazônia,Manaus,Brazil,0.0,39982.0,18:00,Pedro Proença,,691,32,64,171,2.7,0.9130434782608696,large,20,21.0,9.0,9.0,67.0,39.0,28.0,1.05,1.4,3.35,1.95,0.0,-18.0,0.0,25.0,0.0,0.0,14.0,0.0,0.0,1.0,3.0,0.0,0.0,0.0,0.0,0.0,45845.2,1,2.0,8.0,3.0,2.0,8.0,3.0,5.0,6,0,1.0,1.0,,,,,,,32,64,171,2.7,0.9130434782608696,large,0,0.0,0.0,0.0,0,32,64,171,2.7,0.9130434782608696,large,1462.3879466288736,665.16,14,4.0,7.0,10.0,15.0,36.0,-21.0,0.2857142857142857,-1.5,1.0714285714285714,2.5714285714285716,2.0,-19.0,0.0,20.0,0.0,0.0,1.0,0.0,0.0,2.0,3.0,0.0,0.0,0.0,0.0,0.0,47584.0,1,0.0,0.0,5.0,0.0,0.0,5.0,-5.0,3,0,0.0,-4.0,,0.0,0.0,0.0,1.0,0.0,32,64,171,2.7,0.9130434782608696,large,0,0.0,0.0,1.0,0,32,64,171,2.7,0.9130434782608696,large,1512.454369502906,946.45,0.7642857142857143,49.0,0.0,2.2785714285714285,-0.6214285714285717,2.0,10.0,-50.06642287403247,AwayWin,15,16,13,16,1,1,-1
2014,2014-06-18,WC-2014,2014 FIFA World Cup,Spain v Chile,Group stage,Spain,Chile,ESP,CHL,0.0,2.0,0-2,away team win,0.0,1.0,no,no,no,0-0,Estádio do Maracanã,S-020,Estádio do Maracanã,Rio de Janeiro,Brazil,0.0,74101.0,16:00,Mark Geiger,,692,32,64,171,2.7,0.9130434782608696,large,54,7.0,2.0,6.0,20.0,14.0,6.0,0.1296296296296296,0.1111111111111111,0.3703703703703703,0.2592592592592592,12.0,-12.0,0.8,11.0,0.0,0.0,4.0,0.0,0.0,2.0,4.0,0.0,0.0,0.0,0.0,0.0,43633.339622641506,1,1.0,5.0,3.0,1.0,5.0,3.0,2.0,13,2,1.0,4.0,0.5,1.0,1.0,1.0,1.0,1.0,32,64,171,2.7,0.9130434782608696,large,1,1.0,1.0,1.0,1,32,64,171,2.7,0.9130434782608696,large,1600.6776115774549,1141.56,25,28.0,11.0,16.0,87.0,62.0,25.0,1.12,1.0,3.48,2.48,9.0,-7.0,0.6,35.0,0.0,0.0,20.0,0.0,0.0,3.0,4.0,0.0,0.0,0.0,0.0,0.0,32705.041666666668,1,0.0,1.0,7.0,0.0,1.0,7.0,-6.0,8,2,2.0,1.0,1.0,0.0,0.0,0.0,1.0,0.0,32,64,171,2.7,0.9130434782608696,large,0,0.0,0.0,1.0,0,32,64,171,2.7,0.9130434782608696,large,1514.5820917414155,1021.76,-0.9903703703703703,-19.0,0.2,-3.1096296296296297,-2.220740740740741,1.0,8.0,86.09551983603933,AwayWin,88,30,73,26,15,1,58
2014,2014-06-19,WC-2014,2014 FIFA World Cup,Colombia v Ivory Coast,Group stage,Colombia,Ivory Coast,COL,CIV,2.0,1.0,2-1,home team win,1.0,0.0,no,no,no,0-0,Estádio Nacional,S-009,Estádio Nacional,Brasília,Brazil,0.0,,13:00,,,693,32,64,171,2.7,0.9130434782608696,large,13,11.0,5.0,10.0,35.0,34.0,1.0,0.8461538461538461,0.0769230769230769,2.6923076923076925,2.6153846153846154,9.0,-6.0,0.6,19.0,0.0,0.0,7.0,0.0,0.0,4.0,4.0,0.0,0.0,0.0,0.0,0.0,44868.38461538462,1,2.0,5.0,1.0,2.0,5.0,1.0,4.0,4,0,1.0,-1.0,,,,,,,32,64,171,2.7,0.9130434782608696,large,0,0.0,0.0,0.0,0,32,64,171,2.7,0.9130434782608696,large,1470.9786561920707,1449.77,6,5.0,1.0,8.0,18.0,23.0,-5.0,0.8333333333333334,-0.8333333333333334,3.0,3.8333333333333335,7.0,-6.0,0.4,13.0,0.0,0.0,1.0,0.0,0.0,4.0,5.0,0.0,0.0,0.0,0.0,0.0,,1,2.0,5.0,1.0,2.0,5.0,1.0,4.0,2,0,1.0,1.0,,,,,,,32,64,171,2.7,0.9130434782608696,large,0,0.0,0.0,0.0,0,32,64,171,2.7,0.9130434782608696,large,1501.3107860166986,833.28,0.0128205128205127,6.0,0.1999999999999999,-0.3076923076923075,-1.217948717948718,0.0,0.0,-30.332129824627827,HomeWin,12,8,12,8,1,0,4
2014,2014-06-19,WC-2014,2014 FIFA World Cup,Japan v Greece,Group stage,Japan,Greece,JPN,GRC,0.0,0.0,0-0,draw,0.0,0.0,yes,no,no,0-0,Arena das Dunas,S-015,Arena das Dunas,Natal,Brazil,0.0,39485.0,19:00,Joel Aguilar,,694,32,64,171,2.7,0.9130434782608696,large,14,2.0,1.0,4.0,9.0,10.0,-1.0,0.1428571428571428,-0.0714285714285714,0.6428571428571429,0.7142857142857143,7.0,-5.0,0.4,7.0,0.0,0.0,0.0,0.0,,5.0,5.0,0.0,0.0,0.0,0.0,0.0,44900.25,1,1.0,3.0,3.0,1.0,3.0,3.0,0.0,4,0,0.0,-1.0,,,,,,,32,64,171,2.7,0.9130434782608696,large,0,0.0,0.0,0.0,0,32,64,171,2.7,0.9130434782608696,large,1469.989093062781,563.27,7,3.0,4.0,8.0,11.0,18.0,-7.0,0.4285714285714285,-1.0,1.5714285714285714,2.5714285714285716,3.0,-4.0,0.2,13.0,0.0,0.0,2.0,0.0,0.0,5.0,6.0,0.0,0.0,0.0,0.0,0.0,47112.57142857143,1,0.0,1.0,2.0,0.0,1.0,2.0,-1.0,2,0,0.0,0.0,,,,,,,32,64,171,2.7,0.9130434782608696,large,0,0.0,0.0,0.0,0,32,64,171,2.7,0.9130434782608696,large,1454.45801004391,856.07,-0.2857142857142857,6.0,0.2,-0.9285714285714284,-1.8571428571428572,1.0,1.0,15.53108301887096,Draw,11,2,11,2,0,0,9
2014,2014-06-19,WC-2014,2014 FIFA World Cup,Uruguay v England,Group stage,Uruguay,England,URY,ENG,2.0,1.0,2-1,home team win,1.0,0.0,no,no,no,0-0,Arena Corinthians,S-022,Arena Corinthians,São Paulo,Brazil,0.0,62575.0,16:00,Carlos Velasco,,695,32,64,171,2.7,0.9130434782608696,large,43,1.0,1.0,6.0,2.0,18.0,-16.0,0.0232558139534883,-0.3720930232558139,0.0465116279069767,0.4186046511627907,4.0,-4.0,0.2,8.0,0.0,0.0,0.0,0.0,,6.0,6.0,0.0,0.0,0.0,0.0,0.0,41911.395348837206,1,0.0,0.0,3.0,0.0,0.0,3.0,-3.0,11,2,0.0,0.0,0.0,1.0,2.0,2.0,2.0,0.0,32,64,171,2.7,0.9130434782608696,large,1,2.0,2.0,2.0,0,32,64,171,2.7,0.9130434782608696,large,1491.058019519303,1135.08,54,18.0,10.0,16.0,77.0,63.0,14.0,0.3333333333333333,0.2592592592592592,1.4259259259259258,1.1666666666666667,5.0,-8.0,0.2,28.0,0.0,0.0,16.0,0.0,0.0,6.0,7.0,0.0,0.0,0.0,0.0,0.0,45684.444444444445,1,1.0,3.0,4.0,1.0,3.0,4.0,-1.0,13,2,2.0,3.0,1.0,1.0,1.0,1.0,1.0,0.0,32,64,171,2.7,0.9130434782608696,large,1,1.0,1.0,1.0,0,32,64,171,2.7,0.9130434782608696,large,1571.0782453339336,1031.53,-0.3100775193798449,-30.0,0.0,-1.379414298018949,-0.748062015503876,-1.0,-2.0,-80.02022581463098,HomeWin,74,64,60,56,4,5,10
2014,2014-06-20,WC-2014,2014 FIFA World Cup,Honduras v Ecuador,Group stage,Honduras,Ecuador,HND,ECU,1.0,2.0,1-2,away team win,0.0,1.0,no,no,no,0-0,Arena da Baixada,S-011,Arena da Baixada,Curitiba,Brazil,0.0,39224.0,19:00,Benjamin Williams,,696,32,64,171,2.7,0.9130434782608696,large,7,23.0,17.0,15.0,67.0,48.0,19.0,3.2857142857142856,2.7142857142857144,9.571428571428571,6.857142857142857,1.0,-8.0,0.0,38.0,0.0,0.0,17.0,0.0,0.0,6.0,8.0,0.0,0.0,0.0,0.0,0.0,35380.857142857145,1,0.0,2.0,4.0,0.0,2.0,4.0,-2.0,2,0,0.0,-3.0,,,,,,,32,64,171,2.7,0.9130434782608696,large,0,0.0,0.0,0.0,0,32,64,171,2.7,0.9130434782608696,large,1465.853321571142,460.78,7,0.0,3.0,5.0,3.0,11.0,-8.0,0.0,-1.1428571428571428,0.4285714285714285,1.5714285714285714,9.0,-6.0,0.6,8.0,1.0,0.125,0.0,0.0,,7.0,8.0,1.0,0.0,0.1428571428571428,0.0,0.1428571428571428,52129.142857142855,1,0.0,1.0,5.0,0.0,1.0,5.0,-4.0,2,0,0.0,-1.0,,,,,,,32,64,171,2.7,0.9130434782608696,large,0,0.0,0.0,0.0,0,32,64,171,2.7,0.9130434782608696,large,1497.106061527637,852.2,3.2857142857142856,27.0,-0.6,9.142857142857142,5.285714285714286,0.0,2.0,-31.252739956494903,AwayWin,2,8,2,8,0,0,-6
2014,2014-06-20,WC-2014,2014 FIFA World Cup,Italy v Costa Rica,Group stage,Italy,Costa Rica,ITA,CRI,0.0,1.0,0-1,away team win,0.0,1.0,no,no,no,0-0,Arena Pernambuco,S-018,Arena Pernambuco,Recife,Brazil,0.0,40285.0,13:00,Enrique Osses,,697,32,64,171,2.7,0.9130434782608696,large,71,4.0,0.0,4.0,10.0,8.0,2.0,0.056338028169014,0.028169014084507,0.1408450704225352,0.1126760563380281,6.0,-5.0,0.2,7.0,1.0,0.1428571428571428,1.0,0.0,0.0,8.0,8.0,1.0,0.0,0.125,0.0,0.125,48697.40579710145,1,1.0,3.0,3.0,1.0,3.0,3.0,0.0,17,0,1.0,1.0,,1.0,4.0,6.0,7.0,0.0,32,64,171,2.7,0.9130434782608696,large,1,4.0,6.0,7.0,0,32,64,171,2.7,0.9130434782608696,large,1631.6320582644807,1102.85,11,40.0,17.0,15.0,111.0,67.0,44.0,3.636363636363636,4.0,10.090909090909092,6.090909090909091,3.0,-2.0,0.2,46.0,1.0,0.0217391304347826,26.0,1.0,0.0384615384615384,9.0,8.0,2.0,0.0,0.2222222222222222,0.0,0.2222222222222222,46880.333333333336,1,1.0,2.0,2.0,1.0,2.0,2.0,0.0,3,0,0.0,-1.0,,,,,,,32,64,171,2.7,0.9130434782608696,large,0,0.0,0.0,0.0,0,32,64,171,2.7,0.9130434782608696,large,1490.2692614802838,997.28,-3.5800256081946222,-42.0,0.0,-9.950064020486556,-5.978233034571063,0.0,0.0,141.36279678419692,AwayWin,115,15,100,14,8,0,100
2014,2014-06-20,WC-2014,2014 FIFA World Cup,Switzerland v France,Group stage,Switzerland,France,CHE,FRA,2.0,5.0,2-5,away team win,0.0,1.0,no,no,no,0-0,Arena Fonte Nova,S-021,Arena Fonte Nova,Salvador,Brazil,0.0,51003.0,16:00,Björn Kuipers,,698,32,64,171,2.7,0.9130434782608696,large,26,5.0,1.0,6.0,16.0,22.0,-6.0,0.1923076923076923,-0.2307692307692307,0.6153846153846154,0.8461538461538461,8.0,2.0,0.4,11.0,1.0,0.0909090909090909,1.0,1.0,1.0,10.0,8.0,2.0,0.0,0.2,0.0,0.2,42007.96153846154,1,2.0,4.0,1.0,2.0,4.0,1.0,3.0,9,1,1.0,1.0,1.0,,,,,,32,64,171,2.7,0.9130434782608696,large,0,0.0,0.0,0.0,0,32,64,171,2.7,0.9130434782608696,large,1507.905024100948,1090.63,47,10.0,6.0,11.0,36.0,42.0,-6.0,0.2127659574468085,-0.1276595744680851,0.7659574468085106,0.8936170212765957,8.0,3.0,0.4,17.0,2.0,0.1176470588235294,10.0,1.0,0.1,11.0,8.0,3.0,0.0,0.2727272727272727,0.0,0.2727272727272727,41672.744680851065,1,1.0,4.0,6.0,1.0,4.0,6.0,-2.0,13,1,0.0,-3.0,0.0,1.0,1.0,2.0,4.0,0.0,32,64,171,2.7,0.9130434782608696,large,1,1.0,2.0,4.0,0,32,64,171,2.7,0.9130434782608696,large,1579.3722923094583,1159.55,-0.0204582651391161,0.0,0.0,-0.1505728314238952,-0.0474631751227495,1.0,5.0,-71.46726820851018,AwayWin,45,80,32,69,0,7,-35
2014,2014-06-21,WC-2014,2014 FIFA World Cup,Argentina v Iran,Group stage,Argentina,Iran,ARG,IRN,1.0,0.0,1-0,home team win,1.0,0.0,no,no,no,0-0,Estádio Mineirão,S-008,Estádio Mineirão,Belo Horizonte,Brazil,0.0,,13:00,,,699,32,64,171,2.7,0.9130434782608696,large,64,24.0,9.0,15.0,86.0,55.0,31.0,0.375,0.484375,1.34375,0.859375,12.0,1.0,0.8,35.0,2.0,0.0571428571428571,13.0,1.0,0.0769230769230769,11.0,9.0,3.0,0.0,0.2727272727272727,0.0,0.2727272727272727,50493.11475409836,1,2.0,8.0,2.0,2.0,8.0,2.0,6.0,15,0,1.0,3.0,,1.0,2.0,4.0,4.0,0.0,32,64,171,2.7,0.9130434782608696,large,1,2.0,4.0,4.0,0,32,64,171,2.7,0.9130434782608696,large,1614.9141011645156,1538.29,10,37.0,10.0,18.0,115.0,74.0,41.0,3.7,4.1,11.5,7.4,2.0,-1.0,0.0,49.0,2.0,0.0408163265306122,16.0,1.0,0.0625,11.0,10.0,3.0,0.0,0.2727272727272727,0.0,0.2727272727272727,,1,2.0,3.0,1.0,2.0,3.0,1.0,2.0,3,0,1.0,1.0,,,,,,,32,64,171,2.7,0.9130434782608696,large,0,0.0,0.0,0.0,0,32,64,171,2.7,0.9130434782608696,large,1456.2511848815263,579.64,-3.325,-10.0,0.8,-10.15625,-6.540625,0.0,4.0,158.66291628298927,HomeWin,112,6,87,6,8,0,106
2014,2014-06-21,WC-2014,2014 FIFA World Cup,Germany v Ghana,Group stage,Germany,Ghana,DEU,GHA,2.0,2.0,2-2,draw,0.0,0.0,yes,no,no,0-0,Estádio Castelão,S-013,Estádio Castelão,Fortaleza,Brazil,0.0,59621.0,16:00,Sandro Ricci,,700,32,64,171,2.7,0.9130434782608696,large,36,1.0,3.0,7.0,6.0,19.0,-13.0,0.0277777777777777,-0.3611111111111111,0.1666666666666666,0.5277777777777778,12.0,0.0,0.8,11.0,3.0,0.2727272727272727,0.0,1.0,,12.0,10.0,4.0,0.0,0.3333333333333333,0.0,0.3333333333333333,46872.05882352941,1,0.0,0.0,1.0,0.0,0.0,1.0,-1.0,7,1,0.0,-1.0,0.0,0.0,0.0,1.0,4.0,0.0,32,64,171,2.7,0.9130434782608696,large,0,0.0,1.0,4.0,0,32,64,171,2.7,0.9130434782608696,large,1616.38058788316,1725.29,10,23.0,6.0,8.0,77.0,42.0,35.0,2.3,3.5,7.7,4.2,5.0,-2.0,0.2,16.0,3.0,0.1875,21.0,1.0,0.0476190476190476,12.0,11.0,4.0,0.0,0.3333333333333333,0.0,0.3333333333333333,50978.9,1,1.0,6.0,2.0,1.0,6.0,2.0,4.0,2,1,1.0,1.0,1.0,,,,,,32,64,171,2.7,0.9130434782608696,large,0,0.0,0.0,0.0,0,32,64,171,2.7,0.9130434782608696,large,1504.6728548915444,714.35,-2.272222222222222,-48.0,0.6000000000000001,-7.533333333333333,-3.6722222222222225,-1.0,-5.0,111.70773299161556,Draw,78,10,63,10,2,3,68
2014,2014-06-21,WC-2014,2014 FIFA World Cup,Nigeria v Bosnia and Herzegovina,Group stage,Nigeria,Bosnia and Herzegovina,NGA,BIH,1.0,0.0,1-0,home team win,1.0,0.0,no,no,no,0-0,Arena Pantanal,S-010,Arena Pantanal,Cuiabá,Brazil,0.0,40499.0,18:00,Peter O'Leary,,701,32,64,171,2.7,0.9130434782608696,large,15,4.0,3.0,4.0,12.0,14.0,-2.0,0.2666666666666666,-0.1333333333333333,0.8,0.9333333333333332,3.0,-3.0,0.0,8.0,3.0,0.375,3.0,1.0,0.3333333333333333,12.0,12.0,4.0,0.0,0.3333333333333333,0.0,0.3333333333333333,47615.28571428572,1,0.0,3.0,4.0,0.0,3.0,4.0,-1.0,4,0,0.0,-1.0,,,,,,,32,64,171,2.7,0.9130434782608696,large,0,0.0,0.0,0.0,0,32,64,171,2.7,0.9130434782608696,large,1467.8066387189194,655.91,1,5.0,3.0,8.0,18.0,21.0,-3.0,5.0,-3.0,18.0,21.0,0.0,-4.0,0.0,14.0,3.0,0.2142857142857142,2.0,1.0,0.5,12.0,13.0,4.0,0.0,0.3333333333333333,0.0,0.3333333333333333,74738.0,1,1.0,1.0,0.0,1.0,1.0,0.0,1.0,0,0,1.0,1.0,,,,,,,32,64,171,2.7,0.9130434782608696,large,0,0.0,0.0,0.0,0,32,64,171,2.7,0.9130434782608696,large,1493.0101089323148,816.68,-4.733333333333333,1.0,0.0,-17.2,-20.066666666666663,-1.0,-2.0,-25.20347021339535,HomeWin,17,1,17,1,1,0,16
2014,2014-06-22,WC-2014,2014 FIFA World Cup,Belgium v Russia,Group stage,Belgium,Russia,BEL,RUS,1.0,0.0,1-0,home team win,1.0,0.0,no,no,no,0-0,Estádio do Maracanã,S-020,Estádio do Maracanã,Rio de Janeiro,Brazil,0.0,73819.0,13:00,Felix Brych,,702,32,64,171,2.7,0.9130434782608696,large,35,0.0,0.0,2.0,1.0,3.0,-2.0,0.0,-0.0571428571428571,0.0285714285714285,0.0857142857142857,8.0,-2.0,0.4,2.0,3.0,1.5,0.0,1.0,,12.0,14.0,4.0,0.0,0.3333333333333333,0.0,0.3333333333333333,47262.88571428571,1,0.0,1.0,3.0,0.0,1.0,3.0,-2.0,11,4,0.0,-1.0,0.0,0.0,0.0,0.0,0.0,0.0,32,64,171,2.7,0.9130434782608696,large,0,0.0,0.0,0.0,0,32,64,171,2.7,0.9130434782608696,large,1495.475605671112,1417.27,35,12.0,9.0,15.0,46.0,58.0,-12.0,0.3428571428571428,-0.3428571428571428,1.3142857142857145,1.6571428571428573,7.0,-6.0,0.4,28.0,3.0,0.1071428571428571,8.0,1.0,0.125,13.0,14.0,4.0,0.0,0.3076923076923077,0.0,0.3076923076923077,43928.26470588235,1,2.0,3.0,1.0,2.0,3.0,1.0,2.0,9,4,3.0,-1.0,0.75,,,,,,32,64,171,2.7,0.9130434782608696,large,0,0.0,0.0,0.0,0,32,64,171,2.7,0.9130434782608696,large,1522.5920383999792,788.8,-0.3428571428571428,10.0,0.0,-1.2857142857142858,-1.5714285714285716,-2.0,-4.0,-27.116432728867267,HomeWin,40,12,36,8,2,3,28
2014,2014-06-22,WC-2014,2014 FIFA World Cup,South Korea v Algeria,Group stage,South Korea,Algeria,KOR,DZA,2.0,4.0,2-4,away team win,0.0,1.0,no,no,no,0-0,Estádio Beira-Rio,S-016,Estádio Beira-Rio,Porto Alegre,Brazil,0.0,42732.0,16:00,Wilmar Roldán,,703,32,64,171,2.7,0.9130434782608696,large,26,17.0,6.0,13.0,64.0,43.0,21.0,0.6538461538461539,0.8076923076923077,2.4615384615384617,1.6538461538461535,5.0,-4.0,0.2,31.0,3.0,0.0967741935483871,5.0,1.0,0.2,14.0,14.0,4.0,0.0,0.2857142857142857,0.0,0.2857142857142857,44697.791666666664,1,0.0,1.0,2.0,0.0,1.0,2.0,-1.0,8,0,2.0,1.0,,,,,,,32,64,171,2.7,0.9130434782608696,large,0,0.0,0.0,0.0,0,32,64,171,2.7,0.9130434782608696,large,1444.7400341000964,480.71,9,4.0,8.0,15.0,30.0,65.0,-35.0,0.4444444444444444,-3.888888888888889,3.3333333333333335,7.222222222222222,1.0,-5.0,0.0,24.0,3.0,0.125,3.0,1.0,0.3333333333333333,14.0,15.0,4.0,0.0,0.2857142857142857,0.0,0.2857142857142857,35448.0,1,0.0,3.0,5.0,0.0,3.0,5.0,-2.0,3,0,0.0,-2.0,,,,,,,32,64,171,2.7,0.9130434782608696,large,0,0.0,0.0,0.0,0,32,64,171,2.7,0.9130434782608696,large,1457.7919973062872,947.76,0.2094017094017094,56.0,0.2,-0.8717948717948718,-5.568376068376068,0.0,1.0,-13.051963206190749,AwayWin,28,5,28,4,0,1,23
2014,2014-06-22,WC-2014,2014 FIFA World Cup,United States v Portugal,Group stage,United States,Portugal,USA,PRT,2.0,2.0,2-2,draw,0.0,0.0,yes,no,no,0-0,Arena da Amazônia,S-014,Arena da Amazônia,Manaus,Brazil,0.0,40123.0,18:00,Néstor Pitana,,704,32,64,171,2.7,0.9130434782608696,large,29,2.0,2.0,6.0,9.0,15.0,-6.0,0.0689655172413793,-0.2068965517241379,0.3103448275862069,0.5172413793103449,8.0,-5.0,0.4,10.0,3.0,0.3,0.0,1.0,,15.0,15.0,4.0,0.0,0.2666666666666666,0.0,0.2666666666666666,42462.03703703704,1,1.0,5.0,4.0,1.0,5.0,4.0,1.0,9,1,1.0,2.0,1.0,0.0,0.0,0.0,1.0,0.0,32,64,171,2.7,0.9130434782608696,large,0,0.0,0.0,1.0,0,32,64,171,2.7,0.9130434782608696,large,1455.3180229543334,835.79,23,8.0,6.0,16.0,36.0,58.0,-22.0,0.3478260869565217,-0.9565217391304348,1.565217391304348,2.5217391304347827,5.0,-3.0,0.2,22.0,4.0,0.1818181818181818,8.0,1.0,0.125,16.0,15.0,5.0,0.0,0.3125,0.0,0.3125,48419.0,1,1.0,4.0,3.0,1.0,4.0,3.0,1.0,5,1,1.0,1.0,1.0,0.0,0.0,0.0,1.0,0.0,32,64,171,2.7,0.9130434782608696,large,0,0.0,0.0,1.0,0,32,64,171,2.7,0.9130434782608696,large,1538.7717403096735,1160.22,-0.2788605697151424,16.0,0.2,-1.254872563718141,-2.004497751124438,0.0,0.0,-83.45371735534013,Draw,34,37,32,29,2,5,-3
2014,2014-06-23,WC-2014,2014 FIFA World Cup,Australia v Spain,Group stage,Australia,Spain,AUS,ESP,0.0,3.0,0-3,away team win,0.0,1.0,no,no,no,0-0,Arena da Baixada,S-011,Arena da Baixada,Curitiba,Brazil,0.0,39375.0,13:00,Nawaf Shukralla,,705,32,64,171,2.7,0.9130434782608696,large,11,12.0,4.0,8.0,41.0,27.0,14.0,1.0909090909090908,1.2727272727272727,3.727272727272727,2.4545454545454546,4.0,-1.0,0.2,16.0,4.0,0.25,8.0,1.0,0.125,16.0,16.0,5.0,0.0,0.3125,0.0,0.3125,44586.0,2,0.0,2.0,6.0,0.0,1.0,3.0,-4.0,3,0,0.0,-1.0,,,,,,,32,64,171,2.7,0.9130434782608696,large,0,0.0,0.0,0.0,0,32,64,171,2.7,0.9130434782608696,large,1478.2710880363388,324.32,55,2.0,3.0,7.0,11.0,23.0,-12.0,0.0363636363636363,-0.2181818181818181,0.2,0.4181818181818181,9.0,-1.0,0.6,11.0,4.0,0.3636363636363636,1.0,1.0,1.0,17.0,16.0,5.0,0.0,0.2941176470588235,0.0,0.2941176470588235,44197.555555555555,2,0.0,3.0,9.0,0.0,1.5,4.5,-6.0,13,0,0.0,-3.0,,1.0,1.0,1.0,1.0,1.0,32,64,171,2.7,0.9130434782608696,large,1,1.0,1.0,1.0,1,32,64,171,2.7,0.9130434782608696,large,1588.2490898053347,1141.56,1.0545454545454545,26.0,-0.3999999999999999,3.527272727272727,2.0363636363636366,0.0,2.0,-109.97800176899592,AwayWin,11,88,10,73,2,15,-77
2014,2014-06-23,WC-2014,2014 FIFA World Cup,Croatia v Mexico,Group stage,Croatia,Mexico,HRV,MEX,1.0,3.0,1-3,away team win,0.0,1.0,no,no,no,0-0,Arena Pernambuco,S-018,Arena Pernambuco,Recife,Brazil,0.0,41212.0,17:00,Ravshan Irmatov,,706,32,64,171,2.7,0.9130434782608696,large,15,29.0,11.0,16.0,90.0,62.0,28.0,1.9333333333333331,1.8666666666666667,6.0,4.133333333333334,5.0,1.0,0.2,36.0,5.0,0.1388888888888889,20.0,1.0,0.05,18.0,16.0,6.0,0.0,0.3333333333333333,0.0,0.3333333333333333,47077.2,2,1.0,4.0,7.0,0.5,2.0,3.5,-3.0,3,1,1.0,3.0,1.0,0.0,0.0,0.0,1.0,0.0,32,64,171,2.7,0.9130434782608696,large,0,0.0,0.0,1.0,0,32,64,171,2.7,0.9130434782608696,large,1521.0232344560943,946.45,45,7.0,2.0,7.0,21.0,17.0,4.0,0.1555555555555555,0.0888888888888888,0.4666666666666667,0.3777777777777777,7.0,,0.4,12.0,0.0,0.0,4.0,0.0,0.0,0.0,0.0,0.0,0.0,,,,46053.818181818184,2,1.0,6.0,6.0,0.5,3.0,3.0,0.0,14,1,0.0,-3.0,0.0,,,,,,32,64,171,2.7,0.9130434782608696,large,0,0.0,0.0,0.0,0,32,64,171,2.7,0.9130434782608696,large,1476.9938545228863,913.15,1.7777777777777777,24.0,-0.2,5.533333333333333,3.755555555555556,0.0,-3.0,44.02937993320802,AwayWin,20,49,19,44,1,9,-29
2014,2014-06-23,WC-2014,2014 FIFA World Cup,Netherlands v Chile,Group stage,Netherlands,Chile,NLD,CHL,2.0,0.0,2-0,home team win,1.0,0.0,no,no,no,0-0,Arena Corinthians,S-022,Arena Corinthians,São Paulo,Brazil,0.0,62996.0,13:00,Bakary Papa Gassama,,707,32,64,171,2.7,0.9130434782608696,large,39,12.0,12.0,22.0,52.0,79.0,-27.0,0.3076923076923077,-0.6923076923076923,1.3333333333333333,2.0256410256410255,12.0,2.0,0.8,37.0,0.0,0.0,9.0,1.0,0.1111111111111111,1.0,0.0,1.0,0.0,1.0,,,51874.828571428574,2,2.0,4.0,1.0,1.0,2.0,0.5,3.0,9,0,2.0,3.0,,0.0,0.0,3.0,3.0,0.0,32,64,171,2.7,0.9130434782608696,large,0,0.0,3.0,3.0,0,32,64,171,2.7,0.9130434782608696,large,1609.744846804661,1374.24,26,22.0,9.0,9.0,69.0,39.0,30.0,0.8461538461538461,1.1538461538461535,2.6538461538461537,1.5,9.0,2.0,0.6,26.0,0.0,0.0,14.0,1.0,0.0714285714285714,1.0,1.0,1.0,0.0,1.0,0.0,1.0,34360.88,2,3.0,10.0,3.0,1.5,5.0,1.5,7.0,8,0,1.0,2.0,,0.0,0.0,0.0,1.0,0.0,32,64,171,2.7,0.9130434782608696,large,0,0.0,0.0,1.0,0,32,64,171,2.7,0.9130434782608696,large,1527.0106135135356,1021.76,-0.5384615384615384,-57.0,0.2,-1.3205128205128205,0.5256410256410255,-0.5,-4.0,82.73423329112529,HomeWin,67,32,59,28,5,1,35
2014,2014-06-24,WC-2014,2014 FIFA World Cup,Costa Rica v England,Group stage,Costa Rica,England,CRI,ENG,0.0,0.0,0-0,draw,0.0,0.0,yes,no,no,0-0,Estádio Mineirão,S-008,Estádio Mineirão,Belo Horizonte,Brazil,0.0,57823.0,13:00,Djamel Haïmoudi,,708,32,64,171,2.7,0.9130434782608696,large,12,11.0,5.0,11.0,35.0,36.0,-1.0,0.9166666666666666,-0.0833333333333333,2.9166666666666665,3.0,6.0,1.0,0.4,20.0,0.0,0.0,7.0,1.0,0.1428571428571428,1.0,2.0,1.0,0.0,1.0,0.0,1.0,46220.8,2,2.0,5.0,3.0,1.0,2.5,1.5,2.0,3,0,0.0,-2.0,,,,,,,32,64,171,2.7,0.9130434782608696,large,0,0.0,0.0,0.0,0,32,64,171,2.7,0.9130434782608696,large,1504.127420689419,997.28,55,5.0,2.0,6.0,16.0,22.0,-6.0,0.0909090909090909,-0.109090909090909,0.2909090909090909,0.4,4.0,3.0,0.2,12.0,0.0,0.0,1.0,2.0,2.0,2.0,2.0,2.0,0.0,1.0,0.0,1.0,45991.545454545456,2,2.0,4.0,1.0,1.0,2.0,0.5,3.0,13,0,0.0,0.0,,1.0,1.0,1.0,1.0,0.0,32,64,171,2.7,0.9130434782608696,large,1,1.0,1.0,1.0,0,32,64,171,2.7,0.9130434782608696,large,1558.8149565981284,1031.53,0.8257575757575757,5.0,0.2,2.6257575757575755,2.6,0.0,-1.0,-54.68753590870938,Draw,16,65,15,57,0,5,-49
2014,2014-06-24,WC-2014,2014 FIFA World Cup,Greece v Ivory Coast,Group stage,Greece,Ivory Coast,GRC,CIV,2.0,1.0,2-1,home team win,1.0,0.0,no,no,no,0-0,Estádio Castelão,S-013,Estádio Castelão,Fortaleza,Brazil,0.0,,17:00,,,709,32,64,171,2.7,0.9130434782608696,large,8,23.0,18.0,15.0,67.0,48.0,19.0,2.875,2.375,8.375,6.0,4.0,5.0,0.2,39.0,0.0,0.0,17.0,3.0,0.1764705882352941,3.0,2.0,3.0,0.0,1.0,0.0,1.0,46159.125,2,0.0,2.0,4.0,0.0,1.0,2.0,-2.0,2,0,0.0,0.0,,,,,,,32,64,171,2.7,0.9130434782608696,large,0,0.0,0.0,0.0,0,32,64,171,2.7,0.9130434782608696,large,1454.9047330283047,856.07,7,2.0,1.0,6.0,4.0,19.0,-15.0,0.2857142857142857,-2.142857142857143,0.5714285714285714,2.7142857142857144,7.0,4.0,0.4,9.0,0.0,0.0,0.0,4.0,,4.0,2.0,4.0,0.0,1.0,0.0,1.0,,2,1.0,2.0,4.0,0.5,1.0,2.0,-2.0,2,0,1.0,1.0,,,,,,,32,64,171,2.7,0.9130434782608696,large,0,0.0,0.0,0.0,0,32,64,171,2.7,0.9130434782608696,large,1490.43996841619,833.28,2.5892857142857144,34.0,-0.2,7.803571428571429,3.2857142857142856,-0.5,0.0,-35.53523538788545,HomeWin,2,9,2,9,0,0,-7
2014,2014-06-24,WC-2014,2014 FIFA World Cup,Italy v Uruguay,Group stage,Italy,Uruguay,ITA,URY,0.0,1.0,0-1,away team win,0.0,1.0,no,no,no,0-0,Arena das Dunas,S-015,Arena das Dunas,Natal,Brazil,0.0,39706.0,13:00,Marco Antonio Rodríguez,,710,32,64,171,2.7,0.9130434782608696,large,72,2.0,1.0,5.0,10.0,12.0,-2.0,0.0277777777777777,-0.0277777777777777,0.1388888888888889,0.1666666666666666,5.0,4.0,0.2,8.0,0.0,0.0,0.0,4.0,,4.0,3.0,4.0,0.0,1.0,0.0,1.0,48577.22857142857,2,1.0,4.0,5.0,0.5,2.0,2.5,-1.0,17,2,0.0,-1.0,0.0,1.0,4.0,6.0,7.0,0.0,32,64,171,2.7,0.9130434782608696,large,1,4.0,6.0,7.0,0,32,64,171,2.7,0.9130434782608696,large,1617.7738990553455,1102.85,44,40.0,17.0,16.0,111.0,68.0,43.0,0.9090909090909092,0.9772727272727272,2.522727272727273,1.5454545454545454,4.0,0.0,0.2,47.0,0.0,0.0,26.0,4.0,0.1538461538461538,4.0,4.0,4.0,0.0,1.0,0.0,1.0,42381.02272727273,2,1.0,2.0,3.0,0.5,1.0,1.5,-1.0,11,2,1.0,1.0,0.5,1.0,2.0,2.0,2.0,0.0,32,64,171,2.7,0.9130434782608696,large,1,2.0,2.0,2.0,0,32,64,171,2.7,0.9130434782608696,large,1503.321308255108,1135.08,-0.8813131313131313,-45.0,0.0,-2.383838383838384,-1.378787878787879,0.0,0.0,114.45259080023766,AwayWin,115,76,100,61,8,4,39
2014,2014-06-24,WC-2014,2014 FIFA World Cup,Japan v Colombia,Group stage,Japan,Colombia,JPN,COL,1.0,4.0,1-4,away team win,0.0,1.0,no,no,no,0-0,Arena Pantanal,S-010,Arena Pantanal,Cuiabá,Brazil,0.0,40340.0,16:00,Pedro Proença,,711,32,64,171,2.7,0.9130434782608696,large,15,19.0,10.0,16.0,78.0,63.0,15.0,1.2666666666666666,1.0,5.2,4.2,5.0,-4.0,0.2,29.0,0.0,0.0,16.0,4.0,0.25,4.0,5.0,4.0,0.0,1.0,0.0,1.0,44483.692307692305,2,2.0,4.0,4.0,1.0,2.0,2.0,0.0,4,0,1.0,-1.0,,,,,,,32,64,171,2.7,0.9130434782608696,large,0,0.0,0.0,0.0,0,32,64,171,2.7,0.9130434782608696,large,1469.5423700783865,563.27,14,3.0,4.0,9.0,12.0,22.0,-10.0,0.2142857142857142,-0.7142857142857143,0.8571428571428571,1.5714285714285714,9.0,-7.0,0.6,14.0,0.0,0.0,2.0,4.0,2.0,4.0,6.0,4.0,0.0,1.0,0.0,1.0,44868.38461538462,2,0.0,2.0,6.0,0.0,1.0,3.0,-4.0,4,0,0.0,-3.0,,,,,,,32,64,171,2.7,0.9130434782608696,large,0,0.0,0.0,0.0,0,32,64,171,2.7,0.9130434782608696,large,1481.8494737925791,1449.77,1.0523809523809524,25.0,-0.3999999999999999,4.342857142857143,2.628571428571429,1.0,4.0,-12.307103714192865,AwayWin,11,14,11,14,0,1,-3
2014,2014-06-25,WC-2014,2014 FIFA World Cup,Bosnia and Herzegovina v Iran,Group stage,Bosnia and Herzegovina,Iran,BIH,IRN,3.0,1.0,3-1,home team win,1.0,0.0,no,no,no,0-0,Arena Fonte Nova,S-021,Arena Fonte Nova,Salvador,Brazil,0.0,,13:00,,,712,32,64,171,2.7,0.9130434782608696,large,2,6.0,1.0,8.0,22.0,24.0,-2.0,3.0,-1.0,11.0,12.0,0.0,-7.0,0.0,14.0,1.0,0.0714285714285714,1.0,4.0,4.0,5.0,6.0,5.0,0.0,1.0,0.0,1.0,57618.5,2,3.0,9.0,2.0,1.5,4.5,1.0,7.0,0,0,1.0,3.0,,,,,,,32,64,171,2.7,0.9130434782608696,large,0,0.0,0.0,0.0,0,32,64,171,2.7,0.9130434782608696,large,1482.2859645133046,816.68,11,1.0,0.0,2.0,4.0,4.0,0.0,0.0909090909090909,0.0,0.3636363636363636,0.3636363636363636,2.0,-8.0,0.0,3.0,1.0,0.3333333333333333,0.0,4.0,,5.0,7.0,5.0,0.0,1.0,0.0,1.0,,2,1.0,4.0,4.0,0.5,2.0,2.0,0.0,3,0,1.0,2.0,,,,,,,32,64,171,2.7,0.9130434782608696,large,0,0.0,0.0,0.0,0,32,64,171,2.7,0.9130434782608696,large,1450.524836164661,579.64,2.909090909090909,-2.0,0.0,10.636363636363637,11.636363636363637,1.0,7.0,31.761128348643297,HomeWin,1,6,1,6,0,0,-5
2014,2014-06-25,WC-2014,2014 FIFA World Cup,Ecuador v France,Group stage,Ecuador,France,ECU,FRA,0.0,0.0,0-0,draw,0.0,0.0,yes,no,no,0-0,Estádio do Maracanã,S-020,Estádio do Maracanã,Rio de Janeiro,Brazil,0.0,73749.0,17:00,Noumandiez Doué,,713,32,64,171,2.7,0.9130434782608696,large,8,1.0,3.0,8.0,7.0,22.0,-15.0,0.125,-1.875,0.875,2.75,9.0,-4.0,0.6,12.0,1.0,0.0833333333333333,0.0,4.0,,5.0,8.0,5.0,0.0,1.0,0.0,1.0,50516.0,2,0.0,1.0,4.0,0.0,0.5,2.0,-3.0,2,0,0.0,-2.0,,,,,,,32,64,171,2.7,0.9130434782608696,large,0,0.0,0.0,0.0,0,32,64,171,2.7,0.9130434782608696,large,1506.2089537004872,852.2,48,4.0,1.0,4.0,10.0,8.0,2.0,0.0833333333333333,0.0416666666666666,0.2083333333333333,0.1666666666666666,8.0,-1.0,0.4,8.0,2.0,0.25,1.0,4.0,4.0,6.0,8.0,6.0,0.0,1.0,0.0,1.0,41867.125,2,1.0,3.0,3.0,0.5,1.5,1.5,0.0,13,0,0.0,0.0,,1.0,1.0,2.0,4.0,0.0,32,64,171,2.7,0.9130434782608696,large,1,1.0,2.0,4.0,0,32,64,171,2.7,0.9130434782608696,large,1587.3438282042637,1159.55,0.0416666666666666,-17.0,0.1999999999999999,0.6666666666666666,2.5833333333333335,-0.5,-3.0,-81.13487450377647,Draw,10,85,9,74,0,7,-75
2014,2014-06-25,WC-2014,2014 FIFA World Cup,Honduras v Switzerland,Group stage,Honduras,Switzerland,HND,CHE,0.0,3.0,0-3,away team win,0.0,1.0,no,no,no,0-0,Arena da Amazônia,S-014,Arena da Amazônia,Manaus,Brazil,0.0,40322.0,16:00,Néstor Pitana,,714,32,64,171,2.7,0.9130434782608696,large,8,24.0,10.0,15.0,86.0,55.0,31.0,3.0,3.875,10.75,6.875,1.0,-1.0,0.0,36.0,2.0,0.0555555555555555,13.0,4.0,0.3076923076923077,6.0,9.0,6.0,0.0,1.0,0.0,1.0,35861.25,2,2.0,8.0,2.0,1.0,4.0,1.0,6.0,2,1,0.0,0.0,0.0,,,,,,32,64,171,2.7,0.9130434782608696,large,0,0.0,0.0,0.0,0,32,64,171,2.7,0.9130434782608696,large,1456.7504293982918,460.78,27,0.0,3.0,6.0,3.0,14.0,-11.0,0.0,-0.4074074074074074,0.1111111111111111,0.5185185185185185,7.0,-2.0,0.4,9.0,2.0,0.2222222222222222,0.0,4.0,,6.0,10.0,6.0,0.0,1.0,0.0,1.0,42341.11111111111,2,0.0,1.0,8.0,0.0,0.5,4.0,-7.0,9,1,0.0,-3.0,0.0,,,,,,32,64,171,2.7,0.9130434782608696,large,0,0.0,0.0,0.0,0,32,64,171,2.7,0.9130434782608696,large,1499.9334882061428,1090.63,3.0,42.0,-0.4,10.63888888888889,6.356481481481482,1.0,13.0,-43.18305880785101,AwayWin,3,47,3,34,0,0,-44
2014,2014-06-25,WC-2014,2014 FIFA World Cup,Nigeria v Argentina,Group stage,Nigeria,Argentina,NGA,ARG,2.0,3.0,2-3,away team win,0.0,1.0,no,no,no,0-0,Estádio Beira-Rio,S-016,Estádio Beira-Rio,Porto Alegre,Brazil,0.0,43285.0,13:00,Nicola Rizzoli,,715,32,64,171,2.7,0.9130434782608696,large,16,11.0,6.0,11.0,39.0,42.0,-3.0,0.6875,-0.1875,2.4375,2.625,5.0,0.0,0.2,18.0,3.0,0.1666666666666666,10.0,4.0,0.4,7.0,10.0,7.0,0.0,1.0,0.0,1.0,47140.86666666667,2,2.0,7.0,6.0,1.0,3.5,3.0,1.0,4,3,1.0,3.0,0.3333333333333333,,,,,,32,64,171,2.7,0.9130434782608696,large,0,0.0,0.0,0.0,0,32,64,171,2.7,0.9130434782608696,large,1478.5307831379296,655.91,65,5.0,3.0,9.0,20.0,24.0,-4.0,0.0769230769230769,-0.0615384615384615,0.3076923076923077,0.3692307692307692,12.0,1.0,0.8,15.0,3.0,0.2,2.0,4.0,2.0,8.0,10.0,7.0,0.0,0.875,0.0,0.875,50493.11475409836,2,1.0,3.0,3.0,0.5,1.5,1.5,0.0,15,3,0.0,-4.0,0.0,1.0,2.0,4.0,4.0,0.0,32,64,171,2.7,0.9130434782608696,large,1,2.0,4.0,4.0,0,32,64,171,2.7,0.9130434782608696,large,1620.6404498813806,1538.29,0.6105769230769231,1.0,-0.6000000000000001,2.1298076923076925,2.2557692307692307,0.5,1.0,-142.10966674345104,AwayWin,18,113,18,88,1,8,-95
2014,2014-06-26,WC-2014,2014 FIFA World Cup,Algeria v Russia,Group stage,Algeria,Russia,DZA,RUS,1.0,1.0,1-1,draw,0.0,0.0,yes,no,no,0-0,Arena da Baixada,S-011,Arena da Baixada,Curitiba,Brazil,0.0,39311.0,17:00,Cüneyt Çakιr,,716,32,64,171,2.7,0.9130434782608696,large,10,38.0,10.0,18.0,118.0,76.0,42.0,3.8,4.2,11.8,7.6,4.0,1.0,0.2,50.0,4.0,0.08,16.0,4.0,0.25,9.0,10.0,8.0,0.0,0.8888888888888888,0.0,0.8888888888888888,36176.4,2,3.0,6.0,3.0,1.5,3.0,1.5,3.0,3,0,4.0,4.0,,,,,,,32,64,171,2.7,0.9130434782608696,large,0,0.0,0.0,0.0,0,32,64,171,2.7,0.9130434782608696,large,1467.4165082267273,947.76,36,2.0,3.0,6.0,10.0,16.0,-6.0,0.0555555555555555,-0.1666666666666666,0.2777777777777778,0.4444444444444444,4.0,1.0,0.2,11.0,4.0,0.3636363636363636,0.0,4.0,,10.0,10.0,8.0,0.0,0.8,0.0,0.8,44782.28571428572,2,1.0,6.0,5.0,0.5,3.0,2.5,1.0,9,0,0.0,0.0,,,,,,,32,64,171,2.7,0.9130434782608696,large,0,0.0,0.0,0.0,0,32,64,171,2.7,0.9130434782608696,large,1511.813145599571,788.8,3.744444444444445,48.0,0.0,11.522222222222222,7.155555555555555,1.0,2.0,-44.39663737284377,Draw,9,12,8,8,1,3,-3
2014,2014-06-26,WC-2014,2014 FIFA World Cup,Portugal v Ghana,Group stage,Portugal,Ghana,PRT,GHA,2.0,1.0,2-1,home team win,1.0,0.0,no,no,no,0-0,Estádio Nacional,S-009,Estádio Nacional,Brasília,Brazil,0.0,67540.0,13:00,Nawaf Shukralla,,717,32,64,171,2.7,0.9130434782608696,large,24,17.0,7.0,13.0,65.0,44.0,21.0,0.7083333333333334,0.875,2.7083333333333335,1.8333333333333333,5.0,1.0,0.2,32.0,4.0,0.125,5.0,4.0,0.8,11.0,10.0,8.0,0.0,0.7272727272727273,0.0,0.7272727272727273,48004.2,2,0.0,2.0,3.0,0.0,1.0,1.5,-1.0,5,0,0.0,0.0,,0.0,0.0,0.0,1.0,0.0,32,64,171,2.7,0.9130434782608696,large,0,0.0,0.0,1.0,0,32,64,171,2.7,0.9130434782608696,large,1536.4149022544843,1160.22,11,13.0,4.0,8.0,43.0,28.0,15.0,1.181818181818182,1.3636363636363635,3.909090909090909,2.5454545454545454,5.0,-1.0,0.2,17.0,4.0,0.2352941176470588,8.0,4.0,0.5,12.0,10.0,8.0,0.0,0.6666666666666666,0.0,0.6666666666666666,51764.545454545456,2,1.0,4.0,7.0,0.5,2.0,3.5,-3.0,2,0,1.0,1.0,,,,,,,32,64,171,2.7,0.9130434782608696,large,0,0.0,0.0,0.0,0,32,64,171,2.7,0.9130434782608696,large,1507.7816678854174,714.35,-0.4734848484848485,6.0,0.0,-1.2007575757575757,-0.7121212121212122,-0.5,2.0,28.63323436906694,HomeWin,39,12,31,12,5,3,27
2014,2014-06-26,WC-2014,2014 FIFA World Cup,South Korea v Belgium,Group stage,South Korea,Belgium,KOR,BEL,0.0,1.0,0-1,away team win,0.0,1.0,no,no,no,0-0,Arena Corinthians,S-022,Arena Corinthians,São Paulo,Brazil,0.0,61397.0,17:00,Benjamin Williams,,718,32,64,171,2.7,0.9130434782608696,large,27,4.0,3.0,5.0,13.0,16.0,-3.0,0.1481481481481481,-0.1111111111111111,0.4814814814814814,0.5925925925925926,2.0,0.0,0.0,9.0,5.0,0.5555555555555556,3.0,4.0,1.3333333333333333,12.0,11.0,8.0,1.0,0.6666666666666666,0.0909090909090909,0.5757575757575757,44619.16,2,0.0,4.0,6.0,0.0,2.0,3.0,-2.0,8,2,0.0,-1.0,0.0,,,,,,32,64,171,2.7,0.9130434782608696,large,0,0.0,0.0,0.0,0,32,64,171,2.7,0.9130434782608696,large,1435.1155231796563,480.71,36,4.0,8.0,16.0,30.0,66.0,-36.0,0.1111111111111111,-1.0,0.8333333333333334,1.8333333333333333,10.0,2.0,0.6,25.0,6.0,0.24,3.0,4.0,1.3333333333333333,12.0,12.0,8.0,2.0,0.6666666666666666,0.1666666666666666,0.5,48000.555555555555,2,0.0,3.0,6.0,0.0,1.5,3.0,-3.0,11,2,0.0,-3.0,0.0,0.0,0.0,0.0,0.0,0.0,32,64,171,2.7,0.9130434782608696,large,0,0.0,0.0,0.0,0,32,64,171,2.7,0.9130434782608696,large,1506.25449847152,1417.27,0.037037037037037,33.0,-0.6,-0.3518518518518519,-1.2407407407407407,0.0,1.0,-71.13897529186374,AwayWin,30,41,30,37,0,2,-11
2014,2014-06-26,WC-2014,2014 FIFA World Cup,United States v Germany,Group stage,United States,Germany,USA,DEU,0.0,1.0,0-1,away team win,0.0,1.0,no,no,no,0-0,Arena Pernambuco,S-018,Arena Pernambuco,Recife,Brazil,0.0,41876.0,13:00,Ravshan Irmatov,,719,32,64,171,2.7,0.9130434782608696,large,30,13.0,9.0,15.0,47.0,58.0,-11.0,0.4333333333333333,-0.3666666666666666,1.5666666666666669,1.9333333333333331,8.0,7.0,0.4,29.0,6.0,0.2068965517241379,8.0,5.0,0.625,12.0,13.0,8.0,3.0,0.6666666666666666,0.2307692307692307,0.4358974358974358,42378.5,2,3.0,4.0,1.0,1.5,2.0,0.5,3.0,9,2,2.0,3.0,1.0,0.0,0.0,0.0,1.0,0.0,32,64,171,2.7,0.9130434782608696,large,0,0.0,0.0,1.0,0,32,64,171,2.7,0.9130434782608696,large,1457.6748610095226,835.79,37,8.0,6.0,17.0,36.0,59.0,-23.0,0.2162162162162162,-0.6216216216216216,0.972972972972973,1.5945945945945943,10.0,7.0,0.6,23.0,6.0,0.2608695652173913,8.0,5.0,0.625,13.0,13.0,8.0,3.0,0.6153846153846154,0.2307692307692307,0.3846153846153846,47236.31428571429,2,1.0,4.0,4.0,0.5,2.0,2.0,0.0,7,2,0.0,-4.0,0.0,0.0,0.0,1.0,4.0,0.0,32,64,171,2.7,0.9130434782608696,large,0,0.0,1.0,4.0,0,32,64,171,2.7,0.9130434782608696,large,1613.271774889287,1725.29,0.2171171171171171,12.0,-0.1999999999999999,0.5936936936936936,0.3387387387387388,1.0,3.0,-155.59691387976432,AwayWin,36,80,34,65,2,2,-44
2014,2014-06-28,WC-2014,2014 FIFA World Cup,Brazil v Chile,Round of 16,Brazil,Chile,BRA,CHL,1.0,1.0,1-1,home team win,1.0,0.0,no,yes,yes,3-2,Estádio Mineirão,S-008,Estádio Mineirão,Belo Horizonte,Brazil,1.0,57714.0,13:00,Howard Webb,Brazil won on penalty kicks following extra time,720,32,64,171,2.7,0.9130434782608696,large,93,24.0,6.0,8.0,78.0,42.0,36.0,0.2580645161290322,0.3870967741935484,0.8387096774193549,0.4516129032258064,8.0,8.0,0.4,17.0,6.0,0.3529411764705882,21.0,5.0,0.238095238095238,13.0,14.0,8.0,3.0,0.6153846153846154,0.2142857142857142,0.4010989010989011,54056.57471264368,2,2.0,7.0,2.0,1.0,3.5,1.0,5.0,19,2,3.0,4.0,1.5,1.0,5.0,7.0,9.0,0.0,32,64,171,2.7,0.9130434782608696,large,1,5.0,7.0,9.0,0,32,64,171,2.7,0.9130434782608696,large,1719.2971055714831,1316.15,27,64.0,16.0,14.0,200.0,82.0,118.0,2.3703703703703702,4.37037037037037,7.407407407407407,3.037037037037037,6.0,9.0,0.4,54.0,7.0,0.1296296296296296,40.0,5.0,0.125,13.0,15.0,8.0,4.0,0.6153846153846154,0.2666666666666666,0.3487179487179487,35462.230769230766,3,1.0,4.0,2.0,0.3333333333333333,1.3333333333333333,0.6666666666666666,2.0,8,2,2.0,6.0,1.0,0.0,0.0,0.0,1.0,0.0,32,64,171,2.7,0.9130434782608696,large,0,0.0,0.0,1.0,0,32,64,171,2.7,0.9130434782608696,large,1519.347883917828,1021.76,-2.112305854241338,-82.0,0.0,-6.5686977299880525,-2.5854241338112307,0.6666666666666667,3.0,199.94922165365503,Draw,204,32,165,28,10,1,172
2014,2014-06-28,WC-2014,2014 FIFA World Cup,Colombia v Uruguay,Round of 16,Colombia,Uruguay,COL,URY,2.0,0.0,2-0,home team win,1.0,0.0,no,no,no,0-0,Estádio do Maracanã,S-020,Estádio do Maracanã,Rio de Janeiro,Brazil,0.0,73804.0,17:00,Björn Kuipers,,721,32,64,171,2.7,0.9130434782608696,large,15,11.0,6.0,11.0,36.0,37.0,-1.0,0.7333333333333333,-0.0666666666666666,2.4,2.466666666666667,12.0,7.0,0.8,20.0,8.0,0.4,8.0,5.0,0.625,13.0,16.0,8.0,5.0,0.6153846153846154,0.3125,0.3028846153846154,44544.92857142857,3,2.0,6.0,4.0,0.6666666666666666,2.0,1.3333333333333333,2.0,4,1,0.0,-6.0,0.0,,,,,,32,64,171,2.7,0.9130434782608696,large,0,0.0,0.0,0.0,0,32,64,171,2.7,0.9130434782608696,large,1491.4953949563064,1449.77,45,7.0,1.0,8.0,24.0,24.0,0.0,0.1555555555555555,0.0,0.5333333333333333,0.5333333333333333,6.0,2.0,0.4,14.0,8.0,0.5714285714285714,2.0,5.0,2.5,14.0,16.0,8.0,5.0,0.5714285714285714,0.3125,0.2589285714285714,42321.57777777778,3,4.0,11.0,2.0,1.3333333333333333,3.6666666666666665,0.6666666666666666,9.0,11,1,1.0,1.0,1.0,1.0,2.0,2.0,2.0,0.0,32,64,171,2.7,0.9130434782608696,large,1,2.0,2.0,2.0,0,32,64,171,2.7,0.9130434782608696,large,1516.5013128230105,1135.08,0.5777777777777777,-1.0,0.4,1.8666666666666667,1.9333333333333336,-0.6666666666666666,-7.0,-25.005917866704067,HomeWin,18,77,17,62,2,4,-59
2014,2014-06-29,WC-2014,2014 FIFA World Cup,Costa Rica v Greece,Round of 16,Costa Rica,Greece,CRI,GRC,1.0,1.0,1-1,home team win,1.0,0.0,no,yes,yes,5-3,Arena Pernambuco,S-018,Arena Pernambuco,Recife,Brazil,0.0,41242.0,17:00,Benjamin Williams,Costa Rica won on penalty kicks following extra time,722,32,64,171,2.7,0.9130434782608696,large,13,19.0,10.0,17.0,78.0,65.0,13.0,1.4615384615384617,1.0,6.0,5.0,7.0,2.0,0.4,29.0,8.0,0.2758620689655172,17.0,5.0,0.2941176470588235,15.0,16.0,8.0,5.0,0.5333333333333333,0.3125,0.2208333333333333,47275.545454545456,3,2.0,4.0,6.0,0.6666666666666666,1.3333333333333333,2.0,-2.0,3,0,1.0,-1.0,,,,,,,32,64,171,2.7,0.9130434782608696,large,0,0.0,0.0,0.0,0,32,64,171,2.7,0.9130434782608696,large,1505.6885827214712,997.28,9,5.0,3.0,6.0,17.0,23.0,-6.0,0.5555555555555556,-0.6666666666666666,1.8888888888888888,2.5555555555555554,7.0,2.0,0.4,12.0,8.0,0.6666666666666666,2.0,5.0,2.5,15.0,17.0,8.0,5.0,0.5333333333333333,0.2941176470588235,0.2392156862745098,46159.125,3,2.0,5.0,2.0,0.6666666666666666,1.6666666666666667,0.6666666666666666,3.0,2,0,0.0,0.0,,,,,,,32,64,171,2.7,0.9130434782608696,large,0,0.0,0.0,0.0,0,32,64,171,2.7,0.9130434782608696,large,1465.923967751799,856.07,0.905982905982906,19.0,0.0,4.111111111111111,2.4444444444444446,0.0,-5.0,39.764614969672266,Draw,16,4,15,4,0,1,12
2014,2014-06-29,WC-2014,2014 FIFA World Cup,Netherlands v Mexico,Round of 16,Netherlands,Mexico,NLD,MEX,2.0,1.0,2-1,home team win,1.0,0.0,no,no,no,0-0,Estádio Castelão,S-013,Estádio Castelão,Fortaleza,Brazil,0.0,58817.0,13:00,Pedro Proença,,723,32,64,171,2.7,0.9130434782608696,large,40,2.0,2.0,6.0,5.0,20.0,-15.0,0.05,-0.375,0.125,0.5,12.0,2.0,0.8,9.0,9.0,1.0,1.0,5.0,5.0,15.0,18.0,8.0,6.0,0.5333333333333333,0.3333333333333333,0.2,52183.75,3,1.0,3.0,5.0,0.3333333333333333,1.0,1.6666666666666667,-2.0,9,1,0.0,0.0,0.0,0.0,0.0,3.0,3.0,0.0,32,64,171,2.7,0.9130434782608696,large,0,0.0,3.0,3.0,0,32,64,171,2.7,0.9130434782608696,large,1617.4075764003685,1374.24,46,23.0,9.0,9.0,71.0,40.0,31.0,0.5,0.6739130434782609,1.5434782608695652,0.8695652173913043,7.0,4.0,0.4,26.0,9.0,0.3461538461538461,15.0,6.0,0.4,16.0,18.0,9.0,6.0,0.5625,0.3333333333333333,0.2291666666666666,45946.22222222222,3,4.0,12.0,4.0,1.3333333333333333,4.0,1.3333333333333333,8.0,14,1,1.0,1.0,1.0,,,,,,32,64,171,2.7,0.9130434782608696,large,0,0.0,0.0,0.0,0,32,64,171,2.7,0.9130434782608696,large,1488.2543812799506,913.15,-0.45,-46.0,0.4,-1.4184782608695652,-0.3695652173913043,-1.0,-10.0,129.15319512041788,HomeWin,69,52,61,47,5,9,17
2014,2014-06-30,WC-2014,2014 FIFA World Cup,France v Nigeria,Round of 16,France,Nigeria,FRA,NGA,2.0,0.0,2-0,home team win,1.0,0.0,no,no,no,0-0,Estádio Nacional,S-009,Estádio Nacional,Brasília,Brazil,0.0,67882.0,13:00,Mark Geiger,,724,32,64,171,2.7,0.9130434782608696,large,49,12.0,12.0,23.0,53.0,81.0,-28.0,0.2448979591836734,-0.5714285714285714,1.0816326530612246,1.653061224489796,8.0,4.0,0.4,37.0,9.0,0.2432432432432432,10.0,6.0,0.6,16.0,19.0,9.0,6.0,0.5625,0.3157894736842105,0.2467105263157895,42517.77551020408,3,2.0,5.0,3.0,0.6666666666666666,1.6666666666666667,1.0,2.0,13,0,0.0,-1.0,,1.0,1.0,2.0,4.0,0.0,32,64,171,2.7,0.9130434782608696,large,1,1.0,2.0,4.0,0,32,64,171,2.7,0.9130434782608696,large,1585.0501228917988,1159.55,17,25.0,10.0,15.0,88.0,55.0,33.0,1.4705882352941178,1.9411764705882353,5.176470588235294,3.235294117647059,5.0,3.0,0.2,36.0,9.0,0.25,14.0,6.0,0.4285714285714285,17.0,19.0,9.0,6.0,0.5294117647058824,0.3157894736842105,0.2136222910216718,46899.875,3,3.0,10.0,2.0,1.0,3.3333333333333335,0.6666666666666666,8.0,4,0,1.0,2.0,,,,,,,32,64,171,2.7,0.9130434782608696,large,0,0.0,0.0,0.0,0,32,64,171,2.7,0.9130434782608696,large,1472.4072239419995,655.91,-1.2256902761104442,-61.0,0.2,-4.09483793517407,-1.582232893157263,-0.3333333333333333,-6.0,112.64289894979925,HomeWin,85,20,74,19,7,1,65
2014,2014-06-30,WC-2014,2014 FIFA World Cup,Germany v Algeria,Round of 16,Germany,Algeria,DEU,DZA,2.0,1.0,2-1,home team win,1.0,0.0,no,yes,no,0-0,Estádio Beira-Rio,S-016,Estádio Beira-Rio,Porto Alegre,Brazil,0.0,43063.0,17:00,Sandro Ricci,Required Extra Time,725,32,64,171,2.7,0.9130434782608696,large,38,5.0,3.0,10.0,20.0,26.0,-6.0,0.131578947368421,-0.1578947368421052,0.5263157894736842,0.6842105263157895,10.0,3.0,0.6,15.0,9.0,0.6,3.0,6.0,2.0,18.0,19.0,9.0,6.0,0.5,0.3157894736842105,0.1842105263157895,47087.416666666664,3,1.0,3.0,5.0,0.3333333333333333,1.0,1.6666666666666667,-2.0,7,0,0.0,-2.0,,0.0,0.0,1.0,4.0,0.0,32,64,171,2.7,0.9130434782608696,large,0,0.0,1.0,4.0,0,32,64,171,2.7,0.9130434782608696,large,1619.0705239660651,1725.29,11,25.0,6.0,8.0,80.0,43.0,37.0,2.272727272727273,3.363636363636364,7.272727272727272,3.909090909090909,5.0,6.0,0.2,17.0,10.0,0.5882352941176471,22.0,6.0,0.2727272727272727,19.0,19.0,10.0,6.0,0.5263157894736842,0.3157894736842105,0.2105263157894736,36461.36363636364,3,3.0,9.0,3.0,1.0,3.0,1.0,6.0,3,0,1.0,1.0,,,,,,,32,64,171,2.7,0.9130434782608696,large,0,0.0,0.0,0.0,0,32,64,171,2.7,0.9130434782608696,large,1468.6874361549417,947.76,-2.1411483253588517,-43.0,0.3999999999999999,-6.746411483253588,-3.22488038277512,-0.6666666666666667,-8.0,150.38308781112346,HomeWin,81,10,66,9,2,1,71
2014,2014-07-01,WC-2014,2014 FIFA World Cup,Argentina v Switzerland,Round of 16,Argentina,Switzerland,ARG,CHE,1.0,0.0,1-0,home team win,1.0,0.0,no,yes,no,0-0,Arena Corinthians,S-022,Arena Corinthians,São Paulo,Brazil,0.0,63255.0,13:00,Jonas Eriksson,Required Extra Time,726,32,64,171,2.7,0.9130434782608696,large,66,2.0,3.0,7.0,11.0,18.0,-7.0,0.0303030303030303,-0.106060606060606,0.1666666666666666,0.2727272727272727,12.0,5.0,0.8,11.0,11.0,1.0,1.0,6.0,6.0,20.0,19.0,11.0,6.0,0.55,0.3157894736842105,0.2342105263157895,50376.854838709674,3,1.0,7.0,7.0,0.3333333333333333,2.3333333333333335,2.3333333333333335,0.0,15,1,0.0,-1.0,0.0,1.0,2.0,4.0,4.0,0.0,32,64,171,2.7,0.9130434782608696,large,1,2.0,4.0,4.0,0,32,64,171,2.7,0.9130434782608696,large,1626.764009077311,1538.29,28,39.0,10.0,18.0,119.0,76.0,43.0,1.3928571428571428,1.5357142857142858,4.25,2.7142857142857144,7.0,8.0,0.4,50.0,12.0,0.24,17.0,6.0,0.3529411764705882,21.0,19.0,12.0,6.0,0.5714285714285714,0.3157894736842105,0.2556390977443609,42269.0,3,4.0,7.0,3.0,1.3333333333333333,2.3333333333333335,1.0,4.0,9,1,2.0,3.0,2.0,,,,,,32,64,171,2.7,0.9130434782608696,large,0,0.0,0.0,0.0,0,32,64,171,2.7,0.9130434782608696,large,1508.6969407964912,1090.63,-1.3625541125541123,-50.0,0.4,-4.083333333333333,-2.441558441558442,-1.0,-4.0,118.06706828081953,HomeWin,116,50,90,35,8,0,66
2014,2014-07-01,WC-2014,2014 FIFA World Cup,Belgium v United States,Round of 16,Belgium,United States,BEL,USA,2.0,1.0,2-1,home team win,1.0,0.0,no,yes,no,0-0,Arena Fonte Nova,S-021,Arena Fonte Nova,Salvador,Brazil,0.0,51227.0,17:00,Djamel Haïmoudi,Required Extra Time,727,32,64,171,2.7,0.9130434782608696,large,37,11.0,6.0,12.0,39.0,43.0,-4.0,0.2972972972972973,-0.1081081081081081,1.054054054054054,1.162162162162162,12.0,10.0,0.8,18.0,13.0,0.7222222222222222,11.0,6.0,0.5454545454545454,21.0,20.0,12.0,7.0,0.5714285714285714,0.35,0.2214285714285714,48362.62162162162,3,2.0,7.0,7.0,0.6666666666666666,2.3333333333333335,2.3333333333333335,0.0,11,1,0.0,-3.0,0.0,0.0,0.0,0.0,0.0,0.0,32,64,171,2.7,0.9130434782608696,large,0,0.0,0.0,0.0,0,32,64,171,2.7,0.9130434782608696,large,1514.235096334166,1417.27,31,14.0,9.0,15.0,49.0,59.0,-10.0,0.4516129032258064,-0.3225806451612903,1.5806451612903225,1.903225806451613,7.0,10.0,0.4,29.0,13.0,0.4482758620689655,9.0,6.0,0.6666666666666666,22.0,20.0,12.0,7.0,0.5454545454545454,0.35,0.1954545454545454,42361.1724137931,3,4.0,6.0,2.0,1.3333333333333333,2.0,0.6666666666666666,4.0,9,1,1.0,-2.0,1.0,0.0,0.0,0.0,1.0,0.0,32,64,171,2.7,0.9130434782608696,large,0,0.0,0.0,1.0,0,32,64,171,2.7,0.9130434782608696,large,1451.8761119327444,835.79,-0.1543156059285091,6.0,0.4,-0.5265911072362686,-0.7410636442894509,-0.6666666666666666,-4.0,62.358984401421594,HomeWin,42,36,38,34,2,2,6
2014,2014-07-04,WC-2014,2014 FIFA World Cup,Brazil v Colombia,Quarter-finals,Brazil,Colombia,BRA,COL,2.0,1.0,2-1,home team win,1.0,0.0,no,no,no,0-0,Estádio Castelão,S-013,Estádio Castelão,Fortaleza,Brazil,1.0,60342.0,17:00,Carlos Velasco,,728,32,64,171,2.7,0.9130434782608696,large,94,8.0,6.0,18.0,37.0,61.0,-24.0,0.0851063829787234,-0.2553191489361702,0.3936170212765957,0.648936170212766,8.0,9.0,0.4,23.0,14.0,0.6086956521739131,9.0,6.0,0.6666666666666666,23.0,20.0,13.0,7.0,0.5652173913043478,0.35,0.2152173913043478,54098.13636363636,3,1.0,5.0,6.0,0.3333333333333333,1.6666666666666667,2.0,-1.0,19,0,1.0,2.0,,1.0,5.0,7.0,9.0,0.0,32,64,171,2.7,0.9130434782608696,large,1,5.0,7.0,9.0,0,32,64,171,2.7,0.9130434782608696,large,1714.103234212245,1316.15,16,65.0,16.0,14.0,202.0,83.0,119.0,4.0625,7.4375,12.625,5.1875,12.0,9.0,0.8,54.0,15.0,0.2777777777777778,41.0,6.0,0.1463414634146341,24.0,20.0,14.0,7.0,0.5833333333333334,0.35,0.2333333333333334,46495.53333333333,4,2.0,6.0,3.0,0.5,1.5,0.75,3.0,4,0,1.0,1.0,,,,,,,32,64,171,2.7,0.9130434782608696,large,0,0.0,0.0,0.0,0,32,64,171,2.7,0.9130434782608696,large,1502.213882946026,1449.77,-3.977393617021277,-143.0,-0.4,-12.231382978723405,-4.538563829787234,-0.1666666666666666,-4.0,211.8893512662191,HomeWin,205,20,166,18,10,2,185
2014,2014-07-04,WC-2014,2014 FIFA World Cup,France v Germany,Quarter-finals,France,Germany,FRA,DEU,0.0,1.0,0-1,away team win,0.0,1.0,no,no,no,0-0,Estádio do Maracanã,S-020,Estádio do Maracanã,Rio de Janeiro,Brazil,0.0,74240.0,13:00,Néstor Pitana,,729,32,64,171,2.7,0.9130434782608696,large,50,7.0,1.0,9.0,25.0,26.0,-1.0,0.14,-0.02,0.5,0.52,10.0,8.0,0.6,14.0,16.0,1.1428571428571428,3.0,6.0,2.0,24.0,21.0,14.0,8.0,0.5833333333333334,0.3809523809523809,0.2023809523809524,43025.06,4,4.0,12.0,4.0,1.0,3.0,1.0,8.0,13,0,0.0,-1.0,,1.0,1.0,2.0,4.0,0.0,32,64,171,2.7,0.9130434782608696,large,1,1.0,2.0,4.0,0,32,64,171,2.7,0.9130434782608696,large,1591.9170154244305,1159.55,39,25.0,10.0,16.0,88.0,56.0,32.0,0.6410256410256411,0.8205128205128205,2.2564102564102564,1.435897435897436,13.0,5.0,0.8,36.0,16.0,0.4444444444444444,15.0,6.0,0.4,25.0,21.0,14.0,8.0,0.56,0.3809523809523809,0.1790476190476191,46978.64864864865,4,3.0,10.0,3.0,0.75,2.5,0.75,7.0,7,0,0.0,-1.0,,0.0,0.0,1.0,4.0,0.0,32,64,171,2.7,0.9130434782608696,large,0,0.0,1.0,4.0,0,32,64,171,2.7,0.9130434782608696,large,1624.993626279684,1725.29,-0.5010256410256411,-33.0,-0.2,-1.7564102564102564,-0.915897435897436,0.25,1.0,-33.07661085525342,AwayWin,87,83,76,68,7,2,4
2014,2014-07-05,WC-2014,2014 FIFA World Cup,Argentina v Belgium,Quarter-finals,Argentina,Belgium,ARG,BEL,1.0,0.0,1-0,home team win,1.0,0.0,no,no,no,0-0,Estádio Nacional,S-009,Estádio Nacional,Brasília,Brazil,0.0,68551.0,13:00,Nicola Rizzoli,,730,32,64,171,2.7,0.9130434782608696,large,67,26.0,6.0,8.0,81.0,43.0,38.0,0.3880597014925373,0.5671641791044776,1.208955223880597,0.6417910447761194,12.0,4.0,0.8,17.0,16.0,0.9411764705882352,23.0,6.0,0.2608695652173913,26.0,21.0,14.0,8.0,0.5384615384615384,0.3809523809523809,0.1575091575091575,50581.269841269845,4,4.0,10.0,3.0,1.0,2.5,0.75,7.0,15,2,1.0,1.0,0.5,1.0,2.0,4.0,4.0,0.0,32,64,171,2.7,0.9130434782608696,large,1,2.0,4.0,4.0,0,32,64,171,2.7,0.9130434782608696,large,1633.490803445834,1538.29,38,40.0,10.0,18.0,120.0,76.0,44.0,1.0526315789473684,1.1578947368421053,3.1578947368421053,2.0,12.0,2.0,0.8,50.0,17.0,0.34,18.0,6.0,0.3333333333333333,27.0,21.0,15.0,8.0,0.5555555555555556,0.3809523809523809,0.1746031746031746,48438.0,4,5.0,8.0,3.0,1.25,2.0,0.75,5.0,11,2,2.0,2.0,1.0,0.0,0.0,0.0,0.0,0.0,32,64,171,2.7,0.9130434782608696,large,0,0.0,0.0,0.0,0,32,64,171,2.7,0.9130434782608696,large,1522.4592884940575,1417.27,-0.664571877454831,-6.0,0.0,-1.9489395129615084,-1.3582089552238807,-0.25,2.0,111.03151495177644,HomeWin,117,44,91,40,8,2,73
2014,2014-07-05,WC-2014,2014 FIFA World Cup,Netherlands v Costa Rica,Quarter-finals,Netherlands,Costa Rica,NLD,CRI,0.0,0.0,0-0,home team win,1.0,0.0,no,yes,yes,4-3,Arena Fonte Nova,S-021,Arena Fonte Nova,Salvador,Brazil,0.0,51179.0,17:00,Ravshan Irmatov,Netherlands won on penalty kicks following extra time,731,32,64,171,2.7,0.9130434782608696,large,41,14.0,9.0,16.0,49.0,60.0,-11.0,0.3414634146341463,-0.2682926829268293,1.195121951219512,1.4634146341463414,12.0,1.0,0.8,29.0,18.0,0.6206896551724138,10.0,6.0,0.6,27.0,22.0,15.0,9.0,0.5555555555555556,0.4090909090909091,0.1464646464646464,52363.02702702703,4,4.0,6.0,3.0,1.0,1.5,0.75,3.0,9,0,1.0,-2.0,,0.0,0.0,3.0,3.0,0.0,32,64,171,2.7,0.9130434782608696,large,0,0.0,3.0,3.0,0,32,64,171,2.7,0.9130434782608696,large,1623.8525121548346,1374.24,14,23.0,10.0,9.0,71.0,40.0,31.0,1.6428571428571428,2.2142857142857144,5.071428571428571,2.857142857142857,8.0,1.0,0.4,26.0,18.0,0.6923076923076923,16.0,7.0,0.4375,28.0,22.0,16.0,9.0,0.5714285714285714,0.4090909090909091,0.1623376623376622,46772.75,4,4.0,12.0,4.0,1.0,3.0,1.0,8.0,3,0,0.0,0.0,,,,,,,32,64,171,2.7,0.9130434782608696,large,0,0.0,0.0,0.0,0,32,64,171,2.7,0.9130434782608696,large,1504.549036477903,997.28,-1.3013937282229964,-42.0,0.4,-3.876306620209059,-1.3937282229965158,0.0,-5.0,119.3034756769316,Draw,71,17,63,16,6,0,54
2014,2014-07-08,WC-2014,2014 FIFA World Cup,Brazil v Germany,Semi-finals,Brazil,Germany,BRA,DEU,1.0,7.0,1-7,away team win,0.0,1.0,no,no,no,0-0,Estádio Mineirão,S-008,Estádio Mineirão,Belo Horizonte,Brazil,1.0,58141.0,17:00,Marco Antonio Rodríguez,,732,32,64,171,2.7,0.9130434782608696,large,95,5.0,4.0,6.0,17.0,23.0,-6.0,0.0526315789473684,-0.0631578947368421,0.1789473684210526,0.2421052631578947,8.0,4.0,0.4,12.0,18.0,1.5,3.0,8.0,2.6666666666666665,28.0,23.0,16.0,10.0,0.5714285714285714,0.4347826086956521,0.1366459627329192,54168.29213483146,4,2.0,5.0,2.0,0.5,1.25,0.5,3.0,19,1,0.0,0.0,0.0,1.0,5.0,7.0,9.0,0.0,32,64,171,2.7,0.9130434782608696,large,1,5.0,7.0,9.0,0,32,64,171,2.7,0.9130434782608696,large,1718.6629024907709,1316.15,40,65.0,16.0,15.0,203.0,90.0,113.0,1.625,2.825,5.075,2.25,13.0,6.0,0.8,54.0,18.0,0.3333333333333333,42.0,9.0,0.2142857142857142,28.0,24.0,16.0,11.0,0.5714285714285714,0.4583333333333333,0.113095238095238,47696.05263157895,5,2.0,7.0,10.0,0.4,1.4,2.0,-3.0,7,1,1.0,-4.0,1.0,0.0,0.0,1.0,4.0,0.0,32,64,171,2.7,0.9130434782608696,large,0,0.0,1.0,4.0,0,32,64,171,2.7,0.9130434782608696,large,1634.0444707005042,1725.29,-1.5723684210526316,-119.0,-0.4,-4.896052631578947,-2.0078947368421054,0.0999999999999999,6.0,84.61843179026664,AwayWin,207,84,168,69,10,2,123
2014,2014-07-09,WC-2014,2014 FIFA World Cup,Netherlands v Argentina,Semi-finals,Netherlands,Argentina,NLD,ARG,0.0,0.0,0-0,away team win,0.0,1.0,no,yes,yes,2-4,Arena Corinthians,S-022,Arena Corinthians,São Paulo,Brazil,0.0,63267.0,17:00,Cüneyt Çakιr,Argentina won on penalty kicks following extra time,733,32,64,171,2.7,0.9130434782608696,large,42,27.0,6.0,8.0,88.0,44.0,44.0,0.6428571428571429,1.0476190476190477,2.0952380952380953,1.0476190476190477,13.0,5.0,0.8,17.0,18.0,1.0588235294117647,24.0,10.0,0.4166666666666667,28.0,25.0,16.0,12.0,0.5714285714285714,0.48,0.0914285714285714,52331.86842105263,5,5.0,17.0,4.0,1.0,3.4,0.8,13.0,9,4,1.0,4.0,0.25,0.0,0.0,3.0,3.0,0.0,32,64,171,2.7,0.9130434782608696,large,0,0.0,3.0,3.0,0,32,64,171,2.7,0.9130434782608696,large,1620.5475696706076,1374.24,68,23.0,11.0,9.0,71.0,40.0,31.0,0.3382352941176471,0.4558823529411764,1.0441176470588236,0.5882352941176471,15.0,0.0,1.0,26.0,18.0,0.6923076923076923,17.0,10.0,0.5882352941176471,29.0,25.0,16.0,12.0,0.5517241379310345,0.48,0.0717241379310344,50862.046875,5,4.0,12.0,4.0,0.8,2.4,0.8,8.0,15,4,2.0,3.0,0.5,1.0,2.0,4.0,4.0,0.0,32,64,171,2.7,0.9130434782608696,large,1,2.0,4.0,4.0,0,32,64,171,2.7,0.9130434782608696,large,1640.3995831386349,1538.29,0.3046218487394958,13.0,-0.1999999999999999,1.0511204481792715,0.4593837535014006,0.1999999999999999,5.0,-19.85201346802728,Draw,71,118,63,92,6,8,-47
2014,2014-07-12,WC-2014,2014 FIFA World Cup,Brazil v Netherlands,Third place,Brazil,Netherlands,BRA,NLD,0.0,3.0,0-3,away team win,0.0,1.0,no,no,no,0-0,Estádio Nacional,S-009,Estádio Nacional,Brasília,Brazil,1.0,68034.0,17:00,Djamel Haïmoudi,,734,32,64,171,2.7,0.9130434782608696,large,96,40.0,11.0,18.0,120.0,76.0,44.0,0.4166666666666667,0.4583333333333333,1.25,0.7916666666666666,8.0,-3.0,0.4,50.0,18.0,0.36,19.0,10.0,0.5263157894736842,30.0,25.0,16.0,12.0,0.5333333333333333,0.48,0.0533333333333333,54212.433333333334,5,5.0,8.0,3.0,1.0,1.6,0.6,5.0,19,4,1.0,-3.0,0.25,1.0,5.0,7.0,9.0,0.0,32,64,171,2.7,0.9130434782608696,large,1,5.0,7.0,9.0,0,32,64,171,2.7,0.9130434782608696,large,1706.2744284801,1316.15,43,65.0,16.0,16.0,203.0,93.0,110.0,1.5116279069767442,2.558139534883721,4.72093023255814,2.1627906976744184,11.0,-1.0,0.6,54.0,19.0,0.3518518518518518,43.0,10.0,0.2325581395348837,30.0,26.0,16.0,13.0,0.5333333333333333,0.5,0.0333333333333333,52612.256410256414,6,2.0,7.0,13.0,0.3333333333333333,1.1666666666666667,2.1666666666666665,-6.0,9,4,1.0,-5.0,0.25,0.0,0.0,3.0,3.0,0.0,32,64,171,2.7,0.9130434782608696,large,0,0.0,3.0,3.0,0,32,64,171,2.7,0.9130434782608696,large,1621.1183355331264,1374.24,-1.0949612403100777,-66.0,-0.1999999999999999,-3.47093023255814,-1.371124031007752,0.6666666666666667,11.0,85.15609294697379,AwayWin,208,71,169,63,10,6,137
2014,2014-07-13,WC-2014,2014 FIFA World Cup,Germany v Argentina,Final,Germany,Argentina,DEU,ARG,1.0,0.0,1-0,home team win,1.0,0.0,no,yes,no,0-0,Estádio do Maracanã,S-020,Estádio do Maracanã,Rio de Janeiro,Brazil,0.0,74738.0,16:00,Nicola Rizzoli,Required Extra Time,735,32,64,171,2.7,0.9130434782608696,large,41,24.0,11.0,9.0,74.0,40.0,34.0,0.5853658536585366,0.8292682926829268,1.804878048780488,0.975609756097561,13.0,-2.0,0.8,26.0,19.0,0.7307692307692307,18.0,10.0,0.5555555555555556,30.0,27.0,16.0,13.0,0.5333333333333333,0.4814814814814814,0.0518518518518518,47963.8717948718,6,5.0,15.0,4.0,0.8333333333333334,2.5,0.6666666666666666,11.0,7,2,3.0,5.0,1.5,0.0,0.0,1.0,4.0,0.0,32,64,171,2.7,0.9130434782608696,large,0,0.0,1.0,4.0,0,32,64,171,2.7,0.9130434782608696,large,1646.432944711175,1725.29,69,28.0,6.0,8.0,89.0,44.0,45.0,0.4057971014492754,0.6521739130434783,1.289855072463768,0.6376811594202898,13.0,-2.0,0.8,17.0,20.0,1.1764705882352942,25.0,10.0,0.4,30.0,28.0,16.0,14.0,0.5333333333333333,0.5,0.0333333333333333,51052.89230769231,6,6.0,18.0,4.0,1.0,3.0,0.6666666666666666,14.0,15,2,2.0,5.0,1.0,1.0,2.0,4.0,4.0,0.0,32,64,171,2.7,0.9130434782608696,large,1,2.0,4.0,4.0,0,32,64,171,2.7,0.9130434782608696,large,1639.828817276116,1538.29,0.1795687522092611,-11.0,0.0,0.5150229763167198,0.3379285966772711,-0.1666666666666666,-3.0,6.604127435058899,HomeWin,91,118,74,92,2,8,-27
2018,2018-06-14,WC-2018,2018 FIFA World Cup,Russia v Saudi Arabia,Group stage,Russia,Saudi Arabia,RUS,SAU,5.0,0.0,5-0,home team win,1.0,0.0,no,no,no,0-0,Luzhniki Stadium,S-117,Luzhniki Stadium,Moscow,Russia,1.0,78011.0,18:00,Néstor Pitana,,736,32,64,169,2.6,0.9565217391304348,large,37,40.0,11.0,19.0,120.0,77.0,43.0,1.0810810810810811,1.162162162162162,3.243243243243243,2.081081081081081,2.0,2.0,0.0,50.0,20.0,0.4,20.0,10.0,0.5,31.0,28.0,16.0,14.0,0.5161290322580645,0.5,0.0161290322580645,44630.305555555555,0,5.0,8.0,4.0,,,,4.0,10,0,0.0,-5.0,,,,,,,32,64,169,2.6,0.9565217391304348,large,0,0.0,0.0,0.0,0,32,64,169,2.6,0.9565217391304348,large,1510.5422176713566,456.53,13,18.0,7.0,13.0,70.0,44.0,26.0,1.3846153846153846,2.0,5.384615384615385,3.3846153846153846,1.0,11.0,0.0,33.0,21.0,0.6363636363636364,5.0,10.0,2.0,32.0,28.0,17.0,14.0,0.53125,0.5,0.03125,53989.15384615384,0,1.0,5.0,0.0,,,,5.0,4,0,1.0,5.0,,,,,,,32,64,169,2.6,0.9565217391304348,large,0,0.0,0.0,0.0,0,32,64,169,2.6,0.9565217391304348,large,1440.4540982785566,465.28,-0.3035343035343034,17.0,0.0,-2.1413721413721416,-1.3035343035343034,,-1.0,70.08811939280008,HomeWin,13,9,9,9,3,3,4
2018,2018-06-15,WC-2018,2018 FIFA World Cup,Egypt v Uruguay,Group stage,Egypt,Uruguay,EGY,URY,0.0,1.0,0-1,away team win,0.0,1.0,no,no,no,0-0,Central Stadium,S-126,Central Stadium,Yekaterinburg,Russia,0.0,27015.0,17:00,Björn Kuipers,,737,32,64,169,2.6,0.9565217391304348,large,4,2.0,2.0,10.0,9.0,37.0,-28.0,0.5,-7.0,2.25,9.25,2.0,8.0,0.0,13.0,21.0,1.6153846153846154,1.0,10.0,10.0,33.0,28.0,17.0,14.0,0.5151515151515151,0.5,0.0151515151515151,27633.75,0,0.0,0.0,5.0,,,,-5.0,2,0,0.0,-5.0,,,,,,,32,64,169,2.6,0.9565217391304348,large,0,0.0,0.0,0.0,0,32,64,169,2.6,0.9565217391304348,large,1482.736694558026,649.43,46,0.0,2.0,3.0,3.0,7.0,-4.0,0.0,-0.0869565217391304,0.0652173913043478,0.1521739130434782,6.0,7.0,0.4,4.0,21.0,5.25,1.0,10.0,10.0,33.0,29.0,17.0,14.0,0.5151515151515151,0.4827586206896552,0.0323928944618599,43005.97826086957,0,0.0,0.0,1.0,,,,-1.0,12,0,0.0,-1.0,,1.0,2.0,2.0,2.0,0.0,32,64,169,2.6,0.9565217391304348,large,1,2.0,2.0,2.0,0,32,64,169,2.6,0.9565217391304348,large,1505.782824833291,1018.41,0.5,-24.0,-0.4,2.1847826086956523,9.097826086956522,,-4.0,-23.04613027526489,AwayWin,3,77,2,62,1,4,-74
2018,2018-06-15,WC-2018,2018 FIFA World Cup,Morocco v Iran,Group stage,Morocco,Iran,MAR,IRN,0.0,1.0,0-1,away team win,0.0,1.0,no,no,no,0-0,Krestovsky Stadium,S-121,Krestovsky Stadium,Saint Petersburg,Russia,0.0,,18:00,,,738,32,64,169,2.6,0.9565217391304348,large,11,20.0,10.0,17.0,79.0,65.0,14.0,1.818181818181818,1.2727272727272727,7.181818181818182,5.909090909090909,4.0,,0.2,30.0,0.0,0.0,17.0,0.0,0.0,0.0,0.0,0.0,0.0,,,,36027.72727272727,0,1.0,1.0,0.0,,,,1.0,4,0,1.0,1.0,,,,,,,32,64,169,2.6,0.9565217391304348,large,0,0.0,0.0,0.0,0,32,64,169,2.6,0.9565217391304348,large,1479.648096688213,685.86,12,2.0,4.0,6.0,11.0,16.0,-5.0,0.1666666666666666,-0.4166666666666667,0.9166666666666666,1.3333333333333333,2.0,1.0,0.0,12.0,0.0,0.0,0.0,1.0,,1.0,0.0,1.0,0.0,1.0,,,,0,0.0,0.0,1.0,,,,-1.0,4,0,0.0,-1.0,,,,,,,32,64,169,2.6,0.9565217391304348,large,0,0.0,0.0,0.0,0,32,64,169,2.6,0.9565217391304348,large,1441.436456907029,708.35,1.6515151515151514,19.0,0.2,6.265151515151515,4.575757575757576,,2.0,38.211639781183976,AwayWin,11,7,9,7,0,0,4
2018,2018-06-15,WC-2018,2018 FIFA World Cup,Portugal v Spain,Group stage,Portugal,Spain,PRT,ESP,3.0,3.0,3-3,draw,0.0,0.0,yes,no,no,0-0,Fisht Olympic Stadium,S-124,Fisht Olympic Stadium,Sochi,Russia,0.0,43866.0,21:00,Gianluca Rocchi,,739,32,64,169,2.6,0.9565217391304348,large,25,2.0,3.0,8.0,8.0,22.0,-14.0,0.08,-0.56,0.32,0.88,5.0,0.0,0.2,13.0,0.0,0.0,0.0,1.0,,1.0,1.0,1.0,0.0,1.0,0.0,1.0,48934.47619047619,0,1.0,1.0,0.0,,,,1.0,6,1,1.0,1.0,1.0,0.0,0.0,0.0,1.0,0.0,32,64,169,2.6,0.9565217391304348,large,0,0.0,0.0,1.0,0,32,64,169,2.6,0.9565217391304348,large,1545.5926322751675,1273.69,56,13.0,5.0,8.0,46.0,31.0,15.0,0.2321428571428571,0.2678571428571428,0.8214285714285714,0.5535714285714286,9.0,8.0,0.6,18.0,0.0,0.0,8.0,2.0,0.25,2.0,1.0,2.0,0.0,1.0,0.0,1.0,44109.87272727273,0,0.0,3.0,3.0,,,,0.0,14,1,0.0,-1.0,0.0,1.0,1.0,1.0,1.0,0.0,32,64,169,2.6,0.9565217391304348,large,1,1.0,1.0,1.0,0,32,64,169,2.6,0.9565217391304348,large,1595.185320177083,1125.5,-0.1521428571428571,-29.0,-0.3999999999999999,-0.5014285714285713,0.3264285714285714,,1.0,-49.59268790191527,Draw,41,91,33,76,5,15,-50
2018,2018-06-16,WC-2018,2018 FIFA World Cup,Argentina v Iceland,Group stage,Argentina,Iceland,ARG,ISL,1.0,1.0,1-1,draw,0.0,0.0,yes,no,no,0-0,Otkritie Arena,S-118,Otkritie Arena,Moscow,Russia,0.0,44190.0,16:00,Szymon Marciniak,,740,32,64,169,2.6,0.9565217391304348,large,70,29.0,12.0,16.0,93.0,65.0,28.0,0.4142857142857143,0.4,1.3285714285714283,0.9285714285714286,10.0,4.0,0.6,37.0,0.0,0.0,20.0,2.0,0.1,2.0,2.0,2.0,0.0,1.0,0.0,1.0,51411.757575757576,0,0.0,3.0,3.0,,,,0.0,16,0,1.0,1.0,,1.0,2.0,5.0,5.0,0.0,32,64,169,2.6,0.9565217391304348,large,1,2.0,5.0,5.0,0,32,64,169,2.6,0.9565217391304348,large,1630.0188764537545,1241.45,0,40.0,12.0,19.0,121.0,78.0,43.0,,,,,,2.0,,51.0,0.0,0.0,20.0,2.0,0.1,2.0,3.0,2.0,0.0,1.0,0.0,1.0,,0,0.0,1.0,1.0,,,,0.0,0,0,0.0,0.0,,,,,,,32,64,169,2.6,0.9565217391304348,large,0,0.0,0.0,0.0,0,32,64,169,2.6,0.9565217391304348,large,1500.0,908.01,,-15.0,,,,,0.0,130.01887645375427,Draw,118,0,92,0,8,0,118
2018,2018-06-16,WC-2018,2018 FIFA World Cup,Croatia v Nigeria,Group stage,Croatia,Nigeria,HRV,NGA,2.0,0.0,2-0,home team win,1.0,0.0,no,no,no,0-0,Kaliningrad Stadium,S-115,Kaliningrad Stadium,Kaliningrad,Russia,0.0,31136.0,21:00,Sandro Ricci,,741,32,64,169,2.6,0.9565217391304348,large,16,0.0,1.0,0.0,1.0,1.0,0.0,0.0,0.0,0.0625,0.0625,5.0,2.0,0.2,1.0,0.0,0.0,0.0,3.0,,3.0,3.0,3.0,0.0,1.0,0.0,1.0,46710.625,0,0.0,1.0,1.0,,,,0.0,4,0,0.0,0.0,,0.0,0.0,0.0,1.0,0.0,32,64,169,2.6,0.9565217391304348,large,0,0.0,0.0,1.0,0,32,64,169,2.6,0.9565217391304348,large,1509.7627076990304,945.18,18,8.0,2.0,7.0,23.0,17.0,6.0,0.4444444444444444,0.3333333333333333,1.2777777777777777,0.9444444444444444,5.0,3.0,0.2,13.0,0.0,0.0,4.0,3.0,0.75,4.0,3.0,3.0,0.0,0.75,0.0,0.75,48134.117647058825,0,1.0,2.0,0.0,,,,2.0,5,0,1.0,2.0,,,,,,,32,64,169,2.6,0.9565217391304348,large,0,0.0,0.0,0.0,0,32,64,169,2.6,0.9565217391304348,large,1465.5403314093678,617.79,-0.4444444444444444,-6.0,0.0,-1.2152777777777777,-0.8819444444444444,,-2.0,44.222376289662634,HomeWin,21,20,20,19,1,1,1
2018,2018-06-16,WC-2018,2018 FIFA World Cup,France v Australia,Group stage,France,Australia,FRA,AUS,2.0,1.0,2-1,home team win,1.0,0.0,no,no,no,0-0,Kazan Arena,S-116,Kazan Arena,Kazan,Russia,0.0,41279.0,13:00,Andrés Cunha,,742,32,64,169,2.6,0.9565217391304348,large,51,5.0,3.0,11.0,20.0,28.0,-8.0,0.0980392156862745,-0.1568627450980392,0.392156862745098,0.5490196078431373,10.0,-11.0,0.6,16.0,0.0,0.0,3.0,3.0,1.0,4.0,4.0,3.0,0.0,0.75,0.0,0.75,43637.117647058825,0,0.0,0.0,2.0,,,,-2.0,14,0,0.0,-2.0,,1.0,1.0,2.0,4.0,0.0,32,64,169,2.6,0.9565217391304348,large,1,1.0,2.0,4.0,0,32,64,169,2.6,0.9565217391304348,large,1582.86617100361,1198.13,12,26.0,10.0,16.0,90.0,57.0,33.0,2.1666666666666665,2.75,7.5,4.75,4.0,-8.0,0.2,37.0,0.0,0.0,15.0,3.0,0.2,4.0,5.0,3.0,0.0,0.75,0.0,0.75,44112.27272727273,0,1.0,2.0,1.0,,,,1.0,4,0,1.0,1.0,,,,,,,32,64,169,2.6,0.9565217391304348,large,0,0.0,0.0,0.0,0,32,64,169,2.6,0.9565217391304348,large,1471.3348576645906,718.33,-2.068627450980392,-41.0,0.3999999999999999,-7.107843137254902,-4.200980392156863,,-3.0,111.53131333901956,HomeWin,87,11,76,10,7,2,76
2018,2018-06-16,WC-2018,2018 FIFA World Cup,Peru v Denmark,Group stage,Peru,Denmark,PER,DNK,0.0,1.0,0-1,away team win,0.0,1.0,no,no,no,0-0,Mordovia Arena,S-123,Mordovia Arena,Saransk,Russia,0.0,40502.0,19:00,Bakary Papa Gassama,,743,32,64,169,2.6,0.9565217391304348,large,13,2.0,3.0,8.0,12.0,25.0,-13.0,0.1538461538461538,-1.0,0.9230769230769232,1.9230769230769231,2.0,-4.0,0.0,12.0,0.0,0.0,1.0,4.0,4.0,5.0,5.0,4.0,0.0,0.8,0.0,0.8,28122.0,0,0.0,1.0,2.0,,,,-1.0,4,0,0.0,-1.0,,,,,,,32,64,169,2.6,0.9565217391304348,large,0,0.0,0.0,0.0,0,32,64,169,2.6,0.9565217391304348,large,1489.7183639635657,1125.39,15,4.0,3.0,7.0,18.0,28.0,-10.0,0.2666666666666666,-0.6666666666666666,1.2,1.8666666666666667,6.0,-2.0,0.4,13.0,1.0,0.0769230769230769,1.0,4.0,4.0,6.0,5.0,5.0,0.0,0.8333333333333334,0.0,0.8333333333333334,42136.333333333336,0,0.0,0.0,1.0,,,,-1.0,4,0,0.0,-1.0,,,,,,,32,64,169,2.6,0.9565217391304348,large,0,0.0,0.0,0.0,0,32,64,169,2.6,0.9565217391304348,large,1513.2496148476112,1051.44,-0.1128205128205128,-3.0,-0.4,-0.2769230769230768,0.0564102564102564,,0.0,-23.531250884045676,AwayWin,18,25,14,22,2,3,-7
2018,2018-06-17,WC-2018,2018 FIFA World Cup,Brazil v Switzerland,Group stage,Brazil,Switzerland,BRA,CHE,1.0,1.0,1-1,draw,0.0,0.0,yes,no,no,0-0,Rostov Arena,S-120,Rostov Arena,Rostov-on-Don,Russia,0.0,43109.0,21:00,César Ramos,,744,32,64,169,2.6,0.9565217391304348,large,97,8.0,2.0,6.0,26.0,24.0,2.0,0.0824742268041237,0.0206185567010309,0.268041237113402,0.2474226804123711,5.0,-1.0,0.2,12.0,2.0,0.1666666666666666,4.0,4.0,1.0,7.0,5.0,6.0,0.0,0.8571428571428571,0.0,0.8571428571428571,54364.31868131869,0,1.0,1.0,0.0,,,,1.0,20,1,1.0,1.0,1.0,1.0,5.0,7.0,9.0,0.0,32,64,169,2.6,0.9565217391304348,large,1,5.0,7.0,9.0,0,32,64,169,2.6,0.9565217391304348,large,1693.871367567208,1430.57,29,65.0,17.0,16.0,204.0,94.0,110.0,2.2413793103448274,3.793103448275862,7.0344827586206895,3.2413793103448274,7.0,5.0,0.4,55.0,2.0,0.0363636363636363,43.0,4.0,0.0930232558139534,8.0,5.0,6.0,0.0,0.75,0.0,0.75,42992.65517241379,0,0.0,1.0,1.0,,,,0.0,10,1,0.0,0.0,0.0,,,,,,32,64,169,2.6,0.9565217391304348,large,0,0.0,0.0,0.0,0,32,64,169,2.6,0.9565217391304348,large,1501.9701464279678,1198.72,-2.1589050835407035,-108.0,-0.2,-6.7664415215072875,-2.9939566299324563,,1.0,191.90122113924008,Draw,208,50,169,35,10,0,158
2018,2018-06-17,WC-2018,2018 FIFA World Cup,Costa Rica v Serbia,Group stage,Costa Rica,Serbia,CRI,SRB,0.0,1.0,0-1,away team win,0.0,1.0,no,no,no,0-0,Samara Arena,S-122,Samara Arena,Samara,Russia,0.0,41432.0,16:00,Malang Diédhiou,,745,32,64,169,2.6,0.9565217391304348,large,15,11.0,7.0,12.0,40.0,44.0,-4.0,0.7333333333333333,-0.2666666666666666,2.6666666666666665,2.933333333333333,9.0,8.0,0.4,19.0,2.0,0.1052631578947368,11.0,5.0,0.4545454545454545,9.0,5.0,7.0,0.0,0.7777777777777778,0.0,0.7777777777777778,47111.692307692305,0,0.0,1.0,1.0,,,,0.0,4,0,0.0,0.0,,,,,,,32,64,169,2.6,0.9565217391304348,large,0,0.0,0.0,0.0,0,32,64,169,2.6,0.9565217391304348,large,1507.85397896213,884.04,3,5.0,4.0,7.0,17.0,24.0,-7.0,1.6666666666666667,-2.3333333333333335,5.666666666666667,8.0,3.0,5.0,0.3333333333333333,13.0,2.0,0.1538461538461538,3.0,5.0,1.6666666666666667,9.0,6.0,7.0,0.0,0.7777777777777778,0.0,0.7777777777777778,38321.0,0,0.0,0.0,1.0,,,,-1.0,1,0,0.0,-1.0,,,,,,,32,64,169,2.6,0.9565217391304348,large,0,0.0,0.0,0.0,0,32,64,169,2.6,0.9565217391304348,large,1492.6193834895344,750.75,-0.9333333333333336,3.0,0.0666666666666667,-3.0000000000000004,-5.066666666666666,,1.0,15.234595472595627,AwayWin,17,2,16,2,0,0,15
2018,2018-06-17,WC-2018,2018 FIFA World Cup,Germany v Mexico,Group stage,Germany,Mexico,DEU,MEX,0.0,1.0,0-1,away team win,0.0,1.0,no,no,no,0-0,Luzhniki Stadium,S-117,Luzhniki Stadium,Moscow,Russia,0.0,78011.0,18:00,Alireza Faghani,,746,32,64,169,2.6,0.9565217391304348,large,42,2.0,0.0,2.0,3.0,3.0,0.0,0.0476190476190476,0.0,0.0714285714285714,0.0714285714285714,15.0,2.0,1.0,4.0,2.0,0.5,0.0,5.0,,10.0,6.0,7.0,0.0,0.7,0.0,0.7,48633.225,0,1.0,1.0,0.0,,,,1.0,8,1,1.0,1.0,1.0,1.0,1.0,2.0,5.0,1.0,32,64,169,2.6,0.9565217391304348,large,1,1.0,2.0,5.0,1,32,64,169,2.6,0.9565217391304348,large,1656.2428855335368,1558.49,47,28.0,6.0,9.0,89.0,45.0,44.0,0.5957446808510638,0.9361702127659576,1.8936170212765957,0.9574468085106383,7.0,2.0,0.4,18.0,3.0,0.1666666666666666,25.0,5.0,0.2,11.0,6.0,8.0,0.0,0.7272727272727273,0.0,0.7272727272727273,46226.02173913043,0,0.0,0.0,1.0,,,,-1.0,15,1,1.0,0.0,1.0,,,,,,32,64,169,2.6,0.9565217391304348,large,0,0.0,0.0,0.0,0,32,64,169,2.6,0.9565217391304348,large,1481.8094455254843,989.44,-0.5481256332320161,-44.0,0.6,-1.8221884498480243,-0.886018237082067,,2.0,174.43344000805223,AwayWin,92,53,75,48,2,9,39
2018,2018-06-18,WC-2018,2018 FIFA World Cup,Belgium v Panama,Group stage,Belgium,Panama,BEL,PAN,3.0,0.0,3-0,home team win,1.0,0.0,no,no,no,0-0,Fisht Olympic Stadium,S-124,Fisht Olympic Stadium,Sochi,Russia,0.0,43257.0,18:00,Janny Sikazwe,,747,32,64,169,2.6,0.9565217391304348,large,39,13.0,12.0,23.0,54.0,81.0,-27.0,0.3333333333333333,-0.6923076923076923,1.3846153846153846,2.076923076923077,12.0,2.0,0.8,38.0,3.0,0.0789473684210526,10.0,5.0,0.5,12.0,6.0,8.0,0.0,0.6666666666666666,0.0,0.6666666666666666,48953.717948717946,0,1.0,1.0,0.0,,,,1.0,12,0,1.0,0.0,,0.0,0.0,0.0,0.0,0.0,32,64,169,2.6,0.9565217391304348,large,0,0.0,0.0,0.0,0,32,64,169,2.6,0.9565217391304348,large,1515.550508801257,1298.32,0,15.0,9.0,16.0,52.0,60.0,-8.0,,,,,,0.0,,30.0,3.0,0.1,10.0,5.0,0.5,12.0,7.0,8.0,0.0,0.6666666666666666,0.0,0.6666666666666666,,0,1.0,3.0,0.0,,,,3.0,0,0,1.0,3.0,,,,,,,32,64,169,2.6,0.9565217391304348,large,0,0.0,0.0,0.0,0,32,64,169,2.6,0.9565217391304348,large,1500.0,571.17,,-19.0,,,,,-2.0,15.550508801256685,HomeWin,44,0,40,0,2,0,44
2018,2018-06-18,WC-2018,2018 FIFA World Cup,Sweden v South Korea,Group stage,Sweden,South Korea,SWE,KOR,1.0,0.0,1-0,home team win,1.0,0.0,no,no,no,0-0,Nizhny Novgorod Stadium,S-119,Nizhny Novgorod Stadium,Nizhny Novgorod,Russia,0.0,42300.0,15:00,Joel Aguilar,,748,32,64,169,2.6,0.9565217391304348,large,42,0.0,0.0,1.0,0.0,3.0,-3.0,0.0,-0.0714285714285714,0.0,0.0714285714285714,5.0,4.0,0.2,1.0,4.0,4.0,0.0,5.0,,13.0,7.0,9.0,0.0,0.6923076923076923,0.0,0.6923076923076923,43443.42857142857,0,0.0,0.0,3.0,,,,-3.0,11,0,0.0,-3.0,,0.0,0.0,1.0,3.0,0.0,32,64,169,2.6,0.9565217391304348,large,0,0.0,1.0,3.0,0,32,64,169,2.6,0.9565217391304348,large,1518.6698320557962,879.9,28,16.0,12.0,15.0,67.0,58.0,9.0,0.5714285714285714,0.3214285714285714,2.392857142857143,2.0714285714285716,2.0,3.0,0.0,26.0,4.0,0.1538461538461538,17.0,5.0,0.2941176470588235,14.0,7.0,9.0,0.0,0.6428571428571429,0.0,0.6428571428571429,45264.46153846154,0,1.0,1.0,0.0,,,,1.0,9,0,1.0,1.0,,,,,,,32,64,169,2.6,0.9565217391304348,large,0,0.0,0.0,0.0,0,32,64,169,2.6,0.9565217391304348,large,1427.1349253170104,543.67,-0.5714285714285714,-12.0,0.2,-2.392857142857143,-2.0,,-4.0,91.53490673878582,HomeWin,64,30,52,30,4,0,34
2018,2018-06-18,WC-2018,2018 FIFA World Cup,Tunisia v England,Group stage,Tunisia,England,TUN,ENG,1.0,2.0,1-2,away team win,0.0,1.0,no,no,no,0-0,Volgograd Arena,S-125,Volgograd Arena,Volgograd,Russia,0.0,41064.0,21:00,Wilmar Roldán,,749,32,64,169,2.6,0.9565217391304348,large,10,4.0,8.0,17.0,30.0,67.0,-37.0,0.4,-3.7,3.0,6.7,2.0,3.0,0.0,26.0,5.0,0.1923076923076923,3.0,5.0,1.6666666666666667,15.0,7.0,10.0,0.0,0.6666666666666666,0.0,0.6666666666666666,45776.4,0,0.0,0.0,1.0,,,,-1.0,4,1,0.0,-1.0,0.0,,,,,,32,64,169,2.6,0.9565217391304348,large,0,0.0,0.0,0.0,0,32,64,169,2.6,0.9565217391304348,large,1456.311924805949,909.91,56,1.0,3.0,7.0,9.0,17.0,-8.0,0.0178571428571428,-0.1428571428571428,0.1607142857142857,0.3035714285714285,4.0,2.0,0.2,11.0,5.0,0.4545454545454545,0.0,5.0,,15.0,8.0,10.0,0.0,0.6666666666666666,0.0,0.6666666666666666,46202.82142857143,0,0.0,1.0,2.0,,,,-1.0,14,1,0.0,-3.0,0.0,1.0,1.0,1.0,1.0,0.0,32,64,169,2.6,0.9565217391304348,large,1,1.0,1.0,1.0,0,32,64,169,2.6,0.9565217391304348,large,1557.2537945660763,1050.84,0.3821428571428572,-29.0,-0.2,2.8392857142857144,6.396428571428571,,0.0,-100.94186976012725,AwayWin,8,65,8,57,1,5,-57
2018,2018-06-19,WC-2018,2018 FIFA World Cup,Colombia v Japan,Group stage,Colombia,Japan,COL,JPN,1.0,2.0,1-2,away team win,0.0,1.0,no,no,no,0-0,Mordovia Arena,S-123,Mordovia Arena,Saransk,Russia,0.0,40842.0,15:00,Damir Skomina,,750,32,64,169,2.6,0.9565217391304348,large,17,24.0,18.0,15.0,69.0,49.0,20.0,1.411764705882353,1.1764705882352942,4.0588235294117645,2.8823529411764706,12.0,1.0,0.8,40.0,5.0,0.125,17.0,5.0,0.2941176470588235,15.0,9.0,10.0,0.0,0.6666666666666666,0.0,0.6666666666666666,47360.9375,0,1.0,2.0,1.0,,,,1.0,5,1,2.0,3.0,2.0,,,,,,32,64,169,2.6,0.9565217391304348,large,0,0.0,0.0,0.0,0,32,64,169,2.6,0.9565217391304348,large,1497.6542146675,985.97,16,7.0,1.0,10.0,26.0,28.0,-2.0,0.4375,-0.125,1.625,1.75,5.0,-3.0,0.2,15.0,5.0,0.3333333333333333,3.0,5.0,1.6666666666666667,15.0,10.0,10.0,0.0,0.6666666666666666,0.0,0.6666666666666666,44187.71428571428,0,0.0,1.0,2.0,,,,-1.0,5,1,1.0,2.0,1.0,,,,,,32,64,169,2.6,0.9565217391304348,large,0,0.0,0.0,0.0,0,32,64,169,2.6,0.9565217391304348,large,1459.896448914659,520.75,0.974264705882353,22.0,0.6000000000000001,2.4338235294117645,1.1323529411764706,,2.0,37.75776575284112,AwayWin,21,12,19,12,3,0,9
2018,2018-06-19,WC-2018,2018 FIFA World Cup,Poland v Senegal,Group stage,Poland,Senegal,POL,SEN,1.0,2.0,1-2,away team win,0.0,1.0,no,no,no,0-0,Otkritie Arena,S-118,Otkritie Arena,Moscow,Russia,0.0,44190.0,18:00,Nawaf Shukralla,,751,32,64,169,2.6,0.9565217391304348,large,27,4.0,4.0,9.0,14.0,23.0,-9.0,0.1481481481481481,-0.3333333333333333,0.5185185185185185,0.8518518518518519,6.0,-3.0,0.4,15.0,5.0,0.3333333333333333,2.0,5.0,2.5,16.0,10.0,10.0,0.0,0.625,0.0,0.625,37937.62962962963,0,1.0,2.0,1.0,,,,1.0,7,0,1.0,-2.0,,0.0,0.0,0.0,2.0,0.0,32,64,169,2.6,0.9565217391304348,large,0,0.0,0.0,2.0,0,32,64,169,2.6,0.9565217391304348,large,1525.1603767516692,1182.61,5,14.0,3.0,11.0,44.0,41.0,3.0,2.8,0.6,8.8,8.2,8.0,-5.0,0.4,23.0,5.0,0.217391304347826,5.0,5.0,1.0,17.0,10.0,10.0,0.0,0.5882352941176471,0.0,0.5882352941176471,44872.25,0,0.0,1.0,2.0,,,,-1.0,1,0,0.0,-1.0,,,,,,,32,64,169,2.6,0.9565217391304348,large,0,0.0,0.0,0.0,0,32,64,169,2.6,0.9565217391304348,large,1512.1257633948903,837.98,-2.651851851851852,-12.0,0.0,-8.281481481481482,-7.348148148148147,,2.0,13.034613356778893,AwayWin,43,7,32,5,2,1,36
2018,2018-06-19,WC-2018,2018 FIFA World Cup,Russia v Egypt,Group stage,Russia,Egypt,RUS,EGY,3.0,1.0,3-1,home team win,1.0,0.0,no,no,no,0-0,Krestovsky Stadium,S-121,Krestovsky Stadium,Saint Petersburg,Russia,1.0,64468.0,21:00,Enrique Cáceres,,752,32,64,169,2.6,0.9565217391304348,large,38,3.0,2.0,1.0,9.0,7.0,2.0,0.0789473684210526,0.0526315789473684,0.2368421052631578,0.1842105263157894,5.0,-4.0,0.2,4.0,5.0,1.25,2.0,5.0,2.5,17.0,11.0,10.0,0.0,0.5882352941176471,0.0,0.5882352941176471,45532.48648648649,1,1.0,2.0,1.0,1.0,2.0,1.0,1.0,10,0,1.0,1.0,,,,,,,32,64,169,2.6,0.9565217391304348,large,0,0.0,0.0,0.0,0,32,64,169,2.6,0.9565217391304348,large,1518.5518458110164,456.53,5,19.0,7.0,13.0,73.0,45.0,28.0,3.8,5.6,14.6,9.0,2.0,-1.0,0.0,34.0,6.0,0.1764705882352941,5.0,5.0,1.0,18.0,11.0,11.0,0.0,0.6111111111111112,0.0,0.6111111111111112,27510.0,1,2.0,8.0,1.0,2.0,8.0,1.0,7.0,2,0,1.0,2.0,,,,,,,32,64,169,2.6,0.9565217391304348,large,0,0.0,0.0,0.0,0,32,64,169,2.6,0.9565217391304348,large,1473.39904435851,649.43,-3.721052631578947,-26.0,0.2,-14.363157894736842,-8.81578947368421,-1.0,-6.0,45.15280145250631,HomeWin,18,3,13,2,3,1,15
2018,2018-06-20,WC-2018,2018 FIFA World Cup,Iran v Spain,Group stage,Iran,Spain,IRN,ESP,0.0,1.0,0-1,away team win,0.0,1.0,no,no,no,0-0,Kazan Arena,S-116,Kazan Arena,Kazan,Russia,0.0,,21:00,,,753,32,64,169,2.6,0.9565217391304348,large,13,0.0,2.0,4.0,4.0,10.0,-6.0,0.0,-0.4615384615384615,0.3076923076923077,0.7692307692307693,5.0,0.0,0.2,5.0,6.0,1.2,1.0,5.0,5.0,18.0,12.0,11.0,0.0,0.6111111111111112,0.0,0.6111111111111112,,1,0.0,1.0,4.0,0.0,1.0,4.0,-3.0,4,0,0.0,-2.0,,,,,,,32,64,169,2.6,0.9565217391304348,large,0,0.0,0.0,0.0,0,32,64,169,2.6,0.9565217391304348,large,1452.5318631782893,708.35,57,2.0,3.0,9.0,8.0,23.0,-15.0,0.0350877192982456,-0.2631578947368421,0.1403508771929824,0.4035087719298245,7.0,3.0,0.4,14.0,6.0,0.4285714285714285,0.0,6.0,,18.0,13.0,11.0,1.0,0.6111111111111112,0.0769230769230769,0.5341880341880343,44105.517857142855,1,1.0,1.0,1.0,1.0,1.0,1.0,0.0,14,0,0.0,-1.0,,1.0,1.0,1.0,1.0,0.0,32,64,169,2.6,0.9565217391304348,large,1,1.0,1.0,1.0,0,32,64,169,2.6,0.9565217391304348,large,1593.7675436485306,1125.5,-0.0350877192982456,9.0,-0.2,0.1673414304993252,0.3657219973009447,-1.0,-3.0,-141.23568047024128,AwayWin,8,94,8,78,0,15,-86
2018,2018-06-20,WC-2018,2018 FIFA World Cup,Portugal v Morocco,Group stage,Portugal,Morocco,PRT,MAR,1.0,0.0,1-0,home team win,1.0,0.0,no,no,no,0-0,Luzhniki Stadium,S-117,Luzhniki Stadium,Moscow,Russia,0.0,78011.0,15:00,Mark Geiger,,754,32,64,169,2.6,0.9565217391304348,large,26,30.0,12.0,16.0,94.0,65.0,29.0,1.1538461538461535,1.1153846153846154,3.6153846153846154,2.5,5.0,4.0,0.2,38.0,6.0,0.1578947368421052,20.0,6.0,0.3,18.0,14.0,11.0,1.0,0.6111111111111112,0.0714285714285714,0.5396825396825398,48704.09090909091,1,1.0,4.0,3.0,1.0,4.0,3.0,1.0,6,1,1.0,1.0,1.0,0.0,0.0,0.0,1.0,0.0,32,64,169,2.6,0.9565217391304348,large,0,0.0,0.0,1.0,0,32,64,169,2.6,0.9565217391304348,large,1547.01040880372,1273.69,12,14.0,5.0,8.0,47.0,31.0,16.0,1.1666666666666667,1.3333333333333333,3.9166666666666665,2.5833333333333335,4.0,3.0,0.2,19.0,6.0,0.3157894736842105,8.0,6.0,0.75,19.0,14.0,11.0,1.0,0.5789473684210527,0.0714285714285714,0.5075187969924813,36027.72727272727,1,1.0,4.0,3.0,1.0,4.0,3.0,1.0,4,1,1.0,-1.0,1.0,,,,,,32,64,169,2.6,0.9565217391304348,large,0,0.0,0.0,0.0,0,32,64,169,2.6,0.9565217391304348,large,1468.5526904169526,685.86,-0.0128205128205129,13.0,0.0,-0.3012820512820511,-0.0833333333333334,0.0,0.0,78.45771838676751,HomeWin,44,11,34,9,6,0,33
2018,2018-06-20,WC-2018,2018 FIFA World Cup,Uruguay v Saudi Arabia,Group stage,Uruguay,Saudi Arabia,URY,SAU,1.0,0.0,1-0,home team win,1.0,0.0,no,no,no,0-0,Rostov Arena,S-120,Rostov Arena,Rostov-on-Don,Russia,0.0,42678.0,18:00,Clément Turpin,,755,32,64,169,2.6,0.9565217391304348,large,47,2.0,4.0,7.0,11.0,17.0,-6.0,0.0425531914893617,-0.1276595744680851,0.2340425531914893,0.3617021276595745,9.0,5.0,0.6,13.0,6.0,0.4615384615384615,0.0,7.0,,20.0,14.0,12.0,1.0,0.6,0.0714285714285714,0.5285714285714286,42665.744680851065,1,0.0,0.0,2.0,0.0,0.0,2.0,-2.0,12,0,1.0,1.0,,1.0,2.0,2.0,2.0,0.0,32,64,169,2.6,0.9565217391304348,large,1,2.0,2.0,2.0,0,32,64,169,2.6,0.9565217391304348,large,1515.120475032807,1018.41,14,21.0,10.0,17.0,80.0,65.0,15.0,1.5,1.0714285714285714,5.714285714285714,4.642857142857143,1.0,5.0,0.0,31.0,6.0,0.1935483870967742,17.0,7.0,0.4117647058823529,20.0,15.0,12.0,1.0,0.6,0.0666666666666666,0.5333333333333333,55705.0,1,2.0,2.0,0.0,2.0,2.0,0.0,2.0,4,0,1.0,1.0,,,,,,,32,64,169,2.6,0.9565217391304348,large,0,0.0,0.0,0.0,0,32,64,169,2.6,0.9565217391304348,large,1432.4444701388968,465.28,-1.4574468085106382,-21.0,0.6,-5.480243161094225,-4.281155015197569,-2.0,-4.0,82.6760048939102,HomeWin,78,9,63,9,4,3,69
2018,2018-06-21,WC-2018,2018 FIFA World Cup,Argentina v Croatia,Group stage,Argentina,Croatia,ARG,HRV,0.0,3.0,0-3,away team win,0.0,1.0,no,no,no,0-0,Nizhny Novgorod Stadium,S-119,Nizhny Novgorod Stadium,Nizhny Novgorod,Russia,0.0,43319.0,21:00,Ravshan Irmatov,,756,32,64,169,2.6,0.9565217391304348,large,71,2.0,2.0,11.0,9.0,38.0,-29.0,0.028169014084507,-0.4084507042253521,0.1267605633802817,0.5352112676056338,8.0,4.0,0.4,14.0,7.0,0.5,1.0,7.0,7.0,21.0,15.0,13.0,1.0,0.6190476190476191,0.0666666666666666,0.5523809523809524,51303.97014925373,1,0.0,0.0,6.0,0.0,0.0,6.0,-6.0,16,1,0.0,-1.0,0.0,1.0,2.0,5.0,5.0,0.0,32,64,169,2.6,0.9565217391304348,large,1,2.0,5.0,5.0,0,32,64,169,2.6,0.9565217391304348,large,1626.4420642492146,1241.45,17,40.0,12.0,20.0,121.0,81.0,40.0,2.3529411764705883,2.3529411764705883,7.117647058823529,4.764705882352941,7.0,4.0,0.4,52.0,7.0,0.1346153846153846,20.0,7.0,0.35,22.0,15.0,13.0,1.0,0.5909090909090909,0.0666666666666666,0.5242424242424243,45794.470588235294,1,0.0,1.0,4.0,0.0,1.0,4.0,-3.0,4,1,1.0,-2.0,1.0,0.0,0.0,0.0,1.0,0.0,32,64,169,2.6,0.9565217391304348,large,0,0.0,0.0,1.0,0,32,64,169,2.6,0.9565217391304348,large,1518.4967147066652,945.18,-2.3247721623860813,-69.0,0.0,-6.990886495443247,-4.229494614747307,0.0,-3.0,107.94534954254937,AwayWin,119,23,93,22,8,2,96
2018,2018-06-21,WC-2018,2018 FIFA World Cup,Denmark v Australia,Group stage,Denmark,Australia,DNK,AUS,1.0,1.0,1-1,draw,0.0,0.0,yes,no,no,0-0,Samara Arena,S-122,Samara Arena,Samara,Russia,0.0,40727.0,16:00,Antonio Matéu Lahoz,,757,32,64,169,2.6,0.9565217391304348,large,16,9.0,2.0,7.0,26.0,17.0,9.0,0.5625,0.5625,1.625,1.0625,6.0,4.0,0.4,14.0,7.0,0.5,4.0,7.0,1.75,23.0,15.0,13.0,1.0,0.5652173913043478,0.0666666666666666,0.4985507246376811,42034.1875,1,2.0,5.0,0.0,2.0,5.0,0.0,5.0,4,0,1.0,2.0,,,,,,,32,64,169,2.6,0.9565217391304348,large,0,0.0,0.0,0.0,0,32,64,169,2.6,0.9565217391304348,large,1522.57336470441,1051.44,13,8.0,3.0,6.0,27.0,25.0,2.0,0.6153846153846154,0.1538461538461538,2.076923076923077,1.9230769230769231,3.0,0.0,0.2,13.0,7.0,0.5384615384615384,4.0,7.0,1.75,23.0,16.0,13.0,1.0,0.5652173913043478,0.0625,0.5027173913043478,43876.166666666664,1,1.0,2.0,1.0,1.0,2.0,1.0,1.0,4,0,0.0,0.0,,,,,,,32,64,169,2.6,0.9565217391304348,large,0,0.0,0.0,0.0,0,32,64,169,2.6,0.9565217391304348,large,1464.4390829206234,718.33,-0.0528846153846154,7.0,0.2,-0.4519230769230771,-0.8605769230769231,1.0,4.0,58.13428178378672,Draw,26,12,23,11,3,3,14
2018,2018-06-21,WC-2018,2018 FIFA World Cup,France v Peru,Group stage,France,Peru,FRA,PER,1.0,0.0,1-0,home team win,1.0,0.0,no,no,no,0-0,Central Stadium,S-126,Central Stadium,Yekaterinburg,Russia,0.0,32789.0,20:00,Mohammed Abdulla Hassan,,758,32,64,169,2.6,0.9565217391304348,large,52,2.0,4.0,8.0,13.0,26.0,-13.0,0.0384615384615384,-0.25,0.25,0.5,10.0,1.0,0.6,13.0,8.0,0.6153846153846154,1.0,7.0,7.0,24.0,16.0,14.0,1.0,0.5833333333333334,0.0625,0.5208333333333334,43591.769230769234,1,0.0,2.0,3.0,0.0,2.0,3.0,-1.0,14,0,0.0,0.0,,1.0,1.0,2.0,4.0,0.0,32,64,169,2.6,0.9565217391304348,large,1,1.0,2.0,4.0,0,32,64,169,2.6,0.9565217391304348,large,1589.761945747577,1198.13,14,27.0,10.0,16.0,91.0,57.0,34.0,1.9285714285714288,2.4285714285714284,6.5,4.071428571428571,2.0,0.0,0.0,38.0,8.0,0.2105263157894736,15.0,7.0,0.4666666666666667,25.0,16.0,14.0,1.0,0.56,0.0625,0.4975,29074.30769230769,1,2.0,3.0,1.0,2.0,3.0,1.0,2.0,4,0,1.0,1.0,,,,,,,32,64,169,2.6,0.9565217391304348,large,0,0.0,0.0,0.0,0,32,64,169,2.6,0.9565217391304348,large,1480.3946141067663,1125.39,-1.89010989010989,-47.0,0.6,-6.25,-3.571428571428571,-2.0,-3.0,109.3673316408108,HomeWin,89,18,78,14,8,2,71
2018,2018-06-22,WC-2018,2018 FIFA World Cup,Brazil v Costa Rica,Group stage,Brazil,Costa Rica,BRA,CRI,2.0,0.0,2-0,home team win,1.0,0.0,no,no,no,0-0,Krestovsky Stadium,S-121,Krestovsky Stadium,Saint Petersburg,Russia,0.0,64468.0,15:00,Björn Kuipers,,759,32,64,169,2.6,0.9565217391304348,large,98,4.0,3.0,8.0,18.0,29.0,-11.0,0.0408163265306122,-0.1122448979591836,0.1836734693877551,0.2959183673469387,5.0,-2.0,0.2,14.0,8.0,0.5714285714285714,1.0,7.0,7.0,25.0,17.0,14.0,1.0,0.56,0.0588235294117647,0.5011764705882353,54241.97826086957,1,0.0,0.0,2.0,0.0,0.0,2.0,-2.0,20,2,0.0,-1.0,0.0,1.0,5.0,7.0,9.0,0.0,32,64,169,2.6,0.9565217391304348,large,1,5.0,7.0,9.0,0,32,64,169,2.6,0.9565217391304348,large,1688.848677240377,1430.57,16,66.0,17.0,16.0,206.0,94.0,112.0,4.125,7.0,12.875,5.875,6.0,0.0,0.2,56.0,9.0,0.1607142857142857,43.0,7.0,0.1627906976744186,26.0,17.0,15.0,1.0,0.5769230769230769,0.0588235294117647,0.5180995475113122,46706.0,1,1.0,3.0,1.0,1.0,3.0,1.0,2.0,4,2,3.0,6.0,1.5,,,,,,32,64,169,2.6,0.9565217391304348,large,0,0.0,0.0,0.0,0,32,64,169,2.6,0.9565217391304348,large,1497.4157728681298,884.04,-4.084183673469388,-123.0,0.0,-12.691326530612244,-5.579081632653061,-1.0,-4.0,191.4329043722471,HomeWin,209,17,170,16,10,0,192
2018,2018-06-22,WC-2018,2018 FIFA World Cup,Nigeria v Iceland,Group stage,Nigeria,Iceland,NGA,ISL,2.0,0.0,2-0,home team win,1.0,0.0,no,no,no,0-0,Volgograd Arena,S-125,Volgograd Arena,Volgograd,Russia,0.0,40904.0,18:00,Matt Conger,,760,32,64,169,2.6,0.9565217391304348,large,19,5.0,4.0,8.0,17.0,26.0,-9.0,0.2631578947368421,-0.4736842105263157,0.8947368421052632,1.368421052631579,4.0,-1.0,0.2,14.0,9.0,0.6428571428571429,3.0,7.0,2.3333333333333335,26.0,18.0,15.0,1.0,0.5769230769230769,0.0555555555555555,0.5213675213675213,47189.77777777778,1,0.0,0.0,3.0,0.0,0.0,3.0,-3.0,5,0,0.0,-6.0,,,,,,,32,64,169,2.6,0.9565217391304348,large,0,0.0,0.0,0.0,0,32,64,169,2.6,0.9565217391304348,large,1456.806324401733,617.79,1,6.0,3.0,11.0,22.0,28.0,-6.0,6.0,-6.0,22.0,28.0,1.0,1.0,0.0,17.0,10.0,0.5882352941176471,3.0,7.0,2.3333333333333335,26.0,19.0,15.0,2.0,0.5769230769230769,0.1052631578947368,0.47165991902834,44190.0,1,1.0,2.0,2.0,1.0,2.0,2.0,0.0,0,0,1.0,2.0,,,,,,,32,64,169,2.6,0.9565217391304348,large,0,0.0,0.0,0.0,0,32,64,169,2.6,0.9565217391304348,large,1503.5768122045397,908.01,-5.7368421052631575,-3.0,0.2,-21.105263157894736,-26.63157894736842,-1.0,-3.0,-46.770487802806656,HomeWin,20,1,19,1,1,0,19
2018,2018-06-22,WC-2018,2018 FIFA World Cup,Serbia v Switzerland,Group stage,Serbia,Switzerland,SRB,CHE,1.0,2.0,1-2,away team win,0.0,1.0,no,no,no,0-0,Kaliningrad Stadium,S-115,Kaliningrad Stadium,Kaliningrad,Russia,0.0,33167.0,20:00,Felix Brych,,761,32,64,169,2.6,0.9565217391304348,large,4,0.0,1.0,1.0,1.0,3.0,-2.0,0.0,-0.5,0.25,0.75,6.0,2.0,0.5,2.0,10.0,5.0,0.0,8.0,,27.0,19.0,16.0,2.0,0.5925925925925926,0.1052631578947368,0.4873294346978557,39098.75,1,0.0,1.0,3.0,0.0,1.0,3.0,-2.0,1,0,0.0,-2.0,,,,,,,32,64,169,2.6,0.9565217391304348,large,0,0.0,0.0,0.0,0,32,64,169,2.6,0.9565217391304348,large,1503.0575895835343,750.75,30,2.0,0.0,3.0,4.0,5.0,-1.0,0.0666666666666666,-0.0333333333333333,0.1333333333333333,0.1666666666666666,7.0,,0.4,5.0,0.0,0.0,0.0,0.0,,0.0,0.0,0.0,0.0,,,,42996.53333333333,1,1.0,2.0,2.0,1.0,2.0,2.0,0.0,10,0,0.0,-1.0,,,,,,,32,64,169,2.6,0.9565217391304348,large,0,0.0,0.0,0.0,0,32,64,169,2.6,0.9565217391304348,large,1506.9928367547989,1198.72,-0.0666666666666666,-1.0,0.0999999999999999,0.1166666666666666,0.5833333333333334,-1.0,-2.0,-3.935247171264336,AwayWin,3,51,3,36,0,0,-48
2018,2018-06-23,WC-2018,2018 FIFA World Cup,Belgium v Tunisia,Group stage,Belgium,Tunisia,BEL,TUN,5.0,2.0,5-2,home team win,1.0,0.0,no,no,no,0-0,Otkritie Arena,S-118,Otkritie Arena,Moscow,Russia,0.0,44190.0,15:00,Jair Marrufo,,762,32,64,169,2.6,0.9565217391304348,large,40,12.0,7.0,12.0,42.0,45.0,-3.0,0.3,-0.075,1.05,1.125,12.0,1.0,0.8,20.0,0.0,0.0,11.0,1.0,0.0909090909090909,1.0,0.0,1.0,0.0,1.0,,,48811.3,1,1.0,3.0,2.0,1.0,3.0,2.0,1.0,12,1,1.0,1.0,1.0,0.0,0.0,0.0,0.0,0.0,32,64,169,2.6,0.9565217391304348,large,0,0.0,0.0,0.0,0,32,64,169,2.6,0.9565217391304348,large,1525.10322781508,1298.32,11,16.0,9.0,16.0,57.0,62.0,-5.0,1.4545454545454546,-0.4545454545454545,5.181818181818182,5.636363636363637,2.0,0.0,0.0,31.0,0.0,0.0,10.0,1.0,0.1,1.0,1.0,1.0,0.0,1.0,0.0,1.0,45348.0,1,2.0,8.0,2.0,2.0,8.0,2.0,6.0,4,1,1.0,3.0,1.0,,,,,,32,64,169,2.6,0.9565217391304348,large,0,0.0,0.0,0.0,0,32,64,169,2.6,0.9565217391304348,large,1449.1381876401326,909.91,-1.1545454545454543,2.0,0.8,-4.131818181818182,-4.511363636363637,-1.0,-5.0,75.96504017494749,HomeWin,47,9,42,9,2,2,38
2018,2018-06-23,WC-2018,2018 FIFA World Cup,Germany v Sweden,Group stage,Germany,Sweden,DEU,SWE,2.0,1.0,2-1,home team win,1.0,0.0,no,no,no,0-0,Fisht Olympic Stadium,S-124,Fisht Olympic Stadium,Sochi,Russia,0.0,44287.0,21:00,Szymon Marciniak,,763,32,64,169,2.6,0.9565217391304348,large,43,1.0,3.0,8.0,11.0,22.0,-11.0,0.0232558139534883,-0.2558139534883721,0.2558139534883721,0.5116279069767442,12.0,0.0,0.8,12.0,0.0,0.0,0.0,1.0,,2.0,1.0,1.0,0.0,0.5,0.0,0.5,49349.756097560974,1,0.0,3.0,7.0,0.0,3.0,7.0,-4.0,8,2,0.0,-3.0,0.0,1.0,1.0,2.0,5.0,1.0,32,64,169,2.6,0.9565217391304348,large,1,1.0,2.0,5.0,1,32,64,169,2.6,0.9565217391304348,large,1641.6055301512288,1558.49,43,29.0,6.0,9.0,91.0,46.0,45.0,0.6744186046511628,1.0465116279069768,2.116279069767442,1.069767441860465,8.0,2.0,0.4,19.0,0.0,0.0,25.0,2.0,0.08,3.0,1.0,2.0,0.0,0.6666666666666666,0.0,0.6666666666666666,43416.83720930233,1,1.0,2.0,2.0,1.0,2.0,2.0,0.0,11,2,3.0,4.0,1.5,0.0,0.0,1.0,3.0,0.0,32,64,169,2.6,0.9565217391304348,large,0,0.0,1.0,3.0,0,32,64,169,2.6,0.9565217391304348,large,1526.0945554601603,879.9,-0.6511627906976744,-56.0,0.4,-1.86046511627907,-0.5581395348837208,-1.0,-4.0,115.51097469106844,HomeWin,92,65,75,53,2,5,27
2018,2018-06-23,WC-2018,2018 FIFA World Cup,South Korea v Mexico,Group stage,South Korea,Mexico,KOR,MEX,1.0,2.0,1-2,away team win,0.0,1.0,no,no,no,0-0,Rostov Arena,S-120,Rostov Arena,Rostov-on-Don,Russia,0.0,43472.0,18:00,Milorad Mažić,,764,32,64,169,2.6,0.9565217391304348,large,29,16.0,12.0,16.0,68.0,60.0,8.0,0.5517241379310345,0.2758620689655172,2.3448275862068964,2.068965517241379,1.0,0.0,0.0,27.0,0.0,0.0,17.0,2.0,0.1176470588235294,3.0,2.0,2.0,0.0,0.6666666666666666,0.0,0.6666666666666666,45154.666666666664,1,1.0,2.0,2.0,1.0,2.0,2.0,0.0,9,1,0.0,-4.0,0.0,,,,,,32,64,169,2.6,0.9565217391304348,large,0,0.0,0.0,0.0,0,32,64,169,2.6,0.9565217391304348,large,1419.7102019126462,543.67,48,4.0,8.0,18.0,31.0,69.0,-38.0,0.0833333333333333,-0.7916666666666666,0.6458333333333334,1.4375,10.0,-4.0,0.6,27.0,0.0,0.0,3.0,2.0,0.6666666666666666,3.0,3.0,2.0,0.0,0.6666666666666666,0.0,0.6666666666666666,46902.29787234042,1,0.0,1.0,3.0,0.0,1.0,3.0,-2.0,15,1,0.0,-3.0,0.0,,,,,,32,64,169,2.6,0.9565217391304348,large,0,0.0,0.0,0.0,0,32,64,169,2.6,0.9565217391304348,large,1496.4468009077923,989.44,0.4683908045977011,46.0,-0.6,1.6989942528735629,0.6314655172413794,1.0,2.0,-76.73659899514632,AwayWin,30,54,30,49,0,9,-24
2018,2018-06-24,WC-2018,2018 FIFA World Cup,England v Panama,Group stage,England,Panama,ENG,PAN,6.0,1.0,6-1,home team win,1.0,0.0,no,no,no,0-0,Nizhny Novgorod Stadium,S-119,Nizhny Novgorod Stadium,Nizhny Novgorod,Russia,0.0,43319.0,15:00,Gehad Grisha,,765,32,64,169,2.6,0.9565217391304348,large,57,14.0,12.0,23.0,56.0,82.0,-26.0,0.2456140350877192,-0.4561403508771929,0.9824561403508772,1.4385964912280702,4.0,-3.0,0.2,39.0,0.0,0.0,10.0,2.0,0.2,3.0,4.0,2.0,0.0,0.6666666666666666,0.0,0.6666666666666666,46112.666666666664,1,2.0,3.0,1.0,2.0,3.0,1.0,2.0,14,0,2.0,3.0,,1.0,1.0,1.0,1.0,0.0,32,64,169,2.6,0.9565217391304348,large,1,1.0,1.0,1.0,0,32,64,169,2.6,0.9565217391304348,large,1564.4275317318927,1050.84,1,25.0,18.0,15.0,75.0,50.0,25.0,25.0,25.0,75.0,50.0,0.0,-2.0,0.0,41.0,0.0,0.0,17.0,3.0,0.1764705882352941,4.0,4.0,3.0,0.0,0.75,0.0,0.75,43257.0,1,2.0,8.0,2.0,2.0,8.0,2.0,6.0,0,0,1.0,5.0,,,,,,,32,64,169,2.6,0.9565217391304348,large,0,0.0,0.0,0.0,0,32,64,169,2.6,0.9565217391304348,large,1490.4472809861766,571.17,-24.75438596491228,-51.0,0.2,-74.01754385964912,-48.56140350877193,0.0,-4.0,73.98025074571615,HomeWin,67,0,58,0,5,0,67
2018,2018-06-24,WC-2018,2018 FIFA World Cup,Japan v Senegal,Group stage,Japan,Senegal,JPN,SEN,2.0,2.0,2-2,draw,0.0,0.0,yes,no,no,0-0,Central Stadium,S-126,Central Stadium,Yekaterinburg,Russia,0.0,32572.0,20:00,Gianluca Rocchi,,766,32,64,169,2.6,0.9565217391304348,large,17,0.0,0.0,2.0,1.0,9.0,-8.0,0.0,-0.4705882352941176,0.0588235294117647,0.5294117647058824,5.0,-3.0,0.2,2.0,1.0,0.5,0.0,3.0,,5.0,4.0,4.0,0.0,0.8,0.0,0.8,43964.666666666664,1,0.0,1.0,9.0,0.0,1.0,9.0,-8.0,5,0,0.0,-5.0,,,,,,,32,64,169,2.6,0.9565217391304348,large,0,0.0,0.0,0.0,0,32,64,169,2.6,0.9565217391304348,large,1470.9789465528231,520.75,6,4.0,5.0,9.0,16.0,25.0,-9.0,0.6666666666666666,-1.5,2.6666666666666665,4.166666666666667,8.0,2.0,0.4,16.0,2.0,0.125,2.0,3.0,1.5,6.0,4.0,5.0,0.0,0.8333333333333334,0.0,0.8333333333333334,44735.8,1,1.0,4.0,3.0,1.0,4.0,3.0,1.0,1,0,0.0,0.0,,,,,,,32,64,169,2.6,0.9565217391304348,large,0,0.0,0.0,0.0,0,32,64,169,2.6,0.9565217391304348,large,1522.5007538087782,837.98,-0.6666666666666666,1.0,-0.2,-2.607843137254902,-3.6372549019607847,-1.0,-9.0,-51.52180725595508,Draw,14,9,14,7,1,1,5
2018,2018-06-24,WC-2018,2018 FIFA World Cup,Poland v Colombia,Group stage,Poland,Colombia,POL,COL,0.0,3.0,0-3,away team win,0.0,1.0,no,no,no,0-0,Kazan Arena,S-116,Kazan Arena,Kazan,Russia,0.0,42873.0,21:00,César Arturo Ramos,,767,32,64,169,2.6,0.9565217391304348,large,28,3.0,3.0,1.0,11.0,9.0,2.0,0.1071428571428571,0.0714285714285714,0.3928571428571428,0.3214285714285714,6.0,3.0,0.4,5.0,2.0,0.4,2.0,3.0,1.5,6.0,5.0,5.0,0.0,0.8333333333333334,0.0,0.8333333333333334,38160.92857142857,1,1.0,4.0,3.0,1.0,4.0,3.0,1.0,7,0,0.0,0.0,,0.0,0.0,0.0,2.0,0.0,32,64,169,2.6,0.9565217391304348,large,0,0.0,0.0,2.0,0,32,64,169,2.6,0.9565217391304348,large,1514.7853863377811,1182.61,18,14.0,3.0,12.0,44.0,44.0,0.0,0.7777777777777778,0.0,2.4444444444444446,2.4444444444444446,9.0,0.0,0.6,24.0,2.0,0.0833333333333333,5.0,3.0,0.6,6.0,6.0,5.0,0.0,0.8333333333333334,0.0,0.8333333333333334,46977.470588235294,1,0.0,1.0,5.0,0.0,1.0,5.0,-4.0,5,0,0.0,-3.0,,,,,,,32,64,169,2.6,0.9565217391304348,large,0,0.0,0.0,0.0,0,32,64,169,2.6,0.9565217391304348,large,1486.571717029336,985.97,-0.6706349206349207,2.0,-0.1999999999999999,-2.051587301587302,-2.123015873015873,1.0,5.0,28.213669308445333,AwayWin,44,22,33,20,2,3,22
2018,2018-06-25,WC-2018,2018 FIFA World Cup,Iran v Portugal,Group stage,Iran,Portugal,IRN,PRT,1.0,1.0,1-1,draw,0.0,0.0,yes,no,no,0-0,Mordovia Arena,S-123,Mordovia Arena,Saransk,Russia,0.0,,21:00,,,768,32,64,169,2.6,0.9565217391304348,large,14,8.0,1.0,10.0,29.0,28.0,1.0,0.5714285714285714,0.0714285714285714,2.0714285714285716,2.0,4.0,-2.0,0.2,16.0,2.0,0.125,3.0,3.0,1.0,6.0,7.0,5.0,0.0,0.8333333333333334,0.0,0.8333333333333334,,2,1.0,4.0,2.0,0.5,2.0,1.0,2.0,4,1,1.0,3.0,1.0,,,,,,32,64,169,2.6,0.9565217391304348,large,0,0.0,0.0,0.0,0,32,64,169,2.6,0.9565217391304348,large,1446.3869078583973,708.35,27,2.0,4.0,9.0,9.0,24.0,-15.0,0.074074074074074,-0.5555555555555556,0.3333333333333333,0.8888888888888888,8.0,-5.0,0.4,15.0,2.0,0.1333333333333333,0.0,3.0,,6.0,8.0,5.0,0.0,0.8333333333333334,0.0,0.8333333333333334,49978.30434782609,2,1.0,2.0,2.0,0.5,1.0,1.0,0.0,6,1,0.0,-2.0,0.0,0.0,0.0,0.0,1.0,0.0,32,64,169,2.6,0.9565217391304348,large,0,0.0,0.0,1.0,0,32,64,169,2.6,0.9565217391304348,large,1554.7898321241971,1273.69,0.4973544973544973,16.0,-0.2,1.7380952380952384,1.1111111111111112,0.0,2.0,-108.40292426580004,Draw,8,45,8,35,0,6,-37
2018,2018-06-25,WC-2018,2018 FIFA World Cup,Saudi Arabia v Egypt,Group stage,Saudi Arabia,Egypt,SAU,EGY,2.0,1.0,2-1,home team win,1.0,0.0,no,no,no,0-0,Volgograd Arena,S-125,Volgograd Arena,Volgograd,Russia,0.0,36823.0,17:00,Wilmar Roldán,,769,32,64,169,2.6,0.9565217391304348,large,15,14.0,6.0,8.0,48.0,32.0,16.0,0.9333333333333332,1.0666666666666669,3.2,2.1333333333333333,1.0,-8.0,0.0,20.0,2.0,0.1,8.0,3.0,0.375,6.0,9.0,5.0,0.0,0.8333333333333334,0.0,0.8333333333333334,54836.53333333333,2,1.0,5.0,4.0,0.5,2.5,2.0,1.0,4,0,1.0,2.0,,,,,,,32,64,169,2.6,0.9565217391304348,large,0,0.0,0.0,0.0,0,32,64,169,2.6,0.9565217391304348,large,1424.780156087385,465.28,6,3.0,2.0,11.0,11.0,39.0,-28.0,0.5,-4.666666666666667,1.8333333333333333,6.5,2.0,-3.0,0.0,15.0,3.0,0.2,1.0,3.0,3.0,6.0,10.0,5.0,1.0,0.8333333333333334,0.1,0.7333333333333334,33669.666666666664,2,1.0,2.0,7.0,0.5,1.0,3.5,-5.0,2,0,1.0,1.0,,,,,,,32,64,169,2.6,0.9565217391304348,large,0,0.0,0.0,0.0,0,32,64,169,2.6,0.9565217391304348,large,1464.691378936266,649.43,0.4333333333333333,44.0,0.0,1.366666666666667,-4.366666666666667,0.0,6.0,-39.911222848880925,HomeWin,9,4,9,3,3,2,5
2018,2018-06-25,WC-2018,2018 FIFA World Cup,Spain v Morocco,Group stage,Spain,Morocco,ESP,MAR,2.0,2.0,2-2,draw,0.0,0.0,yes,no,no,0-0,Kaliningrad Stadium,S-115,Kaliningrad Stadium,Kaliningrad,Russia,0.0,33973.0,20:00,Ravshan Irmatov,,770,32,64,169,2.6,0.9565217391304348,large,58,0.0,2.0,5.0,5.0,12.0,-7.0,0.0,-0.1206896551724138,0.0862068965517241,0.2068965517241379,7.0,-2.0,0.4,6.0,3.0,0.5,1.0,3.0,3.0,7.0,10.0,5.0,1.0,0.7142857142857143,0.1,0.6142857142857143,44105.517857142855,2,0.0,2.0,6.0,0.0,1.0,3.0,-4.0,14,0,0.0,-1.0,,1.0,1.0,1.0,1.0,0.0,32,64,169,2.6,0.9565217391304348,large,1,1.0,1.0,1.0,0,32,64,169,2.6,0.9565217391304348,large,1599.9124989684226,1125.5,13,30.0,13.0,16.0,96.0,67.0,29.0,2.3076923076923075,2.230769230769231,7.384615384615385,5.153846153846154,4.0,-4.0,0.2,39.0,3.0,0.0769230769230769,20.0,3.0,0.15,7.0,11.0,5.0,1.0,0.7142857142857143,0.0909090909090909,0.6233766233766234,39526.333333333336,2,1.0,6.0,5.0,0.5,3.0,2.5,1.0,4,0,0.0,0.0,,,,,,,32,64,169,2.6,0.9565217391304348,large,0,0.0,0.0,0.0,0,32,64,169,2.6,0.9565217391304348,large,1460.7732670964754,685.86,-2.3076923076923075,-36.0,0.2,-7.298408488063661,-4.946949602122016,-0.5,-5.0,139.13923187194723,Draw,95,11,79,9,15,0,84
2018,2018-06-26,WC-2018,2018 FIFA World Cup,Australia v Peru,Group stage,Australia,Peru,AUS,PER,0.0,2.0,0-2,away team win,0.0,1.0,no,no,no,0-0,Fisht Olympic Stadium,S-124,Fisht Olympic Stadium,Sochi,Russia,0.0,44073.0,17:00,Sergey Karasev,,771,32,64,169,2.6,0.9565217391304348,large,14,2.0,5.0,7.0,13.0,19.0,-6.0,0.1428571428571428,-0.4285714285714285,0.9285714285714286,1.3571428571428572,1.0,-2.0,0.0,14.0,3.0,0.2142857142857142,0.0,3.0,,7.0,12.0,5.0,1.0,0.7142857142857143,0.0833333333333333,0.6309523809523809,43633.92307692308,2,0.0,2.0,4.0,0.0,1.0,2.0,-2.0,4,0,0.0,0.0,,,,,,,32,64,169,2.6,0.9565217391304348,large,0,0.0,0.0,0.0,0,32,64,169,2.6,0.9565217391304348,large,1466.0968795812262,718.33,15,2.0,4.0,9.0,13.0,28.0,-15.0,0.1333333333333333,-1.0,0.8666666666666667,1.8666666666666667,2.0,0.0,0.0,14.0,4.0,0.2857142857142857,1.0,3.0,3.0,7.0,13.0,5.0,2.0,0.7142857142857143,0.1538461538461538,0.5604395604395604,29339.64285714286,2,0.0,2.0,5.0,0.0,1.0,2.5,-3.0,4,0,0.0,-2.0,,,,,,,32,64,169,2.6,0.9565217391304348,large,0,0.0,0.0,0.0,0,32,64,169,2.6,0.9565217391304348,large,1473.4424485215816,1125.39,0.0095238095238095,9.0,0.0,0.0619047619047619,-0.5095238095238095,0.0,1.0,-7.345568940355406,AwayWin,13,18,12,14,4,2,-5
2018,2018-06-26,WC-2018,2018 FIFA World Cup,Denmark v France,Group stage,Denmark,France,DNK,FRA,0.0,0.0,0-0,draw,0.0,0.0,yes,no,no,0-0,Luzhniki Stadium,S-117,Luzhniki Stadium,Moscow,Russia,0.0,78011.0,17:00,Sandro Ricci,,772,32,64,169,2.6,0.9565217391304348,large,17,5.0,3.0,8.0,20.0,29.0,-9.0,0.2941176470588235,-0.5294117647058824,1.1764705882352942,1.7058823529411764,7.0,-1.0,0.4,15.0,5.0,0.3333333333333333,1.0,3.0,3.0,8.0,13.0,6.0,2.0,0.75,0.1538461538461538,0.5961538461538461,41957.294117647056,2,1.0,2.0,2.0,0.5,1.0,1.0,0.0,4,2,1.0,2.0,0.5,,,,,,32,64,169,2.6,0.9565217391304348,large,0,0.0,0.0,0.0,0,32,64,169,2.6,0.9565217391304348,large,1520.9155680438073,1051.44,53,8.0,4.0,6.0,27.0,25.0,2.0,0.1509433962264151,0.0377358490566037,0.5094339622641509,0.4716981132075472,10.0,1.0,0.6,14.0,5.0,0.3571428571428571,4.0,3.0,0.75,9.0,13.0,6.0,2.0,0.6666666666666666,0.1538461538461538,0.5128205128205128,43387.943396226416,2,1.0,2.0,1.0,0.5,1.0,0.5,1.0,14,2,1.0,1.0,0.5,1.0,1.0,2.0,4.0,0.0,32,64,169,2.6,0.9565217391304348,large,1,1.0,2.0,4.0,0,32,64,169,2.6,0.9565217391304348,large,1596.7141113327625,1198.13,0.1431742508324084,-11.0,-0.1999999999999999,0.6670366259711432,1.2341842397336291,0.0,-1.0,-75.79854328895499,Draw,27,90,24,79,3,8,-63
2018,2018-06-26,WC-2018,2018 FIFA World Cup,Iceland v Croatia,Group stage,Iceland,Croatia,ISL,HRV,1.0,2.0,1-2,away team win,0.0,1.0,no,no,no,0-0,Rostov Arena,S-120,Rostov Arena,Rostov-on-Don,Russia,0.0,43472.0,21:00,Antonio Matéu Lahoz,,773,32,64,169,2.6,0.9565217391304348,large,2,27.0,11.0,16.0,91.0,57.0,34.0,13.5,17.0,45.5,28.5,1.0,5.0,0.0,39.0,6.0,0.1538461538461538,15.0,3.0,0.2,9.0,14.0,6.0,3.0,0.6666666666666666,0.2142857142857142,0.4523809523809523,42547.0,2,2.0,3.0,1.0,1.0,1.5,0.5,2.0,0,0,1.0,-1.0,,,,,,,32,64,169,2.6,0.9565217391304348,large,0,0.0,0.0,0.0,0,32,64,169,2.6,0.9565217391304348,large,1492.2387223579094,908.01,18,0.0,1.0,2.0,2.0,5.0,-3.0,0.0,-0.1666666666666666,0.1111111111111111,0.2777777777777778,9.0,4.0,0.6,3.0,6.0,2.0,0.0,3.0,,9.0,15.0,6.0,3.0,0.6666666666666666,0.2,0.4666666666666666,45656.944444444445,2,0.0,2.0,5.0,0.0,1.0,2.5,-3.0,4,0,0.0,-1.0,,0.0,0.0,0.0,1.0,0.0,32,64,169,2.6,0.9565217391304348,large,0,0.0,0.0,1.0,0,32,64,169,2.6,0.9565217391304348,large,1531.507376941545,945.18,13.5,37.0,-0.6,45.388888888888886,28.22222222222222,1.0,5.0,-39.26865458363568,AwayWin,1,26,1,25,0,2,-25
2018,2018-06-26,WC-2018,2018 FIFA World Cup,Nigeria v Argentina,Group stage,Nigeria,Argentina,NGA,ARG,1.0,2.0,1-2,away team win,0.0,1.0,no,no,no,0-0,Krestovsky Stadium,S-121,Krestovsky Stadium,Saint Petersburg,Russia,0.0,64468.0,21:00,Cüneyt Çakιr,,774,32,64,169,2.6,0.9565217391304348,large,20,10.0,2.0,7.0,28.0,18.0,10.0,0.5,0.5,1.4,0.9,6.0,2.0,0.4,15.0,6.0,0.4,4.0,3.0,0.75,10.0,15.0,6.0,3.0,0.6,0.2,0.3999999999999999,46858.94736842105,2,3.0,7.0,1.0,1.5,3.5,0.5,6.0,5,4,1.0,1.0,0.25,,,,,,32,64,169,2.6,0.9565217391304348,large,0,0.0,0.0,0.0,0,32,64,169,2.6,0.9565217391304348,large,1468.144414248363,617.79,72,6.0,3.0,12.0,23.0,30.0,-7.0,0.0833333333333333,-0.0972222222222222,0.3194444444444444,0.4166666666666667,5.0,1.0,0.2,18.0,7.0,0.3888888888888889,3.0,3.0,1.0,11.0,15.0,7.0,3.0,0.6363636363636364,0.2,0.4363636363636363,51186.544117647056,2,1.0,3.0,4.0,0.5,1.5,2.0,-1.0,16,4,0.0,-5.0,0.0,1.0,2.0,5.0,5.0,0.0,32,64,169,2.6,0.9565217391304348,large,1,2.0,5.0,5.0,0,32,64,169,2.6,0.9565217391304348,large,1613.4314020143347,1241.45,0.4166666666666667,17.0,0.2,1.0805555555555555,0.4833333333333333,1.0,7.0,-145.2869877659714,AwayWin,22,119,20,93,1,8,-97
2018,2018-06-27,WC-2018,2018 FIFA World Cup,Mexico v Sweden,Group stage,Mexico,Sweden,MEX,SWE,0.0,3.0,0-3,away team win,0.0,1.0,no,no,no,0-0,Central Stadium,S-126,Central Stadium,Yekaterinburg,Russia,0.0,33061.0,19:00,Néstor Pitana,,775,32,64,169,2.6,0.9565217391304348,large,49,41.0,12.0,20.0,123.0,82.0,41.0,0.8367346938775511,0.8367346938775511,2.510204081632653,1.673469387755102,10.0,-2.0,0.6,53.0,7.0,0.1320754716981132,20.0,3.0,0.15,12.0,15.0,7.0,3.0,0.5833333333333334,0.2,0.3833333333333333,46830.833333333336,2,1.0,3.0,5.0,0.5,1.5,2.5,-2.0,15,1,5.0,5.0,5.0,,,,,,32,64,169,2.6,0.9565217391304348,large,0,0.0,0.0,0.0,0,32,64,169,2.6,0.9565217391304348,large,1504.2733708138012,989.44,44,14.0,12.0,24.0,56.0,85.0,-29.0,0.3181818181818182,-0.6590909090909091,1.2727272727272727,1.931818181818182,7.0,0.0,0.4,40.0,8.0,0.2,10.0,3.0,0.3,12.0,16.0,7.0,4.0,0.5833333333333334,0.25,0.3333333333333333,43436.61363636364,2,2.0,3.0,4.0,1.0,1.5,2.0,-1.0,11,1,0.0,-6.0,0.0,0.0,0.0,1.0,3.0,0.0,32,64,169,2.6,0.9565217391304348,large,0,0.0,1.0,3.0,0,32,64,169,2.6,0.9565217391304348,large,1519.3019156580392,879.9,0.5185528756957329,70.0,0.1999999999999999,1.2374768089053805,-0.2583487940630797,-0.5,-1.0,-15.028544844238011,AwayWin,56,66,51,54,10,5,-10
2018,2018-06-27,WC-2018,2018 FIFA World Cup,Serbia v Brazil,Group stage,Serbia,Brazil,SRB,BRA,0.0,2.0,0-2,away team win,0.0,1.0,no,no,no,0-0,Otkritie Arena,S-118,Otkritie Arena,Moscow,Russia,0.0,44190.0,21:00,Alireza Faghani,,776,32,64,169,2.6,0.9565217391304348,large,5,17.0,12.0,16.0,71.0,60.0,11.0,3.4,2.2,14.2,12.0,6.0,0.0,0.4,28.0,8.0,0.2857142857142857,17.0,3.0,0.1764705882352941,12.0,17.0,7.0,4.0,0.5833333333333334,0.2352941176470588,0.3480392156862745,37912.4,2,2.0,5.0,2.0,1.0,2.5,1.0,3.0,1,0,2.0,6.0,,,,,,,32,64,169,2.6,0.9565217391304348,large,0,0.0,0.0,0.0,0,32,64,169,2.6,0.9565217391304348,large,1493.1708502585652,750.75,99,2.0,0.0,4.0,4.0,7.0,-3.0,0.0202020202020202,-0.0303030303030303,0.0404040404040404,0.0707070707070707,7.0,0.0,0.4,6.0,8.0,1.3333333333333333,0.0,3.0,,12.0,18.0,7.0,4.0,0.5833333333333334,0.2222222222222222,0.3611111111111111,54351.93548387097,2,1.0,2.0,4.0,0.5,1.0,2.0,-2.0,20,0,0.0,-2.0,,1.0,5.0,7.0,9.0,0.0,32,64,169,2.6,0.9565217391304348,large,1,5.0,7.0,9.0,0,32,64,169,2.6,0.9565217391304348,large,1693.8360725114203,1430.57,3.3797979797979796,14.0,0.0,14.15959595959596,11.929292929292927,0.5,5.0,-200.6652222528553,AwayWin,4,211,4,172,0,10,-207
2018,2018-06-27,WC-2018,2018 FIFA World Cup,South Korea v Germany,Group stage,South Korea,Germany,KOR,DEU,2.0,0.0,2-0,home team win,1.0,0.0,no,no,no,0-0,Kazan Arena,S-116,Kazan Arena,Kazan,Russia,0.0,41835.0,17:00,Mark Geiger,,777,32,64,169,2.6,0.9565217391304348,large,30,67.0,17.0,16.0,208.0,94.0,114.0,2.2333333333333334,3.8,6.933333333333334,3.1333333333333333,1.0,0.0,0.0,57.0,9.0,0.1578947368421052,43.0,3.0,0.0697674418604651,12.0,19.0,7.0,5.0,0.5833333333333334,0.2631578947368421,0.3201754385964913,45094.57142857143,2,2.0,5.0,1.0,1.0,2.5,0.5,4.0,9,1,1.0,2.0,1.0,,,,,,32,64,169,2.6,0.9565217391304348,large,0,0.0,0.0,0.0,0,32,64,169,2.6,0.9565217391304348,large,1411.8836320066375,543.67,44,5.0,8.0,18.0,33.0,69.0,-36.0,0.1136363636363636,-0.8181818181818182,0.75,1.568181818181818,12.0,3.0,0.8,28.0,9.0,0.3214285714285714,3.0,3.0,1.0,13.0,19.0,7.0,5.0,0.5384615384615384,0.2631578947368421,0.2753036437246963,49229.21428571428,2,1.0,3.0,3.0,0.5,1.5,1.5,0.0,8,1,1.0,1.0,1.0,1.0,1.0,2.0,5.0,1.0,32,64,169,2.6,0.9565217391304348,large,1,1.0,2.0,5.0,1,32,64,169,2.6,0.9565217391304348,large,1648.39816995335,1558.49,2.1196969696969696,150.0,-0.8,6.183333333333334,1.5651515151515152,0.5,4.0,-236.5145379467124,HomeWin,31,94,31,77,0,2,-63
2018,2018-06-27,WC-2018,2018 FIFA World Cup,Switzerland v Costa Rica,Group stage,Switzerland,Costa Rica,CHE,CRI,2.0,2.0,2-2,draw,0.0,0.0,yes,no,no,0-0,Nizhny Novgorod Stadium,S-119,Nizhny Novgorod Stadium,Nizhny Novgorod,Russia,0.0,43319.0,21:00,Clément Turpin,,778,32,64,169,2.6,0.9565217391304348,large,31,29.0,6.0,10.0,91.0,48.0,43.0,0.935483870967742,1.3870967741935485,2.935483870967742,1.5483870967741935,7.0,-1.0,0.4,20.0,9.0,0.45,25.0,3.0,0.12,13.0,20.0,7.0,5.0,0.5384615384615384,0.25,0.2884615384615384,42679.45161290323,2,1.0,2.0,4.0,0.5,1.0,2.0,-2.0,10,0,1.0,-1.0,,,,,,,32,64,169,2.6,0.9565217391304348,large,0,0.0,0.0,0.0,0,32,64,169,2.6,0.9565217391304348,large,1516.8795760797682,1198.72,17,12.0,8.0,12.0,44.0,47.0,-3.0,0.7058823529411765,-0.1764705882352941,2.588235294117647,2.764705882352941,3.0,1.0,0.0,21.0,10.0,0.4761904761904761,11.0,3.0,0.2727272727272727,14.0,20.0,8.0,5.0,0.5714285714285714,0.25,0.3214285714285714,47890.13333333333,2,1.0,5.0,4.0,0.5,2.5,2.0,1.0,4,0,0.0,0.0,,,,,,,32,64,169,2.6,0.9565217391304348,large,0,0.0,0.0,0.0,0,32,64,169,2.6,0.9565217391304348,large,1492.4283775970862,884.04,0.2296015180265653,46.0,0.4,0.3472485768500948,-1.2163187855787476,0.0,-3.0,24.451198482682003,Draw,53,17,38,16,0,0,36
2018,2018-06-28,WC-2018,2018 FIFA World Cup,England v Belgium,Group stage,England,Belgium,ENG,BEL,0.0,1.0,0-1,away team win,0.0,1.0,no,no,no,0-0,Kaliningrad Stadium,S-115,Kaliningrad Stadium,Kaliningrad,Russia,0.0,33973.0,20:00,Damir Skomina,,779,32,64,169,2.6,0.9565217391304348,large,58,5.0,5.0,8.0,19.0,28.0,-9.0,0.0862068965517241,-0.1551724137931034,0.3275862068965517,0.4827586206896552,7.0,0.0,0.4,15.0,10.0,0.6666666666666666,3.0,3.0,1.0,14.0,21.0,8.0,5.0,0.5714285714285714,0.238095238095238,0.3333333333333333,46064.5,2,0.0,2.0,5.0,0.0,1.0,2.5,-3.0,14,2,0.0,0.0,0.0,1.0,1.0,1.0,1.0,0.0,32,64,169,2.6,0.9565217391304348,large,1,1.0,1.0,1.0,0,32,64,169,2.6,0.9565217391304348,large,1572.3298171012868,1050.84,41,25.0,18.0,16.0,75.0,51.0,24.0,0.6097560975609756,0.5853658536585366,1.829268292682927,1.2439024390243902,12.0,0.0,0.8,42.0,11.0,0.2619047619047619,17.0,3.0,0.1764705882352941,14.0,22.0,8.0,6.0,0.5714285714285714,0.2727272727272727,0.2987012987012987,48698.58536585366,2,2.0,8.0,3.0,1.0,4.0,1.5,5.0,12,2,1.0,0.0,0.5,0.0,0.0,0.0,0.0,0.0,32,64,169,2.6,0.9565217391304348,large,0,0.0,0.0,0.0,0,32,64,169,2.6,0.9565217391304348,large,1532.9509661257653,1298.32,-0.5235492010092515,-33.0,-0.4,-1.501682085786375,-0.761143818334735,-1.0,-8.0,39.37885097552157,AwayWin,73,52,61,45,7,3,21
2018,2018-06-28,WC-2018,2018 FIFA World Cup,Japan v Poland,Group stage,Japan,Poland,JPN,POL,0.0,1.0,0-1,away team win,0.0,1.0,no,no,no,0-0,Volgograd Arena,S-125,Volgograd Arena,Volgograd,Russia,0.0,42189.0,17:00,Janny Sikazwe,,780,32,64,169,2.6,0.9565217391304348,large,18,17.0,9.0,16.0,58.0,62.0,-4.0,0.9444444444444444,-0.2222222222222222,3.2222222222222223,3.4444444444444446,5.0,,0.2,32.0,0.0,0.0,10.0,0.0,0.0,0.0,0.0,0.0,0.0,,,,43252.625,2,3.0,9.0,2.0,1.5,4.5,1.0,7.0,5,0,1.0,0.0,,,,,,,32,64,169,2.6,0.9565217391304348,large,0,0.0,0.0,0.0,0,32,64,169,2.6,0.9565217391304348,large,1472.4510881511596,520.75,29,4.0,5.0,10.0,16.0,26.0,-10.0,0.1379310344827586,-0.3448275862068966,0.5517241379310345,0.896551724137931,3.0,-1.0,0.2,17.0,0.0,0.0,2.0,0.0,0.0,0.0,1.0,0.0,0.0,,0.0,,38323.41379310345,2,1.0,4.0,4.0,0.5,2.0,2.0,0.0,7,0,0.0,-1.0,,0.0,0.0,0.0,2.0,0.0,32,64,169,2.6,0.9565217391304348,large,0,0.0,0.0,2.0,0,32,64,169,2.6,0.9565217391304348,large,1503.9751119473783,1182.61,0.8065134099616857,6.0,0.0,2.6704980842911876,2.5478927203065136,1.0,7.0,-31.52402379621867,AwayWin,16,44,16,33,1,2,-28
2018,2018-06-28,WC-2018,2018 FIFA World Cup,Panama v Tunisia,Group stage,Panama,Tunisia,PAN,TUN,1.0,2.0,1-2,away team win,0.0,1.0,no,no,no,0-0,Mordovia Arena,S-123,Mordovia Arena,Saransk,Russia,0.0,37168.0,21:00,Nawaf Shukralla,,781,32,64,169,2.6,0.9565217391304348,large,2,15.0,3.0,12.0,45.0,44.0,1.0,7.5,0.5,22.5,22.0,0.0,-3.0,0.0,25.0,0.0,0.0,5.0,0.0,0.0,1.0,1.0,0.0,0.0,0.0,0.0,0.0,43288.0,2,1.0,2.0,5.0,0.5,1.0,2.5,-3.0,0,0,1.0,1.0,,,,,,,32,64,169,2.6,0.9565217391304348,large,0,0.0,0.0,0.0,0,32,64,169,2.6,0.9565217391304348,large,1482.5449956167824,571.17,12,0.0,0.0,3.0,2.0,11.0,-9.0,0.0,-0.75,0.1666666666666666,0.9166666666666666,1.0,,0.0,3.0,0.0,0.0,0.0,0.0,,0.0,0.0,0.0,0.0,,,,45251.5,2,0.0,2.0,11.0,0.0,1.0,5.5,-9.0,4,0,0.0,-1.0,,,,,,,32,64,169,2.6,0.9565217391304348,large,0,0.0,0.0,0.0,0,32,64,169,2.6,0.9565217391304348,large,1441.2904493294477,909.91,7.5,10.0,0.0,22.333333333333332,21.083333333333332,0.5,6.0,41.25454628733496,AwayWin,1,11,1,11,0,2,-10
2018,2018-06-28,WC-2018,2018 FIFA World Cup,Senegal v Colombia,Group stage,Senegal,Colombia,SEN,COL,0.0,1.0,0-1,away team win,0.0,1.0,no,no,no,0-0,Samara Arena,S-122,Samara Arena,Samara,Russia,0.0,41970.0,18:00,Milorad Mažić,,782,32,64,169,2.6,0.9565217391304348,large,7,2.0,3.0,8.0,13.0,23.0,-10.0,0.2857142857142857,-1.4285714285714286,1.8571428571428572,3.2857142857142856,8.0,0.0,0.4,13.0,0.0,0.0,0.0,0.0,,1.0,0.0,0.0,0.0,0.0,,,42708.5,2,1.0,5.0,8.0,0.5,2.5,4.0,-3.0,1,0,1.0,1.0,,,,,,,32,64,169,2.6,0.9565217391304348,large,0,0.0,0.0,0.0,0,32,64,169,2.6,0.9565217391304348,large,1521.0286122104417,837.98,19,3.0,3.0,2.0,11.0,10.0,1.0,0.1578947368421052,0.0526315789473684,0.5789473684210527,0.5263157894736842,9.0,-2.0,0.6,6.0,0.0,0.0,2.0,0.0,0.0,1.0,1.0,0.0,0.0,0.0,0.0,0.0,46749.444444444445,2,1.0,4.0,4.0,0.5,2.0,2.0,0.0,5,0,0.0,-1.0,,,,,,,32,64,169,2.6,0.9565217391304348,large,0,0.0,0.0,0.0,0,32,64,169,2.6,0.9565217391304348,large,1497.381991419739,985.97,0.1278195488721804,-11.0,-0.1999999999999999,1.2781954887218046,2.7593984962406015,0.0,-3.0,23.646620790702627,AwayWin,11,25,9,23,1,3,-14
2018,2018-06-30,WC-2018,2018 FIFA World Cup,France v Argentina,Round of 16,France,Argentina,FRA,ARG,4.0,3.0,4-3,home team win,1.0,0.0,no,no,no,0-0,Kazan Arena,S-116,Kazan Arena,Kazan,Russia,0.0,42873.0,17:00,Alireza Faghani,,783,32,64,169,2.6,0.9565217391304348,large,54,9.0,1.0,10.0,30.0,28.0,2.0,0.1666666666666666,0.037037037037037,0.5555555555555556,0.5185185185185185,10.0,,0.6,17.0,0.0,0.0,3.0,0.0,0.0,0.0,0.0,0.0,0.0,,,,44029.11111111111,3,2.0,5.0,2.0,0.6666666666666666,1.6666666666666667,0.6666666666666666,3.0,14,2,1.0,1.0,0.5,1.0,1.0,2.0,4.0,0.0,32,64,169,2.6,0.9565217391304348,large,1,1.0,2.0,4.0,0,32,64,169,2.6,0.9565217391304348,large,1594.5664202959604,1198.13,73,28.0,11.0,16.0,95.0,60.0,35.0,0.3835616438356164,0.4794520547945205,1.3013698630136987,0.821917808219178,5.0,2.0,0.2,39.0,1.0,0.0256410256410256,16.0,0.0,0.0,1.0,0.0,1.0,0.0,1.0,,,51379.02898550725,3,3.0,7.0,4.0,1.0,2.3333333333333335,1.3333333333333333,3.0,16,2,1.0,-1.0,0.5,1.0,2.0,5.0,5.0,0.0,32,64,169,2.6,0.9565217391304348,large,1,2.0,5.0,5.0,0,32,64,169,2.6,0.9565217391304348,large,1619.4775293171808,1241.45,-0.2168949771689497,-33.0,0.3999999999999999,-0.7458143074581431,-0.3033992897006595,-0.3333333333333333,0.0,-24.911109021220454,HomeWin,90,121,79,95,8,8,-31
2018,2018-06-30,WC-2018,2018 FIFA World Cup,Uruguay v Portugal,Round of 16,Uruguay,Portugal,URY,PRT,2.0,1.0,2-1,home team win,1.0,0.0,no,no,no,0-0,Fisht Olympic Stadium,S-124,Fisht Olympic Stadium,Sochi,Russia,0.0,44287.0,21:00,César Arturo Ramos,,784,32,64,169,2.6,0.9565217391304348,large,48,41.0,12.0,21.0,126.0,86.0,40.0,0.8541666666666666,0.8333333333333334,2.625,1.7916666666666667,12.0,1.0,0.8,53.0,1.0,0.0188679245283018,21.0,0.0,0.0,1.0,1.0,1.0,0.0,1.0,0.0,1.0,42666.0,2,1.0,6.0,9.0,0.5,3.0,4.5,-3.0,12,0,2.0,1.0,,1.0,2.0,2.0,2.0,0.0,32,64,169,2.6,0.9565217391304348,large,1,2.0,2.0,2.0,0,32,64,169,2.6,0.9565217391304348,large,1522.7847890843188,1018.41,28,22.0,10.0,17.0,82.0,66.0,16.0,0.7857142857142857,0.5714285714285714,2.9285714285714284,2.357142857142857,9.0,-1.0,0.4,31.0,1.0,0.032258064516129,18.0,0.0,0.0,1.0,2.0,1.0,0.0,1.0,0.0,1.0,49978.30434782609,3,3.0,4.0,1.0,1.0,1.3333333333333333,0.3333333333333333,3.0,6,0,1.0,1.0,,0.0,0.0,0.0,1.0,0.0,32,64,169,2.6,0.9565217391304348,large,0,0.0,0.0,1.0,0,32,64,169,2.6,0.9565217391304348,large,1551.7671983294626,1273.69,0.0684523809523809,24.0,0.4,-0.3035714285714284,-0.5654761904761905,-0.5,-6.0,-28.9824092451438,HomeWin,79,46,64,36,4,6,33
2018,2018-07-01,WC-2018,2018 FIFA World Cup,Croatia v Denmark,Round of 16,Croatia,Denmark,HRV,DNK,1.0,1.0,1-1,home team win,1.0,0.0,no,yes,yes,3-2,Nizhny Novgorod Stadium,S-119,Nizhny Novgorod Stadium,Nizhny Novgorod,Russia,0.0,40851.0,21:00,Néstor Pitana,Croatia won on penalty kicks following extra time,785,32,64,169,2.6,0.9565217391304348,large,19,14.0,6.0,9.0,49.0,34.0,15.0,0.7368421052631579,0.7894736842105263,2.5789473684210527,1.7894736842105263,12.0,-2.0,0.8,20.0,1.0,0.05,9.0,0.0,0.0,1.0,3.0,1.0,0.0,1.0,0.0,1.0,45541.94736842105,3,1.0,6.0,6.0,0.3333333333333333,2.0,2.0,0.0,4,0,0.0,-1.0,,0.0,0.0,0.0,1.0,0.0,32,64,169,2.6,0.9565217391304348,large,0,0.0,0.0,1.0,0,32,64,169,2.6,0.9565217391304348,large,1540.3819224993156,945.18,18,10.0,3.0,7.0,29.0,19.0,10.0,0.5555555555555556,0.5555555555555556,1.6111111111111112,1.0555555555555556,8.0,-2.0,0.4,15.0,1.0,0.0666666666666666,5.0,0.0,0.0,1.0,4.0,1.0,0.0,1.0,0.0,1.0,43960.27777777778,3,3.0,8.0,2.0,1.0,2.6666666666666665,0.6666666666666666,6.0,4,0,0.0,0.0,,,,,,,32,64,169,2.6,0.9565217391304348,large,0,0.0,0.0,0.0,0,32,64,169,2.6,0.9565217391304348,large,1523.0632590806092,1051.44,0.1812865497076022,5.0,0.4,0.9678362573099416,0.7339181286549707,-0.6666666666666667,-6.0,17.318663418706365,Draw,28,27,27,24,2,3,1
2018,2018-07-02,WC-2018,2018 FIFA World Cup,Belgium v Japan,Round of 16,Belgium,Japan,BEL,JPN,3.0,2.0,3-2,home team win,1.0,0.0,no,no,no,0-0,Rostov Arena,S-120,Rostov Arena,Rostov-on-Don,Russia,0.0,41466.0,21:00,Malang Diédhiou,,786,32,64,169,2.6,0.9565217391304348,large,42,8.0,5.0,6.0,28.0,26.0,2.0,0.1904761904761904,0.0476190476190476,0.6666666666666666,0.6190476190476191,12.0,-6.0,0.8,14.0,1.0,0.0714285714285714,5.0,0.0,0.0,1.0,5.0,1.0,0.0,1.0,0.0,1.0,48347.97619047619,3,1.0,3.0,2.0,0.3333333333333333,1.0,0.6666666666666666,1.0,12,1,0.0,0.0,0.0,0.0,0.0,0.0,0.0,0.0,32,64,169,2.6,0.9565217391304348,large,0,0.0,0.0,0.0,0,32,64,169,2.6,0.9565217391304348,large,1544.079551988871,1298.32,19,18.0,9.0,16.0,61.0,64.0,-3.0,0.9473684210526316,-0.1578947368421052,3.210526315789474,3.3684210526315788,5.0,-5.0,0.2,32.0,1.0,0.03125,11.0,0.0,0.0,2.0,5.0,1.0,0.0,0.5,0.0,0.5,43190.05882352941,3,4.0,12.0,4.0,1.3333333333333333,4.0,1.3333333333333333,8.0,5,1,1.0,1.0,1.0,,,,,,32,64,169,2.6,0.9565217391304348,large,0,0.0,0.0,0.0,0,32,64,169,2.6,0.9565217391304348,large,1463.3559407704,520.75,-0.7568922305764411,5.0,0.6000000000000001,-2.5438596491228074,-2.7493734335839597,-1.0,-7.0,80.72361121847052,HomeWin,53,16,46,16,3,1,37
2018,2018-07-02,WC-2018,2018 FIFA World Cup,Brazil v Mexico,Round of 16,Brazil,Mexico,BRA,MEX,2.0,0.0,2-0,home team win,1.0,0.0,no,no,no,0-0,Samara Arena,S-122,Samara Arena,Samara,Russia,0.0,41970.0,18:00,Gianluca Rocchi,,787,32,64,169,2.6,0.9565217391304348,large,100,4.0,5.0,11.0,18.0,29.0,-11.0,0.04,-0.11,0.18,0.29,7.0,-3.0,0.4,17.0,1.0,0.0588235294117647,3.0,0.0,0.0,3.0,5.0,1.0,0.0,0.3333333333333333,0.0,0.3333333333333333,54243.82978723404,3,1.0,6.0,7.0,0.3333333333333333,2.0,2.3333333333333335,-1.0,20,4,0.0,-1.0,0.0,1.0,5.0,7.0,9.0,0.0,32,64,169,2.6,0.9565217391304348,large,1,5.0,7.0,9.0,0,32,64,169,2.6,0.9565217391304348,large,1698.627168427416,1430.57,50,68.0,17.0,16.0,210.0,94.0,116.0,1.36,2.32,4.2,1.88,9.0,-4.0,0.6,57.0,1.0,0.0175438596491228,44.0,0.0,0.0,3.0,6.0,1.0,0.0,0.3333333333333333,0.0,0.3333333333333333,46549.816326530614,3,3.0,7.0,1.0,1.0,2.3333333333333335,0.3333333333333333,6.0,15,4,4.0,13.0,1.0,,,,,,32,64,169,2.6,0.9565217391304348,large,0,0.0,0.0,0.0,0,32,64,169,2.6,0.9565217391304348,large,1494.7056575290812,989.44,-1.32,-127.0,-0.1999999999999999,-4.0200000000000005,-1.59,-0.6666666666666667,-7.0,203.92151089833465,HomeWin,213,56,174,51,10,10,157
2018,2018-07-03,WC-2018,2018 FIFA World Cup,Colombia v England,Round of 16,Colombia,England,COL,ENG,1.0,1.0,1-1,away team win,0.0,1.0,no,yes,yes,3-4,Otkritie Arena,S-118,Otkritie Arena,Moscow,Russia,0.0,44190.0,21:00,Mark Geiger,England won on penalty kicks following extra time,788,32,64,169,2.6,0.9565217391304348,large,20,14.0,12.0,25.0,56.0,87.0,-31.0,0.7,-1.55,2.8,4.35,9.0,-5.0,0.6,40.0,1.0,0.025,11.0,0.0,0.0,3.0,7.0,1.0,0.0,0.3333333333333333,0.0,0.3333333333333333,46497.89473684211,3,2.0,3.0,6.0,0.6666666666666666,1.0,2.0,-3.0,5,1,0.0,-13.0,0.0,,,,,,32,64,169,2.6,0.9565217391304348,large,0,0.0,0.0,0.0,0,32,64,169,2.6,0.9565217391304348,large,1508.0615469157997,985.97,59,9.0,2.0,10.0,31.0,29.0,2.0,0.1525423728813559,0.0338983050847457,0.5254237288135594,0.4915254237288136,7.0,-4.0,0.4,17.0,1.0,0.0588235294117647,4.0,0.0,0.0,4.0,7.0,1.0,0.0,0.25,0.0,0.25,45859.5593220339,3,2.0,6.0,3.0,0.6666666666666666,2.0,1.0,3.0,14,1,0.0,-2.0,0.0,1.0,1.0,1.0,1.0,0.0,32,64,169,2.6,0.9565217391304348,large,1,1.0,1.0,1.0,0,32,64,169,2.6,0.9565217391304348,large,1561.2012312381814,1050.84,0.547457627118644,-33.0,0.1999999999999999,2.274576271186441,3.858474576271186,0.0,-6.0,-53.13968432238198,Draw,26,73,24,61,3,7,-47
2018,2018-07-03,WC-2018,2018 FIFA World Cup,Sweden v Switzerland,Round of 16,Sweden,Switzerland,SWE,CHE,1.0,0.0,1-0,home team win,1.0,0.0,no,no,no,0-0,Krestovsky Stadium,S-121,Krestovsky Stadium,Saint Petersburg,Russia,0.0,64042.0,17:00,Damir Skomina,,789,32,64,169,2.6,0.9565217391304348,large,45,25.0,19.0,16.0,76.0,52.0,24.0,0.5555555555555556,0.5333333333333333,1.6888888888888889,1.1555555555555554,7.0,-7.0,0.4,42.0,1.0,0.0238095238095238,18.0,0.0,0.0,4.0,8.0,1.0,0.0,0.25,0.0,0.25,43206.04444444445,3,2.0,9.0,4.0,0.6666666666666666,3.0,1.3333333333333333,5.0,11,0,1.0,2.0,,0.0,0.0,1.0,3.0,0.0,32,64,169,2.6,0.9565217391304348,large,0,0.0,1.0,3.0,0,32,64,169,2.6,0.9565217391304348,large,1528.8696289427592,879.9,32,18.0,12.0,16.0,72.0,60.0,12.0,0.5625,0.375,2.25,1.875,8.0,-6.0,0.4,28.0,2.0,0.0714285714285714,18.0,0.0,0.0,4.0,9.0,1.0,1.0,0.25,0.1111111111111111,0.1388888888888889,42699.4375,3,3.0,6.0,2.0,1.0,2.0,0.6666666666666666,4.0,10,0,1.0,1.0,,,,,,,32,64,169,2.6,0.9565217391304348,large,0,0.0,0.0,0.0,0,32,64,169,2.6,0.9565217391304348,large,1516.1769735851174,1198.72,-0.0069444444444444,12.0,0.0,-0.5611111111111111,-0.7194444444444446,-0.3333333333333333,1.0,12.692655357641796,HomeWin,69,55,57,40,6,0,14
2018,2018-07-06,WC-2018,2018 FIFA World Cup,Brazil v Belgium,Quarter-finals,Brazil,Belgium,BRA,BEL,1.0,2.0,1-2,away team win,0.0,1.0,no,no,no,0-0,Kazan Arena,S-116,Kazan Arena,Kazan,Russia,0.0,42873.0,21:00,Milorad Mažić,,790,32,64,169,2.6,0.9565217391304348,large,101,12.0,8.0,13.0,44.0,48.0,-4.0,0.1188118811881188,-0.0396039603960396,0.4356435643564356,0.4752475247524752,10.0,-4.0,0.6,21.0,2.0,0.0952380952380952,12.0,0.0,0.0,4.0,10.0,1.0,1.0,0.25,0.1,0.15,54114.63157894737,4,1.0,5.0,5.0,0.25,1.25,1.25,0.0,20,1,0.0,-1.0,0.0,1.0,5.0,7.0,9.0,0.0,32,64,169,2.6,0.9565217391304348,large,1,5.0,7.0,9.0,0,32,64,169,2.6,0.9565217391304348,large,1703.350304295653,1430.57,43,68.0,17.0,17.0,211.0,96.0,115.0,1.5813953488372092,2.6744186046511627,4.906976744186046,2.2325581395348837,12.0,-4.0,0.8,57.0,2.0,0.0350877192982456,45.0,0.0,0.0,5.0,10.0,1.0,1.0,0.2,0.1,0.1,48187.93023255814,4,3.0,8.0,3.0,0.75,2.0,0.75,5.0,12,1,1.0,1.0,1.0,0.0,0.0,0.0,0.0,0.0,32,64,169,2.6,0.9565217391304348,large,0,0.0,0.0,0.0,0,32,64,169,2.6,0.9565217391304348,large,1551.7970640654091,1298.32,-1.4625834676490903,-119.0,-0.2,-4.47133317982961,-1.7573106147824085,-0.5,-5.0,151.55324023024357,AwayWin,215,56,176,49,10,3,159
2018,2018-07-06,WC-2018,2018 FIFA World Cup,Uruguay v France,Quarter-finals,Uruguay,France,URY,FRA,0.0,2.0,0-2,away team win,0.0,1.0,no,no,no,0-0,Nizhny Novgorod Stadium,S-119,Nizhny Novgorod Stadium,Nizhny Novgorod,Russia,0.0,43319.0,17:00,Néstor Pitana,,791,32,64,169,2.6,0.9565217391304348,large,49,19.0,9.0,16.0,63.0,65.0,-2.0,0.3877551020408163,-0.0408163265306122,1.2857142857142858,1.326530612244898,12.0,,0.8,32.0,0.0,0.0,12.0,0.0,0.0,0.0,0.0,0.0,0.0,,,,42699.08163265306,3,5.0,14.0,5.0,1.6666666666666667,4.666666666666667,1.6666666666666667,9.0,12,3,1.0,-1.0,0.3333333333333333,1.0,2.0,2.0,2.0,0.0,32,64,169,2.6,0.9565217391304348,large,1,2.0,2.0,2.0,0,32,64,169,2.6,0.9565217391304348,large,1533.6170403449748,1018.41,55,22.0,10.0,18.0,82.0,68.0,14.0,0.4,0.2545454545454545,1.490909090909091,1.2363636363636363,10.0,7.0,0.6,31.0,1.0,0.032258064516129,19.0,0.0,0.0,1.0,0.0,1.0,0.0,1.0,,,44008.09090909091,4,3.0,4.0,3.0,0.75,1.0,0.75,1.0,14,3,1.0,-1.0,0.3333333333333333,1.0,1.0,2.0,4.0,0.0,32,64,169,2.6,0.9565217391304348,large,1,1.0,2.0,4.0,0,32,64,169,2.6,0.9565217391304348,large,1605.2821935014322,1198.13,-0.0122448979591837,-16.0,0.2,-0.2051948051948051,0.0901669758812615,0.9166666666666669,8.0,-71.66515315645734,AwayWin,81,94,65,82,4,9,-13
2018,2018-07-07,WC-2018,2018 FIFA World Cup,Russia v Croatia,Quarter-finals,Russia,Croatia,RUS,HRV,2.0,2.0,2-2,away team win,0.0,1.0,no,yes,yes,3-4,Fisht Olympic Stadium,S-124,Fisht Olympic Stadium,Sochi,Russia,1.0,44287.0,21:00,Sandro Ricci,Croatia won on penalty kicks following extra time,792,32,64,169,2.6,0.9565217391304348,large,39,29.0,11.0,16.0,97.0,60.0,37.0,0.7435897435897436,0.9487179487179488,2.4871794871794872,1.5384615384615383,8.0,6.0,0.4,39.0,1.0,0.0256410256410256,17.0,0.0,0.0,1.0,1.0,1.0,0.0,1.0,0.0,1.0,46030.78947368421,2,4.0,9.0,4.0,2.0,4.5,2.0,5.0,10,0,1.0,1.0,,,,,,,32,64,169,2.6,0.9565217391304348,large,0,0.0,0.0,0.0,0,32,64,169,2.6,0.9565217391304348,large,1527.2595112332606,456.53,20,19.0,8.0,13.0,75.0,47.0,28.0,0.95,1.4,3.75,2.35,10.0,6.0,0.6,34.0,1.0,0.0294117647058823,6.0,0.0,0.0,1.0,2.0,1.0,0.0,1.0,0.0,1.0,45307.4,4,2.0,10.0,3.0,0.5,2.5,0.75,7.0,4,0,0.0,0.0,,0.0,0.0,0.0,1.0,0.0,32,64,169,2.6,0.9565217391304348,large,0,0.0,0.0,1.0,0,32,64,169,2.6,0.9565217391304348,large,1539.8838637430088,945.18,-0.2064102564102563,9.0,-0.1999999999999999,-1.2628205128205128,-0.8115384615384615,1.5,-2.0,-12.624352509748178,Draw,21,29,16,28,3,2,-8
2018,2018-07-07,WC-2018,2018 FIFA World Cup,Sweden v England,Quarter-finals,Sweden,England,SWE,ENG,0.0,2.0,0-2,away team win,0.0,1.0,no,no,no,0-0,Samara Arena,S-122,Samara Arena,Samara,Russia,0.0,39991.0,18:00,Björn Kuipers,,793,32,64,169,2.6,0.9565217391304348,large,46,10.0,4.0,7.0,31.0,21.0,10.0,0.217391304347826,0.217391304347826,0.6739130434782609,0.4565217391304347,9.0,9.0,0.6,15.0,2.0,0.1333333333333333,6.0,0.0,0.0,2.0,2.0,2.0,0.0,1.0,0.0,1.0,43659.0,4,3.0,10.0,4.0,0.75,2.5,1.0,6.0,11,2,0.0,0.0,0.0,0.0,0.0,1.0,3.0,0.0,32,64,169,2.6,0.9565217391304348,large,0,0.0,1.0,3.0,0,32,64,169,2.6,0.9565217391304348,large,1538.504467390764,879.9,60,18.0,12.0,17.0,72.0,62.0,10.0,0.3,0.1666666666666666,1.2,1.0333333333333334,8.0,10.0,0.4,28.0,2.0,0.0714285714285714,19.0,1.0,0.0526315789473684,2.0,3.0,2.0,1.0,1.0,0.3333333333333333,0.6666666666666667,45831.73333333333,4,3.0,6.0,4.0,0.75,1.5,1.0,2.0,14,2,0.0,-2.0,0.0,1.0,1.0,1.0,1.0,0.0,32,64,169,2.6,0.9565217391304348,large,1,1.0,1.0,1.0,0,32,64,169,2.6,0.9565217391304348,large,1559.6835641164955,1050.84,-0.0826086956521739,0.0,0.1999999999999999,-0.5260869565217391,-0.5768115942028986,0.0,4.0,-21.179096725731824,AwayWin,70,74,58,62,6,8,-4
2018,2018-07-10,WC-2018,2018 FIFA World Cup,France v Belgium,Semi-finals,France,Belgium,FRA,BEL,1.0,0.0,1-0,home team win,1.0,0.0,no,no,no,0-0,Krestovsky Stadium,S-121,Krestovsky Stadium,Saint Petersburg,Russia,0.0,64286.0,21:00,Andrés Cunha,,794,32,64,169,2.6,0.9565217391304348,large,56,26.0,19.0,16.0,78.0,52.0,26.0,0.4642857142857143,0.4642857142857143,1.3928571428571428,0.9285714285714286,13.0,4.0,0.8,42.0,2.0,0.0476190476190476,19.0,2.0,0.1052631578947368,2.0,4.0,2.0,2.0,1.0,0.5,0.5,43995.78571428572,5,3.0,11.0,4.0,0.6,2.2,0.8,7.0,14,1,1.0,2.0,1.0,1.0,1.0,2.0,4.0,0.0,32,64,169,2.6,0.9565217391304348,large,1,1.0,2.0,4.0,0,32,64,169,2.6,0.9565217391304348,large,1613.248268795469,1198.13,44,30.0,11.0,16.0,98.0,60.0,38.0,0.6818181818181818,0.8636363636363636,2.227272727272727,1.3636363636363635,15.0,4.0,1.0,39.0,2.0,0.0512820512820512,18.0,2.0,0.1111111111111111,2.0,5.0,2.0,2.0,1.0,0.4,0.6,48067.13636363636,5,5.0,10.0,4.0,1.0,2.0,0.8,6.0,12,1,2.0,3.0,2.0,0.0,0.0,0.0,0.0,0.0,32,64,169,2.6,0.9565217391304348,large,0,0.0,0.0,0.0,0,32,64,169,2.6,0.9565217391304348,large,1565.9020049002013,1298.32,-0.2175324675324674,-12.0,-0.1999999999999999,-0.8344155844155843,-0.4350649350649349,-0.4,1.0,47.34626389526761,HomeWin,96,58,84,51,9,3,38
2018,2018-07-11,WC-2018,2018 FIFA World Cup,Croatia v England,Semi-finals,Croatia,England,HRV,ENG,2.0,1.0,2-1,home team win,1.0,0.0,no,yes,no,0-0,Luzhniki Stadium,S-117,Luzhniki Stadium,Moscow,Russia,0.0,78011.0,21:00,Cüneyt Çakιr,Required Extra Time,795,32,64,169,2.6,0.9565217391304348,large,21,19.0,9.0,17.0,63.0,66.0,-3.0,0.9047619047619048,-0.1428571428571428,3.0,3.142857142857143,11.0,,0.6,32.0,0.0,0.0,13.0,0.0,0.0,0.0,0.0,0.0,0.0,,,,45258.80952380953,5,5.0,14.0,6.0,1.0,2.8,1.2,8.0,4,0,0.0,-3.0,,0.0,0.0,0.0,1.0,0.0,32,64,169,2.6,0.9565217391304348,large,0,0.0,0.0,1.0,0,32,64,169,2.6,0.9565217391304348,large,1539.5206654976664,945.18,61,11.0,4.0,7.0,33.0,22.0,11.0,0.180327868852459,0.180327868852459,0.5409836065573771,0.360655737704918,10.0,-4.0,0.6,15.0,0.0,0.0,7.0,0.0,0.0,0.0,1.0,0.0,0.0,,0.0,,45735.983606557376,5,4.0,12.0,5.0,0.8,2.4,1.0,7.0,14,0,1.0,1.0,,1.0,1.0,1.0,1.0,0.0,32,64,169,2.6,0.9565217391304348,large,1,1.0,1.0,1.0,0,32,64,169,2.6,0.9565217391304348,large,1569.074734645088,1050.84,0.7244340359094458,-14.0,0.0,2.459016393442623,2.782201405152225,0.1999999999999999,1.0,-29.554069147421615,HomeWin,31,76,30,64,2,8,-45
2018,2018-07-14,WC-2018,2018 FIFA World Cup,Belgium v England,Third place,Belgium,England,BEL,ENG,2.0,0.0,2-0,home team win,1.0,0.0,no,no,no,0-0,Krestovsky Stadium,S-121,Krestovsky Stadium,Saint Petersburg,Russia,0.0,64406.0,17:00,Alireza Faghani,,796,32,64,169,2.6,0.9565217391304348,large,45,26.0,19.0,17.0,79.0,54.0,25.0,0.5777777777777777,0.5555555555555556,1.7555555555555555,1.2,12.0,0.0,0.8,42.0,1.0,0.0238095238095238,20.0,0.0,0.0,0.0,2.0,0.0,1.0,,0.5,,48427.555555555555,6,3.0,12.0,6.0,0.5,2.0,1.0,6.0,12,3,0.0,-1.0,0.0,0.0,0.0,0.0,0.0,0.0,32,64,169,2.6,0.9565217391304348,large,0,0.0,0.0,0.0,0,32,64,169,2.6,0.9565217391304348,large,1557.2563665696523,1298.32,62,20.0,9.0,17.0,65.0,66.0,-1.0,0.3225806451612903,-0.0161290322580645,1.0483870967741935,1.064516129032258,7.0,1.0,0.4,32.0,2.0,0.0625,14.0,0.0,0.0,1.0,2.0,1.0,1.0,1.0,0.5,0.5,46256.54838709677,6,6.0,16.0,6.0,1.0,2.6666666666666665,1.0,10.0,14,3,2.0,2.0,0.6666666666666666,1.0,1.0,1.0,1.0,0.0,32,64,169,2.6,0.9565217391304348,large,1,1.0,1.0,1.0,0,32,64,169,2.6,0.9565217391304348,large,1558.2261459069755,1050.84,0.2551971326164874,26.0,0.4,0.707168458781362,0.1354838709677419,-0.5,-4.0,-0.9697793373231888,HomeWin,58,77,51,65,3,8,-19
2018,2018-07-15,WC-2018,2018 FIFA World Cup,France v Croatia,Final,France,Croatia,FRA,HRV,4.0,2.0,4-2,home team win,1.0,0.0,no,no,no,0-0,Luzhniki Stadium,S-117,Luzhniki Stadium,Moscow,Russia,0.0,78011.0,18:00,Néstor Pitana,,797,32,64,169,2.6,0.9565217391304348,large,57,26.0,19.0,18.0,79.0,56.0,23.0,0.4561403508771929,0.4035087719298245,1.3859649122807018,0.9824561403508772,13.0,1.0,0.8,42.0,2.0,0.0476190476190476,21.0,0.0,0.0,1.0,3.0,1.0,1.0,1.0,0.3333333333333333,0.6666666666666667,44351.75438596491,6,3.0,12.0,8.0,0.5,2.0,1.3333333333333333,4.0,14,1,1.0,-2.0,1.0,1.0,1.0,2.0,4.0,0.0,32,64,169,2.6,0.9565217391304348,large,1,1.0,2.0,4.0,0,32,64,169,2.6,0.9565217391304348,large,1621.8939071260177,1198.13,22,31.0,11.0,16.0,102.0,62.0,40.0,1.4090909090909092,1.818181818181818,4.636363636363637,2.8181818181818183,11.0,,0.6,39.0,0.0,0.0,19.0,0.0,0.0,0.0,0.0,0.0,0.0,,,,46747.545454545456,6,6.0,14.0,6.0,1.0,2.3333333333333335,1.0,8.0,4,1,2.0,3.0,2.0,0.0,0.0,0.0,1.0,0.0,32,64,169,2.6,0.9565217391304348,large,0,0.0,0.0,1.0,0,32,64,169,2.6,0.9565217391304348,large,1550.3692542357787,945.18,-0.9529505582137162,-17.0,0.2,-3.2503987240829346,-1.8357256778309412,-0.5,-4.0,71.52465289023894,HomeWin,97,33,85,32,9,2,64
2022,2022-11-20,WC-2022,2022 FIFA World Cup,Qatar v Ecuador,Group stage,Qatar,Ecuador,QAT,ECU,0.0,2.0,0-2,away team win,0.0,1.0,no,no,no,0-0,"Al Bayt Stadium, Al Khor",S-107,,Al Khor,Qatar,True,67372.0,19:00,Daniele Orsato,,798,32,64,172,2.7,1.0,large,0,11.0,4.0,8.0,35.0,26.0,9.0,,,,,,-2.0,,15.0,0.0,0.0,8.0,0.0,0.0,1.0,0.0,0.0,0.0,0.0,,,,0,4.0,14.0,9.0,,,,5.0,0,0,0.0,-3.0,,,,,,,32,64,172,2.7,1.0,large,0,0.0,0.0,0.0,0,32,64,172,2.7,1.0,large,1500.0,,9,0.0,0.0,1.0,0.0,2.0,-2.0,0.0,-0.2222222222222222,0.0,0.2222222222222222,7.0,,0.4,1.0,0.0,0.0,0.0,0.0,,0.0,0.0,0.0,0.0,,,,53097.444444444445,0,0.0,0.0,2.0,,,,-2.0,3,0,0.0,-2.0,,,,,,,32,64,172,2.7,1.0,large,0,0.0,0.0,0.0,0,32,64,172,2.7,1.0,large,1508.502659012952,,,11.0,,,,,7.0,-8.502659012952108,AwayWin,0,10,0,9,0,0,-10
2022,2022-11-21,WC-2022,2022 FIFA World Cup,England v Iran,Group stage,England,Iran,ENG,IRN,6.0,2.0,6-2,home team win,1.0,0.0,no,no,no,0-0,Khalifa International Stadium,S-110,,Al Rayyan,Qatar,False,,16:00,,,799,32,64,172,2.7,1.0,large,63,5.0,1.0,4.0,12.0,8.0,4.0,0.0793650793650793,0.0634920634920634,0.1904761904761904,0.1269841269841269,4.0,3.0,0.2,9.0,1.0,0.1111111111111111,1.0,0.0,0.0,1.0,0.0,1.0,0.0,1.0,,,46544.63492063492,0,1.0,2.0,0.0,,,,2.0,15,0,1.0,2.0,,1.0,1.0,1.0,1.0,0.0,32,64,172,2.7,1.0,large,1,1.0,1.0,1.0,0,32,64,172,2.7,1.0,large,1548.1982334863949,,15,27.0,19.0,18.0,85.0,58.0,27.0,1.8,1.8,5.666666666666667,3.8666666666666663,4.0,6.0,0.2,43.0,2.0,0.0465116279069767,21.0,0.0,0.0,2.0,0.0,2.0,0.0,1.0,,,,0,1.0,6.0,2.0,,,,4.0,5,0,1.0,4.0,,,,,,,32,64,172,2.7,1.0,large,0,0.0,0.0,0.0,0,32,64,172,2.7,1.0,large,1449.409541653132,,-1.7206349206349207,-23.0,0.0,-5.476190476190476,-3.73968253968254,,-2.0,98.78869183326265,HomeWin,77,9,65,9,8,1,68
2022,2022-11-21,WC-2022,2022 FIFA World Cup,Senegal v Netherlands,Group stage,Senegal,Netherlands,SEN,NLD,0.0,2.0,0-2,away team win,0.0,1.0,no,no,no,0-0,"Al Thumama Stadium, ath-Thumāma",S-112,,Doha,Qatar,False,41721.0,19:00,Wilton Sampaio,,800,32,64,172,2.7,1.0,large,8,2.0,4.0,10.0,11.0,30.0,-19.0,0.25,-2.375,1.375,3.75,7.0,1.0,0.4,16.0,2.0,0.125,0.0,0.0,,2.0,1.0,2.0,0.0,1.0,0.0,1.0,42603.0,0,0.0,2.0,6.0,,,,-4.0,2,0,0.0,-4.0,,,,,,,32,64,172,2.7,1.0,large,0,0.0,0.0,0.0,0,32,64,172,2.7,1.0,large,1510.3490567143813,,44,3.0,3.0,3.0,11.0,12.0,-1.0,0.0681818181818181,-0.0227272727272727,0.25,0.2727272727272727,11.0,-5.0,0.6,7.0,2.0,0.2857142857142857,2.0,0.0,0.0,2.0,2.0,2.0,0.0,1.0,0.0,1.0,52997.8,0,0.0,0.0,2.0,,,,-2.0,10,0,0.0,-2.0,,0.0,0.0,3.0,4.0,0.0,32,64,172,2.7,1.0,large,0,0.0,3.0,4.0,0,32,64,172,2.7,1.0,large,1633.5213964460186,,0.1818181818181818,-18.0,-0.1999999999999999,1.125,3.4772727272727275,,-2.0,-123.1723397316373,AwayWin,11,74,9,66,1,7,-63
2022,2022-11-21,WC-2022,2022 FIFA World Cup,United States v Wales,Group stage,United States,Wales,USA,WAL,1.0,1.0,1-1,draw,0.0,0.0,yes,no,no,0-0,"Ahmed bin Ali Stadium, Umm al-Afā'ī",S-108,,Al Rayyan,Qatar,False,43418.0,22:00,Abdulrahman Ibrahim Al Jassim,,801,32,64,172,2.7,1.0,large,32,25.0,11.0,9.0,76.0,40.0,36.0,0.78125,1.125,2.375,1.25,4.0,-7.0,0.2,27.0,2.0,0.074074074074074,18.0,0.0,0.0,2.0,3.0,2.0,0.0,1.0,0.0,1.0,42656.7,0,1.0,2.0,0.0,,,,2.0,10,0,1.0,2.0,,0.0,0.0,0.0,1.0,0.0,32,64,172,2.7,1.0,large,0,0.0,0.0,1.0,0,32,64,172,2.7,1.0,large,1443.6519197728528,,5,8.0,7.0,18.0,38.0,62.0,-24.0,1.6,-4.8,7.6,12.4,6.0,-9.0,0.2,24.0,2.0,0.0833333333333333,9.0,1.0,0.1111111111111111,3.0,3.0,3.0,0.0,1.0,0.0,1.0,17905.2,0,0.0,1.0,1.0,,,,0.0,1,0,0.0,0.0,,,,,,,32,64,172,2.7,1.0,large,0,0.0,0.0,0.0,0,32,64,172,2.7,1.0,large,1501.7809603845749,,-0.8187500000000001,60.0,0.0,-5.225,-11.15,,2.0,-58.129040611722075,Draw,37,4,35,4,2,0,33
2022,2022-11-22,WC-2022,2022 FIFA World Cup,Argentina v Saudi Arabia,Group stage,Argentina,Saudi Arabia,ARG,SAU,1.0,2.0,1-2,away team win,0.0,1.0,no,no,no,0-0,"Lusail Iconic Stadium, Lusail",S-114,,Lusail,Qatar,False,88012.0,13:00,Slavko Vinčič,,802,32,64,172,2.7,1.0,large,74,1.0,4.0,1.0,5.0,5.0,0.0,0.0135135135135135,0.0,0.0675675675675675,0.0675675675675675,4.0,-15.0,0.2,5.0,2.0,0.4,1.0,1.0,1.0,3.0,4.0,3.0,0.0,1.0,0.0,1.0,51257.514285714286,0,0.0,1.0,1.0,,,,0.0,17,0,0.0,0.0,,1.0,2.0,5.0,5.0,0.0,32,64,172,2.7,1.0,large,1,2.0,5.0,5.0,0,32,64,172,2.7,1.0,large,1608.761756111709,,16,41.0,12.0,22.0,127.0,88.0,39.0,2.5625,2.4375,7.9375,5.5,3.0,-14.0,0.2,54.0,2.0,0.037037037037037,21.0,1.0,0.0476190476190476,4.0,4.0,3.0,0.0,0.75,0.0,0.75,53710.6875,0,0.0,1.0,2.0,,,,-1.0,5,0,0.0,-1.0,,,,,,,32,64,172,2.7,1.0,large,0,0.0,0.0,0.0,0,32,64,172,2.7,1.0,large,1435.923867048652,,-2.5489864864864864,-39.0,0.0,-7.869932432432432,-5.4324324324324325,,1.0,172.837889063057,AwayWin,124,11,98,11,8,4,113
2022,2022-11-22,WC-2022,2022 FIFA World Cup,Denmark v Tunisia,Group stage,Denmark,Tunisia,DNK,TUN,0.0,0.0,0-0,draw,0.0,0.0,yes,no,no,0-0,"Education City Stadium, Doha",S-109,,Al Rayyan,Qatar,False,42925.0,16:00,César Arturo Ramos,,803,32,64,172,2.7,1.0,large,19,4.0,2.0,11.0,13.0,40.0,-27.0,0.2105263157894736,-1.4210526315789471,0.6842105263157895,2.1052631578947367,6.0,-9.0,0.2,16.0,2.0,0.125,1.0,1.0,1.0,4.0,5.0,3.0,0.0,0.75,0.0,0.75,43796.63157894737,0,1.0,2.0,1.0,,,,1.0,5,0,1.0,1.0,,,,,,,32,64,172,2.7,1.0,large,0,0.0,0.0,0.0,0,32,64,172,2.7,1.0,large,1523.561317836916,,13,8.0,6.0,6.0,28.0,26.0,2.0,0.6153846153846154,0.1538461538461538,2.1538461538461537,2.0,3.0,-8.0,0.2,15.0,2.0,0.1333333333333333,5.0,1.0,0.2,4.0,6.0,3.0,0.0,0.75,0.0,0.75,44629.692307692305,0,0.0,0.0,0.0,,,,0.0,5,0,0.0,0.0,,,,,,,32,64,172,2.7,1.0,large,0,0.0,0.0,0.0,0,32,64,172,2.7,1.0,large,1452.4723014375909,,-0.4048582995951417,-29.0,0.0,-1.4696356275303644,0.1052631578947367,,1.0,71.08901639932537,Draw,28,13,25,13,3,2,15
2022,2022-11-22,WC-2022,2022 FIFA World Cup,France v Australia,Group stage,France,Australia,FRA,AUS,4.0,1.0,4-1,home team win,1.0,0.0,no,no,no,0-0,"Al Janoub Stadium, Al Wakrah",S-111,,Al Wakrah,Qatar,False,40875.0,22:00,Victor Gomes,,804,32,64,172,2.7,1.0,large,58,2.0,4.0,8.0,13.0,23.0,-10.0,0.0344827586206896,-0.1724137931034483,0.2241379310344827,0.396551724137931,13.0,-9.0,0.8,14.0,2.0,0.1428571428571428,0.0,1.0,,5.0,6.0,3.0,0.0,0.6,0.0,0.6,44932.08620689655,0,0.0,0.0,0.0,,,,0.0,15,1,0.0,0.0,0.0,1.0,2.0,3.0,5.0,1.0,32,64,172,2.7,1.0,large,1,2.0,3.0,5.0,1,32,64,172,2.7,1.0,large,1629.8638593704495,,15,32.0,11.0,16.0,106.0,63.0,43.0,2.1333333333333333,2.8666666666666667,7.066666666666666,4.2,1.0,-5.0,0.0,40.0,3.0,0.075,19.0,1.0,0.0526315789473684,6.0,6.0,4.0,0.0,0.6666666666666666,0.0,0.6666666666666666,43665.28571428572,0,1.0,4.0,1.0,,,,3.0,5,1,2.0,4.0,2.0,,,,,,32,64,172,2.7,1.0,large,0,0.0,0.0,0.0,0,32,64,172,2.7,1.0,large,1456.30827055456,,-2.098850574712644,-53.0,0.8,-6.842528735632183,-3.803448275862069,,-3.0,173.55558881588968,HomeWin,101,13,89,12,10,4,88
2022,2022-11-22,WC-2022,2022 FIFA World Cup,Mexico v Poland,Group stage,Mexico,Poland,MEX,POL,0.0,0.0,0-0,draw,0.0,0.0,yes,no,no,0-0,"Stadium 974, Doha",S-113,,Doha,Qatar,False,39369.0,19:00,Chris Beath,,805,32,64,172,2.7,1.0,large,51,2.0,4.0,10.0,14.0,32.0,-18.0,0.0392156862745098,-0.3529411764705882,0.2745098039215686,0.6274509803921569,6.0,-2.0,0.4,15.0,3.0,0.2,1.0,1.0,1.0,7.0,6.0,4.0,0.0,0.5714285714285714,0.0,0.5714285714285714,46458.22,0,0.0,1.0,4.0,,,,-3.0,16,1,0.0,-4.0,0.0,,,,,,32,64,172,2.7,1.0,large,0,0.0,0.0,0.0,0,32,64,172,2.7,1.0,large,1489.9825216608444,,30,14.0,13.0,25.0,56.0,87.0,-31.0,0.4666666666666667,-1.0333333333333334,1.8666666666666667,2.9,6.0,-3.0,0.4,41.0,3.0,0.073170731707317,11.0,1.0,0.0909090909090909,7.0,7.0,4.0,0.0,0.5714285714285714,0.0,0.5714285714285714,38452.26666666667,0,0.0,0.0,0.0,,,,0.0,8,1,0.0,-2.0,0.0,0.0,0.0,0.0,2.0,0.0,32,64,172,2.7,1.0,large,0,0.0,0.0,2.0,0,32,64,172,2.7,1.0,large,1513.0702593281378,,-0.4274509803921569,13.0,0.0,-1.5921568627450982,-2.272549019607843,,-3.0,-23.087737667293368,Draw,56,45,51,34,10,2,11
2022,2022-11-23,WC-2022,2022 FIFA World Cup,Belgium v Canada,Group stage,Belgium,Canada,BEL,CAN,1.0,0.0,1-0,home team win,1.0,0.0,no,no,no,0-0,"Ahmed bin Ali Stadium, Umm al-Afā'ī",S-108,,Al Rayyan,Qatar,False,40432.0,22:00,Janny Sikazwe,,806,32,64,172,2.7,1.0,large,46,15.0,4.0,12.0,45.0,44.0,1.0,0.3260869565217391,0.0217391304347826,0.9782608695652174,0.9565217391304348,12.0,-3.0,0.8,26.0,3.0,0.1153846153846153,5.0,1.0,0.2,8.0,7.0,4.0,0.0,0.5,0.0,0.5,48774.913043478264,0,0.0,0.0,0.0,,,,0.0,13,0,1.0,2.0,,0.0,0.0,0.0,1.0,0.0,32,64,172,2.7,1.0,large,0,0.0,0.0,1.0,0,32,64,172,2.7,1.0,large,1567.2842789902336,,3,21.0,9.0,17.0,66.0,66.0,0.0,7.0,0.0,22.0,22.0,0.0,-4.0,0.0,33.0,3.0,0.0909090909090909,14.0,1.0,0.0714285714285714,9.0,7.0,4.0,0.0,0.4444444444444444,0.0,0.4444444444444444,31166.666666666668,0,1.0,1.0,0.0,,,,1.0,1,0,1.0,1.0,,,,,,,32,64,172,2.7,1.0,large,0,0.0,0.0,0.0,0,32,64,172,2.7,1.0,large,1472.2090446916588,,-6.673913043478261,1.0,0.8,-21.02173913043478,-21.043478260869566,,-1.0,95.07523429857474,HomeWin,60,0,53,0,3,0,60
2022,2022-11-23,WC-2022,2022 FIFA World Cup,Germany v Japan,Group stage,Germany,Japan,DEU,JPN,1.0,2.0,1-2,away team win,0.0,1.0,no,no,no,0-0,"Khalifa International Stadium, Doha",S-110,,Al Rayyan,Qatar,False,42608.0,16:00,Iván Barton,,807,32,64,172,2.7,1.0,large,45,0.0,0.0,4.0,0.0,6.0,-6.0,0.0,-0.1333333333333333,0.0,0.1333333333333333,9.0,-4.0,0.6,4.0,4.0,1.0,0.0,1.0,,10.0,7.0,5.0,0.0,0.5,0.0,0.5,49057.25581395349,0,0.0,0.0,1.0,,,,-1.0,9,0,0.0,-1.0,,1.0,1.0,2.0,5.0,0.0,32,64,172,2.7,1.0,large,1,1.0,2.0,5.0,0,32,64,172,2.7,1.0,large,1632.4781441948228,,20,29.0,6.0,11.0,92.0,50.0,42.0,1.45,2.1,4.6,2.5,4.0,-3.0,0.2,21.0,4.0,0.1904761904761904,25.0,1.0,0.04,10.0,8.0,5.0,0.0,0.5,0.0,0.5,43094.27777777778,0,0.0,1.0,2.0,,,,-1.0,6,0,0.0,-1.0,,,,,,,32,64,172,2.7,1.0,large,0,0.0,0.0,0.0,0,32,64,172,2.7,1.0,large,1455.6384286938617,,-1.45,-48.0,0.3999999999999999,-4.6,-2.3666666666666667,,0.0,176.83971550096112,AwayWin,94,18,77,18,2,1,76
2022,2022-11-23,WC-2022,2022 FIFA World Cup,Morocco v Croatia,Group stage,Morocco,Croatia,MAR,HRV,0.0,0.0,0-0,draw,0.0,0.0,yes,no,no,0-0,"Al Bayt Stadium, Al Khor",S-107,,Al Khor,Qatar,False,59407.0,13:00,Fernando Rapallini,,808,32,64,172,2.7,1.0,large,14,5.0,5.0,11.0,20.0,30.0,-10.0,0.3571428571428571,-0.7142857142857143,1.4285714285714286,2.142857142857143,4.0,-3.0,0.2,18.0,4.0,0.2222222222222222,3.0,1.0,0.3333333333333333,10.0,9.0,5.0,0.0,0.5,0.0,0.5,39099.15384615384,0,1.0,2.0,1.0,,,,1.0,5,0,1.0,1.0,,,,,,,32,64,172,2.7,1.0,large,0,0.0,0.0,0.0,0,32,64,172,2.7,1.0,large,1464.5768194266452,,23,2.0,6.0,7.0,13.0,19.0,-6.0,0.0869565217391304,-0.2608695652173913,0.5652173913043478,0.8260869565217391,8.0,0.0,0.4,15.0,4.0,0.2666666666666666,0.0,2.0,,10.0,10.0,5.0,1.0,0.5,0.1,0.4,48106.82608695652,0,0.0,0.0,0.0,,,,0.0,5,0,0.0,0.0,,0.0,0.0,1.0,2.0,0.0,32,64,172,2.7,1.0,large,0,0.0,1.0,2.0,0,32,64,172,2.7,1.0,large,1542.3993019913466,,0.2701863354037267,-4.0,-0.2,0.8633540372670808,1.3167701863354035,,1.0,-77.82248256470143,Draw,13,35,11,34,0,2,-22
2022,2022-11-23,WC-2022,2022 FIFA World Cup,Spain v Costa Rica,Group stage,Spain,Costa Rica,ESP,CRI,7.0,0.0,7-0,home team win,1.0,0.0,no,no,no,0-0,"Al Thumama Stadium, ath-Thumāma",S-112,,Doha,Qatar,False,40013.0,19:00,Mohammed Abdulla Hassan,,809,32,64,172,2.7,1.0,large,59,11.0,5.0,8.0,35.0,26.0,9.0,0.1864406779661017,0.1525423728813559,0.5932203389830508,0.4406779661016949,8.0,0.0,0.4,16.0,4.0,0.25,8.0,2.0,0.25,10.0,11.0,5.0,1.0,0.5,0.0909090909090909,0.409090909090909,43927.75438596491,0,0.0,0.0,0.0,,,,0.0,15,0,0.0,0.0,,1.0,1.0,1.0,1.0,0.0,32,64,172,2.7,1.0,large,1,1.0,1.0,1.0,0,32,64,172,2.7,1.0,large,1596.1089466382527,,18,31.0,13.0,16.0,103.0,67.0,36.0,1.7222222222222223,2.0,5.722222222222222,3.7222222222222223,3.0,-4.0,0.0,40.0,4.0,0.1,20.0,2.0,0.1,11.0,11.0,5.0,1.0,0.4545454545454545,0.0909090909090909,0.3636363636363636,47604.4375,0,1.0,7.0,0.0,,,,7.0,5,0,1.0,7.0,,,,,,,32,64,172,2.7,1.0,large,0,0.0,0.0,0.0,0,32,64,172,2.7,1.0,large,1493.130980091737,,-1.535781544256121,-27.0,0.4,-5.129001883239171,-3.2815442561205272,,-7.0,102.97796654651574,HomeWin,97,19,81,18,15,0,78
2022,2022-11-24,WC-2022,2022 FIFA World Cup,Brazil v Serbia,Group stage,Brazil,Serbia,BRA,SRB,2.0,0.0,2-0,home team win,1.0,0.0,no,no,no,0-0,"Lusail Iconic Stadium, Lusail",S-114,,Lusail,Qatar,False,88103.0,22:00,Alireza Faghani,,810,32,64,172,2.7,1.0,large,102,5.0,5.0,9.0,19.0,35.0,-16.0,0.0490196078431372,-0.1568627450980392,0.1862745098039215,0.3431372549019608,10.0,-4.0,0.6,16.0,4.0,0.25,3.0,2.0,0.6666666666666666,11.0,12.0,5.0,1.0,0.4545454545454545,0.0833333333333333,0.3712121212121212,53997.53125,0,0.0,0.0,7.0,,,,-7.0,21,1,0.0,-7.0,0.0,1.0,5.0,7.0,9.0,0.0,32,64,172,2.7,1.0,large,1,5.0,7.0,9.0,0,32,64,172,2.7,1.0,large,1689.2453634608603,,6,69.0,17.0,17.0,213.0,96.0,117.0,11.5,19.5,35.5,16.0,6.0,-3.0,0.4,58.0,4.0,0.0689655172413793,45.0,2.0,0.0444444444444444,11.0,13.0,5.0,1.0,0.4545454545454545,0.0769230769230769,0.3776223776223776,38958.666666666664,0,1.0,2.0,0.0,,,,2.0,2,1,2.0,4.0,2.0,,,,,,32,64,172,2.7,1.0,large,0,0.0,0.0,0.0,0,32,64,172,2.7,1.0,large,1488.37975434257,,-11.450980392156865,-133.0,0.1999999999999999,-35.31372549019608,-15.65686274509804,,-9.0,200.86560911829065,HomeWin,216,4,177,4,10,0,212
2022,2022-11-24,WC-2022,2022 FIFA World Cup,Portugal v Ghana,Group stage,Portugal,Ghana,PRT,GHA,3.0,2.0,3-2,home team win,1.0,0.0,no,no,no,0-0,"Stadium 974, Doha",S-113,,Doha,Qatar,False,42662.0,19:00,Ismail Elfath,,811,32,64,172,2.7,1.0,large,29,2.0,0.0,5.0,4.0,9.0,-5.0,0.0689655172413793,-0.1724137931034483,0.1379310344827586,0.3103448275862069,8.0,-5.0,0.4,7.0,4.0,0.5714285714285714,0.0,2.0,,11.0,14.0,5.0,1.0,0.4545454545454545,0.0714285714285714,0.3831168831168831,49741.166666666664,0,0.0,0.0,2.0,,,,-2.0,7,1,0.0,-4.0,0.0,0.0,0.0,0.0,1.0,0.0,32,64,172,2.7,1.0,large,0,0.0,0.0,1.0,0,32,64,172,2.7,1.0,large,1540.9349470688069,,12,15.0,6.0,9.0,52.0,36.0,16.0,1.25,1.3333333333333333,4.333333333333333,3.0,5.0,-4.0,0.2,21.0,4.0,0.1904761904761904,9.0,2.0,0.2222222222222222,11.0,15.0,5.0,1.0,0.4545454545454545,0.0666666666666666,0.3878787878787879,53079.166666666664,0,1.0,3.0,2.0,,,,1.0,3,1,2.0,2.0,2.0,,,,,,32,64,172,2.7,1.0,large,0,0.0,0.0,0.0,0,32,64,172,2.7,1.0,large,1498.603937864734,,-1.1810344827586208,-21.0,0.2,-4.195402298850574,-2.689655172413793,,-3.0,42.33100920407264,HomeWin,47,13,37,13,6,3,34
2022,2022-11-24,WC-2022,2022 FIFA World Cup,Switzerland v Cameroon,Group stage,Switzerland,Cameroon,CHE,CMR,1.0,0.0,1-0,home team win,1.0,0.0,no,no,no,0-0,"Al Janoub Stadium, Al Wakrah",S-111,,Al Wakrah,Qatar,False,39089.0,13:00,Facundo Tello,,812,32,64,172,2.7,1.0,large,33,4.0,3.0,6.0,15.0,19.0,-4.0,0.1212121212121212,-0.1212121212121212,0.4545454545454545,0.5757575757575758,5.0,0.0,0.2,10.0,5.0,0.5,3.0,2.0,0.6666666666666666,12.0,15.0,6.0,1.0,0.5,0.0666666666666666,0.4333333333333333,43346.181818181816,0,0.0,2.0,3.0,,,,-1.0,11,0,0.0,-2.0,,,,,,,32,64,172,2.7,1.0,large,0,0.0,0.0,0.0,0,32,64,172,2.7,1.0,large,1506.5421351371126,,21,13.0,8.0,13.0,45.0,48.0,-3.0,0.6190476190476191,-0.1428571428571428,2.142857142857143,2.2857142857142856,0.0,-1.0,0.0,22.0,5.0,0.2272727272727272,12.0,2.0,0.1666666666666666,13.0,15.0,6.0,1.0,0.4615384615384615,0.0666666666666666,0.3948717948717949,45566.0,0,1.0,1.0,0.0,,,,1.0,7,0,1.0,1.0,,,,,,,32,64,172,2.7,1.0,large,0,0.0,0.0,0.0,0,32,64,172,2.7,1.0,large,1453.819081675685,,-0.4978354978354978,-1.0,0.2,-1.6883116883116882,-1.70995670995671,,-2.0,52.723053461427526,HomeWin,55,15,40,13,0,1,40
2022,2022-11-24,WC-2022,2022 FIFA World Cup,Uruguay v South Korea,Group stage,Uruguay,South Korea,URY,KOR,0.0,0.0,0-0,draw,0.0,0.0,yes,no,no,0-0,"Education City Stadium, Doha",S-109,,Al Rayyan,Qatar,False,41663.0,16:00,Clément Turpin,,813,32,64,172,2.7,1.0,large,50,4.0,7.0,11.0,15.0,37.0,-22.0,0.08,-0.44,0.3,0.74,9.0,1.0,0.6,21.0,6.0,0.2857142857142857,1.0,2.0,2.0,13.0,16.0,6.0,2.0,0.4615384615384615,0.125,0.3365384615384615,42711.48,0,0.0,0.0,1.0,,,,-1.0,13,2,0.0,-1.0,0.0,1.0,2.0,2.0,2.0,0.0,32,64,172,2.7,1.0,large,1,2.0,2.0,2.0,0,32,64,172,2.7,1.0,large,1525.650965050938,,31,22.0,11.0,18.0,82.0,68.0,14.0,0.7096774193548387,0.4516129032258064,2.6451612903225805,2.193548387096774,3.0,1.0,0.2,32.0,6.0,0.1875,19.0,2.0,0.1052631578947368,14.0,16.0,6.0,2.0,0.4285714285714285,0.125,0.3035714285714285,44982.1724137931,0,0.0,0.0,0.0,,,,0.0,10,2,2.0,2.0,1.0,,,,,,32,64,172,2.7,1.0,large,0,0.0,0.0,0.0,0,32,64,172,2.7,1.0,large,1427.8036577651646,,-0.6296774193548388,-36.0,0.3999999999999999,-2.3451612903225807,-1.453548387096774,,-1.0,97.84730728577348,Draw,81,33,65,33,4,0,48
2022,2022-11-25,WC-2022,2022 FIFA World Cup,England v United States,Group stage,England,United States,ENG,USA,0.0,0.0,0-0,draw,0.0,0.0,yes,no,no,0-0,"Al Bayt Stadium, Al Khor",S-107,,Al Khor,Qatar,False,68463.0,22:00,Jesús Valenzuela,,814,32,64,172,2.7,1.0,large,64,5.0,9.0,18.0,33.0,69.0,-36.0,0.078125,-0.5625,0.515625,1.078125,7.0,0.0,0.4,29.0,6.0,0.2068965517241379,3.0,2.0,0.6666666666666666,15.0,16.0,6.0,2.0,0.4,0.125,0.275,46544.63492063492,1,0.0,0.0,0.0,0.0,0.0,0.0,0.0,15,2,0.0,-2.0,0.0,1.0,1.0,1.0,1.0,0.0,32,64,172,2.7,1.0,large,1,1.0,1.0,1.0,0,32,64,172,2.7,1.0,large,1555.4290931243877,,33,27.0,20.0,18.0,85.0,58.0,27.0,0.8181818181818182,0.8181818181818182,2.5757575757575757,1.7575757575757576,5.0,-2.0,0.2,44.0,6.0,0.1363636363636363,21.0,2.0,0.0952380952380952,15.0,17.0,6.0,2.0,0.4,0.1176470588235294,0.2823529411764706,42681.25806451613,1,1.0,6.0,2.0,1.0,6.0,2.0,4.0,10,2,0.0,-1.0,0.0,0.0,0.0,0.0,1.0,0.0,32,64,172,2.7,1.0,large,0,0.0,0.0,1.0,0,32,64,172,2.7,1.0,large,1445.3095697259096,,-0.7400568181818182,-63.0,0.2,-2.0601325757575757,-0.6794507575757576,-1.0,-4.0,110.11952339847812,Draw,83,38,70,36,8,2,45
2022,2022-11-25,WC-2022,2022 FIFA World Cup,Netherlands v Ecuador,Group stage,Netherlands,Ecuador,NLD,ECU,1.0,1.0,1-1,draw,0.0,0.0,yes,no,no,0-0,"Khalifa International Stadium, Doha",S-110,,Al Rayyan,Qatar,False,44833.0,19:00,Mustapha Ghorbal,,815,32,64,172,2.7,1.0,large,45,8.0,8.0,18.0,38.0,62.0,-24.0,0.1777777777777777,-0.5333333333333333,0.8444444444444444,1.3777777777777778,11.0,-1.0,0.6,25.0,6.0,0.24,9.0,2.0,0.2222222222222222,16.0,17.0,6.0,2.0,0.375,0.1176470588235294,0.2573529411764705,52722.756097560974,1,0.0,1.0,1.0,0.0,1.0,1.0,0.0,10,0,1.0,1.0,,0.0,0.0,3.0,4.0,0.0,32,64,172,2.7,1.0,large,0,0.0,3.0,4.0,0,32,64,172,2.7,1.0,large,1640.1176297775835,,10,25.0,12.0,9.0,77.0,41.0,36.0,2.5,3.6,7.7,4.1,7.0,-2.0,0.4,28.0,6.0,0.2142857142857142,18.0,2.0,0.1111111111111111,16.0,18.0,6.0,2.0,0.375,0.1111111111111111,0.2638888888888889,54524.9,1,1.0,3.0,1.0,1.0,3.0,1.0,2.0,3,0,0.0,0.0,,,,,,,32,64,172,2.7,1.0,large,0,0.0,0.0,0.0,0,32,64,172,2.7,1.0,large,1518.2579816588263,,-2.3222222222222224,-60.0,0.1999999999999999,-6.855555555555556,-2.722222222222222,-1.0,-2.0,121.85964811875716,Draw,76,12,68,10,7,1,64
2022,2022-11-25,WC-2022,2022 FIFA World Cup,Qatar v Senegal,Group stage,Qatar,Senegal,QAT,SEN,1.0,3.0,1-3,away team win,0.0,1.0,no,no,no,0-0,"Al Thumama Stadium, ath-Thumāma",S-112,,Doha,Qatar,True,41797.0,16:00,Antonio Matéu,,816,32,64,172,2.7,1.0,large,1,5.0,2.0,4.0,13.0,9.0,4.0,5.0,4.0,13.0,9.0,0.0,-1.0,0.0,10.0,7.0,0.7,1.0,2.0,2.0,16.0,19.0,6.0,3.0,0.375,0.1578947368421052,0.2171052631578947,67372.0,1,1.0,3.0,1.0,1.0,3.0,1.0,2.0,0,0,0.0,0.0,,,,,,,32,64,172,2.7,1.0,large,0,0.0,0.0,0.0,0,32,64,172,2.7,1.0,large,1490.2446773541258,,9,0.0,0.0,2.0,1.0,5.0,-4.0,0.0,-0.4444444444444444,0.1111111111111111,0.5555555555555556,4.0,,0.2,2.0,0.0,0.0,0.0,0.0,,0.0,0.0,0.0,0.0,,,,42492.75,1,0.0,1.0,5.0,0.0,1.0,5.0,-4.0,2,0,0.0,-2.0,,,,,,,32,64,172,2.7,1.0,large,0,0.0,0.0,0.0,0,32,64,172,2.7,1.0,large,1503.7528233828164,,5.0,8.0,-0.2,12.88888888888889,8.444444444444445,1.0,6.0,-13.50814602869059,AwayWin,0,11,0,9,0,1,-11
2022,2022-11-25,WC-2022,2022 FIFA World Cup,,group stage,Wales,Iran,WAL,IRN,0.0,2.0,0-2,away team win,0.0,1.0,no,no,no,0-0,Ahmad bin Ali Stadium,S-108,,Al Rayyan,Qatar,,,13:00,,,817,32,64,172,2.7,1.0,large,6,4.0,3.0,3.0,14.0,13.0,1.0,0.6666666666666666,0.1666666666666666,2.3333333333333335,2.1666666666666665,6.0,1.0,0.2,8.0,1.0,0.125,2.0,0.0,0.0,1.0,0.0,1.0,0.0,1.0,,,22157.333333333332,1,1.0,3.0,3.0,1.0,3.0,3.0,0.0,1,0,1.0,2.0,,,,,,,32,64,172,2.7,1.0,large,0,0.0,0.0,0.0,0,32,64,172,2.7,1.0,large,1500.123310431518,,16,1.0,4.0,2.0,5.0,7.0,-2.0,0.0625,-0.125,0.3125,0.4375,4.0,5.0,0.2,6.0,2.0,0.3333333333333333,1.0,0.0,0.0,2.0,0.0,2.0,0.0,1.0,,,,1,0.0,1.0,3.0,0.0,1.0,3.0,-2.0,5,0,0.0,-2.0,,,,,,,32,64,172,2.7,1.0,large,0,0.0,0.0,0.0,0,32,64,172,2.7,1.0,large,1442.178682015139,,0.6041666666666666,3.0,0.0,2.0208333333333335,1.7291666666666663,1.0,2.0,57.944628416379146,AwayWin,5,11,5,10,1,2,-6
2022,2022-11-26,WC-2022,2022 FIFA World Cup,Argentina v Mexico,Group stage,Argentina,Mexico,ARG,MEX,2.0,0.0,2-0,home team win,1.0,0.0,no,no,no,0-0,"Lusail Iconic Stadium, Lusail",S-114,,Lusail,Qatar,False,88966.0,22:00,Daniele Orsato,,818,32,64,172,2.7,1.0,large,75,3.0,4.0,10.0,13.0,30.0,-17.0,0.04,-0.2266666666666666,0.1733333333333333,0.4,4.0,10.0,0.2,17.0,2.0,0.1176470588235294,0.0,1.0,,3.0,0.0,3.0,0.0,1.0,,,51775.18309859155,1,1.0,4.0,6.0,1.0,4.0,6.0,-2.0,17,3,1.0,2.0,0.3333333333333333,1.0,2.0,5.0,5.0,0.0,32,64,172,2.7,1.0,large,1,2.0,5.0,5.0,0,32,64,172,2.7,1.0,large,1594.1605251450371,,52,42.0,12.0,22.0,129.0,88.0,41.0,0.8076923076923077,0.7884615384615384,2.480769230769231,1.6923076923076923,7.0,12.0,0.4,55.0,2.0,0.0363636363636363,21.0,2.0,0.0952380952380952,4.0,0.0,4.0,0.0,1.0,,,46319.21568627451,1,1.0,3.0,2.0,1.0,3.0,2.0,1.0,16,3,4.0,8.0,1.3333333333333333,,,,,,32,64,172,2.7,1.0,large,0,0.0,0.0,0.0,0,32,64,172,2.7,1.0,large,1490.646063755104,,-0.7676923076923077,-58.0,-0.2,-2.3074358974358975,-1.2923076923076922,0.0,-3.0,103.5144613899331,HomeWin,125,56,99,51,9,10,69
2022,2022-11-26,WC-2022,2022 FIFA World Cup,France v Denmark,Group stage,France,Denmark,FRA,DNK,2.0,1.0,2-1,home team win,1.0,0.0,no,no,no,0-0,"Stadium 974, Doha",S-113,,Doha,Qatar,False,42860.0,19:00,Szymon Marciniak,,819,32,64,172,2.7,1.0,large,59,14.0,13.0,26.0,56.0,89.0,-33.0,0.2372881355932203,-0.559322033898305,0.9491525423728814,1.5084745762711864,15.0,20.0,1.0,42.0,2.0,0.0476190476190476,11.0,3.0,0.2727272727272727,5.0,0.0,5.0,0.0,1.0,,,44863.32203389831,1,0.0,0.0,2.0,0.0,0.0,2.0,-2.0,15,3,0.0,-8.0,0.0,1.0,2.0,3.0,5.0,1.0,32,64,172,2.7,1.0,large,1,2.0,3.0,5.0,1,32,64,172,2.7,1.0,large,1635.2463602035712,,20,33.0,11.0,16.0,108.0,64.0,44.0,1.65,2.2,5.4,3.2,7.0,19.0,0.2,41.0,2.0,0.048780487804878,19.0,3.0,0.1578947368421052,6.0,0.0,5.0,0.0,0.8333333333333334,,,43753.05,1,2.0,6.0,2.0,2.0,6.0,2.0,4.0,5,3,2.0,0.0,0.6666666666666666,,,,,,32,64,172,2.7,1.0,large,0,0.0,0.0,0.0,0,32,64,172,2.7,1.0,large,1521.543295033448,,-1.4127118644067795,-77.0,0.8,-4.450847457627119,-1.6915254237288138,-2.0,-6.0,113.70306517012318,HomeWin,105,28,92,25,10,3,77
2022,2022-11-26,WC-2022,2022 FIFA World Cup,Poland v Saudi Arabia,Group stage,Poland,Saudi Arabia,POL,SAU,2.0,0.0,2-0,home team win,1.0,0.0,no,no,no,0-0,"Education City Stadium, Doha",S-109,,Al Rayyan,Qatar,False,44259.0,16:00,Wilton Sampaio,,820,32,64,172,2.7,1.0,large,31,8.0,6.0,7.0,29.0,28.0,1.0,0.2580645161290322,0.032258064516129,0.935483870967742,0.9032258064516128,7.0,16.0,0.4,16.0,2.0,0.125,5.0,4.0,0.8,7.0,0.0,6.0,0.0,0.8571428571428571,,,38481.83870967742,1,0.0,1.0,2.0,0.0,1.0,2.0,-1.0,8,0,1.0,0.0,,0.0,0.0,0.0,2.0,0.0,32,64,172,2.7,1.0,large,0,0.0,0.0,2.0,0,32,64,172,2.7,1.0,large,1512.4067172338782,,17,16.0,4.0,12.0,47.0,44.0,3.0,0.9411764705882352,0.1764705882352941,2.764705882352941,2.588235294117647,6.0,12.0,0.4,27.0,2.0,0.074074074074074,5.0,5.0,1.0,8.0,0.0,7.0,0.0,0.875,,,55728.41176470588,1,1.0,2.0,0.0,1.0,2.0,0.0,2.0,5,0,1.0,2.0,,,,,,,32,64,172,2.7,1.0,large,0,0.0,0.0,0.0,0,32,64,172,2.7,1.0,large,1450.525098015324,,-0.683111954459203,-2.0,0.0,-1.8292220113851991,-1.6850094876660342,-1.0,-3.0,61.881619218554306,HomeWin,45,13,34,13,2,4,32
2022,2022-11-26,WC-2022,2022 FIFA World Cup,Tunisia v Australia,Group stage,Tunisia,Australia,TUN,AUS,0.0,1.0,0-1,away team win,0.0,1.0,no,no,no,0-0,"Al Janoub Stadium, Al Wakrah",S-111,,Al Wakrah,Qatar,False,41823.0,13:00,Daniel Siebert,,821,32,64,172,2.7,1.0,large,14,4.0,2.0,12.0,13.0,42.0,-29.0,0.2857142857142857,-2.0714285714285716,0.9285714285714286,3.0,4.0,12.0,0.2,17.0,3.0,0.1764705882352941,1.0,5.0,5.0,9.0,0.0,8.0,0.0,0.8888888888888888,,,44507.92857142857,1,1.0,2.0,3.0,1.0,2.0,3.0,-1.0,5,0,0.0,-2.0,,,,,,,32,64,172,2.7,1.0,large,0,0.0,0.0,0.0,0,32,64,172,2.7,1.0,large,1454.4903242410587,,16,2.0,4.0,9.0,13.0,24.0,-11.0,0.125,-0.6875,0.8125,1.5,1.0,11.0,0.0,15.0,4.0,0.2666666666666666,0.0,5.0,,10.0,0.0,9.0,0.0,0.9,,,43479.26666666667,1,0.0,0.0,1.0,0.0,0.0,1.0,-1.0,5,0,0.0,-1.0,,,,,,,32,64,172,2.7,1.0,large,0,0.0,0.0,0.0,0,32,64,172,2.7,1.0,large,1450.9257697214389,,0.1607142857142857,-18.0,0.2,0.1160714285714286,1.5,1.0,0.0,3.56455451962006,AwayWin,13,14,13,13,2,4,-1
2022,2022-11-27,WC-2022,2022 FIFA World Cup,Belgium v Morocco,Group stage,Belgium,Morocco,BEL,MAR,0.0,2.0,0-2,away team win,0.0,1.0,no,no,no,0-0,"Al Thumama Stadium, ath-Thumāma",S-112,,Doha,Qatar,False,43738.0,16:00,César Arturo Ramos,,822,32,64,172,2.7,1.0,large,47,3.0,4.0,10.0,15.0,32.0,-17.0,0.0638297872340425,-0.3617021276595745,0.3191489361702128,0.6808510638297872,12.0,13.0,0.8,16.0,4.0,0.25,1.0,6.0,6.0,11.0,0.0,10.0,0.0,0.9090909090909092,,,48597.40425531915,1,1.0,2.0,4.0,1.0,2.0,4.0,-2.0,13,1,1.0,1.0,1.0,0.0,0.0,0.0,1.0,0.0,32,64,172,2.7,1.0,large,0,0.0,0.0,1.0,0,32,64,172,2.7,1.0,large,1574.6141138448993,,15,21.0,9.0,18.0,66.0,68.0,-2.0,1.4,-0.1333333333333333,4.4,4.533333333333333,5.0,10.0,0.2,34.0,4.0,0.1176470588235294,14.0,6.0,0.4285714285714285,11.0,1.0,10.0,0.0,0.9090909090909092,0.0,0.9090909090909092,40549.71428571428,1,1.0,1.0,2.0,1.0,1.0,2.0,-1.0,5,1,1.0,-1.0,1.0,,,,,,32,64,172,2.7,1.0,large,0,0.0,0.0,0.0,0,32,64,172,2.7,1.0,large,1466.780007063917,,-1.3361702127659574,-15.0,0.6000000000000001,-4.080851063829788,-3.852482269503546,0.0,-1.0,107.8341067809822,AwayWin,61,13,54,11,3,0,48
2022,2022-11-27,WC-2022,2022 FIFA World Cup,Croatia v Canada,Group stage,Croatia,Canada,HRV,CAN,4.0,1.0,4-1,home team win,1.0,0.0,no,no,no,0-0,"Khalifa International Stadium, Doha",S-110,,Al Rayyan,Qatar,False,44374.0,19:00,Andrés Matonte,,823,32,64,172,2.7,1.0,large,24,3.0,6.0,7.0,15.0,19.0,-4.0,0.125,-0.1666666666666666,0.625,0.7916666666666666,6.0,7.0,0.2,16.0,4.0,0.25,0.0,6.0,,11.0,2.0,10.0,0.0,0.9090909090909092,0.0,0.9090909090909092,48577.666666666664,1,1.0,2.0,0.0,1.0,2.0,0.0,2.0,5,0,1.0,1.0,,0.0,0.0,1.0,2.0,0.0,32,64,172,2.7,1.0,large,0,0.0,1.0,2.0,0,32,64,172,2.7,1.0,large,1540.1961143540748,,4,12.0,5.0,8.0,39.0,27.0,12.0,3.0,3.0,9.75,6.75,0.0,6.0,0.0,17.0,5.0,0.2941176470588235,8.0,6.0,0.75,12.0,2.0,11.0,0.0,0.9166666666666666,0.0,0.9166666666666666,33483.0,1,1.0,4.0,1.0,1.0,4.0,1.0,3.0,1,0,1.0,3.0,,,,,,,32,64,172,2.7,1.0,large,0,0.0,0.0,0.0,0,32,64,172,2.7,1.0,large,1464.8792098369931,,-2.875,-16.0,0.2,-9.125,-5.958333333333333,0.0,-1.0,75.31690451708164,HomeWin,35,0,34,0,2,0,35
2022,2022-11-27,WC-2022,2022 FIFA World Cup,Japan v Costa Rica,Group stage,Japan,Costa Rica,JPN,CRI,0.0,1.0,0-1,away team win,0.0,1.0,no,no,no,0-0,"Ahmed bin Ali Stadium, Umm al-Afā'ī",S-108,,Al Rayyan,Qatar,False,41479.0,13:00,Michael Oliver,,824,32,64,172,2.7,1.0,large,21,0.0,0.0,5.0,1.0,10.0,-9.0,0.0,-0.4285714285714285,0.0476190476190476,0.4761904761904761,7.0,-3.0,0.4,5.0,5.0,1.0,0.0,6.0,,12.0,3.0,11.0,0.0,0.9166666666666666,0.0,0.9166666666666666,43068.68421052631,1,0.0,1.0,5.0,0.0,1.0,5.0,-4.0,6,0,0.0,-3.0,,,,,,,32,64,172,2.7,1.0,large,0,0.0,0.0,0.0,0,32,64,172,2.7,1.0,large,1470.329973327804,,19,5.0,5.0,12.0,20.0,31.0,-11.0,0.2631578947368421,-0.5789473684210527,1.0526315789473684,1.631578947368421,2.0,-6.0,0.0,19.0,5.0,0.2631578947368421,3.0,6.0,2.0,12.0,4.0,11.0,0.0,0.9166666666666666,0.0,0.9166666666666666,47157.882352941175,1,1.0,2.0,2.0,1.0,2.0,2.0,0.0,5,0,0.0,-1.0,,,,,,,32,64,172,2.7,1.0,large,0,0.0,0.0,0.0,0,32,64,172,2.7,1.0,large,1486.0110756094348,,-0.2631578947368421,2.0,0.4,-1.0050125313283207,-1.155388471177945,-1.0,-4.0,-15.681102281630729,AwayWin,20,19,20,18,1,0,1
2022,2022-11-27,WC-2022,2022 FIFA World Cup,Spain v Germany,Group stage,Spain,Germany,ESP,DEU,1.0,1.0,1-1,draw,0.0,0.0,yes,no,no,0-0,"Al Bayt Stadium, Al Khor",S-107,,Al Khor,Qatar,False,68895.0,22:00,Danny Makkelie,,825,32,64,172,2.7,1.0,large,60,6.0,5.0,9.0,20.0,35.0,-15.0,0.1,-0.25,0.3333333333333333,0.5833333333333334,11.0,-4.0,0.6,17.0,5.0,0.2941176470588235,3.0,6.0,2.0,12.0,5.0,11.0,0.0,0.9166666666666666,0.0,0.9166666666666666,43860.25862068965,1,1.0,1.0,7.0,1.0,1.0,7.0,-6.0,15,2,1.0,1.0,0.5,1.0,1.0,1.0,1.0,0.0,32,64,172,2.7,1.0,large,1,1.0,1.0,1.0,0,32,64,172,2.7,1.0,large,1603.228851120555,,46,31.0,14.0,16.0,104.0,68.0,36.0,0.6739130434782609,0.782608695652174,2.260869565217391,1.4782608695652173,6.0,-1.0,0.4,41.0,6.0,0.1463414634146341,20.0,6.0,0.3,13.0,5.0,12.0,0.0,0.9230769230769232,0.0,0.9230769230769232,48910.681818181816,1,1.0,8.0,1.0,1.0,8.0,1.0,7.0,9,2,1.0,1.0,0.5,1.0,1.0,2.0,5.0,0.0,32,64,172,2.7,1.0,large,1,1.0,2.0,5.0,0,32,64,172,2.7,1.0,large,1617.7865995608804,,-0.5739130434782609,-51.0,0.1999999999999999,-1.927536231884058,-0.8949275362318839,0.0,-13.0,-14.55774844032544,Draw,104,95,87,78,16,3,9
2022,2022-11-28,WC-2022,2022 FIFA World Cup,Brazil v Switzerland,Group stage,Brazil,Switzerland,BRA,CHE,1.0,0.0,1-0,home team win,1.0,0.0,no,no,no,0-0,"Stadium 974, Doha",S-113,,Doha,Qatar,False,43649.0,19:00,Iván Barton,,826,32,64,172,2.7,1.0,large,103,29.0,7.0,11.0,93.0,51.0,42.0,0.2815533980582524,0.4077669902912621,0.9029126213592232,0.4951456310679611,12.0,0.0,0.8,22.0,7.0,0.3181818181818182,25.0,6.0,0.24,14.0,5.0,13.0,0.0,0.9285714285714286,0.0,0.9285714285714286,54349.13402061856,1,0.0,2.0,3.0,0.0,2.0,3.0,-1.0,21,2,0.0,-1.0,0.0,1.0,5.0,7.0,9.0,0.0,32,64,172,2.7,1.0,large,1,5.0,7.0,9.0,0,32,64,172,2.7,1.0,large,1694.032257945843,,34,70.0,17.0,17.0,214.0,96.0,118.0,2.0588235294117645,3.4705882352941178,6.294117647058823,2.823529411764706,8.0,2.0,0.4,59.0,7.0,0.1186440677966101,45.0,6.0,0.1333333333333333,15.0,5.0,13.0,0.0,0.8666666666666667,0.0,0.8666666666666667,43220.970588235294,1,2.0,3.0,0.0,2.0,3.0,0.0,3.0,11,2,1.0,1.0,0.5,,,,,,32,64,172,2.7,1.0,large,0,0.0,0.0,0.0,0,32,64,172,2.7,1.0,large,1515.0361855382905,,-1.7772701313535122,-76.0,0.4,-5.3912050256996,-2.328383780696745,-2.0,-4.0,178.99607240755267,HomeWin,218,56,178,41,10,0,162
2022,2022-11-28,WC-2022,2022 FIFA World Cup,,group stage,Cameroon,Serbia,CMR,SRB,3.0,3.0,3-3,draw,0.0,0.0,yes,no,no,0-0,Al Janoub Stadium,S-111,,Al Wakrah,Qatar,,39789.0,13:00,Mohammed Abdulla Hassan,,827,32,64,172,2.7,1.0,large,22,13.0,8.0,14.0,45.0,49.0,-4.0,0.5909090909090909,-0.1818181818181818,2.0454545454545454,2.227272727272727,0.0,2.0,0.0,23.0,7.0,0.3043478260869565,12.0,6.0,0.5,15.0,6.0,13.0,0.0,0.8666666666666667,0.0,0.8666666666666667,45271.59090909091,1,1.0,1.0,1.0,1.0,1.0,1.0,0.0,7,0,0.0,-1.0,,,,,,,32,64,172,2.7,1.0,large,0,0.0,0.0,0.0,0,32,64,172,2.7,1.0,large,1445.3250312745074,,7,4.0,8.0,11.0,18.0,40.0,-22.0,0.5714285714285714,-3.142857142857143,2.5714285714285716,5.714285714285714,3.0,0.0,0.2,22.0,7.0,0.3181818181818182,1.0,6.0,6.0,15.0,7.0,13.0,0.0,0.8666666666666667,0.0,0.8666666666666667,45979.28571428572,1,0.0,3.0,4.0,0.0,3.0,4.0,-1.0,2,0,0.0,0.0,,,,,,,32,64,172,2.7,1.0,large,0,0.0,0.0,0.0,0,32,64,172,2.7,1.0,large,1483.5928598575874,,0.0194805194805195,18.0,-0.2,-0.5259740259740262,-3.4870129870129873,1.0,1.0,-38.26782858308002,Draw,15,4,13,4,1,0,11
2022,2022-11-28,WC-2022,2022 FIFA World Cup,Portugal v Uruguay,Group stage,Portugal,Uruguay,PRT,URY,2.0,0.0,2-0,home team win,1.0,0.0,no,no,no,0-0,"Lusail Iconic Stadium, Lusail",S-114,,Lusail,Qatar,False,88668.0,22:00,Alireza Faghani,,828,32,64,172,2.7,1.0,large,30,2.0,1.0,5.0,7.0,12.0,-5.0,0.0666666666666666,-0.1666666666666666,0.2333333333333333,0.4,8.0,-3.0,0.4,8.0,7.0,0.875,0.0,6.0,,16.0,7.0,13.0,0.0,0.8125,0.0,0.8125,49458.0,1,0.0,3.0,5.0,0.0,3.0,5.0,-2.0,7,1,0.0,0.0,0.0,0.0,0.0,0.0,1.0,0.0,32,64,172,2.7,1.0,large,0,0.0,0.0,1.0,0,32,64,172,2.7,1.0,large,1549.7225559116016,,51,16.0,6.0,9.0,54.0,36.0,18.0,0.3137254901960784,0.3529411764705882,1.0588235294117647,0.7058823529411765,10.0,-5.0,0.6,22.0,7.0,0.3181818181818182,9.0,6.0,0.6666666666666666,16.0,8.0,13.0,0.0,0.8125,0.0,0.8125,42690.92156862745,1,2.0,5.0,2.0,2.0,5.0,2.0,3.0,13,1,1.0,1.0,1.0,1.0,2.0,2.0,2.0,0.0,32,64,172,2.7,1.0,large,1,2.0,2.0,2.0,0,32,64,172,2.7,1.0,large,1522.9068609384424,,-0.2470588235294117,-23.0,-0.1999999999999999,-0.8254901960784313,-0.3058823529411765,-2.0,-5.0,26.815694973159225,HomeWin,50,81,40,65,7,4,-31
2022,2022-11-28,WC-2022,2022 FIFA World Cup,South Korea v Ghana,Group stage,South Korea,Ghana,KOR,GHA,2.0,3.0,2-3,away team win,0.0,1.0,no,no,no,0-0,"Education City Stadium, Doha",S-109,,Al Rayyan,Qatar,False,43983.0,16:00,Anthony Taylor,,829,32,64,172,2.7,1.0,large,32,22.0,11.0,19.0,82.0,70.0,12.0,0.6875,0.375,2.5625,2.1875,4.0,-8.0,0.2,33.0,7.0,0.2121212121212121,19.0,6.0,0.3157894736842105,16.0,9.0,13.0,0.0,0.8125,0.0,0.8125,44871.53333333333,1,0.0,0.0,2.0,0.0,0.0,2.0,-2.0,10,0,1.0,-1.0,,,,,,,32,64,172,2.7,1.0,large,0,0.0,0.0,0.0,0,32,64,172,2.7,1.0,large,1430.5477618776604,,13,5.0,9.0,19.0,35.0,72.0,-37.0,0.3846153846153846,-2.8461538461538463,2.6923076923076925,5.538461538461538,2.0,-12.0,0.0,30.0,7.0,0.2333333333333333,3.0,6.0,2.0,16.0,10.0,13.0,0.0,0.8125,0.0,0.8125,52277.84615384616,1,0.0,2.0,3.0,0.0,2.0,3.0,-1.0,3,0,0.0,-1.0,,,,,,,32,64,172,2.7,1.0,large,0,0.0,0.0,0.0,0,32,64,172,2.7,1.0,large,1489.816329021939,,0.3028846153846153,49.0,0.2,-0.1298076923076925,-3.3509615384615383,0.0,-1.0,-59.26856714427868,AwayWin,33,15,33,15,0,3,18
2022,2022-11-29,WC-2022,2022 FIFA World Cup,Ecuador v Senegal,Group stage,Ecuador,Senegal,ECU,SEN,1.0,2.0,1-2,away team win,0.0,1.0,no,no,no,0-0,"Khalifa International Stadium, Doha",S-110,,Al Rayyan,Qatar,False,44569.0,18:00,Clément Turpin,,830,32,64,172,2.7,1.0,large,11,5.0,3.0,6.0,18.0,21.0,-3.0,0.4545454545454545,-0.2727272727272727,1.6363636363636365,1.9090909090909092,8.0,-10.0,0.4,11.0,7.0,0.6363636363636364,3.0,6.0,2.0,16.0,11.0,13.0,0.0,0.8125,0.0,0.8125,53643.818181818184,2,1.0,5.0,5.0,0.5,2.5,2.5,0.0,3,0,1.0,1.0,,,,,,,32,64,172,2.7,1.0,large,0,0.0,0.0,0.0,0,32,64,172,2.7,1.0,large,1521.6283004867885,,10,5.0,2.0,5.0,14.0,11.0,3.0,0.5,0.3,1.4,1.1,7.0,-9.0,0.4,11.0,7.0,0.6363636363636364,1.0,6.0,6.0,16.0,12.0,13.0,0.0,0.8125,0.0,0.8125,42415.444444444445,2,1.0,4.0,3.0,0.5,2.0,1.5,1.0,2,0,0.0,-1.0,,,,,,,32,64,172,2.7,1.0,large,0,0.0,0.0,0.0,0,32,64,172,2.7,1.0,large,1513.3642234723443,,-0.0454545454545454,-6.0,0.0,0.2363636363636365,0.8090909090909091,0.0,-1.0,8.264077014444183,AwayWin,13,14,11,12,1,1,-1
2022,2022-11-29,WC-2022,2022 FIFA World Cup,Iran v United States,Group stage,Iran,United States,IRN,USA,0.0,1.0,0-1,away team win,0.0,1.0,no,no,no,0-0,Al Thumama Stadium,S-112,,Doha,Qatar,False,,22:00,,,831,32,64,172,2.7,1.0,large,17,5.0,3.0,3.0,16.0,14.0,2.0,0.2941176470588235,0.1176470588235294,0.9411764705882352,0.8235294117647058,7.0,-9.0,0.4,9.0,7.0,0.7777777777777778,2.0,6.0,3.0,17.0,12.0,13.0,0.0,0.7647058823529411,0.0,0.7647058823529411,,2,2.0,5.0,4.0,1.0,2.5,2.0,1.0,5,1,1.0,1.0,1.0,,,,,,32,64,172,2.7,1.0,large,0,0.0,0.0,0.0,0,32,64,172,2.7,1.0,large,1453.8311695529887,,34,3.0,4.0,11.0,13.0,31.0,-18.0,0.088235294117647,-0.5294117647058824,0.3823529411764705,0.9117647058823528,3.0,-8.0,0.0,18.0,7.0,0.3888888888888889,0.0,6.0,,17.0,13.0,13.0,0.0,0.7647058823529411,0.0,0.7647058823529411,43486.9375,2,1.0,4.0,7.0,0.5,2.0,3.5,-3.0,10,1,1.0,0.0,1.0,0.0,0.0,0.0,1.0,0.0,32,64,172,2.7,1.0,large,0,0.0,0.0,1.0,0,32,64,172,2.7,1.0,large,1448.3770298636382,,0.2058823529411764,20.0,0.4,0.5588235294117647,-0.088235294117647,0.5,4.0,5.454139689350541,AwayWin,13,38,12,36,2,2,-25
2022,2022-11-29,WC-2022,2022 FIFA World Cup,,group stage,Netherlands,Qatar,NLD,QAT,2.0,0.0,2-0,home team win,1.0,0.0,no,no,no,0-0,Al Bayt Stadium,S-107,,Al Khor,Qatar,,66784.0,18:00,Bakary Papa Gassama,,832,32,64,172,2.7,1.0,large,46,9.0,8.0,18.0,39.0,62.0,-23.0,0.1956521739130435,-0.5,0.8478260869565217,1.3478260869565215,9.0,-2.0,0.4,26.0,8.0,0.3076923076923077,9.0,6.0,0.6666666666666666,17.0,14.0,13.0,1.0,0.7647058823529411,0.0714285714285714,0.6932773109243697,52534.90476190476,2,1.0,2.0,1.0,0.5,1.0,0.5,1.0,10,0,1.0,0.0,,0.0,0.0,3.0,4.0,0.0,32,64,172,2.7,1.0,large,0,0.0,3.0,4.0,0,32,64,172,2.7,1.0,large,1636.7473109496214,,2,26.0,12.0,9.0,79.0,41.0,38.0,13.0,19.0,39.5,20.5,0.0,-4.0,0.0,29.0,8.0,0.2758620689655172,18.0,6.0,0.3333333333333333,17.0,15.0,13.0,1.0,0.7647058823529411,0.0666666666666666,0.6980392156862745,54584.5,2,2.0,5.0,1.0,1.0,2.5,0.5,4.0,0,0,1.0,2.0,,,,,,,32,64,172,2.7,1.0,large,0,0.0,0.0,0.0,0,32,64,172,2.7,1.0,large,1480.6332772645978,,-12.804347826086955,-61.0,0.4,-38.65217391304348,-19.152173913043477,-0.5,-3.0,156.11403368502351,HomeWin,77,1,69,1,7,0,76
2022,2022-11-29,WC-2022,2022 FIFA World Cup,,group stage,Wales,England,WAL,ENG,0.0,3.0,0-3,away team win,0.0,1.0,no,no,no,0-0,Ahmad bin Ali Stadium,S-108,,Al Rayyan,Qatar,,44297.0,22:00,Slavko Vinčič,,833,32,64,172,2.7,1.0,large,7,0.0,0.0,3.0,1.0,7.0,-6.0,0.0,-0.8571428571428571,0.1428571428571428,1.0,5.0,-4.0,0.2,3.0,8.0,2.6666666666666665,0.0,6.0,,18.0,15.0,13.0,1.0,0.7222222222222222,0.0666666666666666,0.6555555555555556,22157.333333333332,2,0.0,1.0,7.0,0.0,0.5,3.5,-6.0,1,0,0.0,-2.0,,,,,,,32,64,172,2.7,1.0,large,0,0.0,0.0,0.0,0,32,64,172,2.7,1.0,large,1488.4708228936684,,65,1.0,4.0,3.0,5.0,10.0,-5.0,0.0153846153846153,-0.0769230769230769,0.0769230769230769,0.1538461538461538,7.0,-4.0,0.4,7.0,8.0,1.1428571428571428,1.0,6.0,6.0,18.0,16.0,13.0,1.0,0.7222222222222222,0.0625,0.6597222222222222,46887.109375,2,0.0,1.0,6.0,0.0,0.5,3.0,-5.0,15,0,0.0,-3.0,,1.0,1.0,1.0,1.0,0.0,32,64,172,2.7,1.0,large,1,1.0,1.0,1.0,0,32,64,172,2.7,1.0,large,1552.361632986659,,-0.0153846153846153,-1.0,-0.2,0.0659340659340659,0.8461538461538461,0.0,-1.0,-63.890810092990705,AwayWin,5,83,5,70,1,8,-78
2022,2022-11-30,WC-2022,2022 FIFA World Cup,,group stage,Australia,Denmark,AUS,DNK,1.0,0.0,1-0,home team win,1.0,0.0,no,no,no,0-0,Al Janoub Stadium,S-111,,Al Wakrah,Qatar,,41232.0,18:00,Mustapha Ghorbal,,834,32,64,172,2.7,1.0,large,17,28.0,20.0,18.0,88.0,58.0,30.0,1.6470588235294117,1.7647058823529411,5.176470588235294,3.411764705882353,4.0,-2.0,0.2,45.0,8.0,0.1777777777777777,21.0,6.0,0.2857142857142857,18.0,17.0,13.0,1.0,0.7222222222222222,0.0588235294117647,0.6633986928104575,43375.75,2,2.0,9.0,2.0,1.0,4.5,1.0,7.0,5,1,1.0,3.0,1.0,,,,,,32,64,172,2.7,1.0,large,0,0.0,0.0,0.0,0,32,64,172,2.7,1.0,large,1461.0283622480963,,21,4.0,4.0,10.0,16.0,32.0,-16.0,0.1904761904761904,-0.7619047619047619,0.7619047619047619,1.5238095238095235,4.0,-3.0,0.0,17.0,8.0,0.4705882352941176,1.0,6.0,6.0,19.0,17.0,13.0,1.0,0.6842105263157895,0.0588235294117647,0.6253869969040248,43710.52380952381,2,2.0,3.0,4.0,1.0,1.5,2.0,-1.0,5,1,1.0,1.0,1.0,,,,,,32,64,172,2.7,1.0,large,0,0.0,0.0,0.0,0,32,64,172,2.7,1.0,large,1514.703894800081,,1.4565826330532212,46.0,0.2,4.4145658263305325,1.887955182072829,0.0,8.0,-53.67553255198436,HomeWin,15,29,14,26,4,3,-14
2022,2022-11-30,WC-2022,2022 FIFA World Cup,Poland v Argentina,Group stage,Poland,Argentina,POL,ARG,0.0,2.0,0-2,away team win,0.0,1.0,no,no,no,0-0,"Stadium 974, Doha",S-113,,Doha,Qatar,False,44089.0,22:00,Danny Makkelie,,835,32,64,172,2.7,1.0,large,32,8.0,6.0,8.0,29.0,29.0,0.0,0.25,0.0,0.90625,0.90625,7.0,2.0,0.4,17.0,9.0,0.5294117647058824,5.0,6.0,1.2,19.0,18.0,13.0,2.0,0.6842105263157895,0.1111111111111111,0.5730994152046784,38662.375,2,0.0,1.0,3.0,0.0,0.5,1.5,-2.0,8,2,0.0,-1.0,0.0,0.0,0.0,0.0,2.0,0.0,32,64,172,2.7,1.0,large,0,0.0,0.0,2.0,0,32,64,172,2.7,1.0,large,1520.644219027502,,76,16.0,4.0,13.0,47.0,46.0,1.0,0.2105263157894736,0.0131578947368421,0.618421052631579,0.6052631578947368,6.0,4.0,0.4,28.0,10.0,0.3571428571428571,5.0,6.0,1.2,19.0,19.0,13.0,3.0,0.6842105263157895,0.1578947368421052,0.5263157894736843,52291.72222222222,2,1.0,2.0,2.0,0.5,1.0,1.0,0.0,17,2,1.0,-3.0,0.5,1.0,2.0,5.0,5.0,0.0,32,64,172,2.7,1.0,large,1,2.0,5.0,5.0,0,32,64,172,2.7,1.0,large,1601.2662752405813,,0.0394736842105263,-1.0,0.0,0.287828947368421,0.3009868421052631,-0.5,-2.0,-80.6220562130793,AwayWin,47,127,36,101,2,9,-80
2022,2022-11-30,WC-2022,2022 FIFA World Cup,Saudi Arabia v Mexico,Group stage,Saudi Arabia,Mexico,SAU,MEX,1.0,2.0,1-2,away team win,0.0,1.0,no,no,no,0-0,"Lusail Iconic Stadium, Lusail",S-114,,Lusail,Qatar,False,84985.0,22:00,Michael Oliver,,836,32,64,172,2.7,1.0,large,18,43.0,12.0,22.0,131.0,88.0,43.0,2.388888888888889,2.388888888888889,7.277777777777778,4.888888888888889,6.0,5.0,0.4,56.0,10.0,0.1785714285714285,21.0,7.0,0.3333333333333333,20.0,19.0,14.0,3.0,0.7,0.1578947368421052,0.5421052631578946,55091.22222222222,2,2.0,5.0,2.0,1.0,2.5,1.0,3.0,5,0,2.0,3.0,,,,,,,32,64,172,2.7,1.0,large,0,0.0,0.0,0.0,0,32,64,172,2.7,1.0,large,1442.2875962217,,53,4.0,2.0,13.0,14.0,44.0,-30.0,0.0754716981132075,-0.5660377358490566,0.2641509433962264,0.8301886792452831,4.0,5.0,0.2,18.0,10.0,0.5555555555555556,1.0,7.0,7.0,21.0,19.0,14.0,3.0,0.6666666666666666,0.1578947368421052,0.5087719298245614,47139.34615384616,2,1.0,3.0,5.0,0.5,1.5,2.5,-2.0,16,0,0.0,-1.0,,,,,,,32,64,172,2.7,1.0,large,0,0.0,0.0,0.0,0,32,64,172,2.7,1.0,large,1483.5403136595598,,2.3134171907756813,73.0,0.2,7.013626834381551,4.0587002096436064,0.5,5.0,-41.2527174378597,AwayWin,13,56,13,51,4,10,-43
2022,2022-11-30,WC-2022,2022 FIFA World Cup,Tunisia v France,Group stage,Tunisia,France,TUN,FRA,1.0,0.0,1-0,home team win,1.0,0.0,no,no,no,0-0,"Education City Stadium, Doha",S-109,,Al Rayyan,Qatar,False,43627.0,18:00,Matt Conger,,837,32,64,172,2.7,1.0,large,15,15.0,13.0,26.0,58.0,90.0,-32.0,1.0,-2.1333333333333333,3.8666666666666663,6.0,4.0,4.0,0.2,43.0,10.0,0.2325581395348837,11.0,7.0,0.6363636363636364,22.0,19.0,14.0,3.0,0.6363636363636364,0.1578947368421052,0.4784688995215311,44328.933333333334,2,1.0,2.0,3.0,0.5,1.0,1.5,-1.0,5,0,1.0,1.0,,,,,,,32,64,172,2.7,1.0,large,0,0.0,0.0,0.0,0,32,64,172,2.7,1.0,large,1444.3877317144008,,60,3.0,4.0,9.0,14.0,24.0,-10.0,0.05,-0.1666666666666666,0.2333333333333333,0.4,15.0,0.0,1.0,16.0,10.0,0.625,0.0,7.0,,23.0,19.0,14.0,3.0,0.6086956521739131,0.1578947368421052,0.4508009153318078,44829.933333333334,2,1.0,1.0,1.0,0.5,0.5,0.5,0.0,15,0,1.0,1.0,,1.0,2.0,3.0,5.0,1.0,32,64,172,2.7,1.0,large,1,2.0,3.0,5.0,1,32,64,172,2.7,1.0,large,1642.0857604369382,,0.95,-22.0,-0.8,3.6333333333333337,5.6,0.0,-1.0,-197.6980287225374,HomeWin,13,107,13,93,2,10,-94
2022,2022-12-01,WC-2022,2022 FIFA World Cup,Canada v Morocco,Group stage,Canada,Morocco,CAN,MAR,1.0,2.0,1-2,away team win,0.0,1.0,no,no,no,0-0,"Al Thumama Stadium, ath-Thumāma",S-112,,Doha,Qatar,False,43102.0,18:00,Raphael Claus,,838,32,64,172,2.7,1.0,large,5,33.0,11.0,17.0,108.0,65.0,43.0,6.6,8.6,21.6,13.0,0.0,-3.0,0.0,42.0,10.0,0.238095238095238,19.0,7.0,0.3684210526315789,24.0,19.0,14.0,3.0,0.5833333333333334,0.1578947368421052,0.4254385964912281,35661.2,2,2.0,6.0,3.0,1.0,3.0,1.5,3.0,1,0,0.0,-1.0,,,,,,,32,64,172,2.7,1.0,large,0,0.0,0.0,0.0,0,32,64,172,2.7,1.0,large,1457.013673692646,,16,0.0,0.0,6.0,2.0,12.0,-10.0,0.0,-0.625,0.125,0.75,5.0,-3.0,0.2,6.0,11.0,1.8333333333333333,0.0,7.0,,25.0,19.0,15.0,3.0,0.6,0.1578947368421052,0.4421052631578947,40762.26666666667,2,0.0,2.0,7.0,0.0,1.0,3.5,-5.0,5,0,0.0,-1.0,,,,,,,32,64,172,2.7,1.0,large,0,0.0,0.0,0.0,0,32,64,172,2.7,1.0,large,1479.7877574102663,,6.6,53.0,-0.2,21.475,12.25,1.0,8.0,-22.77408371762067,AwayWin,1,15,1,13,0,0,-14
2022,2022-12-01,WC-2022,2022 FIFA World Cup,Costa Rica v Germany,Group stage,Costa Rica,Germany,CRI,DEU,2.0,4.0,2-4,away team win,0.0,1.0,no,no,no,0-0,"Al Bayt Stadium, Al Khor",S-107,,Al Khor,Qatar,False,67054.0,22:00,Stéphanie Frappart,,839,32,64,172,2.7,1.0,large,20,4.0,6.0,7.0,17.0,20.0,-3.0,0.2,-0.15,0.85,1.0,4.0,-2.0,0.2,17.0,12.0,0.7058823529411765,0.0,7.0,,25.0,20.0,15.0,4.0,0.6,0.2,0.3999999999999999,46842.38888888889,2,2.0,4.0,1.0,1.0,2.0,0.5,3.0,5,1,1.0,1.0,1.0,,,,,,32,64,172,2.7,1.0,large,0,0.0,0.0,0.0,0,32,64,172,2.7,1.0,large,1495.560043423818,,47,6.0,5.0,10.0,22.0,39.0,-17.0,0.1276595744680851,-0.3617021276595745,0.4680851063829787,0.8297872340425532,4.0,-3.0,0.2,18.0,12.0,0.6666666666666666,3.0,7.0,2.3333333333333335,25.0,21.0,15.0,4.0,0.6,0.1904761904761904,0.4095238095238095,49354.77777777778,2,1.0,3.0,11.0,0.5,1.5,5.5,-8.0,9,1,0.0,-4.0,0.0,1.0,1.0,2.0,5.0,0.0,32,64,172,2.7,1.0,large,1,1.0,2.0,5.0,0,32,64,172,2.7,1.0,large,1617.3678389171444,,0.0723404255319149,14.0,0.0,0.3819148936170212,0.1702127659574468,0.5,11.0,-121.80779549332648,AwayWin,20,96,19,79,0,3,-76
2022,2022-12-01,WC-2022,2022 FIFA World Cup,Croatia v Belgium,Group stage,Croatia,Belgium,HRV,BEL,0.0,0.0,0-0,draw,0.0,0.0,yes,no,no,0-0,"Ahmed bin Ali Stadium, Umm al-Afā'ī",S-108,,Al Rayyan,Qatar,False,43984.0,18:00,Anthony Taylor,,840,32,64,172,2.7,1.0,large,25,30.0,7.0,11.0,97.0,53.0,44.0,1.2,1.76,3.88,2.12,8.0,-1.0,0.4,23.0,13.0,0.5652173913043478,25.0,7.0,0.28,25.0,22.0,15.0,5.0,0.6,0.2272727272727272,0.3727272727272727,48409.52,2,1.0,6.0,5.0,0.5,3.0,2.5,1.0,5,0,2.0,4.0,,0.0,0.0,1.0,2.0,0.0,32,64,172,2.7,1.0,large,0,0.0,1.0,2.0,0,32,64,172,2.7,1.0,large,1548.061650498422,,48,12.0,6.0,8.0,39.0,27.0,12.0,0.25,0.25,0.8125,0.5625,9.0,2.0,0.6,18.0,14.0,0.7777777777777778,8.0,7.0,0.875,26.0,22.0,16.0,5.0,0.6153846153846154,0.2272727272727272,0.3881118881118881,48496.166666666664,2,1.0,4.0,1.0,0.5,2.0,0.5,3.0,13,0,0.0,0.0,,0.0,0.0,0.0,1.0,0.0,32,64,172,2.7,1.0,large,0,0.0,0.0,1.0,0,32,64,172,2.7,1.0,large,1561.60636349855,,0.95,32.0,-0.1999999999999999,3.0675,1.5575,0.0,-2.0,-13.544713000127786,Draw,39,61,37,54,2,3,-22
2022,2022-12-01,WC-2022,2022 FIFA World Cup,Japan v Spain,Group stage,Japan,Spain,JPN,ESP,2.0,1.0,2-1,home team win,1.0,0.0,no,no,no,0-0,"Khalifa International Stadium, Doha",S-110,,Al Rayyan,Qatar,False,44851.0,22:00,Victor Gomes,,841,32,64,172,2.7,1.0,large,22,21.0,10.0,18.0,66.0,68.0,-2.0,0.9545454545454546,-0.0909090909090909,3.0,3.090909090909091,4.0,2.0,0.2,35.0,14.0,0.4,14.0,8.0,0.5714285714285714,27.0,22.0,17.0,5.0,0.6296296296296297,0.2272727272727272,0.4023569023569023,42989.2,2,1.0,1.0,2.0,0.5,0.5,1.0,-1.0,6,0,0.0,0.0,,,,,,,32,64,172,2.7,1.0,large,0,0.0,0.0,0.0,0,32,64,172,2.7,1.0,large,1460.781005513421,,61,6.0,5.0,12.0,22.0,32.0,-10.0,0.0983606557377049,-0.1639344262295081,0.360655737704918,0.5245901639344263,9.0,-1.0,0.4,20.0,14.0,0.7,3.0,8.0,2.6666666666666665,28.0,22.0,17.0,5.0,0.6071428571428571,0.2272727272727272,0.3798701298701298,44284.57627118644,2,2.0,4.0,3.0,1.0,2.0,1.5,1.0,15,0,1.0,1.0,,1.0,1.0,1.0,1.0,0.0,32,64,172,2.7,1.0,large,1,1.0,1.0,1.0,0,32,64,172,2.7,1.0,large,1603.647611764291,,0.8561847988077497,8.0,-0.2,2.639344262295082,2.5663189269746645,-0.5,-2.0,-142.86660625087006,HomeWin,20,105,20,88,1,16,-85
2022,2022-12-02,WC-2022,2022 FIFA World Cup,,group stage,Cameroon,Brazil,CMR,BRA,1.0,0.0,1-0,home team win,1.0,0.0,no,no,no,0-0,Lusail Stadium,S-114,,Lusail,Qatar,,85986.0,22:00,Ismail Elfath,,842,32,64,172,2.7,1.0,large,23,31.0,14.0,17.0,105.0,70.0,35.0,1.3478260869565215,1.5217391304347827,4.565217391304348,3.0434782608695654,1.0,1.0,0.0,42.0,14.0,0.3333333333333333,20.0,8.0,0.4,29.0,22.0,17.0,5.0,0.5862068965517241,0.2272727272727272,0.3589341692789968,45033.217391304344,2,1.0,9.0,3.0,0.5,4.5,1.5,6.0,7,1,0.0,-1.0,0.0,,,,,,32,64,172,2.7,1.0,large,0,0.0,0.0,0.0,0,32,64,172,2.7,1.0,large,1446.4220353556202,,104,5.0,8.0,11.0,19.0,40.0,-21.0,0.048076923076923,-0.2019230769230769,0.1826923076923076,0.3846153846153846,12.0,-2.0,0.8,23.0,14.0,0.6086956521739131,1.0,8.0,8.0,29.0,23.0,17.0,5.0,0.5862068965517241,0.217391304347826,0.368815592203898,54239.948979591834,2,1.0,4.0,4.0,0.5,2.0,2.0,0.0,21,1,1.0,-2.0,1.0,1.0,5.0,7.0,9.0,0.0,32,64,172,2.7,1.0,large,1,5.0,7.0,9.0,0,32,64,172,2.7,1.0,large,1699.292450383277,,1.2997491638795986,56.0,-0.8,4.38252508361204,2.658862876254181,0.0,6.0,-252.8704150276565,HomeWin,18,219,16,179,1,10,-201
2022,2022-12-02,WC-2022,2022 FIFA World Cup,Ghana v Uruguay,Group stage,Ghana,Uruguay,GHA,URY,0.0,2.0,0-2,away team win,0.0,1.0,no,no,no,0-0,"Al Janoub Stadium, Al Wakrah",S-111,,Al Wakrah,Qatar,False,43443.0,18:00,Daniel Siebert,,843,32,64,172,2.7,1.0,large,14,70.0,17.0,18.0,214.0,97.0,117.0,5.0,8.357142857142858,15.285714285714286,6.928571428571429,4.0,,0.2,60.0,0.0,0.0,45.0,0.0,0.0,0.0,0.0,0.0,0.0,,,,51685.357142857145,2,2.0,3.0,1.0,1.0,1.5,0.5,2.0,3,1,1.0,2.0,1.0,,,,,,32,64,172,2.7,1.0,large,0,0.0,0.0,0.0,0,32,64,172,2.7,1.0,large,1498.1267995356775,,52,5.0,3.0,7.0,18.0,23.0,-5.0,0.0961538461538461,-0.0961538461538461,0.3461538461538461,0.4423076923076923,7.0,0.0,0.4,12.0,0.0,0.0,3.0,0.0,0.0,0.0,1.0,0.0,0.0,,0.0,,43575.09615384616,2,1.0,5.0,7.0,0.5,2.5,3.5,-2.0,13,1,0.0,-2.0,0.0,1.0,2.0,2.0,2.0,0.0,32,64,172,2.7,1.0,large,1,2.0,2.0,2.0,0,32,64,172,2.7,1.0,large,1513.6771497457664,,4.903846153846154,122.0,-0.2,14.93956043956044,6.486263736263736,0.5,4.0,-15.550350210088936,AwayWin,18,81,17,65,3,4,-63
2022,2022-12-02,WC-2022,2022 FIFA World Cup,Serbia v Switzerland,Group stage,Serbia,Switzerland,SRB,CHE,2.0,3.0,2-3,away team win,0.0,1.0,no,no,no,0-0,"Stadium 974, Doha",S-113,,Doha,Qatar,False,41378.0,22:00,Fernando Rapallini,,844,32,64,172,2.7,1.0,large,8,23.0,11.0,19.0,84.0,70.0,14.0,2.875,1.75,10.5,8.75,4.0,0.0,0.2,34.0,0.0,0.0,19.0,0.0,0.0,0.0,2.0,0.0,0.0,,0.0,,45205.5,2,1.0,2.0,2.0,0.5,1.0,1.0,0.0,2,1,1.0,2.0,1.0,,,,,,32,64,172,2.7,1.0,large,0,0.0,0.0,0.0,0,32,64,172,2.7,1.0,large,1482.4958557764746,,35,2.0,1.0,6.0,9.0,15.0,-6.0,0.0571428571428571,-0.1714285714285714,0.2571428571428571,0.4285714285714285,7.0,0.0,0.4,9.0,0.0,0.0,0.0,0.0,,0.0,3.0,0.0,0.0,,0.0,,43233.2,2,0.0,5.0,8.0,0.0,2.5,4.0,-3.0,11,1,0.0,-2.0,0.0,,,,,,32,64,172,2.7,1.0,large,0,0.0,0.0,0.0,0,32,64,172,2.7,1.0,large,1509.7759931008566,,2.817857142857143,20.0,-0.2,10.242857142857144,8.321428571428571,0.5,3.0,-27.28013732438194,AwayWin,7,56,7,41,0,0,-49
2022,2022-12-02,WC-2022,2022 FIFA World Cup,South Korea v Portugal,Group stage,South Korea,Portugal,KOR,PRT,2.0,1.0,2-1,home team win,1.0,0.0,no,no,no,0-0,"Education City Stadium, Doha",S-109,,Al Rayyan,Qatar,False,44097.0,18:00,Facundo Tello,,845,32,64,172,2.7,1.0,large,33,14.0,8.0,14.0,48.0,51.0,-3.0,0.4242424242424242,-0.0909090909090909,1.4545454545454546,1.5454545454545454,4.0,1.0,0.2,24.0,1.0,0.0416666666666666,12.0,0.0,0.0,1.0,3.0,1.0,0.0,1.0,0.0,1.0,44842.87096774193,2,2.0,4.0,3.0,1.0,2.0,1.5,1.0,10,0,2.0,2.0,,,,,,,32,64,172,2.7,1.0,large,0,0.0,0.0,0.0,0,32,64,172,2.7,1.0,large,1422.237291363922,,31,6.0,9.0,19.0,37.0,73.0,-36.0,0.1935483870967742,-1.1612903225806452,1.1935483870967742,2.3548387096774195,10.0,0.0,0.6,31.0,1.0,0.032258064516129,3.0,0.0,0.0,1.0,4.0,1.0,0.0,1.0,0.0,1.0,50966.07692307692,2,1.0,4.0,4.0,0.5,2.0,2.0,0.0,7,0,1.0,1.0,,0.0,0.0,0.0,1.0,0.0,32,64,172,2.7,1.0,large,0,0.0,0.0,1.0,0,32,64,172,2.7,1.0,large,1558.9522671042776,,0.23069403714565,33.0,-0.3999999999999999,0.2609970674486803,-0.8093841642228741,0.5,1.0,-136.7149757403556,HomeWin,35,52,34,41,0,8,-17
2022,2022-12-03,WC-2022,2022 FIFA World Cup,,round of 16,Argentina,Australia,ARG,AUS,2.0,1.0,2-1,home team win,1.0,0.0,no,no,no,0-0,Ahmad bin Ali Stadium,S-108,,Al Rayyan,Qatar,,45032.0,22:00,Szymon Marciniak,,846,32,64,172,2.7,1.0,large,77,16.0,6.0,10.0,55.0,38.0,17.0,0.2077922077922078,0.2207792207792207,0.7142857142857143,0.4935064935064935,9.0,0.0,0.6,23.0,1.0,0.0434782608695652,9.0,0.0,0.0,1.0,5.0,1.0,0.0,1.0,0.0,1.0,52179.35616438357,3,2.0,6.0,4.0,0.6666666666666666,2.0,1.3333333333333333,2.0,17,0,0.0,-1.0,,1.0,2.0,5.0,5.0,0.0,32,64,172,2.7,1.0,large,1,2.0,5.0,5.0,0,32,64,172,2.7,1.0,large,1608.986558209524,,18,44.0,12.0,22.0,133.0,89.0,44.0,2.4444444444444446,2.4444444444444446,7.388888888888889,4.944444444444445,7.0,-2.0,0.4,56.0,1.0,0.0178571428571428,22.0,0.0,0.0,2.0,5.0,1.0,0.0,0.5,0.0,0.5,43249.64705882353,3,3.0,7.0,3.0,1.0,2.3333333333333335,1.0,4.0,5,0,1.0,1.0,,,,,,,32,64,172,2.7,1.0,large,0,0.0,0.0,0.0,0,32,64,172,2.7,1.0,large,1472.5610935446705,,-2.236652236652237,-27.0,0.1999999999999999,-6.674603174603175,-4.450937950937951,-0.3333333333333333,-2.0,136.4254646648535,HomeWin,129,16,103,15,9,4,113
2022,2022-12-03,WC-2022,2022 FIFA World Cup,,round of 16,Netherlands,United States,NLD,USA,3.0,1.0,3-1,home team win,1.0,0.0,no,no,no,0-0,Khalifa International Stadium,S-110,,Al Rayyan,Qatar,,44846.0,18:00,Wilton Sampaio,,847,32,64,172,2.7,1.0,large,47,4.0,4.0,11.0,17.0,34.0,-17.0,0.0851063829787234,-0.3617021276595745,0.3617021276595745,0.723404255319149,11.0,,0.6,17.0,0.0,0.0,2.0,0.0,0.0,0.0,0.0,0.0,0.0,,,,52866.27906976744,3,2.0,4.0,6.0,0.6666666666666666,1.3333333333333333,2.0,-2.0,10,0,0.0,-1.0,,0.0,0.0,3.0,4.0,0.0,32,64,172,2.7,1.0,large,0,0.0,3.0,4.0,0,32,64,172,2.7,1.0,large,1642.533810875467,,35,27.0,12.0,9.0,82.0,42.0,40.0,0.7714285714285715,1.1428571428571428,2.342857142857143,1.2,5.0,1.0,0.2,29.0,1.0,0.0344827586206896,19.0,0.0,0.0,1.0,0.0,1.0,0.0,1.0,,,43486.9375,3,3.0,8.0,2.0,1.0,2.6666666666666665,0.6666666666666666,6.0,10,0,1.0,2.0,,0.0,0.0,0.0,1.0,0.0,32,64,172,2.7,1.0,large,0,0.0,0.0,1.0,0,32,64,172,2.7,1.0,large,1458.533999728813,,-0.686322188449848,-57.0,0.3999999999999999,-1.9811550151975683,-0.476595744680851,-0.3333333333333333,-8.0,183.9998111466543,HomeWin,79,39,71,37,7,2,40
2022,2022-12-04,WC-2022,2022 FIFA World Cup,,round of 16,England,Senegal,ENG,SEN,3.0,0.0,3-0,home team win,1.0,0.0,no,no,no,0-0,Al Bayt Stadium,S-107,,Al Khor,Qatar,,65985.0,22:00,Iván Barton,,848,32,64,172,2.7,1.0,large,66,9.0,8.0,19.0,40.0,65.0,-25.0,0.1363636363636363,-0.3787878787878788,0.6060606060606061,0.9848484848484848,7.0,5.0,0.4,26.0,2.0,0.0769230769230769,10.0,0.0,0.0,2.0,0.0,2.0,0.0,1.0,,,46847.26153846154,3,1.0,3.0,4.0,0.3333333333333333,1.0,1.3333333333333333,-1.0,15,0,0.0,-2.0,,1.0,1.0,1.0,1.0,0.0,32,64,172,2.7,1.0,large,1,1.0,1.0,1.0,0,32,64,172,2.7,1.0,large,1560.543159699272,,11,29.0,20.0,18.0,91.0,58.0,33.0,2.636363636363636,3.0,8.272727272727273,5.2727272727272725,7.0,0.0,0.4,45.0,2.0,0.0444444444444444,22.0,0.0,0.0,2.0,1.0,2.0,0.0,1.0,0.0,1.0,42630.8,3,3.0,12.0,2.0,1.0,4.0,0.6666666666666666,10.0,2,0,1.0,3.0,,,,,,,32,64,172,2.7,1.0,large,0,0.0,0.0,0.0,0,32,64,172,2.7,1.0,large,1523.602037881356,,-2.5,-58.0,0.0,-7.666666666666667,-4.287878787878787,-0.6666666666666667,-11.0,36.941121817916155,HomeWin,86,16,72,14,8,2,70
2022,2022-12-04,WC-2022,2022 FIFA World Cup,,round of 16,France,Poland,FRA,POL,3.0,1.0,3-1,home team win,1.0,0.0,no,no,no,0-0,Al Thumama Stadium,S-112,,Doha,Qatar,,40989.0,18:00,Jesús Valenzuela,,849,32,64,172,2.7,1.0,large,61,5.0,3.0,4.0,16.0,17.0,-1.0,0.081967213114754,-0.0163934426229508,0.2622950819672131,0.2786885245901639,12.0,3.0,0.8,9.0,2.0,0.2222222222222222,3.0,1.0,0.3333333333333333,3.0,1.0,3.0,0.0,1.0,0.0,1.0,44810.2131147541,3,2.0,5.0,7.0,0.6666666666666666,1.6666666666666667,2.3333333333333335,-2.0,15,1,0.0,-3.0,0.0,1.0,2.0,3.0,5.0,1.0,32,64,172,2.7,1.0,large,1,2.0,3.0,5.0,1,32,64,172,2.7,1.0,large,1626.9393635527913,,33,34.0,11.0,17.0,111.0,66.0,45.0,1.0303030303030305,1.3636363636363635,3.363636363636364,2.0,7.0,6.0,0.4,42.0,2.0,0.0476190476190476,20.0,2.0,0.1,4.0,1.0,4.0,0.0,1.0,0.0,1.0,38826.818181818184,3,3.0,9.0,4.0,1.0,3.0,1.3333333333333333,5.0,8,1,1.0,1.0,1.0,0.0,0.0,0.0,2.0,0.0,32,64,172,2.7,1.0,large,0,0.0,0.0,2.0,0,32,64,172,2.7,1.0,large,1512.923936058559,,-0.9483358171882762,-46.0,0.4,-3.101341281669151,-1.721311475409836,-0.3333333333333333,-7.0,114.01542749423196,HomeWin,107,47,93,36,10,2,60
2022,2022-12-05,WC-2022,2022 FIFA World Cup,,round of 16,Brazil,South Korea,BRA,KOR,4.0,1.0,4-1,home team win,1.0,0.0,no,no,no,0-0,Stadium 974,S-113,,Doha,Qatar,,43847.0,22:00,Clément Turpin,,850,32,64,172,2.7,1.0,large,105,16.0,4.0,14.0,48.0,49.0,-1.0,0.1523809523809524,-0.0095238095238095,0.4571428571428571,0.4666666666666667,9.0,3.0,0.6,28.0,2.0,0.0714285714285714,6.0,2.0,0.3333333333333333,4.0,2.0,4.0,0.0,1.0,0.0,1.0,54560.61616161616,3,1.0,3.0,5.0,0.3333333333333333,1.0,1.6666666666666667,-2.0,21,0,1.0,-1.0,,1.0,5.0,7.0,9.0,0.0,32,64,172,2.7,1.0,large,1,5.0,7.0,9.0,0,32,64,172,2.7,1.0,large,1683.0751547174757,,34,71.0,17.0,18.0,218.0,98.0,120.0,2.088235294117647,3.5294117647058822,6.411764705882353,2.8823529411764706,7.0,0.0,0.4,60.0,3.0,0.05,46.0,2.0,0.0434782608695652,5.0,2.0,5.0,0.0,1.0,0.0,1.0,44819.5625,3,3.0,7.0,2.0,1.0,2.3333333333333335,0.6666666666666666,5.0,10,0,1.0,3.0,,,,,,,32,64,172,2.7,1.0,large,0,0.0,0.0,0.0,0,32,64,172,2.7,1.0,large,1435.9810046123628,,-1.935854341736695,-121.0,0.1999999999999999,-5.954621848739496,-2.415686274509804,-0.6666666666666667,-7.0,247.0941501051127,HomeWin,219,37,179,36,10,0,182
2022,2022-12-05,WC-2022,2022 FIFA World Cup,,round of 16,Japan,Croatia,JPN,HRV,1.0,1.0,1-1,away team win,0.0,1.0,no,yes,yes,1-3,Al Janoub Stadium,S-111,,Al Wakrah,Qatar,,42523.0,18:00,Ismail Elfath,Croatia won on penalty kicks following extra time,851,32,64,172,2.7,1.0,large,23,6.0,9.0,20.0,38.0,77.0,-39.0,0.2608695652173913,-1.6956521739130437,1.6521739130434785,3.347826086956522,6.0,5.0,0.4,31.0,3.0,0.0967741935483871,4.0,2.0,0.5,5.0,3.0,5.0,0.0,1.0,0.0,1.0,43077.857142857145,3,1.0,5.0,8.0,0.3333333333333333,1.6666666666666667,2.6666666666666665,-3.0,6,2,0.0,-3.0,0.0,,,,,,32,64,172,2.7,1.0,large,0,0.0,0.0,0.0,0,32,64,172,2.7,1.0,large,1474.6759433292273,,26,6.0,6.0,12.0,23.0,33.0,-10.0,0.2307692307692307,-0.3846153846153846,0.8846153846153846,1.2692307692307692,8.0,2.0,0.4,20.0,3.0,0.15,4.0,2.0,0.5,6.0,3.0,5.0,0.0,0.8333333333333334,0.0,0.8333333333333334,48239.307692307695,3,2.0,5.0,4.0,0.6666666666666666,1.6666666666666667,1.3333333333333333,1.0,5,2,0.0,-1.0,0.0,0.0,0.0,1.0,2.0,0.0,32,64,172,2.7,1.0,large,0,0.0,1.0,2.0,0,32,64,172,2.7,1.0,large,1548.4513012972818,,0.0301003344481605,-29.0,0.0,0.7675585284280937,2.078595317725753,-0.3333333333333333,-4.0,-73.77535796805455,Draw,22,39,22,37,1,2,-17
2022,2022-12-06,WC-2022,2022 FIFA World Cup,,round of 16,Morocco,Spain,MAR,ESP,0.0,0.0,0-0,home team win,1.0,0.0,no,yes,yes,3-0,Education City Stadium,S-109,,Al Rayyan,Qatar,,44667.0,18:00,Fernando Rapallini,Morocco won on penalty kicks following extra time,852,32,64,172,2.7,1.0,large,17,12.0,7.0,8.0,40.0,28.0,12.0,0.7058823529411765,0.7058823529411765,2.3529411764705883,1.6470588235294117,8.0,0.0,0.4,18.0,4.0,0.2222222222222222,9.0,2.0,0.2222222222222222,7.0,3.0,6.0,0.0,0.8571428571428571,0.0,0.8571428571428571,40908.5,3,1.0,5.0,2.0,0.3333333333333333,1.6666666666666667,0.6666666666666666,3.0,5,1,1.0,1.0,1.0,,,,,,32,64,172,2.7,1.0,large,0,0.0,0.0,0.0,0,32,64,172,2.7,1.0,large,1489.1332037905286,,62,4.0,7.0,7.0,17.0,20.0,-3.0,0.064516129032258,-0.0483870967741935,0.2741935483870967,0.3225806451612903,8.0,2.0,0.4,17.0,4.0,0.2352941176470588,1.0,2.0,2.0,7.0,4.0,6.0,0.0,0.8571428571428571,0.0,0.8571428571428571,44294.01666666667,3,2.0,4.0,1.0,0.6666666666666666,1.3333333333333333,0.3333333333333333,3.0,15,1,0.0,0.0,0.0,1.0,1.0,1.0,1.0,0.0,32,64,172,2.7,1.0,large,1,1.0,1.0,1.0,0,32,64,172,2.7,1.0,large,1589.7526739484847,,0.6413662239089184,15.0,0.0,2.078747628083492,1.3244781783681214,-0.3333333333333333,0.0,-100.61947015795612,Draw,17,106,15,89,0,16,-89
2022,2022-12-06,WC-2022,2022 FIFA World Cup,,round of 16,Portugal,Switzerland,PRT,CHE,6.0,1.0,6-1,home team win,1.0,0.0,no,no,no,0-0,Lusail Stadium,S-114,,Lusail,Qatar,,83720.0,22:00,César Arturo Ramos,,853,32,64,172,2.7,1.0,large,32,31.0,15.0,17.0,105.0,70.0,35.0,0.96875,1.09375,3.28125,2.1875,7.0,-1.0,0.4,42.0,4.0,0.0952380952380952,21.0,2.0,0.0952380952380952,7.0,5.0,6.0,0.0,0.8571428571428571,0.0,0.8571428571428571,50711.666666666664,3,1.0,9.0,3.0,0.3333333333333333,3.0,1.0,6.0,7,0,0.0,0.0,,0.0,0.0,0.0,1.0,0.0,32,64,172,2.7,1.0,large,0,0.0,0.0,1.0,0,32,64,172,2.7,1.0,large,1545.2085538558367,,36,17.0,6.0,10.0,61.0,39.0,22.0,0.4722222222222222,0.6111111111111112,1.6944444444444444,1.0833333333333333,7.0,1.0,0.4,23.0,5.0,0.217391304347826,10.0,2.0,0.2,8.0,5.0,7.0,0.0,0.875,0.0,0.875,43181.666666666664,3,3.0,12.0,5.0,1.0,4.0,1.6666666666666667,7.0,11,0,1.0,5.0,,,,,,,32,64,172,2.7,1.0,large,0,0.0,0.0,0.0,0,32,64,172,2.7,1.0,large,1518.9924172608928,,0.4965277777777778,13.0,0.0,1.5868055555555556,1.1041666666666667,-0.6666666666666667,-1.0,26.21613659494392,HomeWin,53,59,42,44,8,0,-6
2022,2022-12-09,WC-2022,2022 FIFA World Cup,,quarter-finals,Croatia,Brazil,HRV,BRA,1.0,1.0,1-1,home team win,1.0,0.0,no,yes,yes,4-2,Education City Stadium,S-109,,Al Rayyan,Qatar,,43893.0,18:00,Michael Oliver,Croatia won on penalty kicks following extra time,854,32,64,172,2.7,1.0,large,27,14.0,8.0,15.0,49.0,57.0,-8.0,0.5185185185185185,-0.2962962962962963,1.8148148148148149,2.111111111111111,6.0,6.0,0.2,24.0,6.0,0.25,13.0,2.0,0.1538461538461538,9.0,5.0,8.0,0.0,0.8888888888888888,0.0,0.8888888888888888,48027.59259259259,4,2.0,5.0,9.0,0.5,1.25,2.25,-4.0,5,2,0.0,-5.0,0.0,0.0,0.0,1.0,2.0,0.0,32,64,172,2.7,1.0,large,0,0.0,1.0,2.0,0,32,64,172,2.7,1.0,large,1546.3592251470798,,106,12.0,8.0,8.0,41.0,29.0,12.0,0.1132075471698113,0.1132075471698113,0.3867924528301887,0.2735849056603773,9.0,3.0,0.6,18.0,6.0,0.3333333333333333,10.0,2.0,0.2,9.0,6.0,8.0,0.0,0.8888888888888888,0.0,0.8888888888888888,54453.48,4,1.0,6.0,3.0,0.25,1.5,0.75,3.0,21,2,0.0,-3.0,0.0,1.0,5.0,7.0,9.0,0.0,32,64,172,2.7,1.0,large,1,5.0,7.0,9.0,0,32,64,172,2.7,1.0,large,1686.9609037526204,,0.4053109713487072,-20.0,-0.3999999999999999,1.4280223619846262,1.8375262054507335,0.25,-7.0,-140.60167860554066,Draw,40,223,38,183,2,11,-183
2022,2022-12-09,WC-2022,2022 FIFA World Cup,,quarter-finals,Netherlands,Argentina,NLD,ARG,2.0,2.0,2-2,away team win,0.0,1.0,no,yes,yes,3-4,Lusail Stadium,S-114,,Lusail,Qatar,,88235.0,22:00,Antonio Matéu,Argentina won on penalty kicks following extra time,855,32,64,172,2.7,1.0,large,48,71.0,18.0,18.0,219.0,99.0,120.0,1.4791666666666667,2.5,4.5625,2.0625,13.0,2.0,0.8,60.0,6.0,0.1,47.0,2.0,0.0425531914893617,9.0,7.0,8.0,0.0,0.8888888888888888,0.0,0.8888888888888888,52684.0,4,3.0,8.0,3.0,0.75,2.0,0.75,5.0,10,5,2.0,3.0,0.4,0.0,0.0,3.0,4.0,0.0,32,64,172,2.7,1.0,large,0,0.0,3.0,4.0,0,32,64,172,2.7,1.0,large,1647.6831038532705,,78,27.0,13.0,9.0,84.0,44.0,40.0,0.3461538461538461,0.5128205128205128,1.0769230769230769,0.5641025641025641,9.0,4.0,0.6,29.0,6.0,0.2068965517241379,20.0,2.0,0.1,9.0,8.0,8.0,0.0,0.8888888888888888,0.0,0.8888888888888888,52082.77027027027,4,3.0,10.0,4.0,0.75,2.5,1.0,6.0,17,5,2.0,3.0,0.4,1.0,2.0,5.0,5.0,0.0,32,64,172,2.7,1.0,large,1,2.0,5.0,5.0,0,32,64,172,2.7,1.0,large,1615.2500121197204,,1.1330128205128207,80.0,0.2,3.4855769230769234,1.498397435897436,0.0,-1.0,32.4330917335501,Draw,82,131,74,105,7,9,-49
2022,2022-12-10,WC-2022,2022 FIFA World Cup,,quarter-finals,England,France,ENG,FRA,1.0,2.0,1-2,away team win,0.0,1.0,no,no,no,0-0,Al Bayt Stadium,S-107,,Al Khor,Qatar,,68895.0,22:00,Wilton Sampaio,,856,32,64,172,2.7,1.0,large,67,44.0,13.0,22.0,135.0,91.0,44.0,0.6567164179104478,0.6567164179104478,2.014925373134328,1.3582089552238803,10.0,2.0,0.6,56.0,6.0,0.1071428571428571,23.0,2.0,0.0869565217391304,9.0,9.0,8.0,0.0,0.8888888888888888,0.0,0.8888888888888888,47137.22727272727,4,3.0,9.0,5.0,0.75,2.25,1.25,4.0,15,2,1.0,-3.0,0.5,1.0,1.0,1.0,1.0,0.0,32,64,172,2.7,1.0,large,1,1.0,1.0,1.0,0,32,64,172,2.7,1.0,large,1569.483897401496,,62,29.0,20.0,19.0,92.0,60.0,32.0,0.4677419354838709,0.5161290322580645,1.4838709677419355,0.967741935483871,12.0,-4.0,0.8,45.0,6.0,0.1333333333333333,23.0,2.0,0.0869565217391304,9.0,10.0,8.0,0.0,0.8888888888888888,0.0,0.8888888888888888,44748.58064516129,4,3.0,13.0,4.0,0.75,3.25,1.0,9.0,15,2,2.0,3.0,1.0,1.0,2.0,3.0,5.0,1.0,32,64,172,2.7,1.0,large,1,2.0,3.0,5.0,1,32,64,172,2.7,1.0,large,1633.7706736740126,,0.1889744824265768,12.0,-0.2,0.5310544053923927,0.3904670197400095,0.0,-5.0,-64.28677627251659,AwayWin,89,110,75,95,8,10,-21
2022,2022-12-10,WC-2022,2022 FIFA World Cup,,quarter-finals,Morocco,Portugal,MAR,PRT,1.0,0.0,1-0,home team win,1.0,0.0,no,no,no,0-0,Al Thumama Stadium,S-112,,Doha,Qatar,,44198.0,18:00,Facundo Tello,,857,32,64,172,2.7,1.0,large,18,35.0,11.0,17.0,113.0,67.0,46.0,1.9444444444444444,2.5555555555555554,6.277777777777778,3.7222222222222223,9.0,-3.0,0.4,42.0,6.0,0.1428571428571428,21.0,2.0,0.0952380952380952,9.0,11.0,8.0,0.0,0.8888888888888888,0.0,0.8888888888888888,41129.58823529412,4,4.0,11.0,5.0,1.0,2.75,1.25,6.0,5,2,1.0,-3.0,0.5,,,,,,32,64,172,2.7,1.0,large,0,0.0,0.0,0.0,0,32,64,172,2.7,1.0,large,1491.950926197741,,33,5.0,7.0,7.0,18.0,20.0,-2.0,0.1515151515151515,-0.0606060606060606,0.5454545454545454,0.6060606060606061,9.0,-2.0,0.6,17.0,6.0,0.3529411764705882,2.0,2.0,1.0,10.0,11.0,8.0,0.0,0.8,0.0,0.8,51890.53571428572,4,3.0,5.0,1.0,0.75,1.25,0.25,4.0,7,2,2.0,2.0,1.0,0.0,0.0,0.0,1.0,0.0,32,64,172,2.7,1.0,large,0,0.0,0.0,1.0,0,32,64,172,2.7,1.0,large,1554.4554215977334,,1.7929292929292928,48.0,-0.1999999999999999,5.732323232323232,3.1161616161616164,0.25,2.0,-62.50449539999249,HomeWin,17,59,15,46,0,8,-42
2022,2022-12-13,WC-2022,2022 FIFA World Cup,,semi-finals,Argentina,Croatia,ARG,HRV,3.0,0.0,3-0,home team win,1.0,0.0,no,no,no,0-0,Lusail Stadium,S-114,,Lusail,Qatar,,88966.0,22:00,Daniele Orsato,,858,32,64,172,2.7,1.0,large,79,17.0,6.0,11.0,61.0,40.0,21.0,0.2151898734177215,0.2658227848101265,0.7721518987341772,0.5063291139240507,10.0,-3.0,0.6,23.0,6.0,0.2608695652173913,11.0,2.0,0.1818181818181818,10.0,12.0,8.0,0.0,0.8,0.0,0.8,52564.8,5,3.0,12.0,6.0,0.6,2.4,1.2,6.0,17,2,1.0,-2.0,0.5,1.0,2.0,5.0,5.0,0.0,32,64,172,2.7,1.0,large,1,2.0,5.0,5.0,0,32,64,172,2.7,1.0,large,1616.1808093869893,,28,45.0,13.0,22.0,138.0,91.0,47.0,1.6071428571428572,1.6785714285714286,4.928571428571429,3.25,7.0,-2.0,0.2,56.0,7.0,0.125,24.0,2.0,0.0833333333333333,10.0,13.0,8.0,1.0,0.8,0.0769230769230769,0.7230769230769232,47879.92857142857,5,4.0,12.0,5.0,0.8,2.4,1.0,7.0,5,2,2.0,1.0,1.0,0.0,0.0,1.0,2.0,0.0,32,64,172,2.7,1.0,large,0,0.0,1.0,2.0,0,32,64,172,2.7,1.0,large,1550.1987227757534,,-1.3919529837251357,-26.0,0.3999999999999999,-4.156419529837252,-2.7436708860759493,-0.2,-1.0,65.9820866112359,HomeWin,133,41,107,39,10,2,92
2022,2022-12-14,WC-2022,2022 FIFA World Cup,,semi-finals,France,Morocco,FRA,MAR,2.0,0.0,2-0,home team win,1.0,0.0,no,no,no,0-0,Al Bayt Stadium,S-107,,Al Khor,Qatar,,68294.0,22:00,César Arturo Ramos,,859,32,64,172,2.7,1.0,large,63,12.0,8.0,9.0,41.0,32.0,9.0,0.1904761904761904,0.1428571428571428,0.6507936507936508,0.5079365079365079,12.0,0.0,0.8,18.0,8.0,0.4444444444444444,11.0,2.0,0.1818181818181818,11.0,13.0,9.0,1.0,0.8181818181818182,0.0769230769230769,0.7412587412587412,45131.857142857145,5,1.0,6.0,6.0,0.2,1.2,1.2,0.0,15,0,1.0,-1.0,,1.0,2.0,3.0,5.0,1.0,32,64,172,2.7,1.0,large,1,2.0,3.0,5.0,1,32,64,172,2.7,1.0,large,1641.9411827272822,,19,36.0,11.0,17.0,115.0,67.0,48.0,1.894736842105263,2.526315789473684,6.052631578947368,3.526315789473684,11.0,4.0,0.6,42.0,9.0,0.2142857142857142,22.0,2.0,0.0909090909090909,12.0,13.0,10.0,1.0,0.8333333333333334,0.0769230769230769,0.7564102564102564,41300.055555555555,5,5.0,13.0,5.0,1.0,2.6,1.0,8.0,5,0,1.0,2.0,,,,,,,32,64,172,2.7,1.0,large,0,0.0,0.0,0.0,0,32,64,172,2.7,1.0,large,1503.7307898063502,,-1.7042606516290726,-39.0,0.2,-5.401837928153717,-3.018379281537176,-0.8,-8.0,138.210392920932,HomeWin,112,18,97,16,10,0,94
2022,2022-12-17,WC-2022,2022 FIFA World Cup,,third-place match,Croatia,Morocco,HRV,MAR,2.0,1.0,2-1,home team win,1.0,0.0,no,no,no,0-0,Khalifa International Stadium,S-110,,Al Rayyan,Qatar,,44137.0,18:00,Abdulrahman Ibrahim Al Jassim,,860,32,64,172,2.7,1.0,large,29,5.0,7.0,8.0,18.0,22.0,-4.0,0.1724137931034483,-0.1379310344827586,0.6206896551724138,0.7586206896551724,6.0,5.0,0.2,17.0,9.0,0.5294117647058824,3.0,3.0,1.0,12.0,14.0,10.0,2.0,0.8333333333333334,0.1428571428571428,0.6904761904761905,49296.68965517241,6,3.0,5.0,3.0,0.5,0.8333333333333334,0.5,2.0,5,1,0.0,-2.0,0.0,0.0,0.0,1.0,2.0,0.0,32,64,172,2.7,1.0,large,0,0.0,1.0,2.0,0,32,64,172,2.7,1.0,large,1542.0753330538314,,20,13.0,8.0,9.0,43.0,33.0,10.0,0.65,0.5,2.15,1.65,10.0,7.0,0.6,18.0,10.0,0.5555555555555556,12.0,3.0,0.25,13.0,14.0,11.0,2.0,0.8461538461538461,0.1428571428571428,0.7032967032967032,42720.78947368421,6,2.0,8.0,7.0,0.3333333333333333,1.3333333333333333,1.1666666666666667,1.0,5,1,1.0,1.0,1.0,,,,,,32,64,172,2.7,1.0,large,0,0.0,0.0,0.0,0,32,64,172,2.7,1.0,large,1497.5114524116102,,-0.4775862068965517,-14.0,-0.3999999999999999,-1.5293103448275862,-0.8913793103448275,0.1666666666666666,1.0,44.56388064222119,HomeWin,41,18,39,16,2,0,23
2022,2022-12-18,WC-2022,2022 FIFA World Cup,,final,Argentina,France,ARG,FRA,3.0,3.0,3-3,home team win,1.0,0.0,no,yes,yes,4-2,Lusail Stadium,S-114,,Lusail,Qatar,,88966.0,18:00,Szymon Marciniak,Argentina won on penalty kicks following extra time,861,32,64,172,2.7,1.0,large,80,5.0,7.0,9.0,19.0,24.0,-5.0,0.0625,-0.0625,0.2375,0.3,13.0,6.0,0.8,17.0,10.0,0.5882352941176471,4.0,3.0,0.75,13.0,15.0,11.0,2.0,0.8461538461538461,0.1333333333333333,0.7128205128205128,53043.76315789474,6,3.0,6.0,5.0,0.5,1.0,0.8333333333333334,1.0,17,3,0.0,-1.0,0.0,1.0,2.0,5.0,5.0,0.0,32,64,172,2.7,1.0,large,1,2.0,5.0,5.0,0,32,64,172,2.7,1.0,large,1624.3041991089112,,64,45.0,14.0,22.0,141.0,94.0,47.0,0.703125,0.734375,2.203125,1.46875,12.0,6.0,0.8,56.0,11.0,0.1964285714285714,25.0,3.0,0.12,13.0,16.0,11.0,3.0,0.8461538461538461,0.1875,0.6586538461538461,45493.765625,6,4.0,15.0,8.0,0.6666666666666666,2.5,1.3333333333333333,7.0,15,3,2.0,1.0,0.6666666666666666,1.0,2.0,3.0,5.0,1.0,32,64,172,2.7,1.0,large,1,2.0,3.0,5.0,1,32,64,172,2.7,1.0,large,1648.1605201220225,,-0.640625,-52.0,0.0,-1.965625,-1.16875,-0.1666666666666666,-6.0,-23.856321013111028,Draw,136,114,109,99,11,10,22
