goal_id,tournament_id,tournament_name,year,match_id,match_name,match_date,match_time,team_id,home_team,away_team,player_id,player_name,given_name,family_name,minute_label,minute_regulation,minute_stoppage,match_period,own_goal,penalty
G-0001,WC-1930,1930 FIFA Men's World Cup,1930,M-1930-01,France vs Mexico,-14417.0,15:00,T-30,1,0,P-05470,Lucien Laurent,Lucien,Laurent,19',19,0,first half,0,0
G-0002,WC-1930,1930 FIFA Men's World Cup,1930,M-1930-01,France vs Mexico,-14417.0,15:00,T-30,1,0,P-99087,Marcel Langiller,Marcel,Langiller,40',40,0,first half,0,0
G-0003,WC-1930,1930 FIFA Men's World Cup,1930,M-1930-01,France vs Mexico,-14417.0,15:00,T-30,1,0,P-60620,André Maschinot,André,Maschinot,43',43,0,first half,0,0
G-0004,WC-1930,1930 FIFA Men's World Cup,1930,M-1930-01,France vs Mexico,-14417.0,15:00,T-46,0,1,P-94135,Juan Carreño,Juan,Carreño,70',70,0,second half,0,0
G-0005,WC-1930,1930 FIFA Men's World Cup,1930,M-1930-01,France vs Mexico,-14417.0,15:00,T-30,1,0,P-60620,André Maschinot,André,Maschinot,87',87,0,second half,0,0
G-0006,WC-1930,1930 FIFA Men's World Cup,1930,M-1930-02,United States vs Belgium,-14417.0,15:00,T-83,1,0,P-65185,Bart McGhee,Bart,McGhee,23',23,0,first half,0,0
G-0007,WC-1930,1930 FIFA Men's World Cup,1930,M-1930-02,United States vs Belgium,-14417.0,15:00,T-83,1,0,P-37361,Tom Florie,Tom,Florie,45',45,0,first half,0,0
G-0008,WC-1930,1930 FIFA Men's World Cup,1930,M-1930-02,United States vs Belgium,-14417.0,15:00,T-83,1,0,P-71973,Bert Patenaude,Bert,Patenaude,69',69,0,second half,0,0
G-0009,WC-1930,1930 FIFA Men's World Cup,1930,M-1930-03,Yugoslavia vs Brazil,-14416.0,12:45,T-87,1,0,P-43349,Aleksandar Tirnanić,Aleksandar,Tirnanić,21',21,0,first half,0,0
G-0010,WC-1930,1930 FIFA Men's World Cup,1930,M-1930-03,Yugoslavia vs Brazil,-14416.0,12:45,T-87,1,0,P-43734,Ivan Bek,Ivan,Bek,30',30,0,first half,0,0
G-0011,WC-1930,1930 FIFA Men's World Cup,1930,M-1930-03,Yugoslavia vs Brazil,-14416.0,12:45,T-09,0,1,P-91171,not applicable Preguinho,not applicable,Preguinho,62',62,0,second half,0,0
G-0012,WC-1930,1930 FIFA Men's World Cup,1930,M-1930-04,Romania vs Peru,-14416.0,14:50,T-61,1,0,P-91295,Adalbert Deşu,Adalbert,Deşu,1',1,0,first half,0,0
G-0013,WC-1930,1930 FIFA Men's World Cup,1930,M-1930-04,Romania vs Peru,-14416.0,14:50,T-56,0,1,P-44010,Luis Souza Ferreira,Luis,Souza Ferreira,75',75,0,second half,0,0
G-0014,WC-1930,1930 FIFA Men's World Cup,1930,M-1930-04,Romania vs Peru,-14416.0,14:50,T-61,1,0,P-18615,Constantin Stanciu,Constantin,Stanciu,79',79,0,second half,0,0
G-0015,WC-1930,1930 FIFA Men's World Cup,1930,M-1930-04,Romania vs Peru,-14416.0,14:50,T-61,1,0,P-70294,Miklós Kovács,Miklós,Kovács,89',89,0,second half,0,0
G-0016,WC-1930,1930 FIFA Men's World Cup,1930,M-1930-05,Argentina vs France,-14415.0,16:00,T-03,1,0,P-25760,Luis Monti,Luis,Monti,81',81,0,second half,0,0
G-0017,WC-1930,1930 FIFA Men's World Cup,1930,M-1930-06,Chile vs Mexico,-14414.0,14:45,T-13,1,0,P-61338,Carlos Vidal,Carlos,Vidal,3',3,0,first half,0,0
G-0018,WC-1930,1930 FIFA Men's World Cup,1930,M-1930-06,Chile vs Mexico,-14414.0,14:45,T-13,1,0,P-89481,Manuel Rosas,Manuel,Rosas,52',52,0,second half,1,0
G-0019,WC-1930,1930 FIFA Men's World Cup,1930,M-1930-06,Chile vs Mexico,-14414.0,14:45,T-13,1,0,P-61338,Carlos Vidal,Carlos,Vidal,65',65,0,second half,0,0
G-0020,WC-1930,1930 FIFA Men's World Cup,1930,M-1930-07,Yugoslavia vs Bolivia,-14413.0,12:45,T-87,1,0,P-43734,Ivan Bek,Ivan,Bek,60',60,0,second half,0,0
G-0021,WC-1930,1930 FIFA Men's World Cup,1930,M-1930-07,Yugoslavia vs Bolivia,-14413.0,12:45,T-87,1,0,P-75929,Blagoje Marjanović,Blagoje,Marjanović,65',65,0,second half,0,0
G-0022,WC-1930,1930 FIFA Men's World Cup,1930,M-1930-07,Yugoslavia vs Bolivia,-14413.0,12:45,T-87,1,0,P-43734,Ivan Bek,Ivan,Bek,67',67,0,second half,0,0
G-0023,WC-1930,1930 FIFA Men's World Cup,1930,M-1930-07,Yugoslavia vs Bolivia,-14413.0,12:45,T-87,1,0,P-33565,Đorđe Vujadinović,Đorđe,Vujadinović,85',85,0,second half,0,0
G-0024,WC-1930,1930 FIFA Men's World Cup,1930,M-1930-08,United States vs Paraguay,-14413.0,14:45,T-83,1,0,P-71973,Bert Patenaude,Bert,Patenaude,10',10,0,first half,0,0
G-0025,WC-1930,1930 FIFA Men's World Cup,1930,M-1930-08,United States vs Paraguay,-14413.0,14:45,T-83,1,0,P-71973,Bert Patenaude,Bert,Patenaude,15',15,0,first half,0,0
G-0026,WC-1930,1930 FIFA Men's World Cup,1930,M-1930-08,United States vs Paraguay,-14413.0,14:45,T-83,1,0,P-71973,Bert Patenaude,Bert,Patenaude,50',50,0,second half,0,0
G-0027,WC-1930,1930 FIFA Men's World Cup,1930,M-1930-09,Uruguay vs Peru,-14412.0,14:30,T-84,1,0,P-54697,Héctor Castro,Héctor,Castro,65',65,0,second half,0,0
G-0028,WC-1930,1930 FIFA Men's World Cup,1930,M-1930-10,Chile vs France,-14411.0,12:50,T-13,1,0,P-08459,Guillermo Subiabre,Guillermo,Subiabre,67',67,0,second half,0,0
G-0029,WC-1930,1930 FIFA Men's World Cup,1930,M-1930-11,Argentina vs Mexico,-14411.0,15:00,T-03,1,0,P-56486,Guillermo Stábile,Guillermo,Stábile,8',8,0,first half,0,0
G-0030,WC-1930,1930 FIFA Men's World Cup,1930,M-1930-11,Argentina vs Mexico,-14411.0,15:00,T-03,1,0,P-76546,Adolfo Zumelzú,Adolfo,Zumelzú,12',12,0,first half,0,0
G-0031,WC-1930,1930 FIFA Men's World Cup,1930,M-1930-11,Argentina vs Mexico,-14411.0,15:00,T-03,1,0,P-56486,Guillermo Stábile,Guillermo,Stábile,17',17,0,first half,0,0
G-0032,WC-1930,1930 FIFA Men's World Cup,1930,M-1930-11,Argentina vs Mexico,-14411.0,15:00,T-46,0,1,P-89481,Manuel Rosas,Manuel,Rosas,42',42,0,first half,0,1
G-0033,WC-1930,1930 FIFA Men's World Cup,1930,M-1930-11,Argentina vs Mexico,-14411.0,15:00,T-03,1,0,P-37326,Francisco Varallo,Francisco,Varallo,53',53,0,second half,0,0
G-0034,WC-1930,1930 FIFA Men's World Cup,1930,M-1930-11,Argentina vs Mexico,-14411.0,15:00,T-03,1,0,P-76546,Adolfo Zumelzú,Adolfo,Zumelzú,55',55,0,second half,0,0
G-0035,WC-1930,1930 FIFA Men's World Cup,1930,M-1930-11,Argentina vs Mexico,-14411.0,15:00,T-46,0,1,P-89481,Manuel Rosas,Manuel,Rosas,65',65,0,second half,0,0
G-0036,WC-1930,1930 FIFA Men's World Cup,1930,M-1930-11,Argentina vs Mexico,-14411.0,15:00,T-46,0,1,P-31066,Roberto Gayón,Roberto,Gayón,75',75,0,second half,0,0
G-0037,WC-1930,1930 FIFA Men's World Cup,1930,M-1930-11,Argentina vs Mexico,-14411.0,15:00,T-03,1,0,P-56486,Guillermo Stábile,Guillermo,Stábile,80',80,0,second half,0,0
G-0038,WC-1930,1930 FIFA Men's World Cup,1930,M-1930-12,Brazil vs Bolivia,-14410.0,13:00,T-09,1,0,P-83987,not applicable Moderato,not applicable,Moderato,37',37,0,first half,0,0
G-0039,WC-1930,1930 FIFA Men's World Cup,1930,M-1930-12,Brazil vs Bolivia,-14410.0,13:00,T-09,1,0,P-91171,not applicable Preguinho,not applicable,Preguinho,57',57,0,second half,0,0
G-0040,WC-1930,1930 FIFA Men's World Cup,1930,M-1930-12,Brazil vs Bolivia,-14410.0,13:00,T-09,1,0,P-83987,not applicable Moderato,not applicable,Moderato,73',73,0,second half,0,0
G-0041,WC-1930,1930 FIFA Men's World Cup,1930,M-1930-12,Brazil vs Bolivia,-14410.0,13:00,T-09,1,0,P-91171,not applicable Preguinho,not applicable,Preguinho,83',83,0,second half,0,0
G-0042,WC-1930,1930 FIFA Men's World Cup,1930,M-1930-13,Paraguay vs Belgium,-14410.0,15:00,T-55,1,0,P-06201,Luis Vargas Peña,Luis,Vargas Peña,40',40,0,first half,0,0
G-0043,WC-1930,1930 FIFA Men's World Cup,1930,M-1930-14,Uruguay vs Romania,-14409.0,14:50,T-84,1,0,P-38674,Pablo Dorado,Pablo,Dorado,7',7,0,first half,0,0
G-0044,WC-1930,1930 FIFA Men's World Cup,1930,M-1930-14,Uruguay vs Romania,-14409.0,14:50,T-84,1,0,P-44201,Héctor Scarone,Héctor,Scarone,26',26,0,first half,0,0
G-0045,WC-1930,1930 FIFA Men's World Cup,1930,M-1930-14,Uruguay vs Romania,-14409.0,14:50,T-84,1,0,P-57352,Peregrino Anselmo,Peregrino,Anselmo,31',31,0,first half,0,0
G-0046,WC-1930,1930 FIFA Men's World Cup,1930,M-1930-14,Uruguay vs Romania,-14409.0,14:50,T-84,1,0,P-18628,Pedro Cea,Pedro,Cea,35',35,0,first half,0,0
G-0047,WC-1930,1930 FIFA Men's World Cup,1930,M-1930-15,Argentina vs Chile,-14408.0,14:45,T-03,1,0,P-56486,Guillermo Stábile,Guillermo,Stábile,12',12,0,first half,0,0
G-0048,WC-1930,1930 FIFA Men's World Cup,1930,M-1930-15,Argentina vs Chile,-14408.0,14:45,T-03,1,0,P-56486,Guillermo Stábile,Guillermo,Stábile,13',13,0,first half,0,0
G-0049,WC-1930,1930 FIFA Men's World Cup,1930,M-1930-15,Argentina vs Chile,-14408.0,14:45,T-13,0,1,P-08459,Guillermo Subiabre,Guillermo,Subiabre,15',15,0,first half,0,0
G-0050,WC-1930,1930 FIFA Men's World Cup,1930,M-1930-15,Argentina vs Chile,-14408.0,14:45,T-03,1,0,P-23897,Mario Evaristo,Mario,Evaristo,51',51,0,second half,0,0
G-0051,WC-1930,1930 FIFA Men's World Cup,1930,M-1930-16,Argentina vs United States,-14404.0,14:45,T-03,1,0,P-25760,Luis Monti,Luis,Monti,20',20,0,first half,0,0
G-0052,WC-1930,1930 FIFA Men's World Cup,1930,M-1930-16,Argentina vs United States,-14404.0,14:45,T-03,1,0,P-44916,Alejandro Scopelli,Alejandro,Scopelli,56',56,0,second half,0,0
G-0053,WC-1930,1930 FIFA Men's World Cup,1930,M-1930-16,Argentina vs United States,-14404.0,14:45,T-03,1,0,P-56486,Guillermo Stábile,Guillermo,Stábile,69',69,0,second half,0,0
G-0054,WC-1930,1930 FIFA Men's World Cup,1930,M-1930-16,Argentina vs United States,-14404.0,14:45,T-03,1,0,P-70166,Carlos Peucelle,Carlos,Peucelle,80',80,0,second half,0,0
G-0055,WC-1930,1930 FIFA Men's World Cup,1930,M-1930-16,Argentina vs United States,-14404.0,14:45,T-03,1,0,P-70166,Carlos Peucelle,Carlos,Peucelle,85',85,0,second half,0,0
G-0056,WC-1930,1930 FIFA Men's World Cup,1930,M-1930-16,Argentina vs United States,-14404.0,14:45,T-03,1,0,P-56486,Guillermo Stábile,Guillermo,Stábile,87',87,0,second half,0,0
G-0057,WC-1930,1930 FIFA Men's World Cup,1930,M-1930-16,Argentina vs United States,-14404.0,14:45,T-83,0,1,P-06424,Jim Brown,Jim,Brown,89',89,0,second half,0,0
G-0058,WC-1930,1930 FIFA Men's World Cup,1930,M-1930-17,Uruguay vs Yugoslavia,-14403.0,14:45,T-87,0,1,P-33565,Đorđe Vujadinović,Đorđe,Vujadinović,4',4,0,first half,0,0
G-0059,WC-1930,1930 FIFA Men's World Cup,1930,M-1930-17,Uruguay vs Yugoslavia,-14403.0,14:45,T-84,1,0,P-18628,Pedro Cea,Pedro,Cea,18',18,0,first half,0,0
G-0060,WC-1930,1930 FIFA Men's World Cup,1930,M-1930-17,Uruguay vs Yugoslavia,-14403.0,14:45,T-84,1,0,P-57352,Peregrino Anselmo,Peregrino,Anselmo,20',20,0,first half,0,0
G-0061,WC-1930,1930 FIFA Men's World Cup,1930,M-1930-17,Uruguay vs Yugoslavia,-14403.0,14:45,T-84,1,0,P-57352,Peregrino Anselmo,Peregrino,Anselmo,31',31,0,first half,0,0
G-0062,WC-1930,1930 FIFA Men's World Cup,1930,M-1930-17,Uruguay vs Yugoslavia,-14403.0,14:45,T-84,1,0,P-31959,Santos Iriarte,Santos,Iriarte,61',61,0,second half,0,0
G-0063,WC-1930,1930 FIFA Men's World Cup,1930,M-1930-17,Uruguay vs Yugoslavia,-14403.0,14:45,T-84,1,0,P-18628,Pedro Cea,Pedro,Cea,67',67,0,second half,0,0
G-0064,WC-1930,1930 FIFA Men's World Cup,1930,M-1930-17,Uruguay vs Yugoslavia,-14403.0,14:45,T-84,1,0,P-18628,Pedro Cea,Pedro,Cea,72',72,0,second half,0,0
G-0065,WC-1930,1930 FIFA Men's World Cup,1930,M-1930-18,Uruguay vs Argentina,-14400.0,14:15,T-84,1,0,P-38674,Pablo Dorado,Pablo,Dorado,12',12,0,first half,0,0
G-0066,WC-1930,1930 FIFA Men's World Cup,1930,M-1930-18,Uruguay vs Argentina,-14400.0,14:15,T-03,0,1,P-70166,Carlos Peucelle,Carlos,Peucelle,20',20,0,first half,0,0
G-0067,WC-1930,1930 FIFA Men's World Cup,1930,M-1930-18,Uruguay vs Argentina,-14400.0,14:15,T-03,0,1,P-56486,Guillermo Stábile,Guillermo,Stábile,37',37,0,first half,0,0
G-0068,WC-1930,1930 FIFA Men's World Cup,1930,M-1930-18,Uruguay vs Argentina,-14400.0,14:15,T-84,1,0,P-18628,Pedro Cea,Pedro,Cea,57',57,0,second half,0,0
G-0069,WC-1930,1930 FIFA Men's World Cup,1930,M-1930-18,Uruguay vs Argentina,-14400.0,14:15,T-84,1,0,P-31959,Santos Iriarte,Santos,Iriarte,68',68,0,second half,0,0
G-0070,WC-1930,1930 FIFA Men's World Cup,1930,M-1930-18,Uruguay vs Argentina,-14400.0,14:15,T-84,1,0,P-54697,Héctor Castro,Héctor,Castro,89',89,0,second half,0,0
G-0071,WC-1934,1934 FIFA Men's World Cup,1934,M-1934-01,Austria vs France,-13003.0,16:00,T-30,0,1,P-70804,Jean Nicolas,Jean,Nicolas,18',18,0,first half,0,0
G-0072,WC-1934,1934 FIFA Men's World Cup,1934,M-1934-01,Austria vs France,-13003.0,16:00,T-05,1,0,P-11865,Matthias Sindelar,Matthias,Sindelar,44',44,0,first half,0,0
G-0073,WC-1934,1934 FIFA Men's World Cup,1934,M-1934-01,Austria vs France,-13003.0,16:00,T-05,1,0,P-87474,Anton Schall,Anton,Schall,93',93,0,"extra time, first half",0,0
G-0074,WC-1934,1934 FIFA Men's World Cup,1934,M-1934-01,Austria vs France,-13003.0,16:00,T-05,1,0,P-51668,Josef Bican,Josef,Bican,109',109,0,"extra time, second half",0,0
G-0075,WC-1934,1934 FIFA Men's World Cup,1934,M-1934-01,Austria vs France,-13003.0,16:00,T-30,0,1,P-13166,Georges Verriest,Georges,Verriest,116',116,0,"extra time, second half",0,1
G-0076,WC-1934,1934 FIFA Men's World Cup,1934,M-1934-02,Czechoslovakia vs Romania,-13003.0,16:00,T-61,0,1,P-55855,Ștefan Dobay,Ștefan,Dobay,11',11,0,first half,0,0
G-0077,WC-1934,1934 FIFA Men's World Cup,1934,M-1934-02,Czechoslovakia vs Romania,-13003.0,16:00,T-21,1,0,P-51219,Antonín Puč,Antonín,Puč,50',50,0,second half,0,0
G-0078,WC-1934,1934 FIFA Men's World Cup,1934,M-1934-02,Czechoslovakia vs Romania,-13003.0,16:00,T-21,1,0,P-60513,Oldřich Nejedlý,Oldřich,Nejedlý,67',67,0,second half,0,0
G-0079,WC-1934,1934 FIFA Men's World Cup,1934,M-1934-03,Germany vs Belgium,-13003.0,16:00,T-31,1,0,P-04241,Stanislaus Kobierski,Stanislaus,Kobierski,25',25,0,first half,0,0
G-0080,WC-1934,1934 FIFA Men's World Cup,1934,M-1934-03,Germany vs Belgium,-13003.0,16:00,T-06,0,1,P-85443,Bernard Voorhoof,Bernard,Voorhoof,29',29,0,first half,0,0
G-0081,WC-1934,1934 FIFA Men's World Cup,1934,M-1934-03,Germany vs Belgium,-13003.0,16:00,T-06,0,1,P-85443,Bernard Voorhoof,Bernard,Voorhoof,43',43,0,first half,0,0
G-0082,WC-1934,1934 FIFA Men's World Cup,1934,M-1934-03,Germany vs Belgium,-13003.0,16:00,T-31,1,0,P-53238,Otto Siffling,Otto,Siffling,49',49,0,second half,0,0
G-0083,WC-1934,1934 FIFA Men's World Cup,1934,M-1934-03,Germany vs Belgium,-13003.0,16:00,T-31,1,0,P-77348,Edmund Conen,Edmund,Conen,66',66,0,second half,0,0
G-0084,WC-1934,1934 FIFA Men's World Cup,1934,M-1934-03,Germany vs Belgium,-13003.0,16:00,T-31,1,0,P-77348,Edmund Conen,Edmund,Conen,70',70,0,second half,0,0
G-0085,WC-1934,1934 FIFA Men's World Cup,1934,M-1934-03,Germany vs Belgium,-13003.0,16:00,T-31,1,0,P-77348,Edmund Conen,Edmund,Conen,87',87,0,second half,0,0
G-0086,WC-1934,1934 FIFA Men's World Cup,1934,M-1934-04,Hungary vs Egypt,-13003.0,16:00,T-36,1,0,P-42669,Pál Teleki,Pál,Teleki,11',11,0,first half,0,0
G-0087,WC-1934,1934 FIFA Men's World Cup,1934,M-1934-04,Hungary vs Egypt,-13003.0,16:00,T-36,1,0,P-60977,Géza Toldi,Géza,Toldi,31',31,0,first half,0,0
G-0088,WC-1934,1934 FIFA Men's World Cup,1934,M-1934-04,Hungary vs Egypt,-13003.0,16:00,T-26,0,1,P-28239,Abdulrahman Fawzi,Abdulrahman,Fawzi,35',35,0,first half,0,0
G-0089,WC-1934,1934 FIFA Men's World Cup,1934,M-1934-04,Hungary vs Egypt,-13003.0,16:00,T-26,0,1,P-28239,Abdulrahman Fawzi,Abdulrahman,Fawzi,39',39,0,first half,0,0
G-0090,WC-1934,1934 FIFA Men's World Cup,1934,M-1934-04,Hungary vs Egypt,-13003.0,16:00,T-36,1,0,P-11520,Jenő Vincze,Jenő,Vincze,53',53,0,second half,0,0
G-0091,WC-1934,1934 FIFA Men's World Cup,1934,M-1934-04,Hungary vs Egypt,-13003.0,16:00,T-36,1,0,P-60977,Géza Toldi,Géza,Toldi,61',61,0,second half,0,0
G-0092,WC-1934,1934 FIFA Men's World Cup,1934,M-1934-05,Italy vs United States,-13003.0,16:00,T-41,1,0,P-56703,Angelo Schiavio,Angelo,Schiavio,18',18,0,first half,0,0
G-0093,WC-1934,1934 FIFA Men's World Cup,1934,M-1934-05,Italy vs United States,-13003.0,16:00,T-41,1,0,P-03638,Raimundo Orsi,Raimundo,Orsi,20',20,0,first half,0,0
G-0094,WC-1934,1934 FIFA Men's World Cup,1934,M-1934-05,Italy vs United States,-13003.0,16:00,T-41,1,0,P-56703,Angelo Schiavio,Angelo,Schiavio,29',29,0,first half,0,0
G-0095,WC-1934,1934 FIFA Men's World Cup,1934,M-1934-05,Italy vs United States,-13003.0,16:00,T-83,0,1,P-75829,Aldo Donelli,Aldo,Donelli,57',57,0,second half,0,0
G-0096,WC-1934,1934 FIFA Men's World Cup,1934,M-1934-05,Italy vs United States,-13003.0,16:00,T-41,1,0,P-39512,Giovanni Ferrari,Giovanni,Ferrari,63',63,0,second half,0,0
G-0097,WC-1934,1934 FIFA Men's World Cup,1934,M-1934-05,Italy vs United States,-13003.0,16:00,T-41,1,0,P-56703,Angelo Schiavio,Angelo,Schiavio,64',64,0,second half,0,0
G-0098,WC-1934,1934 FIFA Men's World Cup,1934,M-1934-05,Italy vs United States,-13003.0,16:00,T-41,1,0,P-03638,Raimundo Orsi,Raimundo,Orsi,69',69,0,second half,0,0
G-0099,WC-1934,1934 FIFA Men's World Cup,1934,M-1934-05,Italy vs United States,-13003.0,16:00,T-41,1,0,P-34536,Giuseppe Meazza,Giuseppe,Meazza,90',90,0,second half,0,0
G-0100,WC-1934,1934 FIFA Men's World Cup,1934,M-1934-06,Spain vs Brazil,-13003.0,16:00,T-73,1,0,P-64059,José Iraragorri,José,Iraragorri,18',18,0,first half,0,1
G-0101,WC-1934,1934 FIFA Men's World Cup,1934,M-1934-06,Spain vs Brazil,-13003.0,16:00,T-73,1,0,P-64059,José Iraragorri,José,Iraragorri,25',25,0,first half,0,0
G-0102,WC-1934,1934 FIFA Men's World Cup,1934,M-1934-06,Spain vs Brazil,-13003.0,16:00,T-73,1,0,P-69133,Isidro Lángara,Isidro,Lángara,29',29,0,first half,0,0
G-0103,WC-1934,1934 FIFA Men's World Cup,1934,M-1934-06,Spain vs Brazil,-13003.0,16:00,T-09,0,1,P-09730,not applicable Leônidas,not applicable,Leônidas,55',55,0,second half,0,0
G-0104,WC-1934,1934 FIFA Men's World Cup,1934,M-1934-07,Sweden vs Argentina,-13003.0,16:00,T-03,0,1,P-11019,Ernesto Belis,Ernesto,Belis,4',4,0,first half,0,0
G-0105,WC-1934,1934 FIFA Men's World Cup,1934,M-1934-07,Sweden vs Argentina,-13003.0,16:00,T-74,1,0,P-79374,Sven Jonasson,Sven,Jonasson,9',9,0,first half,0,0
G-0106,WC-1934,1934 FIFA Men's World Cup,1934,M-1934-07,Sweden vs Argentina,-13003.0,16:00,T-03,0,1,P-61839,Alberto Galateo,Alberto,Galateo,48',48,0,second half,0,0
G-0107,WC-1934,1934 FIFA Men's World Cup,1934,M-1934-07,Sweden vs Argentina,-13003.0,16:00,T-74,1,0,P-79374,Sven Jonasson,Sven,Jonasson,67',67,0,second half,0,0
G-0108,WC-1934,1934 FIFA Men's World Cup,1934,M-1934-07,Sweden vs Argentina,-13003.0,16:00,T-74,1,0,P-02091,Knut Kroon,Knut,Kroon,79',79,0,second half,0,0
G-0109,WC-1934,1934 FIFA Men's World Cup,1934,M-1934-08,Switzerland vs Netherlands,-13003.0,16:00,T-75,1,0,P-88416,Leopold Kielholz,Leopold,Kielholz,7',7,0,first half,0,0
G-0110,WC-1934,1934 FIFA Men's World Cup,1934,M-1934-08,Switzerland vs Netherlands,-13003.0,16:00,T-48,0,1,P-85884,Kick Smit,Kick,Smit,29',29,0,first half,0,0
G-0111,WC-1934,1934 FIFA Men's World Cup,1934,M-1934-08,Switzerland vs Netherlands,-13003.0,16:00,T-75,1,0,P-88416,Leopold Kielholz,Leopold,Kielholz,43',43,0,first half,0,0
G-0112,WC-1934,1934 FIFA Men's World Cup,1934,M-1934-08,Switzerland vs Netherlands,-13003.0,16:00,T-75,1,0,P-85334,André Abegglen,André,Abegglen,66',66,0,second half,0,0
G-0113,WC-1934,1934 FIFA Men's World Cup,1934,M-1934-08,Switzerland vs Netherlands,-13003.0,16:00,T-48,0,1,P-55392,Leen Vente,Leen,Vente,69',69,0,second half,0,0
G-0114,WC-1934,1934 FIFA Men's World Cup,1934,M-1934-09,Austria vs Hungary,-12999.0,16:30,T-05,1,0,P-51711,Johann Horvath,Johann,Horvath,8',8,0,first half,0,0
G-0115,WC-1934,1934 FIFA Men's World Cup,1934,M-1934-09,Austria vs Hungary,-12999.0,16:30,T-05,1,0,P-05719,Karl Zischek,Karl,Zischek,51',51,0,second half,0,0
G-0116,WC-1934,1934 FIFA Men's World Cup,1934,M-1934-09,Austria vs Hungary,-12999.0,16:30,T-36,0,1,P-89034,György Sárosi,György,Sárosi,60',60,0,second half,0,1
G-0117,WC-1934,1934 FIFA Men's World Cup,1934,M-1934-10,Czechoslovakia vs Switzerland,-12999.0,16:30,T-75,0,1,P-88416,Leopold Kielholz,Leopold,Kielholz,18',18,0,first half,0,0
G-0118,WC-1934,1934 FIFA Men's World Cup,1934,M-1934-10,Czechoslovakia vs Switzerland,-12999.0,16:30,T-21,1,0,P-13470,František Svoboda,František,Svoboda,24',24,0,first half,0,0
G-0119,WC-1934,1934 FIFA Men's World Cup,1934,M-1934-10,Czechoslovakia vs Switzerland,-12999.0,16:30,T-21,1,0,P-58983,Jiří Sobotka,Jiří,Sobotka,49',49,0,second half,0,0
G-0120,WC-1934,1934 FIFA Men's World Cup,1934,M-1934-10,Czechoslovakia vs Switzerland,-12999.0,16:30,T-75,0,1,P-58205,Willy Jäggi,Willy,Jäggi,78',78,0,second half,0,0
G-0121,WC-1934,1934 FIFA Men's World Cup,1934,M-1934-10,Czechoslovakia vs Switzerland,-12999.0,16:30,T-21,1,0,P-60513,Oldřich Nejedlý,Oldřich,Nejedlý,82',82,0,second half,0,0
G-0122,WC-1934,1934 FIFA Men's World Cup,1934,M-1934-11,Germany vs Sweden,-12999.0,16:30,T-31,1,0,P-56231,Karl Hohmann,Karl,Hohmann,60',60,0,second half,0,0
G-0123,WC-1934,1934 FIFA Men's World Cup,1934,M-1934-11,Germany vs Sweden,-12999.0,16:30,T-31,1,0,P-56231,Karl Hohmann,Karl,Hohmann,63',63,0,second half,0,0
G-0124,WC-1934,1934 FIFA Men's World Cup,1934,M-1934-11,Germany vs Sweden,-12999.0,16:30,T-74,0,1,P-83366,Gösta Dunker,Gösta,Dunker,82',82,0,second half,0,0
G-0125,WC-1934,1934 FIFA Men's World Cup,1934,M-1934-12,Italy vs Spain,-12999.0,16:30,T-73,0,1,P-40752,Luis Regueiro,Luis,Regueiro,30',30,0,first half,0,0
G-0126,WC-1934,1934 FIFA Men's World Cup,1934,M-1934-12,Italy vs Spain,-12999.0,16:30,T-41,1,0,P-39512,Giovanni Ferrari,Giovanni,Ferrari,44',44,0,first half,0,0
G-0127,WC-1934,1934 FIFA Men's World Cup,1934,M-1934-13,Italy vs Spain,-12998.0,16:30,T-41,1,0,P-34536,Giuseppe Meazza,Giuseppe,Meazza,11',11,0,first half,0,0
G-0128,WC-1934,1934 FIFA Men's World Cup,1934,M-1934-14,Czechoslovakia vs Germany,-12996.0,16:30,T-21,1,0,P-60513,Oldřich Nejedlý,Oldřich,Nejedlý,21',21,0,first half,0,0
G-0129,WC-1934,1934 FIFA Men's World Cup,1934,M-1934-14,Czechoslovakia vs Germany,-12996.0,16:30,T-31,0,1,P-30818,Rudolf Noack,Rudolf,Noack,62',62,0,second half,0,0
G-0130,WC-1934,1934 FIFA Men's World Cup,1934,M-1934-14,Czechoslovakia vs Germany,-12996.0,16:30,T-21,1,0,P-60513,Oldřich Nejedlý,Oldřich,Nejedlý,69',69,0,second half,0,0
G-0131,WC-1934,1934 FIFA Men's World Cup,1934,M-1934-14,Czechoslovakia vs Germany,-12996.0,16:30,T-21,1,0,P-60513,Oldřich Nejedlý,Oldřich,Nejedlý,80',80,0,second half,0,0
G-0132,WC-1934,1934 FIFA Men's World Cup,1934,M-1934-15,Italy vs Austria,-12996.0,16:30,T-41,1,0,P-03545,Enrique Guaita,Enrique,Guaita,19',19,0,first half,0,0
G-0133,WC-1934,1934 FIFA Men's World Cup,1934,M-1934-16,Germany vs Austria,-12992.0,18:00,T-31,1,0,P-38753,Ernst Lehner,Ernst,Lehner,1',1,0,first half,0,0
G-0134,WC-1934,1934 FIFA Men's World Cup,1934,M-1934-16,Germany vs Austria,-12992.0,18:00,T-31,1,0,P-77348,Edmund Conen,Edmund,Conen,27',27,0,first half,0,0
G-0135,WC-1934,1934 FIFA Men's World Cup,1934,M-1934-16,Germany vs Austria,-12992.0,18:00,T-05,0,1,P-51711,Johann Horvath,Johann,Horvath,28',28,0,first half,0,0
G-0136,WC-1934,1934 FIFA Men's World Cup,1934,M-1934-16,Germany vs Austria,-12992.0,18:00,T-31,1,0,P-38753,Ernst Lehner,Ernst,Lehner,42',42,0,first half,0,0
G-0137,WC-1934,1934 FIFA Men's World Cup,1934,M-1934-16,Germany vs Austria,-12992.0,18:00,T-05,0,1,P-05609,Karl Sesta,Karl,Sesta,54',54,0,second half,0,0
G-0138,WC-1934,1934 FIFA Men's World Cup,1934,M-1934-17,Italy vs Czechoslovakia,-12989.0,17:00,T-21,0,1,P-51219,Antonín Puč,Antonín,Puč,71',71,0,second half,0,0
G-0139,WC-1934,1934 FIFA Men's World Cup,1934,M-1934-17,Italy vs Czechoslovakia,-12989.0,17:00,T-41,1,0,P-03638,Raimundo Orsi,Raimundo,Orsi,81',81,0,second half,0,0
G-0140,WC-1934,1934 FIFA Men's World Cup,1934,M-1934-17,Italy vs Czechoslovakia,-12989.0,17:00,T-41,1,0,P-56703,Angelo Schiavio,Angelo,Schiavio,95',95,0,"extra time, first half",0,0
G-0141,WC-1938,1938 FIFA Men's World Cup,1938,M-1938-01,Switzerland vs Germany,-11534.0,17:00,T-31,0,1,P-15763,Josef Gauchel,Josef,Gauchel,29',29,0,first half,0,0
G-0142,WC-1938,1938 FIFA Men's World Cup,1938,M-1938-01,Switzerland vs Germany,-11534.0,17:00,T-75,1,0,P-85334,André Abegglen,André,Abegglen,43',43,0,first half,0,0
G-0143,WC-1938,1938 FIFA Men's World Cup,1938,M-1938-02,Cuba vs Romania,-11533.0,17:00,T-61,0,1,P-28958,Silviu Bindea,Silviu,Bindea,35',35,0,first half,0,0
G-0144,WC-1938,1938 FIFA Men's World Cup,1938,M-1938-02,Cuba vs Romania,-11533.0,17:00,T-19,1,0,P-77922,Héctor Socorro,Héctor,Socorro,44',44,0,first half,0,0
G-0145,WC-1938,1938 FIFA Men's World Cup,1938,M-1938-02,Cuba vs Romania,-11533.0,17:00,T-19,1,0,P-56223,José Magriñá,José,Magriñá,69',69,0,second half,0,0
G-0146,WC-1938,1938 FIFA Men's World Cup,1938,M-1938-02,Cuba vs Romania,-11533.0,17:00,T-61,0,1,P-58656,Iuliu Baratky,Iuliu,Baratky,88',88,0,second half,0,0
G-0147,WC-1938,1938 FIFA Men's World Cup,1938,M-1938-02,Cuba vs Romania,-11533.0,17:00,T-19,1,0,P-77922,Héctor Socorro,Héctor,Socorro,103',103,0,"extra time, first half",0,0
G-0148,WC-1938,1938 FIFA Men's World Cup,1938,M-1938-02,Cuba vs Romania,-11533.0,17:00,T-61,0,1,P-55855,Ștefan Dobay,Ștefan,Dobay,105',105,0,"extra time, first half",0,0
G-0149,WC-1938,1938 FIFA Men's World Cup,1938,M-1938-03,France vs Belgium,-11533.0,17:00,T-30,1,0,P-02281,Émile Veinante,Émile,Veinante,1',1,0,first half,0,0
G-0150,WC-1938,1938 FIFA Men's World Cup,1938,M-1938-03,France vs Belgium,-11533.0,17:00,T-30,1,0,P-70804,Jean Nicolas,Jean,Nicolas,16',16,0,first half,0,0
G-0151,WC-1938,1938 FIFA Men's World Cup,1938,M-1938-03,France vs Belgium,-11533.0,17:00,T-06,0,1,P-03499,Hendrik Isemborghs,Hendrik,Isemborghs,38',38,0,first half,0,0
G-0152,WC-1938,1938 FIFA Men's World Cup,1938,M-1938-03,France vs Belgium,-11533.0,17:00,T-30,1,0,P-70804,Jean Nicolas,Jean,Nicolas,69',69,0,second half,0,0
G-0153,WC-1938,1938 FIFA Men's World Cup,1938,M-1938-04,Hungary vs Dutch East Indies,-11533.0,17:00,T-36,1,0,P-53740,Vilmos Kohut,Vilmos,Kohut,13',13,0,first half,0,0
G-0154,WC-1938,1938 FIFA Men's World Cup,1938,M-1938-04,Hungary vs Dutch East Indies,-11533.0,17:00,T-36,1,0,P-60977,Géza Toldi,Géza,Toldi,15',15,0,first half,0,0
G-0155,WC-1938,1938 FIFA Men's World Cup,1938,M-1938-04,Hungary vs Dutch East Indies,-11533.0,17:00,T-36,1,0,P-89034,György Sárosi,György,Sárosi,28',28,0,first half,0,0
G-0156,WC-1938,1938 FIFA Men's World Cup,1938,M-1938-04,Hungary vs Dutch East Indies,-11533.0,17:00,T-36,1,0,P-67652,Gyula Zsengellér,Gyula,Zsengellér,35',35,0,first half,0,0
G-0157,WC-1938,1938 FIFA Men's World Cup,1938,M-1938-04,Hungary vs Dutch East Indies,-11533.0,17:00,T-36,1,0,P-67652,Gyula Zsengellér,Gyula,Zsengellér,76',76,0,second half,0,0
G-0158,WC-1938,1938 FIFA Men's World Cup,1938,M-1938-04,Hungary vs Dutch East Indies,-11533.0,17:00,T-36,1,0,P-89034,György Sárosi,György,Sárosi,89',89,0,second half,0,0
G-0159,WC-1938,1938 FIFA Men's World Cup,1938,M-1938-05,Italy vs Norway,-11533.0,17:00,T-41,1,0,P-58640,Pietro Ferraris,Pietro,Ferraris,2',2,0,first half,0,0
G-0160,WC-1938,1938 FIFA Men's World Cup,1938,M-1938-05,Italy vs Norway,-11533.0,17:00,T-53,0,1,P-07024,Arne Brustad,Arne,Brustad,83',83,0,second half,0,0
G-0161,WC-1938,1938 FIFA Men's World Cup,1938,M-1938-05,Italy vs Norway,-11533.0,17:00,T-41,1,0,P-65885,Silvio Piola,Silvio,Piola,94',94,0,"extra time, first half",0,0
G-0162,WC-1938,1938 FIFA Men's World Cup,1938,M-1938-06,Brazil vs Poland,-11533.0,17:30,T-09,1,0,P-09730,not applicable Leônidas,not applicable,Leônidas,18',18,0,first half,0,0
G-0163,WC-1938,1938 FIFA Men's World Cup,1938,M-1938-06,Brazil vs Poland,-11533.0,17:30,T-57,0,1,P-72075,Fryderyk Scherfke,Fryderyk,Scherfke,23',23,0,first half,0,1
G-0164,WC-1938,1938 FIFA Men's World Cup,1938,M-1938-06,Brazil vs Poland,-11533.0,17:30,T-09,1,0,P-44339,not applicable Romeu,not applicable,Romeu,25',25,0,first half,0,0
G-0165,WC-1938,1938 FIFA Men's World Cup,1938,M-1938-06,Brazil vs Poland,-11533.0,17:30,T-09,1,0,P-70927,not applicable Perácio,not applicable,Perácio,44',44,0,first half,0,0
G-0166,WC-1938,1938 FIFA Men's World Cup,1938,M-1938-06,Brazil vs Poland,-11533.0,17:30,T-57,0,1,P-13828,Ernst Wilimowski,Ernst,Wilimowski,53',53,0,second half,0,0
G-0167,WC-1938,1938 FIFA Men's World Cup,1938,M-1938-06,Brazil vs Poland,-11533.0,17:30,T-57,0,1,P-13828,Ernst Wilimowski,Ernst,Wilimowski,59',59,0,second half,0,0
G-0168,WC-1938,1938 FIFA Men's World Cup,1938,M-1938-06,Brazil vs Poland,-11533.0,17:30,T-09,1,0,P-70927,not applicable Perácio,not applicable,Perácio,71',71,0,second half,0,0
G-0169,WC-1938,1938 FIFA Men's World Cup,1938,M-1938-06,Brazil vs Poland,-11533.0,17:30,T-57,0,1,P-13828,Ernst Wilimowski,Ernst,Wilimowski,89',89,0,second half,0,0
G-0170,WC-1938,1938 FIFA Men's World Cup,1938,M-1938-06,Brazil vs Poland,-11533.0,17:30,T-09,1,0,P-09730,not applicable Leônidas,not applicable,Leônidas,93',93,0,"extra time, first half",0,0
G-0171,WC-1938,1938 FIFA Men's World Cup,1938,M-1938-06,Brazil vs Poland,-11533.0,17:30,T-09,1,0,P-09730,not applicable Leônidas,not applicable,Leônidas,104',104,0,"extra time, first half",0,0
G-0172,WC-1938,1938 FIFA Men's World Cup,1938,M-1938-06,Brazil vs Poland,-11533.0,17:30,T-57,0,1,P-13828,Ernst Wilimowski,Ernst,Wilimowski,118',118,0,"extra time, second half",0,0
G-0173,WC-1938,1938 FIFA Men's World Cup,1938,M-1938-07,Czechoslovakia vs Netherlands,-11533.0,18:30,T-21,1,0,P-53978,Josef Košťálek,Josef,Košťálek,93',93,0,"extra time, first half",0,0
G-0174,WC-1938,1938 FIFA Men's World Cup,1938,M-1938-07,Czechoslovakia vs Netherlands,-11533.0,18:30,T-21,1,0,P-27945,Josef Zeman,Josef,Zeman,111',111,0,"extra time, second half",0,0
G-0175,WC-1938,1938 FIFA Men's World Cup,1938,M-1938-07,Czechoslovakia vs Netherlands,-11533.0,18:30,T-21,1,0,P-60513,Oldřich Nejedlý,Oldřich,Nejedlý,118',118,0,"extra time, second half",0,0
G-0176,WC-1938,1938 FIFA Men's World Cup,1938,M-1938-08,Cuba vs Romania,-11529.0,18:00,T-61,0,1,P-55855,Ștefan Dobay,Ștefan,Dobay,35',35,0,first half,0,0
G-0177,WC-1938,1938 FIFA Men's World Cup,1938,M-1938-08,Cuba vs Romania,-11529.0,18:00,T-19,1,0,P-77922,Héctor Socorro,Héctor,Socorro,51',51,0,second half,0,0
G-0178,WC-1938,1938 FIFA Men's World Cup,1938,M-1938-08,Cuba vs Romania,-11529.0,18:00,T-19,1,0,P-77302,Tomás Fernández,Tomás,Fernández,57',57,0,second half,0,0
G-0179,WC-1938,1938 FIFA Men's World Cup,1938,M-1938-09,Switzerland vs Germany,-11529.0,18:00,T-31,0,1,P-53466,Wilhelm Hahnemann,Wilhelm,Hahnemann,8',8,0,first half,0,0
G-0180,WC-1938,1938 FIFA Men's World Cup,1938,M-1938-09,Switzerland vs Germany,-11529.0,18:00,T-31,0,1,P-42031,Ernst Lörtscher,Ernst,Lörtscher,22',22,0,first half,1,0
G-0181,WC-1938,1938 FIFA Men's World Cup,1938,M-1938-09,Switzerland vs Germany,-11529.0,18:00,T-75,1,0,P-81006,Eugen Walaschek,Eugen,Walaschek,42',42,0,first half,0,0
G-0182,WC-1938,1938 FIFA Men's World Cup,1938,M-1938-09,Switzerland vs Germany,-11529.0,18:00,T-75,1,0,P-50918,Alfred Bickel,Alfred,Bickel,64',64,0,second half,0,0
G-0183,WC-1938,1938 FIFA Men's World Cup,1938,M-1938-09,Switzerland vs Germany,-11529.0,18:00,T-75,1,0,P-85334,André Abegglen,André,Abegglen,75',75,0,second half,0,0
G-0184,WC-1938,1938 FIFA Men's World Cup,1938,M-1938-09,Switzerland vs Germany,-11529.0,18:00,T-75,1,0,P-85334,André Abegglen,André,Abegglen,78',78,0,second half,0,0
G-0185,WC-1938,1938 FIFA Men's World Cup,1938,M-1938-10,Brazil vs Czechoslovakia,-11526.0,17:00,T-09,1,0,P-09730,not applicable Leônidas,not applicable,Leônidas,30',30,0,first half,0,0
G-0186,WC-1938,1938 FIFA Men's World Cup,1938,M-1938-10,Brazil vs Czechoslovakia,-11526.0,17:00,T-21,0,1,P-60513,Oldřich Nejedlý,Oldřich,Nejedlý,65',65,0,second half,0,1
G-0187,WC-1938,1938 FIFA Men's World Cup,1938,M-1938-11,Hungary vs Switzerland,-11526.0,17:00,T-36,1,0,P-89034,György Sárosi,György,Sárosi,40',40,0,first half,0,0
G-0188,WC-1938,1938 FIFA Men's World Cup,1938,M-1938-11,Hungary vs Switzerland,-11526.0,17:00,T-36,1,0,P-67652,Gyula Zsengellér,Gyula,Zsengellér,89',89,0,second half,0,0
G-0189,WC-1938,1938 FIFA Men's World Cup,1938,M-1938-12,Italy vs France,-11526.0,17:00,T-41,1,0,P-76066,Gino Colaussi,Gino,Colaussi,9',9,0,first half,0,0
G-0190,WC-1938,1938 FIFA Men's World Cup,1938,M-1938-12,Italy vs France,-11526.0,17:00,T-30,0,1,P-78235,Oscar Heisserer,Oscar,Heisserer,10',10,0,first half,0,0
G-0191,WC-1938,1938 FIFA Men's World Cup,1938,M-1938-12,Italy vs France,-11526.0,17:00,T-41,1,0,P-65885,Silvio Piola,Silvio,Piola,51',51,0,second half,0,0
G-0192,WC-1938,1938 FIFA Men's World Cup,1938,M-1938-12,Italy vs France,-11526.0,17:00,T-41,1,0,P-65885,Silvio Piola,Silvio,Piola,72',72,0,second half,0,0
G-0193,WC-1938,1938 FIFA Men's World Cup,1938,M-1938-13,Sweden vs Cuba,-11526.0,17:00,T-74,1,0,P-38092,Harry Andersson,Harry,Andersson,9',9,0,first half,0,0
G-0194,WC-1938,1938 FIFA Men's World Cup,1938,M-1938-13,Sweden vs Cuba,-11526.0,17:00,T-74,1,0,P-58852,Gustav Wetterström,Gustav,Wetterström,22',22,0,first half,0,0
G-0195,WC-1938,1938 FIFA Men's World Cup,1938,M-1938-13,Sweden vs Cuba,-11526.0,17:00,T-74,1,0,P-58852,Gustav Wetterström,Gustav,Wetterström,37',37,0,first half,0,0
G-0196,WC-1938,1938 FIFA Men's World Cup,1938,M-1938-13,Sweden vs Cuba,-11526.0,17:00,T-74,1,0,P-58852,Gustav Wetterström,Gustav,Wetterström,44',44,0,first half,0,0
G-0197,WC-1938,1938 FIFA Men's World Cup,1938,M-1938-13,Sweden vs Cuba,-11526.0,17:00,T-74,1,0,P-94204,Tore Keller,Tore,Keller,80',80,0,second half,0,0
G-0198,WC-1938,1938 FIFA Men's World Cup,1938,M-1938-13,Sweden vs Cuba,-11526.0,17:00,T-74,1,0,P-38092,Harry Andersson,Harry,Andersson,81',81,0,second half,0,0
G-0199,WC-1938,1938 FIFA Men's World Cup,1938,M-1938-13,Sweden vs Cuba,-11526.0,17:00,T-74,1,0,P-97601,Arne Nyberg,Arne,Nyberg,84',84,0,second half,0,0
G-0200,WC-1938,1938 FIFA Men's World Cup,1938,M-1938-13,Sweden vs Cuba,-11526.0,17:00,T-74,1,0,P-38092,Harry Andersson,Harry,Andersson,89',89,0,second half,0,0
G-0201,WC-1938,1938 FIFA Men's World Cup,1938,M-1938-14,Brazil vs Czechoslovakia,-11524.0,18:00,T-21,0,1,P-64425,Vlastimil Kopecký,Vlastimil,Kopecký,25',25,0,first half,0,0
G-0202,WC-1938,1938 FIFA Men's World Cup,1938,M-1938-14,Brazil vs Czechoslovakia,-11524.0,18:00,T-09,1,0,P-09730,not applicable Leônidas,not applicable,Leônidas,57',57,0,second half,0,0
G-0203,WC-1938,1938 FIFA Men's World Cup,1938,M-1938-14,Brazil vs Czechoslovakia,-11524.0,18:00,T-09,1,0,P-81322,not applicable Roberto,not applicable,Roberto,62',62,0,second half,0,0
G-0204,WC-1938,1938 FIFA Men's World Cup,1938,M-1938-15,Hungary vs Sweden,-11522.0,18:00,T-74,0,1,P-97601,Arne Nyberg,Arne,Nyberg,1',1,0,first half,0,0
G-0205,WC-1938,1938 FIFA Men's World Cup,1938,M-1938-15,Hungary vs Sweden,-11522.0,18:00,T-36,1,0,P-90805,Sven Jacobsson,Sven,Jacobsson,19',19,0,first half,1,0
G-0206,WC-1938,1938 FIFA Men's World Cup,1938,M-1938-15,Hungary vs Sweden,-11522.0,18:00,T-36,1,0,P-24305,Pál Titkos,Pál,Titkos,37',37,0,first half,0,0
G-0207,WC-1938,1938 FIFA Men's World Cup,1938,M-1938-15,Hungary vs Sweden,-11522.0,18:00,T-36,1,0,P-67652,Gyula Zsengellér,Gyula,Zsengellér,39',39,0,first half,0,0
G-0208,WC-1938,1938 FIFA Men's World Cup,1938,M-1938-15,Hungary vs Sweden,-11522.0,18:00,T-36,1,0,P-89034,György Sárosi,György,Sárosi,65',65,0,second half,0,0
G-0209,WC-1938,1938 FIFA Men's World Cup,1938,M-1938-15,Hungary vs Sweden,-11522.0,18:00,T-36,1,0,P-67652,Gyula Zsengellér,Gyula,Zsengellér,85',85,0,second half,0,0
G-0210,WC-1938,1938 FIFA Men's World Cup,1938,M-1938-16,Italy vs Brazil,-11522.0,18:00,T-41,1,0,P-76066,Gino Colaussi,Gino,Colaussi,51',51,0,second half,0,0
G-0211,WC-1938,1938 FIFA Men's World Cup,1938,M-1938-16,Italy vs Brazil,-11522.0,18:00,T-41,1,0,P-34536,Giuseppe Meazza,Giuseppe,Meazza,60',60,0,second half,0,1
G-0212,WC-1938,1938 FIFA Men's World Cup,1938,M-1938-16,Italy vs Brazil,-11522.0,18:00,T-09,0,1,P-44339,not applicable Romeu,not applicable,Romeu,87',87,0,second half,0,0
G-0213,WC-1938,1938 FIFA Men's World Cup,1938,M-1938-17,Brazil vs Sweden,-11519.0,17:00,T-74,0,1,P-79374,Sven Jonasson,Sven,Jonasson,28',28,0,first half,0,0
G-0214,WC-1938,1938 FIFA Men's World Cup,1938,M-1938-17,Brazil vs Sweden,-11519.0,17:00,T-74,0,1,P-97601,Arne Nyberg,Arne,Nyberg,38',38,0,first half,0,0
G-0215,WC-1938,1938 FIFA Men's World Cup,1938,M-1938-17,Brazil vs Sweden,-11519.0,17:00,T-09,1,0,P-44339,not applicable Romeu,not applicable,Romeu,44',44,0,first half,0,0
G-0216,WC-1938,1938 FIFA Men's World Cup,1938,M-1938-17,Brazil vs Sweden,-11519.0,17:00,T-09,1,0,P-09730,not applicable Leônidas,not applicable,Leônidas,63',63,0,second half,0,0
G-0217,WC-1938,1938 FIFA Men's World Cup,1938,M-1938-17,Brazil vs Sweden,-11519.0,17:00,T-09,1,0,P-09730,not applicable Leônidas,not applicable,Leônidas,74',74,0,second half,0,0
G-0218,WC-1938,1938 FIFA Men's World Cup,1938,M-1938-17,Brazil vs Sweden,-11519.0,17:00,T-09,1,0,P-70927,not applicable Perácio,not applicable,Perácio,80',80,0,second half,0,0
G-0219,WC-1938,1938 FIFA Men's World Cup,1938,M-1938-18,Italy vs Hungary,-11519.0,17:00,T-41,1,0,P-76066,Gino Colaussi,Gino,Colaussi,6',6,0,first half,0,0
G-0220,WC-1938,1938 FIFA Men's World Cup,1938,M-1938-18,Italy vs Hungary,-11519.0,17:00,T-36,0,1,P-24305,Pál Titkos,Pál,Titkos,8',8,0,first half,0,0
G-0221,WC-1938,1938 FIFA Men's World Cup,1938,M-1938-18,Italy vs Hungary,-11519.0,17:00,T-41,1,0,P-65885,Silvio Piola,Silvio,Piola,16',16,0,first half,0,0
G-0222,WC-1938,1938 FIFA Men's World Cup,1938,M-1938-18,Italy vs Hungary,-11519.0,17:00,T-41,1,0,P-76066,Gino Colaussi,Gino,Colaussi,35',35,0,first half,0,0
G-0223,WC-1938,1938 FIFA Men's World Cup,1938,M-1938-18,Italy vs Hungary,-11519.0,17:00,T-36,0,1,P-89034,György Sárosi,György,Sárosi,70',70,0,second half,0,0
G-0224,WC-1938,1938 FIFA Men's World Cup,1938,M-1938-18,Italy vs Hungary,-11519.0,17:00,T-41,1,0,P-65885,Silvio Piola,Silvio,Piola,82',82,0,second half,0,0
G-0225,WC-1950,1950 FIFA Men's World Cup,1950,M-1950-01,Brazil vs Mexico,-7131.0,15:00,T-09,1,0,P-49381,not applicable Ademir,not applicable,Ademir,30',30,0,first half,0,0
G-0226,WC-1950,1950 FIFA Men's World Cup,1950,M-1950-01,Brazil vs Mexico,-7131.0,15:00,T-09,1,0,P-44754,not applicable Jair,not applicable,Jair,65',65,0,second half,0,0
G-0227,WC-1950,1950 FIFA Men's World Cup,1950,M-1950-01,Brazil vs Mexico,-7131.0,15:00,T-09,1,0,P-17754,not applicable Baltazar,not applicable,Baltazar,71',71,0,second half,0,0
G-0228,WC-1950,1950 FIFA Men's World Cup,1950,M-1950-01,Brazil vs Mexico,-7131.0,15:00,T-09,1,0,P-49381,not applicable Ademir,not applicable,Ademir,79',79,0,second half,0,0
G-0229,WC-1950,1950 FIFA Men's World Cup,1950,M-1950-02,Yugoslavia vs Switzerland,-7130.0,15:00,T-87,1,0,P-50931,Rajko Mitić,Rajko,Mitić,59',59,0,second half,0,0
G-0230,WC-1950,1950 FIFA Men's World Cup,1950,M-1950-02,Yugoslavia vs Switzerland,-7130.0,15:00,T-87,1,0,P-07620,Kosta Tomašević,Kosta,Tomašević,70',70,0,second half,0,0
G-0231,WC-1950,1950 FIFA Men's World Cup,1950,M-1950-02,Yugoslavia vs Switzerland,-7130.0,15:00,T-87,1,0,P-87730,Tihomir Ognjanov,Tihomir,Ognjanov,84',84,0,second half,0,0
G-0232,WC-1950,1950 FIFA Men's World Cup,1950,M-1950-03,England vs Chile,-7130.0,15:00,T-28,1,0,P-89453,Stan Mortensen,Stan,Mortensen,39',39,0,first half,0,0
G-0233,WC-1950,1950 FIFA Men's World Cup,1950,M-1950-03,England vs Chile,-7130.0,15:00,T-28,1,0,P-71516,Wilf Mannion,Wilf,Mannion,51',51,0,second half,0,0
G-0234,WC-1950,1950 FIFA Men's World Cup,1950,M-1950-04,Spain vs United States,-7130.0,15:00,T-83,0,1,P-88982,Gino Pariani,Gino,Pariani,17',17,0,first half,0,0
G-0235,WC-1950,1950 FIFA Men's World Cup,1950,M-1950-04,Spain vs United States,-7130.0,15:00,T-73,1,0,P-24336,Silvestre Igoa,Silvestre,Igoa,81',81,0,second half,0,0
G-0236,WC-1950,1950 FIFA Men's World Cup,1950,M-1950-04,Spain vs United States,-7130.0,15:00,T-73,1,0,P-26928,Estanislau Basora,Estanislau,Basora,83',83,0,second half,0,0
G-0237,WC-1950,1950 FIFA Men's World Cup,1950,M-1950-04,Spain vs United States,-7130.0,15:00,T-73,1,0,P-65220,Telmo Zarra,Telmo,Zarra,89',89,0,second half,0,0
G-0238,WC-1950,1950 FIFA Men's World Cup,1950,M-1950-05,Sweden vs Italy,-7130.0,15:00,T-41,0,1,P-51460,Riccardo Carapellese,Riccardo,Carapellese,7',7,0,first half,0,0
G-0239,WC-1950,1950 FIFA Men's World Cup,1950,M-1950-05,Sweden vs Italy,-7130.0,15:00,T-74,1,0,P-03089,Hasse Jeppson,Hasse,Jeppson,25',25,0,first half,0,0
G-0240,WC-1950,1950 FIFA Men's World Cup,1950,M-1950-05,Sweden vs Italy,-7130.0,15:00,T-74,1,0,P-91027,Sune Andersson,Sune,Andersson,33',33,0,first half,0,0
G-0241,WC-1950,1950 FIFA Men's World Cup,1950,M-1950-05,Sweden vs Italy,-7130.0,15:00,T-74,1,0,P-03089,Hasse Jeppson,Hasse,Jeppson,68',68,0,second half,0,0
G-0242,WC-1950,1950 FIFA Men's World Cup,1950,M-1950-05,Sweden vs Italy,-7130.0,15:00,T-41,0,1,P-49869,Ermes Muccinelli,Ermes,Muccinelli,75',75,0,second half,0,0
G-0243,WC-1950,1950 FIFA Men's World Cup,1950,M-1950-06,Brazil vs Switzerland,-7127.0,15:00,T-09,1,0,P-83086,not applicable Alfredo,not applicable,Alfredo,3',3,0,first half,0,0
G-0244,WC-1950,1950 FIFA Men's World Cup,1950,M-1950-06,Brazil vs Switzerland,-7127.0,15:00,T-75,0,1,P-80623,Jacques Fatton,Jacques,Fatton,17',17,0,first half,0,0
G-0245,WC-1950,1950 FIFA Men's World Cup,1950,M-1950-06,Brazil vs Switzerland,-7127.0,15:00,T-09,1,0,P-17754,not applicable Baltazar,not applicable,Baltazar,32',32,0,first half,0,0
G-0246,WC-1950,1950 FIFA Men's World Cup,1950,M-1950-06,Brazil vs Switzerland,-7127.0,15:00,T-75,0,1,P-80623,Jacques Fatton,Jacques,Fatton,88',88,0,second half,0,0
G-0247,WC-1950,1950 FIFA Men's World Cup,1950,M-1950-07,Yugoslavia vs Mexico,-7127.0,15:00,T-87,1,0,P-83431,Stjepan Bobek,Stjepan,Bobek,20',20,0,first half,0,0
G-0248,WC-1950,1950 FIFA Men's World Cup,1950,M-1950-07,Yugoslavia vs Mexico,-7127.0,15:00,T-87,1,0,P-23914,Željko Čajkovski,Željko,Čajkovski,23',23,0,first half,0,0
G-0249,WC-1950,1950 FIFA Men's World Cup,1950,M-1950-07,Yugoslavia vs Mexico,-7127.0,15:00,T-87,1,0,P-23914,Željko Čajkovski,Željko,Čajkovski,51',51,0,second half,0,0
G-0250,WC-1950,1950 FIFA Men's World Cup,1950,M-1950-07,Yugoslavia vs Mexico,-7127.0,15:00,T-87,1,0,P-07620,Kosta Tomašević,Kosta,Tomašević,81',81,0,second half,0,0
G-0251,WC-1950,1950 FIFA Men's World Cup,1950,M-1950-07,Yugoslavia vs Mexico,-7127.0,15:00,T-46,0,1,P-36858,Héctor Ortiz,Héctor,Ortiz,89',89,0,second half,0,1
G-0252,WC-1950,1950 FIFA Men's World Cup,1950,M-1950-08,Spain vs Chile,-7126.0,15:00,T-73,1,0,P-26928,Estanislau Basora,Estanislau,Basora,17',17,0,first half,0,0
G-0253,WC-1950,1950 FIFA Men's World Cup,1950,M-1950-08,Spain vs Chile,-7126.0,15:00,T-73,1,0,P-65220,Telmo Zarra,Telmo,Zarra,30',30,0,first half,0,0
G-0254,WC-1950,1950 FIFA Men's World Cup,1950,M-1950-09,United States vs England,-7126.0,15:00,T-83,1,0,P-62622,Joe Gaetjens,Joe,Gaetjens,38',38,0,first half,0,0
G-0255,WC-1950,1950 FIFA Men's World Cup,1950,M-1950-10,Sweden vs Paraguay,-7126.0,15:30,T-74,1,0,P-87073,Stig Sundqvist,Stig,Sundqvist,17',17,0,first half,0,0
G-0256,WC-1950,1950 FIFA Men's World Cup,1950,M-1950-10,Sweden vs Paraguay,-7126.0,15:30,T-74,1,0,P-52190,Karl-Erik Palmér,Karl-Erik,Palmér,26',26,0,first half,0,0
G-0257,WC-1950,1950 FIFA Men's World Cup,1950,M-1950-10,Sweden vs Paraguay,-7126.0,15:30,T-55,0,1,P-31665,Atilio López,Atilio,López,35',35,0,first half,0,0
G-0258,WC-1950,1950 FIFA Men's World Cup,1950,M-1950-10,Sweden vs Paraguay,-7126.0,15:30,T-55,0,1,P-95911,César López Fretes,César López,Fretes,74',74,0,second half,0,0
G-0259,WC-1950,1950 FIFA Men's World Cup,1950,M-1950-11,Brazil vs Yugoslavia,-7124.0,15:00,T-09,1,0,P-49381,not applicable Ademir,not applicable,Ademir,4',4,0,first half,0,0
G-0260,WC-1950,1950 FIFA Men's World Cup,1950,M-1950-11,Brazil vs Yugoslavia,-7124.0,15:00,T-09,1,0,P-73743,not applicable Zizinho,not applicable,Zizinho,69',69,0,second half,0,0
G-0261,WC-1950,1950 FIFA Men's World Cup,1950,M-1950-12,Chile vs United States,-7123.0,15:00,T-13,1,0,P-14657,George Robledo,George,Robledo,16',16,0,first half,0,0
G-0262,WC-1950,1950 FIFA Men's World Cup,1950,M-1950-12,Chile vs United States,-7123.0,15:00,T-13,1,0,P-86320,Atilio Cremaschi,Atilio,Cremaschi,32',32,0,first half,0,0
G-0263,WC-1950,1950 FIFA Men's World Cup,1950,M-1950-12,Chile vs United States,-7123.0,15:00,T-83,0,1,P-37569,Frank Wallace,Frank,Wallace,47',47,0,second half,0,0
G-0264,WC-1950,1950 FIFA Men's World Cup,1950,M-1950-12,Chile vs United States,-7123.0,15:00,T-83,0,1,P-59276,Joe Maca,Joe,Maca,48',48,0,second half,0,1
G-0265,WC-1950,1950 FIFA Men's World Cup,1950,M-1950-12,Chile vs United States,-7123.0,15:00,T-13,1,0,P-56453,Andrés Prieto,Andrés,Prieto,54',54,0,second half,0,0
G-0266,WC-1950,1950 FIFA Men's World Cup,1950,M-1950-12,Chile vs United States,-7123.0,15:00,T-13,1,0,P-86320,Atilio Cremaschi,Atilio,Cremaschi,60',60,0,second half,0,0
G-0267,WC-1950,1950 FIFA Men's World Cup,1950,M-1950-12,Chile vs United States,-7123.0,15:00,T-13,1,0,P-92243,Fernando Riera,Fernando,Riera,82',82,0,second half,0,0
G-0268,WC-1950,1950 FIFA Men's World Cup,1950,M-1950-13,Spain vs England,-7123.0,15:00,T-73,1,0,P-65220,Telmo Zarra,Telmo,Zarra,48',48,0,second half,0,0
G-0269,WC-1950,1950 FIFA Men's World Cup,1950,M-1950-14,Italy vs Paraguay,-7123.0,15:00,T-41,1,0,P-51460,Riccardo Carapellese,Riccardo,Carapellese,12',12,0,first half,0,0
G-0270,WC-1950,1950 FIFA Men's World Cup,1950,M-1950-14,Italy vs Paraguay,-7123.0,15:00,T-41,1,0,P-00152,Egisto Pandolfini,Egisto,Pandolfini,62',62,0,second half,0,0
G-0271,WC-1950,1950 FIFA Men's World Cup,1950,M-1950-15,Uruguay vs Bolivia,-7123.0,15:00,T-84,1,0,P-18523,Oscar Míguez,Oscar,Míguez,14',14,0,first half,0,0
G-0272,WC-1950,1950 FIFA Men's World Cup,1950,M-1950-15,Uruguay vs Bolivia,-7123.0,15:00,T-84,1,0,P-36239,Ernesto Vidal,Ernesto,Vidal,18',18,0,first half,0,0
G-0273,WC-1950,1950 FIFA Men's World Cup,1950,M-1950-15,Uruguay vs Bolivia,-7123.0,15:00,T-84,1,0,P-38873,Juan Alberto Schiaffino,Juan Alberto,Schiaffino,23',23,0,first half,0,0
G-0274,WC-1950,1950 FIFA Men's World Cup,1950,M-1950-15,Uruguay vs Bolivia,-7123.0,15:00,T-84,1,0,P-18523,Oscar Míguez,Oscar,Míguez,40',40,0,first half,0,0
G-0275,WC-1950,1950 FIFA Men's World Cup,1950,M-1950-15,Uruguay vs Bolivia,-7123.0,15:00,T-84,1,0,P-18523,Oscar Míguez,Oscar,Míguez,51',51,0,second half,0,0
G-0276,WC-1950,1950 FIFA Men's World Cup,1950,M-1950-15,Uruguay vs Bolivia,-7123.0,15:00,T-84,1,0,P-38873,Juan Alberto Schiaffino,Juan Alberto,Schiaffino,54',54,0,second half,0,0
G-0277,WC-1950,1950 FIFA Men's World Cup,1950,M-1950-15,Uruguay vs Bolivia,-7123.0,15:00,T-84,1,0,P-84660,Julio Pérez,Julio,Pérez,83',83,0,second half,0,0
G-0278,WC-1950,1950 FIFA Men's World Cup,1950,M-1950-15,Uruguay vs Bolivia,-7123.0,15:00,T-84,1,0,P-16302,Alcides Ghiggia,Alcides,Ghiggia,87',87,0,second half,0,0
G-0279,WC-1950,1950 FIFA Men's World Cup,1950,M-1950-16,Switzerland vs Mexico,-7123.0,15:40,T-75,1,0,P-69750,René Bader,René,Bader,10',10,0,first half,0,0
G-0280,WC-1950,1950 FIFA Men's World Cup,1950,M-1950-16,Switzerland vs Mexico,-7123.0,15:40,T-75,1,0,P-98547,Charles Antenen,Charles,Antenen,44',44,0,first half,0,0
G-0281,WC-1950,1950 FIFA Men's World Cup,1950,M-1950-16,Switzerland vs Mexico,-7123.0,15:40,T-46,0,1,P-22131,Horacio Casarín,Horacio,Casarín,89',89,0,second half,0,0
G-0282,WC-1950,1950 FIFA Men's World Cup,1950,M-1950-17,Brazil vs Sweden,-7116.0,15:00,T-09,1,0,P-49381,not applicable Ademir,not applicable,Ademir,17',17,0,first half,0,0
G-0283,WC-1950,1950 FIFA Men's World Cup,1950,M-1950-17,Brazil vs Sweden,-7116.0,15:00,T-09,1,0,P-49381,not applicable Ademir,not applicable,Ademir,36',36,0,first half,0,0
G-0284,WC-1950,1950 FIFA Men's World Cup,1950,M-1950-17,Brazil vs Sweden,-7116.0,15:00,T-09,1,0,P-22428,not applicable Chico,not applicable,Chico,39',39,0,first half,0,0
G-0285,WC-1950,1950 FIFA Men's World Cup,1950,M-1950-17,Brazil vs Sweden,-7116.0,15:00,T-09,1,0,P-49381,not applicable Ademir,not applicable,Ademir,52',52,0,second half,0,0
G-0286,WC-1950,1950 FIFA Men's World Cup,1950,M-1950-17,Brazil vs Sweden,-7116.0,15:00,T-09,1,0,P-49381,not applicable Ademir,not applicable,Ademir,58',58,0,second half,0,0
G-0287,WC-1950,1950 FIFA Men's World Cup,1950,M-1950-17,Brazil vs Sweden,-7116.0,15:00,T-74,0,1,P-91027,Sune Andersson,Sune,Andersson,67',67,0,second half,0,1
G-0288,WC-1950,1950 FIFA Men's World Cup,1950,M-1950-17,Brazil vs Sweden,-7116.0,15:00,T-09,1,0,P-99436,not applicable Maneca,not applicable,Maneca,85',85,0,second half,0,0
G-0289,WC-1950,1950 FIFA Men's World Cup,1950,M-1950-17,Brazil vs Sweden,-7116.0,15:00,T-09,1,0,P-22428,not applicable Chico,not applicable,Chico,88',88,0,second half,0,0
G-0290,WC-1950,1950 FIFA Men's World Cup,1950,M-1950-18,Uruguay vs Spain,-7116.0,15:00,T-84,1,0,P-16302,Alcides Ghiggia,Alcides,Ghiggia,29',29,0,first half,0,0
G-0291,WC-1950,1950 FIFA Men's World Cup,1950,M-1950-18,Uruguay vs Spain,-7116.0,15:00,T-73,0,1,P-26928,Estanislau Basora,Estanislau,Basora,37',37,0,first half,0,0
G-0292,WC-1950,1950 FIFA Men's World Cup,1950,M-1950-18,Uruguay vs Spain,-7116.0,15:00,T-73,0,1,P-26928,Estanislau Basora,Estanislau,Basora,39',39,0,first half,0,0
G-0293,WC-1950,1950 FIFA Men's World Cup,1950,M-1950-18,Uruguay vs Spain,-7116.0,15:00,T-84,1,0,P-65940,Obdulio Varela,Obdulio,Varela,73',73,0,second half,0,0
G-0294,WC-1950,1950 FIFA Men's World Cup,1950,M-1950-19,Brazil vs Spain,-7112.0,15:00,T-09,1,0,P-49381,not applicable Ademir,not applicable,Ademir,15',15,0,first half,0,0
G-0295,WC-1950,1950 FIFA Men's World Cup,1950,M-1950-19,Brazil vs Spain,-7112.0,15:00,T-09,1,0,P-44754,not applicable Jair,not applicable,Jair,21',21,0,first half,0,0
G-0296,WC-1950,1950 FIFA Men's World Cup,1950,M-1950-19,Brazil vs Spain,-7112.0,15:00,T-09,1,0,P-22428,not applicable Chico,not applicable,Chico,31',31,0,first half,0,0
G-0297,WC-1950,1950 FIFA Men's World Cup,1950,M-1950-19,Brazil vs Spain,-7112.0,15:00,T-09,1,0,P-22428,not applicable Chico,not applicable,Chico,55',55,0,second half,0,0
G-0298,WC-1950,1950 FIFA Men's World Cup,1950,M-1950-19,Brazil vs Spain,-7112.0,15:00,T-09,1,0,P-49381,not applicable Ademir,not applicable,Ademir,57',57,0,second half,0,0
G-0299,WC-1950,1950 FIFA Men's World Cup,1950,M-1950-19,Brazil vs Spain,-7112.0,15:00,T-09,1,0,P-73743,not applicable Zizinho,not applicable,Zizinho,67',67,0,second half,0,0
G-0300,WC-1950,1950 FIFA Men's World Cup,1950,M-1950-19,Brazil vs Spain,-7112.0,15:00,T-73,0,1,P-24336,Silvestre Igoa,Silvestre,Igoa,71',71,0,second half,0,0
G-0301,WC-1950,1950 FIFA Men's World Cup,1950,M-1950-20,Uruguay vs Sweden,-7112.0,15:00,T-74,0,1,P-52190,Karl-Erik Palmér,Karl-Erik,Palmér,5',5,0,first half,0,0
G-0302,WC-1950,1950 FIFA Men's World Cup,1950,M-1950-20,Uruguay vs Sweden,-7112.0,15:00,T-84,1,0,P-16302,Alcides Ghiggia,Alcides,Ghiggia,39',39,0,first half,0,0
G-0303,WC-1950,1950 FIFA Men's World Cup,1950,M-1950-20,Uruguay vs Sweden,-7112.0,15:00,T-74,0,1,P-87073,Stig Sundqvist,Stig,Sundqvist,40',40,0,first half,0,0
G-0304,WC-1950,1950 FIFA Men's World Cup,1950,M-1950-20,Uruguay vs Sweden,-7112.0,15:00,T-84,1,0,P-18523,Oscar Míguez,Oscar,Míguez,77',77,0,second half,0,0
G-0305,WC-1950,1950 FIFA Men's World Cup,1950,M-1950-20,Uruguay vs Sweden,-7112.0,15:00,T-84,1,0,P-18523,Oscar Míguez,Oscar,Míguez,85',85,0,second half,0,0
G-0306,WC-1950,1950 FIFA Men's World Cup,1950,M-1950-21,Sweden vs Spain,-7109.0,15:00,T-74,1,0,P-87073,Stig Sundqvist,Stig,Sundqvist,15',15,0,first half,0,0
G-0307,WC-1950,1950 FIFA Men's World Cup,1950,M-1950-21,Sweden vs Spain,-7109.0,15:00,T-74,1,0,P-59295,Bror Mellberg,Bror,Mellberg,33',33,0,first half,0,0
G-0308,WC-1950,1950 FIFA Men's World Cup,1950,M-1950-21,Sweden vs Spain,-7109.0,15:00,T-74,1,0,P-52190,Karl-Erik Palmér,Karl-Erik,Palmér,80',80,0,second half,0,0
G-0309,WC-1950,1950 FIFA Men's World Cup,1950,M-1950-21,Sweden vs Spain,-7109.0,15:00,T-73,0,1,P-65220,Telmo Zarra,Telmo,Zarra,82',82,0,second half,0,0
G-0310,WC-1950,1950 FIFA Men's World Cup,1950,M-1950-22,Uruguay vs Brazil,-7109.0,15:00,T-09,0,1,P-21738,not applicable Friaça,not applicable,Friaça,47',47,0,second half,0,0
G-0311,WC-1950,1950 FIFA Men's World Cup,1950,M-1950-22,Uruguay vs Brazil,-7109.0,15:00,T-84,1,0,P-38873,Juan Alberto Schiaffino,Juan Alberto,Schiaffino,66',66,0,second half,0,0
G-0312,WC-1950,1950 FIFA Men's World Cup,1950,M-1950-22,Uruguay vs Brazil,-7109.0,15:00,T-84,1,0,P-16302,Alcides Ghiggia,Alcides,Ghiggia,79',79,0,second half,0,0
G-0313,WC-1954,1954 FIFA Men's World Cup,1954,M-1954-01,Brazil vs Mexico,-5678.0,18:00,T-09,1,0,P-17754,not applicable Baltazar,not applicable,Baltazar,23',23,0,first half,0,0
G-0314,WC-1954,1954 FIFA Men's World Cup,1954,M-1954-01,Brazil vs Mexico,-5678.0,18:00,T-09,1,0,P-76740,not applicable Didi,not applicable,Didi,30',30,0,first half,0,0
G-0315,WC-1954,1954 FIFA Men's World Cup,1954,M-1954-01,Brazil vs Mexico,-5678.0,18:00,T-09,1,0,P-15387,not applicable Pinga,not applicable,Pinga,34',34,0,first half,0,0
G-0316,WC-1954,1954 FIFA Men's World Cup,1954,M-1954-01,Brazil vs Mexico,-5678.0,18:00,T-09,1,0,P-15387,not applicable Pinga,not applicable,Pinga,43',43,0,first half,0,0
G-0317,WC-1954,1954 FIFA Men's World Cup,1954,M-1954-01,Brazil vs Mexico,-5678.0,18:00,T-09,1,0,P-08966,not applicable Julinho,not applicable,Julinho,69',69,0,second half,0,0
G-0318,WC-1954,1954 FIFA Men's World Cup,1954,M-1954-02,Yugoslavia vs France,-5678.0,18:00,T-87,1,0,P-00042,Miloš Milutinović,Miloš,Milutinović,15',15,0,first half,0,0
G-0319,WC-1954,1954 FIFA Men's World Cup,1954,M-1954-03,Austria vs Scotland,-5678.0,18:00,T-05,1,0,P-85257,Erich Probst,Erich,Probst,33',33,0,first half,0,0
G-0320,WC-1954,1954 FIFA Men's World Cup,1954,M-1954-04,Uruguay vs Czechoslovakia,-5678.0,18:00,T-84,1,0,P-18523,Oscar Míguez,Oscar,Míguez,71',71,0,second half,0,0
G-0321,WC-1954,1954 FIFA Men's World Cup,1954,M-1954-04,Uruguay vs Czechoslovakia,-5678.0,18:00,T-84,1,0,P-38873,Juan Alberto Schiaffino,Juan Alberto,Schiaffino,84',84,0,second half,0,0
G-0322,WC-1954,1954 FIFA Men's World Cup,1954,M-1954-05,Switzerland vs Italy,-5677.0,17:50,T-75,1,0,P-63738,Robert Ballaman,Robert,Ballaman,18',18,0,first half,0,0
G-0323,WC-1954,1954 FIFA Men's World Cup,1954,M-1954-05,Switzerland vs Italy,-5677.0,17:50,T-41,0,1,P-75209,Giampiero Boniperti,Giampiero,Boniperti,44',44,0,first half,0,0
G-0324,WC-1954,1954 FIFA Men's World Cup,1954,M-1954-05,Switzerland vs Italy,-5677.0,17:50,T-75,1,0,P-14406,Josef Hügi,Josef,Hügi,78',78,0,second half,0,0
G-0325,WC-1954,1954 FIFA Men's World Cup,1954,M-1954-06,Hungary vs South Korea,-5677.0,18:00,T-36,1,0,P-12676,Ferenc Puskás,Ferenc,Puskás,12',12,0,first half,0,0
G-0326,WC-1954,1954 FIFA Men's World Cup,1954,M-1954-06,Hungary vs South Korea,-5677.0,18:00,T-36,1,0,P-29493,Mihály Lantos,Mihály,Lantos,18',18,0,first half,0,0
G-0327,WC-1954,1954 FIFA Men's World Cup,1954,M-1954-06,Hungary vs South Korea,-5677.0,18:00,T-36,1,0,P-07028,Sándor Kocsis,Sándor,Kocsis,24',24,0,first half,0,0
G-0328,WC-1954,1954 FIFA Men's World Cup,1954,M-1954-06,Hungary vs South Korea,-5677.0,18:00,T-36,1,0,P-07028,Sándor Kocsis,Sándor,Kocsis,36',36,0,first half,0,0
G-0329,WC-1954,1954 FIFA Men's World Cup,1954,M-1954-06,Hungary vs South Korea,-5677.0,18:00,T-36,1,0,P-07028,Sándor Kocsis,Sándor,Kocsis,50',50,0,second half,0,0
G-0330,WC-1954,1954 FIFA Men's World Cup,1954,M-1954-06,Hungary vs South Korea,-5677.0,18:00,T-36,1,0,P-93334,Zoltán Czibor,Zoltán,Czibor,59',59,0,second half,0,0
G-0331,WC-1954,1954 FIFA Men's World Cup,1954,M-1954-06,Hungary vs South Korea,-5677.0,18:00,T-36,1,0,P-42138,Péter Palotás,Péter,Palotás,75',75,0,second half,0,0
G-0332,WC-1954,1954 FIFA Men's World Cup,1954,M-1954-06,Hungary vs South Korea,-5677.0,18:00,T-36,1,0,P-42138,Péter Palotás,Péter,Palotás,83',83,0,second half,0,0
G-0333,WC-1954,1954 FIFA Men's World Cup,1954,M-1954-06,Hungary vs South Korea,-5677.0,18:00,T-36,1,0,P-12676,Ferenc Puskás,Ferenc,Puskás,89',89,0,second half,0,0
G-0334,WC-1954,1954 FIFA Men's World Cup,1954,M-1954-07,West Germany vs Turkey,-5677.0,18:00,T-80,0,1,P-71884,Suat Mamat,Suat,Mamat,2',2,0,first half,0,0
G-0335,WC-1954,1954 FIFA Men's World Cup,1954,M-1954-07,West Germany vs Turkey,-5677.0,18:00,T-86,1,0,P-63184,Hans Schäfer,Hans,Schäfer,14',14,0,first half,0,0
G-0336,WC-1954,1954 FIFA Men's World Cup,1954,M-1954-07,West Germany vs Turkey,-5677.0,18:00,T-86,1,0,P-33698,Bernhard Klodt,Bernhard,Klodt,52',52,0,second half,0,0
G-0337,WC-1954,1954 FIFA Men's World Cup,1954,M-1954-07,West Germany vs Turkey,-5677.0,18:00,T-86,1,0,P-71954,Ottmar Walter,Ottmar,Walter,60',60,0,second half,0,0
G-0338,WC-1954,1954 FIFA Men's World Cup,1954,M-1954-07,West Germany vs Turkey,-5677.0,18:00,T-86,1,0,P-05766,Max Morlock,Max,Morlock,84',84,0,second half,0,0
G-0339,WC-1954,1954 FIFA Men's World Cup,1954,M-1954-08,England vs Belgium,-5677.0,18:10,T-06,0,1,P-99158,Léopold Anoul,Léopold,Anoul,5',5,0,first half,0,0
G-0340,WC-1954,1954 FIFA Men's World Cup,1954,M-1954-08,England vs Belgium,-5677.0,18:10,T-28,1,0,P-88758,Ivor Broadis,Ivor,Broadis,26',26,0,first half,0,0
G-0341,WC-1954,1954 FIFA Men's World Cup,1954,M-1954-08,England vs Belgium,-5677.0,18:10,T-28,1,0,P-81234,Nat Lofthouse,Nat,Lofthouse,36',36,0,first half,0,0
G-0342,WC-1954,1954 FIFA Men's World Cup,1954,M-1954-08,England vs Belgium,-5677.0,18:10,T-28,1,0,P-88758,Ivor Broadis,Ivor,Broadis,63',63,0,second half,0,0
G-0343,WC-1954,1954 FIFA Men's World Cup,1954,M-1954-08,England vs Belgium,-5677.0,18:10,T-06,0,1,P-26664,Henri Coppens,Henri,Coppens,67',67,0,second half,0,0
G-0344,WC-1954,1954 FIFA Men's World Cup,1954,M-1954-08,England vs Belgium,-5677.0,18:10,T-06,0,1,P-99158,Léopold Anoul,Léopold,Anoul,71',71,0,second half,0,0
G-0345,WC-1954,1954 FIFA Men's World Cup,1954,M-1954-08,England vs Belgium,-5677.0,18:10,T-28,1,0,P-81234,Nat Lofthouse,Nat,Lofthouse,91',91,0,"extra time, first half",0,0
G-0346,WC-1954,1954 FIFA Men's World Cup,1954,M-1954-08,England vs Belgium,-5677.0,18:10,T-06,0,1,P-49092,Jimmy Dickinson,Jimmy,Dickinson,94',94,0,"extra time, first half",1,0
G-0347,WC-1954,1954 FIFA Men's World Cup,1954,M-1954-09,Uruguay vs Scotland,-5675.0,16:50,T-84,1,0,P-90496,Carlos Borges,Carlos,Borges,17',17,0,first half,0,0
G-0348,WC-1954,1954 FIFA Men's World Cup,1954,M-1954-09,Uruguay vs Scotland,-5675.0,16:50,T-84,1,0,P-18523,Oscar Míguez,Oscar,Míguez,30',30,0,first half,0,0
G-0349,WC-1954,1954 FIFA Men's World Cup,1954,M-1954-09,Uruguay vs Scotland,-5675.0,16:50,T-84,1,0,P-90496,Carlos Borges,Carlos,Borges,47',47,0,second half,0,0
G-0350,WC-1954,1954 FIFA Men's World Cup,1954,M-1954-09,Uruguay vs Scotland,-5675.0,16:50,T-84,1,0,P-78277,Julio Abbadie,Julio,Abbadie,54',54,0,second half,0,0
G-0351,WC-1954,1954 FIFA Men's World Cup,1954,M-1954-09,Uruguay vs Scotland,-5675.0,16:50,T-84,1,0,P-90496,Carlos Borges,Carlos,Borges,57',57,0,second half,0,0
G-0352,WC-1954,1954 FIFA Men's World Cup,1954,M-1954-09,Uruguay vs Scotland,-5675.0,16:50,T-84,1,0,P-18523,Oscar Míguez,Oscar,Míguez,83',83,0,second half,0,0
G-0353,WC-1954,1954 FIFA Men's World Cup,1954,M-1954-09,Uruguay vs Scotland,-5675.0,16:50,T-84,1,0,P-78277,Julio Abbadie,Julio,Abbadie,85',85,0,second half,0,0
G-0354,WC-1954,1954 FIFA Men's World Cup,1954,M-1954-10,Brazil vs Yugoslavia,-5675.0,17:00,T-87,0,1,P-74352,Branko Zebec,Branko,Zebec,48',48,0,second half,0,0
G-0355,WC-1954,1954 FIFA Men's World Cup,1954,M-1954-10,Brazil vs Yugoslavia,-5675.0,17:00,T-09,1,0,P-76740,not applicable Didi,not applicable,Didi,69',69,0,second half,0,0
G-0356,WC-1954,1954 FIFA Men's World Cup,1954,M-1954-11,Austria vs Czechoslovakia,-5675.0,17:00,T-05,1,0,P-51339,Ernst Stojaspal,Ernst,Stojaspal,3',3,0,first half,0,0
G-0357,WC-1954,1954 FIFA Men's World Cup,1954,M-1954-11,Austria vs Czechoslovakia,-5675.0,17:00,T-05,1,0,P-85257,Erich Probst,Erich,Probst,4',4,0,first half,0,0
G-0358,WC-1954,1954 FIFA Men's World Cup,1954,M-1954-11,Austria vs Czechoslovakia,-5675.0,17:00,T-05,1,0,P-85257,Erich Probst,Erich,Probst,21',21,0,first half,0,0
G-0359,WC-1954,1954 FIFA Men's World Cup,1954,M-1954-11,Austria vs Czechoslovakia,-5675.0,17:00,T-05,1,0,P-85257,Erich Probst,Erich,Probst,24',24,0,first half,0,0
G-0360,WC-1954,1954 FIFA Men's World Cup,1954,M-1954-11,Austria vs Czechoslovakia,-5675.0,17:00,T-05,1,0,P-51339,Ernst Stojaspal,Ernst,Stojaspal,65',65,0,second half,0,0
G-0361,WC-1954,1954 FIFA Men's World Cup,1954,M-1954-12,France vs Mexico,-5675.0,17:10,T-30,1,0,P-78417,Jean Vincent,Jean,Vincent,19',19,0,first half,0,0
G-0362,WC-1954,1954 FIFA Men's World Cup,1954,M-1954-12,France vs Mexico,-5675.0,17:10,T-30,1,0,P-53255,Raúl Cárdenas,Raúl,Cárdenas,46',46,0,second half,1,0
G-0363,WC-1954,1954 FIFA Men's World Cup,1954,M-1954-12,France vs Mexico,-5675.0,17:10,T-46,0,1,P-53183,José Luis Lamadrid,José Luis,Lamadrid,54',54,0,second half,0,0
G-0364,WC-1954,1954 FIFA Men's World Cup,1954,M-1954-12,France vs Mexico,-5675.0,17:10,T-46,0,1,P-66576,Tomás Balcázar,Tomás,Balcázar,85',85,0,second half,0,0
G-0365,WC-1954,1954 FIFA Men's World Cup,1954,M-1954-12,France vs Mexico,-5675.0,17:10,T-30,1,0,P-94605,Raymond Kopa,Raymond,Kopa,88',88,0,second half,0,1
G-0366,WC-1954,1954 FIFA Men's World Cup,1954,M-1954-13,Hungary vs West Germany,-5674.0,16:50,T-36,1,0,P-07028,Sándor Kocsis,Sándor,Kocsis,3',3,0,first half,0,0
G-0367,WC-1954,1954 FIFA Men's World Cup,1954,M-1954-13,Hungary vs West Germany,-5674.0,16:50,T-36,1,0,P-12676,Ferenc Puskás,Ferenc,Puskás,17',17,0,first half,0,0
G-0368,WC-1954,1954 FIFA Men's World Cup,1954,M-1954-13,Hungary vs West Germany,-5674.0,16:50,T-36,1,0,P-07028,Sándor Kocsis,Sándor,Kocsis,21',21,0,first half,0,0
G-0369,WC-1954,1954 FIFA Men's World Cup,1954,M-1954-13,Hungary vs West Germany,-5674.0,16:50,T-86,0,1,P-57739,Alfred Pfaff,Alfred,Pfaff,25',25,0,first half,0,0
G-0370,WC-1954,1954 FIFA Men's World Cup,1954,M-1954-13,Hungary vs West Germany,-5674.0,16:50,T-36,1,0,P-01173,Nándor Hidegkuti,Nándor,Hidegkuti,52',52,0,second half,0,0
G-0371,WC-1954,1954 FIFA Men's World Cup,1954,M-1954-13,Hungary vs West Germany,-5674.0,16:50,T-36,1,0,P-01173,Nándor Hidegkuti,Nándor,Hidegkuti,54',54,0,second half,0,0
G-0372,WC-1954,1954 FIFA Men's World Cup,1954,M-1954-13,Hungary vs West Germany,-5674.0,16:50,T-36,1,0,P-07028,Sándor Kocsis,Sándor,Kocsis,69',69,0,second half,0,0
G-0373,WC-1954,1954 FIFA Men's World Cup,1954,M-1954-13,Hungary vs West Germany,-5674.0,16:50,T-36,1,0,P-23830,József Tóth,József,Tóth,75',75,0,second half,0,0
G-0374,WC-1954,1954 FIFA Men's World Cup,1954,M-1954-13,Hungary vs West Germany,-5674.0,16:50,T-86,0,1,P-08136,Helmut Rahn,Helmut,Rahn,77',77,0,second half,0,0
G-0375,WC-1954,1954 FIFA Men's World Cup,1954,M-1954-13,Hungary vs West Germany,-5674.0,16:50,T-36,1,0,P-07028,Sándor Kocsis,Sándor,Kocsis,78',78,0,second half,0,0
G-0376,WC-1954,1954 FIFA Men's World Cup,1954,M-1954-13,Hungary vs West Germany,-5674.0,16:50,T-86,0,1,P-58241,Richard Herrmann,Richard,Herrmann,84',84,0,second half,0,0
G-0377,WC-1954,1954 FIFA Men's World Cup,1954,M-1954-14,Turkey vs South Korea,-5674.0,17:00,T-80,1,0,P-71884,Suat Mamat,Suat,Mamat,10',10,0,first half,0,0
G-0378,WC-1954,1954 FIFA Men's World Cup,1954,M-1954-14,Turkey vs South Korea,-5674.0,17:00,T-80,1,0,P-92456,Lefter Küçükandonyadis,Lefter,Küçükandonyadis,24',24,0,first half,0,0
G-0379,WC-1954,1954 FIFA Men's World Cup,1954,M-1954-14,Turkey vs South Korea,-5674.0,17:00,T-80,1,0,P-71884,Suat Mamat,Suat,Mamat,30',30,0,first half,0,0
G-0380,WC-1954,1954 FIFA Men's World Cup,1954,M-1954-14,Turkey vs South Korea,-5674.0,17:00,T-80,1,0,P-04515,Burhan Sargun,Burhan,Sargun,37',37,0,first half,0,0
G-0381,WC-1954,1954 FIFA Men's World Cup,1954,M-1954-14,Turkey vs South Korea,-5674.0,17:00,T-80,1,0,P-04515,Burhan Sargun,Burhan,Sargun,64',64,0,second half,0,0
G-0382,WC-1954,1954 FIFA Men's World Cup,1954,M-1954-14,Turkey vs South Korea,-5674.0,17:00,T-80,1,0,P-04515,Burhan Sargun,Burhan,Sargun,70',70,0,second half,0,0
G-0383,WC-1954,1954 FIFA Men's World Cup,1954,M-1954-14,Turkey vs South Korea,-5674.0,17:00,T-80,1,0,P-15472,Erol Keskin,Erol,Keskin,76',76,0,second half,0,0
G-0384,WC-1954,1954 FIFA Men's World Cup,1954,M-1954-15,Italy vs Belgium,-5674.0,17:00,T-41,1,0,P-00152,Egisto Pandolfini,Egisto,Pandolfini,41',41,0,first half,0,1
G-0385,WC-1954,1954 FIFA Men's World Cup,1954,M-1954-15,Italy vs Belgium,-5674.0,17:00,T-41,1,0,P-32442,Carlo Galli,Carlo,Galli,48',48,0,second half,0,0
G-0386,WC-1954,1954 FIFA Men's World Cup,1954,M-1954-15,Italy vs Belgium,-5674.0,17:00,T-41,1,0,P-64967,Amleto Frignani,Amleto,Frignani,58',58,0,second half,0,0
G-0387,WC-1954,1954 FIFA Men's World Cup,1954,M-1954-15,Italy vs Belgium,-5674.0,17:00,T-41,1,0,P-45203,Benito Lorenzi,Benito,Lorenzi,78',78,0,second half,0,0
G-0388,WC-1954,1954 FIFA Men's World Cup,1954,M-1954-15,Italy vs Belgium,-5674.0,17:00,T-06,0,1,P-99158,Léopold Anoul,Léopold,Anoul,81',81,0,second half,0,0
G-0389,WC-1954,1954 FIFA Men's World Cup,1954,M-1954-16,England vs Switzerland,-5674.0,17:10,T-28,1,0,P-82512,Jimmy Mullen,Jimmy,Mullen,43',43,0,first half,0,0
G-0390,WC-1954,1954 FIFA Men's World Cup,1954,M-1954-16,England vs Switzerland,-5674.0,17:10,T-28,1,0,P-25319,Dennis Wilshaw,Dennis,Wilshaw,69',69,0,second half,0,0
G-0391,WC-1954,1954 FIFA Men's World Cup,1954,M-1954-17,West Germany vs Turkey,-5671.0,18:00,T-86,1,0,P-71954,Ottmar Walter,Ottmar,Walter,7',7,0,first half,0,0
G-0392,WC-1954,1954 FIFA Men's World Cup,1954,M-1954-17,West Germany vs Turkey,-5671.0,18:00,T-86,1,0,P-63184,Hans Schäfer,Hans,Schäfer,12',12,0,first half,0,0
G-0393,WC-1954,1954 FIFA Men's World Cup,1954,M-1954-17,West Germany vs Turkey,-5671.0,18:00,T-80,0,1,P-04447,Mustafa Ertan,Mustafa,Ertan,21',21,0,first half,0,0
G-0394,WC-1954,1954 FIFA Men's World Cup,1954,M-1954-17,West Germany vs Turkey,-5671.0,18:00,T-86,1,0,P-05766,Max Morlock,Max,Morlock,30',30,0,first half,0,0
G-0395,WC-1954,1954 FIFA Men's World Cup,1954,M-1954-17,West Germany vs Turkey,-5671.0,18:00,T-86,1,0,P-05766,Max Morlock,Max,Morlock,60',60,0,second half,0,0
G-0396,WC-1954,1954 FIFA Men's World Cup,1954,M-1954-17,West Germany vs Turkey,-5671.0,18:00,T-86,1,0,P-09973,Fritz Walter,Fritz,Walter,62',62,0,second half,0,0
G-0397,WC-1954,1954 FIFA Men's World Cup,1954,M-1954-17,West Germany vs Turkey,-5671.0,18:00,T-86,1,0,P-05766,Max Morlock,Max,Morlock,77',77,0,second half,0,0
G-0398,WC-1954,1954 FIFA Men's World Cup,1954,M-1954-17,West Germany vs Turkey,-5671.0,18:00,T-86,1,0,P-63184,Hans Schäfer,Hans,Schäfer,79',79,0,second half,0,0
G-0399,WC-1954,1954 FIFA Men's World Cup,1954,M-1954-17,West Germany vs Turkey,-5671.0,18:00,T-80,0,1,P-92456,Lefter Küçükandonyadis,Lefter,Küçükandonyadis,82',82,0,second half,0,0
G-0400,WC-1954,1954 FIFA Men's World Cup,1954,M-1954-18,Switzerland vs Italy,-5671.0,18:00,T-75,1,0,P-14406,Josef Hügi,Josef,Hügi,14',14,0,first half,0,0
G-0401,WC-1954,1954 FIFA Men's World Cup,1954,M-1954-18,Switzerland vs Italy,-5671.0,18:00,T-75,1,0,P-63738,Robert Ballaman,Robert,Ballaman,48',48,0,second half,0,0
G-0402,WC-1954,1954 FIFA Men's World Cup,1954,M-1954-18,Switzerland vs Italy,-5671.0,18:00,T-41,0,1,P-17534,Fulvio Nesti,Fulvio,Nesti,67',67,0,second half,0,0
G-0403,WC-1954,1954 FIFA Men's World Cup,1954,M-1954-18,Switzerland vs Italy,-5671.0,18:00,T-75,1,0,P-14406,Josef Hügi,Josef,Hügi,85',85,0,second half,0,0
G-0404,WC-1954,1954 FIFA Men's World Cup,1954,M-1954-18,Switzerland vs Italy,-5671.0,18:00,T-75,1,0,P-80623,Jacques Fatton,Jacques,Fatton,90',90,0,second half,0,0
G-0405,WC-1954,1954 FIFA Men's World Cup,1954,M-1954-19,Austria vs Switzerland,-5668.0,17:00,T-75,0,1,P-63738,Robert Ballaman,Robert,Ballaman,16',16,0,first half,0,0
G-0406,WC-1954,1954 FIFA Men's World Cup,1954,M-1954-19,Austria vs Switzerland,-5668.0,17:00,T-75,0,1,P-14406,Josef Hügi,Josef,Hügi,17',17,0,first half,0,0
G-0407,WC-1954,1954 FIFA Men's World Cup,1954,M-1954-19,Austria vs Switzerland,-5668.0,17:00,T-75,0,1,P-14406,Josef Hügi,Josef,Hügi,19',19,0,first half,0,0
G-0408,WC-1954,1954 FIFA Men's World Cup,1954,M-1954-19,Austria vs Switzerland,-5668.0,17:00,T-05,1,0,P-35865,Theodor Wagner,Theodor,Wagner,25',25,0,first half,0,0
G-0409,WC-1954,1954 FIFA Men's World Cup,1954,M-1954-19,Austria vs Switzerland,-5668.0,17:00,T-05,1,0,P-26700,Alfred Körner,Alfred,Körner,26',26,0,first half,0,0
G-0410,WC-1954,1954 FIFA Men's World Cup,1954,M-1954-19,Austria vs Switzerland,-5668.0,17:00,T-05,1,0,P-35865,Theodor Wagner,Theodor,Wagner,27',27,0,first half,0,0
G-0411,WC-1954,1954 FIFA Men's World Cup,1954,M-1954-19,Austria vs Switzerland,-5668.0,17:00,T-05,1,0,P-53882,Ernst Ocwirk,Ernst,Ocwirk,32',32,0,first half,0,0
G-0412,WC-1954,1954 FIFA Men's World Cup,1954,M-1954-19,Austria vs Switzerland,-5668.0,17:00,T-05,1,0,P-26700,Alfred Körner,Alfred,Körner,34',34,0,first half,0,0
G-0413,WC-1954,1954 FIFA Men's World Cup,1954,M-1954-19,Austria vs Switzerland,-5668.0,17:00,T-75,0,1,P-63738,Robert Ballaman,Robert,Ballaman,39',39,0,first half,0,0
G-0414,WC-1954,1954 FIFA Men's World Cup,1954,M-1954-19,Austria vs Switzerland,-5668.0,17:00,T-05,1,0,P-35865,Theodor Wagner,Theodor,Wagner,53',53,0,second half,0,0
G-0415,WC-1954,1954 FIFA Men's World Cup,1954,M-1954-19,Austria vs Switzerland,-5668.0,17:00,T-75,0,1,P-14406,Josef Hügi,Josef,Hügi,60',60,0,second half,0,0
G-0416,WC-1954,1954 FIFA Men's World Cup,1954,M-1954-19,Austria vs Switzerland,-5668.0,17:00,T-05,1,0,P-85257,Erich Probst,Erich,Probst,76',76,0,second half,0,0
G-0417,WC-1954,1954 FIFA Men's World Cup,1954,M-1954-20,Uruguay vs England,-5668.0,17:00,T-84,1,0,P-90496,Carlos Borges,Carlos,Borges,5',5,0,first half,0,0
G-0418,WC-1954,1954 FIFA Men's World Cup,1954,M-1954-20,Uruguay vs England,-5668.0,17:00,T-28,0,1,P-81234,Nat Lofthouse,Nat,Lofthouse,16',16,0,first half,0,0
G-0419,WC-1954,1954 FIFA Men's World Cup,1954,M-1954-20,Uruguay vs England,-5668.0,17:00,T-84,1,0,P-65940,Obdulio Varela,Obdulio,Varela,39',39,0,first half,0,0
G-0420,WC-1954,1954 FIFA Men's World Cup,1954,M-1954-20,Uruguay vs England,-5668.0,17:00,T-84,1,0,P-38873,Juan Alberto Schiaffino,Juan Alberto,Schiaffino,46',46,0,second half,0,0
G-0421,WC-1954,1954 FIFA Men's World Cup,1954,M-1954-20,Uruguay vs England,-5668.0,17:00,T-28,0,1,P-86813,Tom Finney,Tom,Finney,67',67,0,second half,0,0
G-0422,WC-1954,1954 FIFA Men's World Cup,1954,M-1954-20,Uruguay vs England,-5668.0,17:00,T-84,1,0,P-66683,Javier Ambrois,Javier,Ambrois,78',78,0,second half,0,0
G-0423,WC-1954,1954 FIFA Men's World Cup,1954,M-1954-21,Hungary vs Brazil,-5667.0,17:00,T-36,1,0,P-01173,Nándor Hidegkuti,Nándor,Hidegkuti,4',4,0,first half,0,0
G-0424,WC-1954,1954 FIFA Men's World Cup,1954,M-1954-21,Hungary vs Brazil,-5667.0,17:00,T-36,1,0,P-07028,Sándor Kocsis,Sándor,Kocsis,7',7,0,first half,0,0
G-0425,WC-1954,1954 FIFA Men's World Cup,1954,M-1954-21,Hungary vs Brazil,-5667.0,17:00,T-09,0,1,P-52002,Djalma Santos,Djalma,Santos,18',18,0,first half,0,1
G-0426,WC-1954,1954 FIFA Men's World Cup,1954,M-1954-21,Hungary vs Brazil,-5667.0,17:00,T-36,1,0,P-29493,Mihály Lantos,Mihály,Lantos,60',60,0,second half,0,1
G-0427,WC-1954,1954 FIFA Men's World Cup,1954,M-1954-21,Hungary vs Brazil,-5667.0,17:00,T-09,0,1,P-08966,not applicable Julinho,not applicable,Julinho,65',65,0,second half,0,0
G-0428,WC-1954,1954 FIFA Men's World Cup,1954,M-1954-21,Hungary vs Brazil,-5667.0,17:00,T-36,1,0,P-07028,Sándor Kocsis,Sándor,Kocsis,88',88,0,second half,0,0
G-0429,WC-1954,1954 FIFA Men's World Cup,1954,M-1954-22,West Germany vs Yugoslavia,-5667.0,17:00,T-86,1,0,P-78579,Ivica Horvat,Ivica,Horvat,9',9,0,first half,1,0
G-0430,WC-1954,1954 FIFA Men's World Cup,1954,M-1954-22,West Germany vs Yugoslavia,-5667.0,17:00,T-86,1,0,P-08136,Helmut Rahn,Helmut,Rahn,85',85,0,second half,0,0
G-0431,WC-1954,1954 FIFA Men's World Cup,1954,M-1954-23,Hungary vs Uruguay,-5664.0,18:00,T-36,1,0,P-93334,Zoltán Czibor,Zoltán,Czibor,13',13,0,first half,0,0
G-0432,WC-1954,1954 FIFA Men's World Cup,1954,M-1954-23,Hungary vs Uruguay,-5664.0,18:00,T-36,1,0,P-01173,Nándor Hidegkuti,Nándor,Hidegkuti,46',46,0,second half,0,0
G-0433,WC-1954,1954 FIFA Men's World Cup,1954,M-1954-23,Hungary vs Uruguay,-5664.0,18:00,T-84,0,1,P-10601,Juan Hohberg,Juan,Hohberg,75',75,0,second half,0,0
G-0434,WC-1954,1954 FIFA Men's World Cup,1954,M-1954-23,Hungary vs Uruguay,-5664.0,18:00,T-84,0,1,P-10601,Juan Hohberg,Juan,Hohberg,86',86,0,second half,0,0
G-0435,WC-1954,1954 FIFA Men's World Cup,1954,M-1954-23,Hungary vs Uruguay,-5664.0,18:00,T-36,1,0,P-07028,Sándor Kocsis,Sándor,Kocsis,111',111,0,"extra time, second half",0,0
G-0436,WC-1954,1954 FIFA Men's World Cup,1954,M-1954-23,Hungary vs Uruguay,-5664.0,18:00,T-36,1,0,P-07028,Sándor Kocsis,Sándor,Kocsis,116',116,0,"extra time, second half",0,0
G-0437,WC-1954,1954 FIFA Men's World Cup,1954,M-1954-24,West Germany vs Austria,-5664.0,18:00,T-86,1,0,P-63184,Hans Schäfer,Hans,Schäfer,31',31,0,first half,0,0
G-0438,WC-1954,1954 FIFA Men's World Cup,1954,M-1954-24,West Germany vs Austria,-5664.0,18:00,T-86,1,0,P-05766,Max Morlock,Max,Morlock,47',47,0,second half,0,0
G-0439,WC-1954,1954 FIFA Men's World Cup,1954,M-1954-24,West Germany vs Austria,-5664.0,18:00,T-05,0,1,P-85257,Erich Probst,Erich,Probst,51',51,0,second half,0,0
G-0440,WC-1954,1954 FIFA Men's World Cup,1954,M-1954-24,West Germany vs Austria,-5664.0,18:00,T-86,1,0,P-09973,Fritz Walter,Fritz,Walter,54',54,0,second half,0,1
G-0441,WC-1954,1954 FIFA Men's World Cup,1954,M-1954-24,West Germany vs Austria,-5664.0,18:00,T-86,1,0,P-71954,Ottmar Walter,Ottmar,Walter,61',61,0,second half,0,0
G-0442,WC-1954,1954 FIFA Men's World Cup,1954,M-1954-24,West Germany vs Austria,-5664.0,18:00,T-86,1,0,P-09973,Fritz Walter,Fritz,Walter,64',64,0,second half,0,1
G-0443,WC-1954,1954 FIFA Men's World Cup,1954,M-1954-24,West Germany vs Austria,-5664.0,18:00,T-86,1,0,P-71954,Ottmar Walter,Ottmar,Walter,89',89,0,second half,0,0
G-0444,WC-1954,1954 FIFA Men's World Cup,1954,M-1954-25,Austria vs Uruguay,-5661.0,17:00,T-05,1,0,P-51339,Ernst Stojaspal,Ernst,Stojaspal,16',16,0,first half,0,1
G-0445,WC-1954,1954 FIFA Men's World Cup,1954,M-1954-25,Austria vs Uruguay,-5661.0,17:00,T-84,0,1,P-10601,Juan Hohberg,Juan,Hohberg,22',22,0,first half,0,0
G-0446,WC-1954,1954 FIFA Men's World Cup,1954,M-1954-25,Austria vs Uruguay,-5661.0,17:00,T-05,1,0,P-92883,Luis Cruz,Luis,Cruz,59',59,0,second half,1,0
G-0447,WC-1954,1954 FIFA Men's World Cup,1954,M-1954-25,Austria vs Uruguay,-5661.0,17:00,T-05,1,0,P-53882,Ernst Ocwirk,Ernst,Ocwirk,89',89,0,second half,0,0
G-0448,WC-1954,1954 FIFA Men's World Cup,1954,M-1954-26,West Germany vs Hungary,-5660.0,17:00,T-36,0,1,P-12676,Ferenc Puskás,Ferenc,Puskás,6',6,0,first half,0,0
G-0449,WC-1954,1954 FIFA Men's World Cup,1954,M-1954-26,West Germany vs Hungary,-5660.0,17:00,T-36,0,1,P-93334,Zoltán Czibor,Zoltán,Czibor,8',8,0,first half,0,0
G-0450,WC-1954,1954 FIFA Men's World Cup,1954,M-1954-26,West Germany vs Hungary,-5660.0,17:00,T-86,1,0,P-05766,Max Morlock,Max,Morlock,10',10,0,first half,0,0
G-0451,WC-1954,1954 FIFA Men's World Cup,1954,M-1954-26,West Germany vs Hungary,-5660.0,17:00,T-86,1,0,P-08136,Helmut Rahn,Helmut,Rahn,18',18,0,first half,0,0
G-0452,WC-1954,1954 FIFA Men's World Cup,1954,M-1954-26,West Germany vs Hungary,-5660.0,17:00,T-86,1,0,P-08136,Helmut Rahn,Helmut,Rahn,84',84,0,second half,0,0
G-0453,WC-1958,1958 FIFA Men's World Cup,1958,M-1958-01,Sweden vs Mexico,-4225.0,14:00,T-74,1,0,P-82312,Agne Simonsson,Agne,Simonsson,17',17,0,first half,0,0
G-0454,WC-1958,1958 FIFA Men's World Cup,1958,M-1958-01,Sweden vs Mexico,-4225.0,14:00,T-74,1,0,P-10338,Nils Liedholm,Nils,Liedholm,57',57,0,second half,0,1
G-0455,WC-1958,1958 FIFA Men's World Cup,1958,M-1958-01,Sweden vs Mexico,-4225.0,14:00,T-74,1,0,P-82312,Agne Simonsson,Agne,Simonsson,64',64,0,second half,0,0
G-0456,WC-1958,1958 FIFA Men's World Cup,1958,M-1958-02,Argentina vs West Germany,-4225.0,19:00,T-03,1,0,P-71952,Oreste Corbatta,Oreste,Corbatta,3',3,0,first half,0,0
G-0457,WC-1958,1958 FIFA Men's World Cup,1958,M-1958-02,Argentina vs West Germany,-4225.0,19:00,T-86,0,1,P-08136,Helmut Rahn,Helmut,Rahn,32',32,0,first half,0,0
G-0458,WC-1958,1958 FIFA Men's World Cup,1958,M-1958-02,Argentina vs West Germany,-4225.0,19:00,T-86,0,1,P-64138,Uwe Seeler,Uwe,Seeler,42',42,0,first half,0,0
G-0459,WC-1958,1958 FIFA Men's World Cup,1958,M-1958-02,Argentina vs West Germany,-4225.0,19:00,T-86,0,1,P-08136,Helmut Rahn,Helmut,Rahn,79',79,0,second half,0,0
G-0460,WC-1958,1958 FIFA Men's World Cup,1958,M-1958-03,Northern Ireland vs Czechoslovakia,-4225.0,19:00,T-52,1,0,P-36975,Wilbur Cush,Wilbur,Cush,21',21,0,first half,0,0
G-0461,WC-1958,1958 FIFA Men's World Cup,1958,M-1958-04,France vs Paraguay,-4225.0,19:00,T-55,0,1,P-19817,Florencio Amarilla,Florencio,Amarilla,20',20,0,first half,0,0
G-0462,WC-1958,1958 FIFA Men's World Cup,1958,M-1958-04,France vs Paraguay,-4225.0,19:00,T-30,1,0,P-77939,Just Fontaine,Just,Fontaine,24',24,0,first half,0,0
G-0463,WC-1958,1958 FIFA Men's World Cup,1958,M-1958-04,France vs Paraguay,-4225.0,19:00,T-30,1,0,P-77939,Just Fontaine,Just,Fontaine,30',30,0,first half,0,0
G-0464,WC-1958,1958 FIFA Men's World Cup,1958,M-1958-04,France vs Paraguay,-4225.0,19:00,T-55,0,1,P-19817,Florencio Amarilla,Florencio,Amarilla,44',44,0,first half,0,1
G-0465,WC-1958,1958 FIFA Men's World Cup,1958,M-1958-04,France vs Paraguay,-4225.0,19:00,T-55,0,1,P-32438,Jorge Lino Romero,Jorge Lino,Romero,50',50,0,second half,0,0
G-0466,WC-1958,1958 FIFA Men's World Cup,1958,M-1958-04,France vs Paraguay,-4225.0,19:00,T-30,1,0,P-38969,Roger Piantoni,Roger,Piantoni,52',52,0,second half,0,0
G-0467,WC-1958,1958 FIFA Men's World Cup,1958,M-1958-04,France vs Paraguay,-4225.0,19:00,T-30,1,0,P-75977,Maryan Wisnieski,Maryan,Wisnieski,61',61,0,second half,0,0
G-0468,WC-1958,1958 FIFA Men's World Cup,1958,M-1958-04,France vs Paraguay,-4225.0,19:00,T-30,1,0,P-77939,Just Fontaine,Just,Fontaine,67',67,0,second half,0,0
G-0469,WC-1958,1958 FIFA Men's World Cup,1958,M-1958-04,France vs Paraguay,-4225.0,19:00,T-30,1,0,P-94605,Raymond Kopa,Raymond,Kopa,70',70,0,second half,0,0
G-0470,WC-1958,1958 FIFA Men's World Cup,1958,M-1958-04,France vs Paraguay,-4225.0,19:00,T-30,1,0,P-78417,Jean Vincent,Jean,Vincent,83',83,0,second half,0,0
G-0471,WC-1958,1958 FIFA Men's World Cup,1958,M-1958-05,Yugoslavia vs Scotland,-4225.0,19:00,T-87,1,0,P-85317,Aleksandar Petaković,Aleksandar,Petaković,6',6,0,first half,0,0
G-0472,WC-1958,1958 FIFA Men's World Cup,1958,M-1958-05,Yugoslavia vs Scotland,-4225.0,19:00,T-64,0,1,P-07282,Jimmy Murray,Jimmy,Murray,49',49,0,second half,0,0
G-0473,WC-1958,1958 FIFA Men's World Cup,1958,M-1958-06,Hungary vs Wales,-4225.0,19:00,T-36,1,0,P-70989,József Bozsik,József,Bozsik,5',5,0,first half,0,0
G-0474,WC-1958,1958 FIFA Men's World Cup,1958,M-1958-06,Hungary vs Wales,-4225.0,19:00,T-85,0,1,P-12687,John Charles,John,Charles,27',27,0,first half,0,0
G-0475,WC-1958,1958 FIFA Men's World Cup,1958,M-1958-07,Brazil vs Austria,-4225.0,19:00,T-09,1,0,P-60629,José Altafini,José,Altafini,37',37,0,first half,0,0
G-0476,WC-1958,1958 FIFA Men's World Cup,1958,M-1958-07,Brazil vs Austria,-4225.0,19:00,T-09,1,0,P-75955,Nílton Santos,Nílton,Santos,50',50,0,second half,0,0
G-0477,WC-1958,1958 FIFA Men's World Cup,1958,M-1958-07,Brazil vs Austria,-4225.0,19:00,T-09,1,0,P-60629,José Altafini,José,Altafini,85',85,0,second half,0,0
G-0478,WC-1958,1958 FIFA Men's World Cup,1958,M-1958-08,Soviet Union vs England,-4225.0,19:00,T-72,1,0,P-54948,Nikita Simonyan,Nikita,Simonyan,13',13,0,first half,0,0
G-0479,WC-1958,1958 FIFA Men's World Cup,1958,M-1958-08,Soviet Union vs England,-4225.0,19:00,T-72,1,0,P-92440,Aleksandr Ivanov,Aleksandr,Ivanov,56',56,0,second half,0,0
G-0480,WC-1958,1958 FIFA Men's World Cup,1958,M-1958-08,Soviet Union vs England,-4225.0,19:00,T-28,0,1,P-60811,Derek Kevan,Derek,Kevan,66',66,0,second half,0,0
G-0481,WC-1958,1958 FIFA Men's World Cup,1958,M-1958-08,Soviet Union vs England,-4225.0,19:00,T-28,0,1,P-86813,Tom Finney,Tom,Finney,85',85,0,second half,0,1
G-0482,WC-1958,1958 FIFA Men's World Cup,1958,M-1958-09,Argentina vs Northern Ireland,-4222.0,19:00,T-52,0,1,P-77851,Peter McParland,Peter,McParland,4',4,0,first half,0,0
G-0483,WC-1958,1958 FIFA Men's World Cup,1958,M-1958-09,Argentina vs Northern Ireland,-4222.0,19:00,T-03,1,0,P-71952,Oreste Corbatta,Oreste,Corbatta,37',37,0,first half,0,1
G-0484,WC-1958,1958 FIFA Men's World Cup,1958,M-1958-09,Argentina vs Northern Ireland,-4222.0,19:00,T-03,1,0,P-98280,Norberto Menéndez,Norberto,Menéndez,56',56,0,second half,0,0
G-0485,WC-1958,1958 FIFA Men's World Cup,1958,M-1958-09,Argentina vs Northern Ireland,-4222.0,19:00,T-03,1,0,P-20645,Ludovico Avio,Ludovico,Avio,60',60,0,second half,0,0
G-0486,WC-1958,1958 FIFA Men's World Cup,1958,M-1958-10,West Germany vs Czechoslovakia,-4222.0,19:00,T-21,0,1,P-65506,Milan Dvořák,Milan,Dvořák,24',24,0,first half,0,1
G-0487,WC-1958,1958 FIFA Men's World Cup,1958,M-1958-10,West Germany vs Czechoslovakia,-4222.0,19:00,T-21,0,1,P-71720,Zdeněk Zikán,Zdeněk,Zikán,42',42,0,first half,0,0
G-0488,WC-1958,1958 FIFA Men's World Cup,1958,M-1958-10,West Germany vs Czechoslovakia,-4222.0,19:00,T-86,1,0,P-63184,Hans Schäfer,Hans,Schäfer,60',60,0,second half,0,0
G-0489,WC-1958,1958 FIFA Men's World Cup,1958,M-1958-10,West Germany vs Czechoslovakia,-4222.0,19:00,T-86,1,0,P-08136,Helmut Rahn,Helmut,Rahn,71',71,0,second half,0,0
G-0490,WC-1958,1958 FIFA Men's World Cup,1958,M-1958-11,Paraguay vs Scotland,-4222.0,19:00,T-55,1,0,P-17292,Juan Bautista Agüero,Juan Bautista,Agüero,4',4,0,first half,0,0
G-0491,WC-1958,1958 FIFA Men's World Cup,1958,M-1958-11,Paraguay vs Scotland,-4222.0,19:00,T-64,0,1,P-19215,Jackie Mudie,Jackie,Mudie,24',24,0,first half,0,0
G-0492,WC-1958,1958 FIFA Men's World Cup,1958,M-1958-11,Paraguay vs Scotland,-4222.0,19:00,T-55,1,0,P-65484,Cayetano Ré,Cayetano,Ré,45',45,0,first half,0,0
G-0493,WC-1958,1958 FIFA Men's World Cup,1958,M-1958-11,Paraguay vs Scotland,-4222.0,19:00,T-55,1,0,P-22636,José Parodi,José,Parodi,73',73,0,second half,0,0
G-0494,WC-1958,1958 FIFA Men's World Cup,1958,M-1958-11,Paraguay vs Scotland,-4222.0,19:00,T-64,0,1,P-75309,Bobby Collins,Bobby,Collins,74',74,0,second half,0,0
G-0495,WC-1958,1958 FIFA Men's World Cup,1958,M-1958-12,Yugoslavia vs France,-4222.0,19:00,T-30,0,1,P-77939,Just Fontaine,Just,Fontaine,4',4,0,first half,0,0
G-0496,WC-1958,1958 FIFA Men's World Cup,1958,M-1958-12,Yugoslavia vs France,-4222.0,19:00,T-87,1,0,P-85317,Aleksandar Petaković,Aleksandar,Petaković,16',16,0,first half,0,0
G-0497,WC-1958,1958 FIFA Men's World Cup,1958,M-1958-12,Yugoslavia vs France,-4222.0,19:00,T-87,1,0,P-47783,Todor Veselinović,Todor,Veselinović,63',63,0,second half,0,0
G-0498,WC-1958,1958 FIFA Men's World Cup,1958,M-1958-12,Yugoslavia vs France,-4222.0,19:00,T-30,0,1,P-77939,Just Fontaine,Just,Fontaine,85',85,0,second half,0,0
G-0499,WC-1958,1958 FIFA Men's World Cup,1958,M-1958-12,Yugoslavia vs France,-4222.0,19:00,T-87,1,0,P-47783,Todor Veselinović,Todor,Veselinović,88',88,0,second half,0,0
G-0500,WC-1958,1958 FIFA Men's World Cup,1958,M-1958-13,Mexico vs Wales,-4222.0,19:00,T-85,0,1,P-71223,Ivor Allchurch,Ivor,Allchurch,32',32,0,first half,0,0
G-0501,WC-1958,1958 FIFA Men's World Cup,1958,M-1958-13,Mexico vs Wales,-4222.0,19:00,T-46,1,0,P-10223,Jaime Belmonte,Jaime,Belmonte,89',89,0,second half,0,0
G-0502,WC-1958,1958 FIFA Men's World Cup,1958,M-1958-15,Soviet Union vs Austria,-4222.0,19:00,T-72,1,0,P-80609,Anatoli Ilyin,Anatoli,Ilyin,15',15,0,first half,0,0
G-0503,WC-1958,1958 FIFA Men's World Cup,1958,M-1958-15,Soviet Union vs Austria,-4222.0,19:00,T-72,1,0,P-11702,Valentin Ivanov,Valentin,Ivanov,62',62,0,second half,0,0
G-0504,WC-1958,1958 FIFA Men's World Cup,1958,M-1958-16,Sweden vs Hungary,-4221.0,19:00,T-74,1,0,P-20173,Kurt Hamrin,Kurt,Hamrin,34',34,0,first half,0,0
G-0505,WC-1958,1958 FIFA Men's World Cup,1958,M-1958-16,Sweden vs Hungary,-4221.0,19:00,T-74,1,0,P-20173,Kurt Hamrin,Kurt,Hamrin,55',55,0,second half,0,0
G-0506,WC-1958,1958 FIFA Men's World Cup,1958,M-1958-16,Sweden vs Hungary,-4221.0,19:00,T-36,0,1,P-82971,Lajos Tichy,Lajos,Tichy,77',77,0,second half,0,0
G-0507,WC-1958,1958 FIFA Men's World Cup,1958,M-1958-18,Czechoslovakia vs Argentina,-4218.0,19:00,T-21,1,0,P-65506,Milan Dvořák,Milan,Dvořák,8',8,0,first half,0,0
G-0508,WC-1958,1958 FIFA Men's World Cup,1958,M-1958-18,Czechoslovakia vs Argentina,-4218.0,19:00,T-21,1,0,P-71720,Zdeněk Zikán,Zdeněk,Zikán,17',17,0,first half,0,0
G-0509,WC-1958,1958 FIFA Men's World Cup,1958,M-1958-18,Czechoslovakia vs Argentina,-4218.0,19:00,T-21,1,0,P-71720,Zdeněk Zikán,Zdeněk,Zikán,40',40,0,first half,0,0
G-0510,WC-1958,1958 FIFA Men's World Cup,1958,M-1958-18,Czechoslovakia vs Argentina,-4218.0,19:00,T-03,0,1,P-71952,Oreste Corbatta,Oreste,Corbatta,65',65,0,second half,0,1
G-0511,WC-1958,1958 FIFA Men's World Cup,1958,M-1958-18,Czechoslovakia vs Argentina,-4218.0,19:00,T-21,1,0,P-45404,Jiří Feureisl,Jiří,Feureisl,69',69,0,second half,0,0
G-0512,WC-1958,1958 FIFA Men's World Cup,1958,M-1958-18,Czechoslovakia vs Argentina,-4218.0,19:00,T-21,1,0,P-28805,Václav Hovorka,Václav,Hovorka,82',82,0,second half,0,0
G-0513,WC-1958,1958 FIFA Men's World Cup,1958,M-1958-18,Czechoslovakia vs Argentina,-4218.0,19:00,T-21,1,0,P-28805,Václav Hovorka,Václav,Hovorka,89',89,0,second half,0,0
G-0514,WC-1958,1958 FIFA Men's World Cup,1958,M-1958-19,West Germany vs Northern Ireland,-4218.0,19:00,T-52,0,1,P-77851,Peter McParland,Peter,McParland,18',18,0,first half,0,0
G-0515,WC-1958,1958 FIFA Men's World Cup,1958,M-1958-19,West Germany vs Northern Ireland,-4218.0,19:00,T-86,1,0,P-08136,Helmut Rahn,Helmut,Rahn,20',20,0,first half,0,0
G-0516,WC-1958,1958 FIFA Men's World Cup,1958,M-1958-19,West Germany vs Northern Ireland,-4218.0,19:00,T-52,0,1,P-77851,Peter McParland,Peter,McParland,60',60,0,second half,0,0
G-0517,WC-1958,1958 FIFA Men's World Cup,1958,M-1958-19,West Germany vs Northern Ireland,-4218.0,19:00,T-86,1,0,P-64138,Uwe Seeler,Uwe,Seeler,78',78,0,second half,0,0
G-0518,WC-1958,1958 FIFA Men's World Cup,1958,M-1958-20,France vs Scotland,-4218.0,19:00,T-30,1,0,P-94605,Raymond Kopa,Raymond,Kopa,22',22,0,first half,0,0
G-0519,WC-1958,1958 FIFA Men's World Cup,1958,M-1958-20,France vs Scotland,-4218.0,19:00,T-30,1,0,P-77939,Just Fontaine,Just,Fontaine,44',44,0,first half,0,0
G-0520,WC-1958,1958 FIFA Men's World Cup,1958,M-1958-20,France vs Scotland,-4218.0,19:00,T-64,0,1,P-73507,Sammy Baird,Sammy,Baird,58',58,0,second half,0,0
G-0521,WC-1958,1958 FIFA Men's World Cup,1958,M-1958-21,Paraguay vs Yugoslavia,-4218.0,19:00,T-87,0,1,P-47145,Radivoje Ognjanović,Radivoje,Ognjanović,18',18,0,first half,0,0
G-0522,WC-1958,1958 FIFA Men's World Cup,1958,M-1958-21,Paraguay vs Yugoslavia,-4218.0,19:00,T-55,1,0,P-22636,José Parodi,José,Parodi,20',20,0,first half,0,0
G-0523,WC-1958,1958 FIFA Men's World Cup,1958,M-1958-21,Paraguay vs Yugoslavia,-4218.0,19:00,T-87,0,1,P-47783,Todor Veselinović,Todor,Veselinović,21',21,0,first half,0,0
G-0524,WC-1958,1958 FIFA Men's World Cup,1958,M-1958-21,Paraguay vs Yugoslavia,-4218.0,19:00,T-55,1,0,P-17292,Juan Bautista Agüero,Juan Bautista,Agüero,52',52,0,second half,0,0
G-0525,WC-1958,1958 FIFA Men's World Cup,1958,M-1958-21,Paraguay vs Yugoslavia,-4218.0,19:00,T-87,0,1,P-24259,Zdravko Rajkov,Zdravko,Rajkov,73',73,0,second half,0,0
G-0526,WC-1958,1958 FIFA Men's World Cup,1958,M-1958-21,Paraguay vs Yugoslavia,-4218.0,19:00,T-55,1,0,P-32438,Jorge Lino Romero,Jorge Lino,Romero,80',80,0,second half,0,0
G-0527,WC-1958,1958 FIFA Men's World Cup,1958,M-1958-22,Hungary vs Mexico,-4218.0,19:00,T-36,1,0,P-82971,Lajos Tichy,Lajos,Tichy,19',19,0,first half,0,0
G-0528,WC-1958,1958 FIFA Men's World Cup,1958,M-1958-22,Hungary vs Mexico,-4218.0,19:00,T-36,1,0,P-82971,Lajos Tichy,Lajos,Tichy,46',46,0,second half,0,0
G-0529,WC-1958,1958 FIFA Men's World Cup,1958,M-1958-22,Hungary vs Mexico,-4218.0,19:00,T-36,1,0,P-69885,Károly Sándor,Károly,Sándor,54',54,0,second half,0,0
G-0530,WC-1958,1958 FIFA Men's World Cup,1958,M-1958-22,Hungary vs Mexico,-4218.0,19:00,T-36,1,0,P-47384,József Bencsics,József,Bencsics,69',69,0,second half,0,0
G-0531,WC-1958,1958 FIFA Men's World Cup,1958,M-1958-23,Brazil vs Soviet Union,-4218.0,19:00,T-09,1,0,P-45310,not applicable Vavá,not applicable,Vavá,3',3,0,first half,0,0
G-0532,WC-1958,1958 FIFA Men's World Cup,1958,M-1958-23,Brazil vs Soviet Union,-4218.0,19:00,T-09,1,0,P-45310,not applicable Vavá,not applicable,Vavá,77',77,0,second half,0,0
G-0533,WC-1958,1958 FIFA Men's World Cup,1958,M-1958-24,England vs Austria,-4218.0,19:00,T-05,0,1,P-32967,Karl Koller,Karl,Koller,15',15,0,first half,0,0
G-0534,WC-1958,1958 FIFA Men's World Cup,1958,M-1958-24,England vs Austria,-4218.0,19:00,T-28,1,0,P-03578,Johnny Haynes,Johnny,Haynes,56',56,0,second half,0,0
G-0535,WC-1958,1958 FIFA Men's World Cup,1958,M-1958-24,England vs Austria,-4218.0,19:00,T-05,0,1,P-26700,Alfred Körner,Alfred,Körner,71',71,0,second half,0,0
G-0536,WC-1958,1958 FIFA Men's World Cup,1958,M-1958-24,England vs Austria,-4218.0,19:00,T-28,1,0,P-60811,Derek Kevan,Derek,Kevan,74',74,0,second half,0,0
G-0537,WC-1958,1958 FIFA Men's World Cup,1958,M-1958-25,Northern Ireland vs Czechoslovakia,-4216.0,19:00,T-21,0,1,P-71720,Zdeněk Zikán,Zdeněk,Zikán,18',18,0,first half,0,0
G-0538,WC-1958,1958 FIFA Men's World Cup,1958,M-1958-25,Northern Ireland vs Czechoslovakia,-4216.0,19:00,T-52,1,0,P-77851,Peter McParland,Peter,McParland,44',44,0,first half,0,0
G-0539,WC-1958,1958 FIFA Men's World Cup,1958,M-1958-25,Northern Ireland vs Czechoslovakia,-4216.0,19:00,T-52,1,0,P-77851,Peter McParland,Peter,McParland,97',97,0,"extra time, first half",0,0
G-0540,WC-1958,1958 FIFA Men's World Cup,1958,M-1958-26,Wales vs Hungary,-4216.0,19:00,T-36,0,1,P-82971,Lajos Tichy,Lajos,Tichy,33',33,0,first half,0,0
G-0541,WC-1958,1958 FIFA Men's World Cup,1958,M-1958-26,Wales vs Hungary,-4216.0,19:00,T-85,1,0,P-71223,Ivor Allchurch,Ivor,Allchurch,55',55,0,second half,0,0
G-0542,WC-1958,1958 FIFA Men's World Cup,1958,M-1958-26,Wales vs Hungary,-4216.0,19:00,T-85,1,0,P-90482,Terry Medwin,Terry,Medwin,76',76,0,second half,0,0
G-0543,WC-1958,1958 FIFA Men's World Cup,1958,M-1958-27,Soviet Union vs England,-4216.0,19:00,T-72,1,0,P-80609,Anatoli Ilyin,Anatoli,Ilyin,69',69,0,second half,0,0
G-0544,WC-1958,1958 FIFA Men's World Cup,1958,M-1958-28,Brazil vs Wales,-4214.0,19:00,T-09,1,0,P-38906,not applicable Pelé,not applicable,Pelé,66',66,0,second half,0,0
G-0545,WC-1958,1958 FIFA Men's World Cup,1958,M-1958-29,France vs Northern Ireland,-4214.0,19:00,T-30,1,0,P-75977,Maryan Wisnieski,Maryan,Wisnieski,44',44,0,first half,0,0
G-0546,WC-1958,1958 FIFA Men's World Cup,1958,M-1958-29,France vs Northern Ireland,-4214.0,19:00,T-30,1,0,P-77939,Just Fontaine,Just,Fontaine,55',55,0,second half,0,0
G-0547,WC-1958,1958 FIFA Men's World Cup,1958,M-1958-29,France vs Northern Ireland,-4214.0,19:00,T-30,1,0,P-77939,Just Fontaine,Just,Fontaine,63',63,0,second half,0,0
G-0548,WC-1958,1958 FIFA Men's World Cup,1958,M-1958-29,France vs Northern Ireland,-4214.0,19:00,T-30,1,0,P-38969,Roger Piantoni,Roger,Piantoni,68',68,0,second half,0,0
G-0549,WC-1958,1958 FIFA Men's World Cup,1958,M-1958-30,Sweden vs Soviet Union,-4214.0,19:00,T-74,1,0,P-20173,Kurt Hamrin,Kurt,Hamrin,49',49,0,second half,0,0
G-0550,WC-1958,1958 FIFA Men's World Cup,1958,M-1958-30,Sweden vs Soviet Union,-4214.0,19:00,T-74,1,0,P-82312,Agne Simonsson,Agne,Simonsson,88',88,0,second half,0,0
G-0551,WC-1958,1958 FIFA Men's World Cup,1958,M-1958-31,West Germany vs Yugoslavia,-4214.0,19:00,T-86,1,0,P-08136,Helmut Rahn,Helmut,Rahn,12',12,0,first half,0,0
G-0552,WC-1958,1958 FIFA Men's World Cup,1958,M-1958-32,Brazil vs France,-4209.0,19:00,T-09,1,0,P-45310,not applicable Vavá,not applicable,Vavá,2',2,0,first half,0,0
G-0553,WC-1958,1958 FIFA Men's World Cup,1958,M-1958-32,Brazil vs France,-4209.0,19:00,T-30,0,1,P-77939,Just Fontaine,Just,Fontaine,9',9,0,first half,0,0
G-0554,WC-1958,1958 FIFA Men's World Cup,1958,M-1958-32,Brazil vs France,-4209.0,19:00,T-09,1,0,P-76740,not applicable Didi,not applicable,Didi,39',39,0,first half,0,0
G-0555,WC-1958,1958 FIFA Men's World Cup,1958,M-1958-32,Brazil vs France,-4209.0,19:00,T-09,1,0,P-38906,not applicable Pelé,not applicable,Pelé,52',52,0,second half,0,0
G-0556,WC-1958,1958 FIFA Men's World Cup,1958,M-1958-32,Brazil vs France,-4209.0,19:00,T-09,1,0,P-38906,not applicable Pelé,not applicable,Pelé,64',64,0,second half,0,0
G-0557,WC-1958,1958 FIFA Men's World Cup,1958,M-1958-32,Brazil vs France,-4209.0,19:00,T-09,1,0,P-38906,not applicable Pelé,not applicable,Pelé,75',75,0,second half,0,0
G-0558,WC-1958,1958 FIFA Men's World Cup,1958,M-1958-32,Brazil vs France,-4209.0,19:00,T-30,0,1,P-38969,Roger Piantoni,Roger,Piantoni,83',83,0,second half,0,0
G-0559,WC-1958,1958 FIFA Men's World Cup,1958,M-1958-33,Sweden vs West Germany,-4209.0,19:00,T-86,0,1,P-63184,Hans Schäfer,Hans,Schäfer,24',24,0,first half,0,0
G-0560,WC-1958,1958 FIFA Men's World Cup,1958,M-1958-33,Sweden vs West Germany,-4209.0,19:00,T-74,1,0,P-33095,Lennart Skoglund,Lennart,Skoglund,32',32,0,first half,0,0
G-0561,WC-1958,1958 FIFA Men's World Cup,1958,M-1958-33,Sweden vs West Germany,-4209.0,19:00,T-74,1,0,P-69813,Gunnar Gren,Gunnar,Gren,81',81,0,second half,0,0
G-0562,WC-1958,1958 FIFA Men's World Cup,1958,M-1958-33,Sweden vs West Germany,-4209.0,19:00,T-74,1,0,P-20173,Kurt Hamrin,Kurt,Hamrin,88',88,0,second half,0,0
G-0563,WC-1958,1958 FIFA Men's World Cup,1958,M-1958-34,France vs West Germany,-4205.0,17:00,T-30,1,0,P-77939,Just Fontaine,Just,Fontaine,16',16,0,first half,0,0
G-0564,WC-1958,1958 FIFA Men's World Cup,1958,M-1958-34,France vs West Germany,-4205.0,17:00,T-86,0,1,P-93539,Hans Cieslarczyk,Hans,Cieslarczyk,18',18,0,first half,0,0
G-0565,WC-1958,1958 FIFA Men's World Cup,1958,M-1958-34,France vs West Germany,-4205.0,17:00,T-30,1,0,P-94605,Raymond Kopa,Raymond,Kopa,27',27,0,first half,0,1
G-0566,WC-1958,1958 FIFA Men's World Cup,1958,M-1958-34,France vs West Germany,-4205.0,17:00,T-30,1,0,P-77939,Just Fontaine,Just,Fontaine,36',36,0,first half,0,0
G-0567,WC-1958,1958 FIFA Men's World Cup,1958,M-1958-34,France vs West Germany,-4205.0,17:00,T-30,1,0,P-08451,Yvon Douis,Yvon,Douis,50',50,0,second half,0,0
G-0568,WC-1958,1958 FIFA Men's World Cup,1958,M-1958-34,France vs West Germany,-4205.0,17:00,T-86,0,1,P-08136,Helmut Rahn,Helmut,Rahn,52',52,0,second half,0,0
G-0569,WC-1958,1958 FIFA Men's World Cup,1958,M-1958-34,France vs West Germany,-4205.0,17:00,T-30,1,0,P-77939,Just Fontaine,Just,Fontaine,78',78,0,second half,0,0
G-0570,WC-1958,1958 FIFA Men's World Cup,1958,M-1958-34,France vs West Germany,-4205.0,17:00,T-86,0,1,P-63184,Hans Schäfer,Hans,Schäfer,84',84,0,second half,0,0
G-0571,WC-1958,1958 FIFA Men's World Cup,1958,M-1958-34,France vs West Germany,-4205.0,17:00,T-30,1,0,P-77939,Just Fontaine,Just,Fontaine,89',89,0,second half,0,0
G-0572,WC-1958,1958 FIFA Men's World Cup,1958,M-1958-35,Brazil vs Sweden,-4204.0,15:00,T-74,0,1,P-10338,Nils Liedholm,Nils,Liedholm,4',4,0,first half,0,0
G-0573,WC-1958,1958 FIFA Men's World Cup,1958,M-1958-35,Brazil vs Sweden,-4204.0,15:00,T-09,1,0,P-45310,not applicable Vavá,not applicable,Vavá,9',9,0,first half,0,0
G-0574,WC-1958,1958 FIFA Men's World Cup,1958,M-1958-35,Brazil vs Sweden,-4204.0,15:00,T-09,1,0,P-45310,not applicable Vavá,not applicable,Vavá,32',32,0,first half,0,0
G-0575,WC-1958,1958 FIFA Men's World Cup,1958,M-1958-35,Brazil vs Sweden,-4204.0,15:00,T-09,1,0,P-38906,not applicable Pelé,not applicable,Pelé,55',55,0,second half,0,0
G-0576,WC-1958,1958 FIFA Men's World Cup,1958,M-1958-35,Brazil vs Sweden,-4204.0,15:00,T-09,1,0,P-38164,Mário Zagallo,Mário,Zagallo,68',68,0,second half,0,0
G-0577,WC-1958,1958 FIFA Men's World Cup,1958,M-1958-35,Brazil vs Sweden,-4204.0,15:00,T-74,0,1,P-82312,Agne Simonsson,Agne,Simonsson,80',80,0,second half,0,0
G-0578,WC-1958,1958 FIFA Men's World Cup,1958,M-1958-35,Brazil vs Sweden,-4204.0,15:00,T-09,1,0,P-38906,not applicable Pelé,not applicable,Pelé,90',90,0,second half,0,0
G-0579,WC-1962,1962 FIFA Men's World Cup,1962,M-1962-01,Uruguay vs Colombia,-2773.0,15:00,T-16,0,1,P-32148,Francisco Zuluaga,Francisco,Zuluaga,19',19,0,first half,0,1
G-0580,WC-1962,1962 FIFA Men's World Cup,1962,M-1962-01,Uruguay vs Colombia,-2773.0,15:00,T-84,1,0,P-81929,Luis Cubilla,Luis,Cubilla,56',56,0,second half,0,0
G-0581,WC-1962,1962 FIFA Men's World Cup,1962,M-1962-01,Uruguay vs Colombia,-2773.0,15:00,T-84,1,0,P-15857,José Sasía,José,Sasía,75',75,0,second half,0,0
G-0582,WC-1962,1962 FIFA Men's World Cup,1962,M-1962-02,Chile vs Switzerland,-2773.0,15:00,T-75,0,1,P-25619,Rolf Wüthrich,Rolf,Wüthrich,6',6,0,first half,0,0
G-0583,WC-1962,1962 FIFA Men's World Cup,1962,M-1962-02,Chile vs Switzerland,-2773.0,15:00,T-13,1,0,P-22224,Leonel Sánchez,Leonel,Sánchez,44',44,0,first half,0,0
G-0584,WC-1962,1962 FIFA Men's World Cup,1962,M-1962-02,Chile vs Switzerland,-2773.0,15:00,T-13,1,0,P-98252,Jaime Ramírez,Jaime,Ramírez,51',51,0,second half,0,0
G-0585,WC-1962,1962 FIFA Men's World Cup,1962,M-1962-02,Chile vs Switzerland,-2773.0,15:00,T-13,1,0,P-22224,Leonel Sánchez,Leonel,Sánchez,55',55,0,second half,0,0
G-0586,WC-1962,1962 FIFA Men's World Cup,1962,M-1962-03,Brazil vs Mexico,-2773.0,15:00,T-09,1,0,P-38164,Mário Zagallo,Mário,Zagallo,56',56,0,second half,0,0
G-0587,WC-1962,1962 FIFA Men's World Cup,1962,M-1962-03,Brazil vs Mexico,-2773.0,15:00,T-09,1,0,P-38906,not applicable Pelé,not applicable,Pelé,73',73,0,second half,0,0
G-0588,WC-1962,1962 FIFA Men's World Cup,1962,M-1962-04,Argentina vs Bulgaria,-2773.0,15:00,T-03,1,0,P-14074,Héctor Facundo,Héctor,Facundo,4',4,0,first half,0,0
G-0589,WC-1962,1962 FIFA Men's World Cup,1962,M-1962-05,Soviet Union vs Yugoslavia,-2772.0,15:00,T-72,1,0,P-11702,Valentin Ivanov,Valentin,Ivanov,51',51,0,second half,0,0
G-0590,WC-1962,1962 FIFA Men's World Cup,1962,M-1962-05,Soviet Union vs Yugoslavia,-2772.0,15:00,T-72,1,0,P-05819,Viktor Ponedelnik,Viktor,Ponedelnik,83',83,0,second half,0,0
G-0591,WC-1962,1962 FIFA Men's World Cup,1962,M-1962-07,Czechoslovakia vs Spain,-2772.0,15:00,T-21,1,0,P-53400,Jozef Štibrányi,Jozef,Štibrányi,80',80,0,second half,0,0
G-0592,WC-1962,1962 FIFA Men's World Cup,1962,M-1962-08,Hungary vs England,-2772.0,15:00,T-36,1,0,P-82971,Lajos Tichy,Lajos,Tichy,17',17,0,first half,0,0
G-0593,WC-1962,1962 FIFA Men's World Cup,1962,M-1962-08,Hungary vs England,-2772.0,15:00,T-28,0,1,P-05132,Ron Flowers,Ron,Flowers,60',60,0,second half,0,1
G-0594,WC-1962,1962 FIFA Men's World Cup,1962,M-1962-08,Hungary vs England,-2772.0,15:00,T-36,1,0,P-21188,Flórián Albert,Flórián,Albert,71',71,0,second half,0,0
G-0595,WC-1962,1962 FIFA Men's World Cup,1962,M-1962-09,Yugoslavia vs Uruguay,-2770.0,15:00,T-84,0,1,P-35342,Ángel Cabrera,Ángel,Cabrera,19',19,0,first half,0,0
G-0596,WC-1962,1962 FIFA Men's World Cup,1962,M-1962-09,Yugoslavia vs Uruguay,-2770.0,15:00,T-87,1,0,P-47998,Josip Skoblar,Josip,Skoblar,25',25,0,first half,0,1
G-0597,WC-1962,1962 FIFA Men's World Cup,1962,M-1962-09,Yugoslavia vs Uruguay,-2770.0,15:00,T-87,1,0,P-05537,Milan Galić,Milan,Galić,29',29,0,first half,0,0
G-0598,WC-1962,1962 FIFA Men's World Cup,1962,M-1962-09,Yugoslavia vs Uruguay,-2770.0,15:00,T-87,1,0,P-55024,Dražan Jerković,Dražan,Jerković,49',49,0,second half,0,0
G-0599,WC-1962,1962 FIFA Men's World Cup,1962,M-1962-10,Chile vs Italy,-2770.0,15:00,T-13,1,0,P-98252,Jaime Ramírez,Jaime,Ramírez,73',73,0,second half,0,0
G-0600,WC-1962,1962 FIFA Men's World Cup,1962,M-1962-10,Chile vs Italy,-2770.0,15:00,T-13,1,0,P-01618,Jorge Toro,Jorge,Toro,87',87,0,second half,0,0
G-0601,WC-1962,1962 FIFA Men's World Cup,1962,M-1962-12,England vs Argentina,-2770.0,15:00,T-28,1,0,P-05132,Ron Flowers,Ron,Flowers,17',17,0,first half,0,1
G-0602,WC-1962,1962 FIFA Men's World Cup,1962,M-1962-12,England vs Argentina,-2770.0,15:00,T-28,1,0,P-08601,Bobby Charlton,Bobby,Charlton,42',42,0,first half,0,0
G-0603,WC-1962,1962 FIFA Men's World Cup,1962,M-1962-12,England vs Argentina,-2770.0,15:00,T-28,1,0,P-75574,Jimmy Greaves,Jimmy,Greaves,67',67,0,second half,0,0
G-0604,WC-1962,1962 FIFA Men's World Cup,1962,M-1962-12,England vs Argentina,-2770.0,15:00,T-03,0,1,P-46624,José Sanfilippo,José,Sanfilippo,81',81,0,second half,0,0
G-0605,WC-1962,1962 FIFA Men's World Cup,1962,M-1962-13,Soviet Union vs Colombia,-2769.0,15:00,T-72,1,0,P-11702,Valentin Ivanov,Valentin,Ivanov,8',8,0,first half,0,0
G-0606,WC-1962,1962 FIFA Men's World Cup,1962,M-1962-13,Soviet Union vs Colombia,-2769.0,15:00,T-72,1,0,P-38721,Igor Chislenko,Igor,Chislenko,10',10,0,first half,0,0
G-0607,WC-1962,1962 FIFA Men's World Cup,1962,M-1962-13,Soviet Union vs Colombia,-2769.0,15:00,T-72,1,0,P-11702,Valentin Ivanov,Valentin,Ivanov,11',11,0,first half,0,0
G-0608,WC-1962,1962 FIFA Men's World Cup,1962,M-1962-13,Soviet Union vs Colombia,-2769.0,15:00,T-16,0,1,P-17067,Germán Aceros,Germán,Aceros,21',21,0,first half,0,0
G-0609,WC-1962,1962 FIFA Men's World Cup,1962,M-1962-13,Soviet Union vs Colombia,-2769.0,15:00,T-72,1,0,P-05819,Viktor Ponedelnik,Viktor,Ponedelnik,56',56,0,second half,0,0
G-0610,WC-1962,1962 FIFA Men's World Cup,1962,M-1962-13,Soviet Union vs Colombia,-2769.0,15:00,T-16,0,1,P-32950,Marcos Coll,Marcos,Coll,68',68,0,second half,0,0
G-0611,WC-1962,1962 FIFA Men's World Cup,1962,M-1962-13,Soviet Union vs Colombia,-2769.0,15:00,T-16,0,1,P-31841,Antonio Rada,Antonio,Rada,72',72,0,second half,0,0
G-0612,WC-1962,1962 FIFA Men's World Cup,1962,M-1962-13,Soviet Union vs Colombia,-2769.0,15:00,T-16,0,1,P-07544,Marino Klinger,Marino,Klinger,86',86,0,second half,0,0
G-0613,WC-1962,1962 FIFA Men's World Cup,1962,M-1962-14,West Germany vs Switzerland,-2769.0,15:00,T-86,1,0,P-12917,Albert Brülls,Albert,Brülls,45',45,0,first half,0,0
G-0614,WC-1962,1962 FIFA Men's World Cup,1962,M-1962-14,West Germany vs Switzerland,-2769.0,15:00,T-86,1,0,P-64138,Uwe Seeler,Uwe,Seeler,59',59,0,second half,0,0
G-0615,WC-1962,1962 FIFA Men's World Cup,1962,M-1962-14,West Germany vs Switzerland,-2769.0,15:00,T-75,0,1,P-99095,Heinz Schneiter,Heinz,Schneiter,73',73,0,second half,0,0
G-0616,WC-1962,1962 FIFA Men's World Cup,1962,M-1962-15,Spain vs Mexico,-2769.0,15:00,T-73,1,0,P-15268,Joaquín Peiró,Joaquín,Peiró,90',90,0,second half,0,0
G-0617,WC-1962,1962 FIFA Men's World Cup,1962,M-1962-16,Hungary vs Bulgaria,-2769.0,15:00,T-36,1,0,P-21188,Flórián Albert,Flórián,Albert,1',1,0,first half,0,0
G-0618,WC-1962,1962 FIFA Men's World Cup,1962,M-1962-16,Hungary vs Bulgaria,-2769.0,15:00,T-36,1,0,P-21188,Flórián Albert,Flórián,Albert,6',6,0,first half,0,0
G-0619,WC-1962,1962 FIFA Men's World Cup,1962,M-1962-16,Hungary vs Bulgaria,-2769.0,15:00,T-36,1,0,P-82971,Lajos Tichy,Lajos,Tichy,8',8,0,first half,0,0
G-0620,WC-1962,1962 FIFA Men's World Cup,1962,M-1962-16,Hungary vs Bulgaria,-2769.0,15:00,T-36,1,0,P-01864,Ernő Solymosi,Ernő,Solymosi,12',12,0,first half,0,0
G-0621,WC-1962,1962 FIFA Men's World Cup,1962,M-1962-16,Hungary vs Bulgaria,-2769.0,15:00,T-36,1,0,P-21188,Flórián Albert,Flórián,Albert,53',53,0,second half,0,0
G-0622,WC-1962,1962 FIFA Men's World Cup,1962,M-1962-16,Hungary vs Bulgaria,-2769.0,15:00,T-10,0,1,P-14962,Georgi Sokolov,Georgi,Sokolov,64',64,0,second half,0,0
G-0623,WC-1962,1962 FIFA Men's World Cup,1962,M-1962-16,Hungary vs Bulgaria,-2769.0,15:00,T-36,1,0,P-82971,Lajos Tichy,Lajos,Tichy,70',70,0,second half,0,0
G-0624,WC-1962,1962 FIFA Men's World Cup,1962,M-1962-17,Soviet Union vs Uruguay,-2766.0,15:00,T-72,1,0,P-03441,Aleksei Mamykin,Aleksei,Mamykin,38',38,0,first half,0,0
G-0625,WC-1962,1962 FIFA Men's World Cup,1962,M-1962-17,Soviet Union vs Uruguay,-2766.0,15:00,T-84,0,1,P-15857,José Sasía,José,Sasía,54',54,0,second half,0,0
G-0626,WC-1962,1962 FIFA Men's World Cup,1962,M-1962-17,Soviet Union vs Uruguay,-2766.0,15:00,T-72,1,0,P-11702,Valentin Ivanov,Valentin,Ivanov,89',89,0,second half,0,0
G-0627,WC-1962,1962 FIFA Men's World Cup,1962,M-1962-18,West Germany vs Chile,-2766.0,15:00,T-86,1,0,P-55225,Horst Szymaniak,Horst,Szymaniak,21',21,0,first half,0,1
G-0628,WC-1962,1962 FIFA Men's World Cup,1962,M-1962-18,West Germany vs Chile,-2766.0,15:00,T-86,1,0,P-64138,Uwe Seeler,Uwe,Seeler,82',82,0,second half,0,0
G-0629,WC-1962,1962 FIFA Men's World Cup,1962,M-1962-19,Brazil vs Spain,-2766.0,15:00,T-73,0,1,P-03894,not applicable Adelardo,not applicable,Adelardo,35',35,0,first half,0,0
G-0630,WC-1962,1962 FIFA Men's World Cup,1962,M-1962-19,Brazil vs Spain,-2766.0,15:00,T-09,1,0,P-96621,not applicable Amarildo,not applicable,Amarildo,72',72,0,second half,0,0
G-0631,WC-1962,1962 FIFA Men's World Cup,1962,M-1962-19,Brazil vs Spain,-2766.0,15:00,T-09,1,0,P-96621,not applicable Amarildo,not applicable,Amarildo,86',86,0,second half,0,0
G-0632,WC-1962,1962 FIFA Men's World Cup,1962,M-1962-21,Yugoslavia vs Colombia,-2765.0,15:00,T-87,1,0,P-05537,Milan Galić,Milan,Galić,20',20,0,first half,0,0
G-0633,WC-1962,1962 FIFA Men's World Cup,1962,M-1962-21,Yugoslavia vs Colombia,-2765.0,15:00,T-87,1,0,P-55024,Dražan Jerković,Dražan,Jerković,25',25,0,first half,0,0
G-0634,WC-1962,1962 FIFA Men's World Cup,1962,M-1962-21,Yugoslavia vs Colombia,-2765.0,15:00,T-87,1,0,P-05537,Milan Galić,Milan,Galić,61',61,0,second half,0,0
G-0635,WC-1962,1962 FIFA Men's World Cup,1962,M-1962-21,Yugoslavia vs Colombia,-2765.0,15:00,T-87,1,0,P-55272,Vojislav Melić,Vojislav,Melić,82',82,0,second half,0,0
G-0636,WC-1962,1962 FIFA Men's World Cup,1962,M-1962-21,Yugoslavia vs Colombia,-2765.0,15:00,T-87,1,0,P-55024,Dražan Jerković,Dražan,Jerković,87',87,0,second half,0,0
G-0637,WC-1962,1962 FIFA Men's World Cup,1962,M-1962-22,Italy vs Switzerland,-2765.0,15:00,T-41,1,0,P-14709,Bruno Mora,Bruno,Mora,2',2,0,first half,0,0
G-0638,WC-1962,1962 FIFA Men's World Cup,1962,M-1962-22,Italy vs Switzerland,-2765.0,15:00,T-41,1,0,P-72738,Giacomo Bulgarelli,Giacomo,Bulgarelli,65',65,0,second half,0,0
G-0639,WC-1962,1962 FIFA Men's World Cup,1962,M-1962-22,Italy vs Switzerland,-2765.0,15:00,T-41,1,0,P-72738,Giacomo Bulgarelli,Giacomo,Bulgarelli,67',67,0,second half,0,0
G-0640,WC-1962,1962 FIFA Men's World Cup,1962,M-1962-23,Mexico vs Czechoslovakia,-2765.0,15:00,T-21,0,1,P-88346,Václav Mašek,Václav,Mašek,1',1,0,first half,0,0
G-0641,WC-1962,1962 FIFA Men's World Cup,1962,M-1962-23,Mexico vs Czechoslovakia,-2765.0,15:00,T-46,1,0,P-05631,Isidoro Díaz,Isidoro,Díaz,12',12,0,first half,0,0
G-0642,WC-1962,1962 FIFA Men's World Cup,1962,M-1962-23,Mexico vs Czechoslovakia,-2765.0,15:00,T-46,1,0,P-32063,Alfredo del Águila,Alfredo,del Águila,29',29,0,first half,0,0
G-0643,WC-1962,1962 FIFA Men's World Cup,1962,M-1962-23,Mexico vs Czechoslovakia,-2765.0,15:00,T-46,1,0,P-61576,Héctor Hernández,Héctor,Hernández,90',90,0,second half,0,1
G-0644,WC-1962,1962 FIFA Men's World Cup,1962,M-1962-25,Brazil vs England,-2762.0,14:30,T-09,1,0,P-46080,not applicable Garrincha,not applicable,Garrincha,31',31,0,first half,0,0
G-0645,WC-1962,1962 FIFA Men's World Cup,1962,M-1962-25,Brazil vs England,-2762.0,14:30,T-28,0,1,P-98541,Gerry Hitchens,Gerry,Hitchens,38',38,0,first half,0,0
G-0646,WC-1962,1962 FIFA Men's World Cup,1962,M-1962-25,Brazil vs England,-2762.0,14:30,T-09,1,0,P-45310,not applicable Vavá,not applicable,Vavá,53',53,0,second half,0,0
G-0647,WC-1962,1962 FIFA Men's World Cup,1962,M-1962-25,Brazil vs England,-2762.0,14:30,T-09,1,0,P-46080,not applicable Garrincha,not applicable,Garrincha,59',59,0,second half,0,0
G-0648,WC-1962,1962 FIFA Men's World Cup,1962,M-1962-26,Chile vs Soviet Union,-2762.0,14:30,T-13,1,0,P-22224,Leonel Sánchez,Leonel,Sánchez,11',11,0,first half,0,0
G-0649,WC-1962,1962 FIFA Men's World Cup,1962,M-1962-26,Chile vs Soviet Union,-2762.0,14:30,T-72,0,1,P-38721,Igor Chislenko,Igor,Chislenko,26',26,0,first half,0,0
G-0650,WC-1962,1962 FIFA Men's World Cup,1962,M-1962-26,Chile vs Soviet Union,-2762.0,14:30,T-13,1,0,P-65214,Eladio Rojas,Eladio,Rojas,29',29,0,first half,0,0
G-0651,WC-1962,1962 FIFA Men's World Cup,1962,M-1962-27,Czechoslovakia vs Hungary,-2762.0,14:30,T-21,1,0,P-82183,Adolf Scherer,Adolf,Scherer,13',13,0,first half,0,0
G-0652,WC-1962,1962 FIFA Men's World Cup,1962,M-1962-28,Yugoslavia vs West Germany,-2762.0,14:30,T-87,1,0,P-67185,Petar Radaković,Petar,Radaković,85',85,0,second half,0,0
G-0653,WC-1962,1962 FIFA Men's World Cup,1962,M-1962-29,Brazil vs Chile,-2759.0,14:30,T-09,1,0,P-46080,not applicable Garrincha,not applicable,Garrincha,9',9,0,first half,0,0
G-0654,WC-1962,1962 FIFA Men's World Cup,1962,M-1962-29,Brazil vs Chile,-2759.0,14:30,T-09,1,0,P-46080,not applicable Garrincha,not applicable,Garrincha,32',32,0,first half,0,0
G-0655,WC-1962,1962 FIFA Men's World Cup,1962,M-1962-29,Brazil vs Chile,-2759.0,14:30,T-13,0,1,P-01618,Jorge Toro,Jorge,Toro,42',42,0,first half,0,0
G-0656,WC-1962,1962 FIFA Men's World Cup,1962,M-1962-29,Brazil vs Chile,-2759.0,14:30,T-09,1,0,P-45310,not applicable Vavá,not applicable,Vavá,47',47,0,second half,0,0
G-0657,WC-1962,1962 FIFA Men's World Cup,1962,M-1962-29,Brazil vs Chile,-2759.0,14:30,T-13,0,1,P-22224,Leonel Sánchez,Leonel,Sánchez,61',61,0,second half,0,1
G-0658,WC-1962,1962 FIFA Men's World Cup,1962,M-1962-29,Brazil vs Chile,-2759.0,14:30,T-09,1,0,P-45310,not applicable Vavá,not applicable,Vavá,78',78,0,second half,0,0
G-0659,WC-1962,1962 FIFA Men's World Cup,1962,M-1962-30,Czechoslovakia vs Yugoslavia,-2759.0,14:30,T-21,1,0,P-90033,Josef Kadraba,Josef,Kadraba,48',48,0,second half,0,0
G-0660,WC-1962,1962 FIFA Men's World Cup,1962,M-1962-30,Czechoslovakia vs Yugoslavia,-2759.0,14:30,T-87,0,1,P-55024,Dražan Jerković,Dražan,Jerković,69',69,0,second half,0,0
G-0661,WC-1962,1962 FIFA Men's World Cup,1962,M-1962-30,Czechoslovakia vs Yugoslavia,-2759.0,14:30,T-21,1,0,P-82183,Adolf Scherer,Adolf,Scherer,80',80,0,second half,0,0
G-0662,WC-1962,1962 FIFA Men's World Cup,1962,M-1962-30,Czechoslovakia vs Yugoslavia,-2759.0,14:30,T-21,1,0,P-82183,Adolf Scherer,Adolf,Scherer,84',84,0,second half,0,1
G-0663,WC-1962,1962 FIFA Men's World Cup,1962,M-1962-31,Chile vs Yugoslavia,-2756.0,14:30,T-13,1,0,P-65214,Eladio Rojas,Eladio,Rojas,90',90,0,second half,0,0
G-0664,WC-1962,1962 FIFA Men's World Cup,1962,M-1962-32,Brazil vs Czechoslovakia,-2755.0,14:30,T-21,0,1,P-37610,Josef Masopust,Josef,Masopust,15',15,0,first half,0,0
G-0665,WC-1962,1962 FIFA Men's World Cup,1962,M-1962-32,Brazil vs Czechoslovakia,-2755.0,14:30,T-09,1,0,P-96621,not applicable Amarildo,not applicable,Amarildo,17',17,0,first half,0,0
G-0666,WC-1962,1962 FIFA Men's World Cup,1962,M-1962-32,Brazil vs Czechoslovakia,-2755.0,14:30,T-09,1,0,P-82525,not applicable Zito,not applicable,Zito,69',69,0,second half,0,0
G-0667,WC-1962,1962 FIFA Men's World Cup,1962,M-1962-32,Brazil vs Czechoslovakia,-2755.0,14:30,T-09,1,0,P-45310,not applicable Vavá,not applicable,Vavá,78',78,0,second half,0,0
G-0668,WC-1966,1966 FIFA Men's World Cup,1966,M-1966-02,West Germany vs Switzerland,-1269.0,19:30,T-86,1,0,P-86276,Sigfried Held,Sigfried,Held,16',16,0,first half,0,0
G-0669,WC-1966,1966 FIFA Men's World Cup,1966,M-1966-02,West Germany vs Switzerland,-1269.0,19:30,T-86,1,0,P-12272,Helmut Haller,Helmut,Haller,21',21,0,first half,0,0
G-0670,WC-1966,1966 FIFA Men's World Cup,1966,M-1966-02,West Germany vs Switzerland,-1269.0,19:30,T-86,1,0,P-72864,Franz Beckenbauer,Franz,Beckenbauer,40',40,0,first half,0,0
G-0671,WC-1966,1966 FIFA Men's World Cup,1966,M-1966-02,West Germany vs Switzerland,-1269.0,19:30,T-86,1,0,P-72864,Franz Beckenbauer,Franz,Beckenbauer,52',52,0,second half,0,0
G-0672,WC-1966,1966 FIFA Men's World Cup,1966,M-1966-02,West Germany vs Switzerland,-1269.0,19:30,T-86,1,0,P-12272,Helmut Haller,Helmut,Haller,77',77,0,second half,0,1
G-0673,WC-1966,1966 FIFA Men's World Cup,1966,M-1966-03,Brazil vs Bulgaria,-1269.0,19:30,T-09,1,0,P-38906,not applicable Pelé,not applicable,Pelé,15',15,0,first half,0,0
G-0674,WC-1966,1966 FIFA Men's World Cup,1966,M-1966-03,Brazil vs Bulgaria,-1269.0,19:30,T-09,1,0,P-46080,not applicable Garrincha,not applicable,Garrincha,63',63,0,second half,0,0
G-0675,WC-1966,1966 FIFA Men's World Cup,1966,M-1966-04,Soviet Union vs North Korea,-1269.0,19:30,T-72,1,0,P-83456,Eduard Malofeyev,Eduard,Malofeyev,31',31,0,first half,0,0
G-0676,WC-1966,1966 FIFA Men's World Cup,1966,M-1966-04,Soviet Union vs North Korea,-1269.0,19:30,T-72,1,0,P-44798,Anatoliy Banishevskiy,Anatoliy,Banishevskiy,33',33,0,first half,0,0
G-0677,WC-1966,1966 FIFA Men's World Cup,1966,M-1966-04,Soviet Union vs North Korea,-1269.0,19:30,T-72,1,0,P-83456,Eduard Malofeyev,Eduard,Malofeyev,88',88,0,second half,0,0
G-0678,WC-1966,1966 FIFA Men's World Cup,1966,M-1966-05,France vs Mexico,-1268.0,19:30,T-46,0,1,P-55734,Enrique Borja,Enrique,Borja,48',48,0,second half,0,0
G-0679,WC-1966,1966 FIFA Men's World Cup,1966,M-1966-05,France vs Mexico,-1268.0,19:30,T-30,1,0,P-05248,Gérard Hausser,Gérard,Hausser,62',62,0,second half,0,0
G-0680,WC-1966,1966 FIFA Men's World Cup,1966,M-1966-06,Argentina vs Spain,-1268.0,19:30,T-03,1,0,P-47496,Luis Artime,Luis,Artime,65',65,0,second half,0,0
G-0681,WC-1966,1966 FIFA Men's World Cup,1966,M-1966-06,Argentina vs Spain,-1268.0,19:30,T-73,0,1,P-58423,not applicable Pirri,not applicable,Pirri,71',71,0,second half,0,0
G-0682,WC-1966,1966 FIFA Men's World Cup,1966,M-1966-06,Argentina vs Spain,-1268.0,19:30,T-03,1,0,P-47496,Luis Artime,Luis,Artime,77',77,0,second half,0,0
G-0683,WC-1966,1966 FIFA Men's World Cup,1966,M-1966-07,Portugal vs Hungary,-1268.0,19:30,T-58,1,0,P-67663,José Augusto,José,Augusto,2',2,0,first half,0,0
G-0684,WC-1966,1966 FIFA Men's World Cup,1966,M-1966-07,Portugal vs Hungary,-1268.0,19:30,T-36,0,1,P-82516,Ferenc Bene,Ferenc,Bene,60',60,0,second half,0,0
G-0685,WC-1966,1966 FIFA Men's World Cup,1966,M-1966-07,Portugal vs Hungary,-1268.0,19:30,T-58,1,0,P-67663,José Augusto,José,Augusto,67',67,0,second half,0,0
G-0686,WC-1966,1966 FIFA Men's World Cup,1966,M-1966-07,Portugal vs Hungary,-1268.0,19:30,T-58,1,0,P-68398,José Torres,José,Torres,90',90,0,second half,0,0
G-0687,WC-1966,1966 FIFA Men's World Cup,1966,M-1966-08,Italy vs Chile,-1268.0,19:30,T-41,1,0,P-91195,Sandro Mazzola,Sandro,Mazzola,8',8,0,first half,0,0
G-0688,WC-1966,1966 FIFA Men's World Cup,1966,M-1966-08,Italy vs Chile,-1268.0,19:30,T-41,1,0,P-01013,Paolo Barison,Paolo,Barison,88',88,0,second half,0,0
G-0689,WC-1966,1966 FIFA Men's World Cup,1966,M-1966-09,Uruguay vs France,-1266.0,19:30,T-30,0,1,P-39420,Héctor De Bourgoing,Héctor,De Bourgoing,15',15,0,first half,0,1
G-0690,WC-1966,1966 FIFA Men's World Cup,1966,M-1966-09,Uruguay vs France,-1266.0,19:30,T-84,1,0,P-47892,Pedro Rocha,Pedro,Rocha,26',26,0,first half,0,0
G-0691,WC-1966,1966 FIFA Men's World Cup,1966,M-1966-09,Uruguay vs France,-1266.0,19:30,T-84,1,0,P-82186,Julio César Cortés,Julio César,Cortés,31',31,0,first half,0,0
G-0692,WC-1966,1966 FIFA Men's World Cup,1966,M-1966-10,Spain vs Switzerland,-1266.0,19:30,T-75,0,1,P-42555,René-Pierre Quentin,René-Pierre,Quentin,31',31,0,first half,0,0
G-0693,WC-1966,1966 FIFA Men's World Cup,1966,M-1966-10,Spain vs Switzerland,-1266.0,19:30,T-73,1,0,P-50021,Manuel Sanchís,Manuel,Sanchís,57',57,0,second half,0,0
G-0694,WC-1966,1966 FIFA Men's World Cup,1966,M-1966-10,Spain vs Switzerland,-1266.0,19:30,T-73,1,0,P-80285,not applicable Amancio,not applicable,Amancio,75',75,0,second half,0,0
G-0695,WC-1966,1966 FIFA Men's World Cup,1966,M-1966-11,Hungary vs Brazil,-1266.0,19:30,T-36,1,0,P-82516,Ferenc Bene,Ferenc,Bene,2',2,0,first half,0,0
G-0696,WC-1966,1966 FIFA Men's World Cup,1966,M-1966-11,Hungary vs Brazil,-1266.0,19:30,T-09,0,1,P-53202,not applicable Tostão,not applicable,Tostão,14',14,0,first half,0,0
G-0697,WC-1966,1966 FIFA Men's World Cup,1966,M-1966-11,Hungary vs Brazil,-1266.0,19:30,T-36,1,0,P-74113,János Farkas,János,Farkas,64',64,0,second half,0,0
G-0698,WC-1966,1966 FIFA Men's World Cup,1966,M-1966-11,Hungary vs Brazil,-1266.0,19:30,T-36,1,0,P-95637,Kálmán Mészöly,Kálmán,Mészöly,73',73,0,second half,0,1
G-0699,WC-1966,1966 FIFA Men's World Cup,1966,M-1966-12,Chile vs North Korea,-1266.0,19:30,T-13,1,0,P-83441,Rubén Marcos,Rubén,Marcos,26',26,0,first half,0,1
G-0700,WC-1966,1966 FIFA Men's World Cup,1966,M-1966-12,Chile vs North Korea,-1266.0,19:30,T-51,0,1,P-87203,Seung-zin Pak,Seung-zin,Pak,88',88,0,second half,0,0
G-0701,WC-1966,1966 FIFA Men's World Cup,1966,M-1966-14,Portugal vs Bulgaria,-1265.0,15:00,T-58,1,0,P-07046,Ivan Vutsov,Ivan,Vutsov,7',7,0,first half,1,0
G-0702,WC-1966,1966 FIFA Men's World Cup,1966,M-1966-14,Portugal vs Bulgaria,-1265.0,15:00,T-58,1,0,P-74747,not applicable Eusébio,not applicable,Eusébio,38',38,0,first half,0,0
G-0703,WC-1966,1966 FIFA Men's World Cup,1966,M-1966-14,Portugal vs Bulgaria,-1265.0,15:00,T-58,1,0,P-68398,José Torres,José,Torres,81',81,0,second half,0,0
G-0704,WC-1966,1966 FIFA Men's World Cup,1966,M-1966-15,Soviet Union vs Italy,-1265.0,15:00,T-72,1,0,P-38721,Igor Chislenko,Igor,Chislenko,57',57,0,second half,0,0
G-0705,WC-1966,1966 FIFA Men's World Cup,1966,M-1966-16,England vs Mexico,-1265.0,19:30,T-28,1,0,P-08601,Bobby Charlton,Bobby,Charlton,37',37,0,first half,0,0
G-0706,WC-1966,1966 FIFA Men's World Cup,1966,M-1966-16,England vs Mexico,-1265.0,19:30,T-28,1,0,P-33839,Roger Hunt,Roger,Hunt,75',75,0,second half,0,0
G-0707,WC-1966,1966 FIFA Men's World Cup,1966,M-1966-18,Argentina vs Switzerland,-1262.0,19:30,T-03,1,0,P-47496,Luis Artime,Luis,Artime,52',52,0,second half,0,0
G-0708,WC-1966,1966 FIFA Men's World Cup,1966,M-1966-18,Argentina vs Switzerland,-1262.0,19:30,T-03,1,0,P-20306,Ermindo Onega,Ermindo,Onega,79',79,0,second half,0,0
G-0709,WC-1966,1966 FIFA Men's World Cup,1966,M-1966-19,Portugal vs Brazil,-1262.0,19:30,T-58,1,0,P-60225,António Simões,António,Simões,15',15,0,first half,0,0
G-0710,WC-1966,1966 FIFA Men's World Cup,1966,M-1966-19,Portugal vs Brazil,-1262.0,19:30,T-58,1,0,P-74747,not applicable Eusébio,not applicable,Eusébio,27',27,0,first half,0,0
G-0711,WC-1966,1966 FIFA Men's World Cup,1966,M-1966-19,Portugal vs Brazil,-1262.0,19:30,T-09,0,1,P-84905,not applicable Rildo,not applicable,Rildo,73',73,0,second half,0,0
G-0712,WC-1966,1966 FIFA Men's World Cup,1966,M-1966-19,Portugal vs Brazil,-1262.0,19:30,T-58,1,0,P-74747,not applicable Eusébio,not applicable,Eusébio,85',85,0,second half,0,0
G-0713,WC-1966,1966 FIFA Men's World Cup,1966,M-1966-20,North Korea vs Italy,-1262.0,19:30,T-51,1,0,P-64788,Doo-ik Pak,Doo-ik,Pak,42',42,0,first half,0,0
G-0714,WC-1966,1966 FIFA Men's World Cup,1966,M-1966-21,England vs France,-1261.0,19:30,T-28,1,0,P-33839,Roger Hunt,Roger,Hunt,38',38,0,first half,0,0
G-0715,WC-1966,1966 FIFA Men's World Cup,1966,M-1966-21,England vs France,-1261.0,19:30,T-28,1,0,P-33839,Roger Hunt,Roger,Hunt,75',75,0,second half,0,0
G-0716,WC-1966,1966 FIFA Men's World Cup,1966,M-1966-22,West Germany vs Spain,-1261.0,19:30,T-73,0,1,P-53638,Josep Maria Fusté,Josep Maria,Fusté,23',23,0,first half,0,0
G-0717,WC-1966,1966 FIFA Men's World Cup,1966,M-1966-22,West Germany vs Spain,-1261.0,19:30,T-86,1,0,P-32446,Lothar Emmerich,Lothar,Emmerich,39',39,0,first half,0,0
G-0718,WC-1966,1966 FIFA Men's World Cup,1966,M-1966-22,West Germany vs Spain,-1261.0,19:30,T-86,1,0,P-64138,Uwe Seeler,Uwe,Seeler,84',84,0,second half,0,0
G-0719,WC-1966,1966 FIFA Men's World Cup,1966,M-1966-23,Hungary vs Bulgaria,-1261.0,19:30,T-10,0,1,P-72803,Georgi Asparuhov,Georgi,Asparuhov,15',15,0,first half,0,0
G-0720,WC-1966,1966 FIFA Men's World Cup,1966,M-1966-23,Hungary vs Bulgaria,-1261.0,19:30,T-36,1,0,P-92893,Ivan Davidov,Ivan,Davidov,43',43,0,first half,1,0
G-0721,WC-1966,1966 FIFA Men's World Cup,1966,M-1966-23,Hungary vs Bulgaria,-1261.0,19:30,T-36,1,0,P-95637,Kálmán Mészöly,Kálmán,Mészöly,45',45,0,first half,0,0
G-0722,WC-1966,1966 FIFA Men's World Cup,1966,M-1966-23,Hungary vs Bulgaria,-1261.0,19:30,T-36,1,0,P-82516,Ferenc Bene,Ferenc,Bene,54',54,0,second half,0,0
G-0723,WC-1966,1966 FIFA Men's World Cup,1966,M-1966-24,Soviet Union vs Chile,-1261.0,19:30,T-72,1,0,P-53800,Valeriy Porkujan,Valeriy,Porkujan,28',28,0,first half,0,0
G-0724,WC-1966,1966 FIFA Men's World Cup,1966,M-1966-24,Soviet Union vs Chile,-1261.0,19:30,T-13,0,1,P-83441,Rubén Marcos,Rubén,Marcos,32',32,0,first half,0,0
G-0725,WC-1966,1966 FIFA Men's World Cup,1966,M-1966-24,Soviet Union vs Chile,-1261.0,19:30,T-72,1,0,P-53800,Valeriy Porkujan,Valeriy,Porkujan,85',85,0,second half,0,0
G-0726,WC-1966,1966 FIFA Men's World Cup,1966,M-1966-25,England vs Argentina,-1258.0,15:00,T-28,1,0,P-34802,Geoff Hurst,Geoff,Hurst,78',78,0,second half,0,0
G-0727,WC-1966,1966 FIFA Men's World Cup,1966,M-1966-26,Portugal vs North Korea,-1258.0,15:00,T-51,0,1,P-87203,Seung-zin Pak,Seung-zin,Pak,1',1,0,first half,0,0
G-0728,WC-1966,1966 FIFA Men's World Cup,1966,M-1966-26,Portugal vs North Korea,-1258.0,15:00,T-51,0,1,P-45281,Dong-woon Li,Dong-woon,Li,22',22,0,first half,0,0
G-0729,WC-1966,1966 FIFA Men's World Cup,1966,M-1966-26,Portugal vs North Korea,-1258.0,15:00,T-51,0,1,P-59059,Seung-kook Yang,Seung-kook,Yang,25',25,0,first half,0,0
G-0730,WC-1966,1966 FIFA Men's World Cup,1966,M-1966-26,Portugal vs North Korea,-1258.0,15:00,T-58,1,0,P-74747,not applicable Eusébio,not applicable,Eusébio,27',27,0,first half,0,0
G-0731,WC-1966,1966 FIFA Men's World Cup,1966,M-1966-26,Portugal vs North Korea,-1258.0,15:00,T-58,1,0,P-74747,not applicable Eusébio,not applicable,Eusébio,43',43,0,first half,0,1
G-0732,WC-1966,1966 FIFA Men's World Cup,1966,M-1966-26,Portugal vs North Korea,-1258.0,15:00,T-58,1,0,P-74747,not applicable Eusébio,not applicable,Eusébio,56',56,0,second half,0,0
G-0733,WC-1966,1966 FIFA Men's World Cup,1966,M-1966-26,Portugal vs North Korea,-1258.0,15:00,T-58,1,0,P-74747,not applicable Eusébio,not applicable,Eusébio,59',59,0,second half,0,1
G-0734,WC-1966,1966 FIFA Men's World Cup,1966,M-1966-26,Portugal vs North Korea,-1258.0,15:00,T-58,1,0,P-67663,José Augusto,José,Augusto,80',80,0,second half,0,0
G-0735,WC-1966,1966 FIFA Men's World Cup,1966,M-1966-27,Soviet Union vs Hungary,-1258.0,15:00,T-72,1,0,P-38721,Igor Chislenko,Igor,Chislenko,5',5,0,first half,0,0
G-0736,WC-1966,1966 FIFA Men's World Cup,1966,M-1966-27,Soviet Union vs Hungary,-1258.0,15:00,T-72,1,0,P-53800,Valeriy Porkujan,Valeriy,Porkujan,46',46,0,second half,0,0
G-0737,WC-1966,1966 FIFA Men's World Cup,1966,M-1966-27,Soviet Union vs Hungary,-1258.0,15:00,T-36,0,1,P-82516,Ferenc Bene,Ferenc,Bene,57',57,0,second half,0,0
G-0738,WC-1966,1966 FIFA Men's World Cup,1966,M-1966-28,West Germany vs Uruguay,-1258.0,15:00,T-86,1,0,P-12272,Helmut Haller,Helmut,Haller,11',11,0,first half,0,0
G-0739,WC-1966,1966 FIFA Men's World Cup,1966,M-1966-28,West Germany vs Uruguay,-1258.0,15:00,T-86,1,0,P-72864,Franz Beckenbauer,Franz,Beckenbauer,70',70,0,second half,0,0
G-0740,WC-1966,1966 FIFA Men's World Cup,1966,M-1966-28,West Germany vs Uruguay,-1258.0,15:00,T-86,1,0,P-64138,Uwe Seeler,Uwe,Seeler,75',75,0,second half,0,0
G-0741,WC-1966,1966 FIFA Men's World Cup,1966,M-1966-28,West Germany vs Uruguay,-1258.0,15:00,T-86,1,0,P-12272,Helmut Haller,Helmut,Haller,83',83,0,second half,0,0
G-0742,WC-1966,1966 FIFA Men's World Cup,1966,M-1966-29,West Germany vs Soviet Union,-1256.0,19:30,T-86,1,0,P-12272,Helmut Haller,Helmut,Haller,43',43,0,first half,0,0
G-0743,WC-1966,1966 FIFA Men's World Cup,1966,M-1966-29,West Germany vs Soviet Union,-1256.0,19:30,T-86,1,0,P-72864,Franz Beckenbauer,Franz,Beckenbauer,67',67,0,second half,0,0
G-0744,WC-1966,1966 FIFA Men's World Cup,1966,M-1966-29,West Germany vs Soviet Union,-1256.0,19:30,T-72,0,1,P-53800,Valeriy Porkujan,Valeriy,Porkujan,88',88,0,second half,0,0
G-0745,WC-1966,1966 FIFA Men's World Cup,1966,M-1966-30,England vs Portugal,-1255.0,19:30,T-28,1,0,P-08601,Bobby Charlton,Bobby,Charlton,30',30,0,first half,0,0
G-0746,WC-1966,1966 FIFA Men's World Cup,1966,M-1966-30,England vs Portugal,-1255.0,19:30,T-28,1,0,P-08601,Bobby Charlton,Bobby,Charlton,80',80,0,second half,0,0
G-0747,WC-1966,1966 FIFA Men's World Cup,1966,M-1966-30,England vs Portugal,-1255.0,19:30,T-58,0,1,P-74747,not applicable Eusébio,not applicable,Eusébio,82',82,0,second half,0,1
G-0748,WC-1966,1966 FIFA Men's World Cup,1966,M-1966-31,Portugal vs Soviet Union,-1253.0,19:30,T-58,1,0,P-74747,not applicable Eusébio,not applicable,Eusébio,12',12,0,first half,0,1
G-0749,WC-1966,1966 FIFA Men's World Cup,1966,M-1966-31,Portugal vs Soviet Union,-1253.0,19:30,T-72,0,1,P-83456,Eduard Malofeyev,Eduard,Malofeyev,43',43,0,first half,0,0
G-0750,WC-1966,1966 FIFA Men's World Cup,1966,M-1966-31,Portugal vs Soviet Union,-1253.0,19:30,T-58,1,0,P-68398,José Torres,José,Torres,89',89,0,second half,0,0
G-0751,WC-1966,1966 FIFA Men's World Cup,1966,M-1966-32,England vs West Germany,-1251.0,15:00,T-86,0,1,P-12272,Helmut Haller,Helmut,Haller,12',12,0,first half,0,0
G-0752,WC-1966,1966 FIFA Men's World Cup,1966,M-1966-32,England vs West Germany,-1251.0,15:00,T-28,1,0,P-34802,Geoff Hurst,Geoff,Hurst,18',18,0,first half,0,0
G-0753,WC-1966,1966 FIFA Men's World Cup,1966,M-1966-32,England vs West Germany,-1251.0,15:00,T-28,1,0,P-34233,Martin Peters,Martin,Peters,78',78,0,second half,0,0
G-0754,WC-1966,1966 FIFA Men's World Cup,1966,M-1966-32,England vs West Germany,-1251.0,15:00,T-86,0,1,P-11099,Wolfgang Weber,Wolfgang,Weber,89',89,0,second half,0,0
G-0755,WC-1966,1966 FIFA Men's World Cup,1966,M-1966-32,England vs West Germany,-1251.0,15:00,T-28,1,0,P-34802,Geoff Hurst,Geoff,Hurst,101',101,0,"extra time, first half",0,0
G-0756,WC-1966,1966 FIFA Men's World Cup,1966,M-1966-32,England vs West Germany,-1251.0,15:00,T-28,1,0,P-34802,Geoff Hurst,Geoff,Hurst,120',120,0,"extra time, second half",0,0
G-0757,WC-1970,1970 FIFA Men's World Cup,1970,M-1970-02,Uruguay vs Israel,152.0,16:00,T-84,1,0,P-40429,Ildo Maneiro,Ildo,Maneiro,23',23,0,first half,0,0
G-0758,WC-1970,1970 FIFA Men's World Cup,1970,M-1970-02,Uruguay vs Israel,152.0,16:00,T-84,1,0,P-50162,Juan Mujica,Juan,Mujica,50',50,0,second half,0,0
G-0759,WC-1970,1970 FIFA Men's World Cup,1970,M-1970-03,England vs Romania,152.0,16:00,T-28,1,0,P-34802,Geoff Hurst,Geoff,Hurst,65',65,0,second half,0,0
G-0760,WC-1970,1970 FIFA Men's World Cup,1970,M-1970-04,Peru vs Bulgaria,152.0,16:00,T-10,0,1,P-06520,Dinko Dermendzhiev,Dinko,Dermendzhiev,13',13,0,first half,0,0
G-0761,WC-1970,1970 FIFA Men's World Cup,1970,M-1970-04,Peru vs Bulgaria,152.0,16:00,T-10,0,1,P-63835,Hristo Bonev,Hristo,Bonev,49',49,0,second half,0,0
G-0762,WC-1970,1970 FIFA Men's World Cup,1970,M-1970-04,Peru vs Bulgaria,152.0,16:00,T-56,1,0,P-03607,Alberto Gallardo,Alberto,Gallardo,50',50,0,second half,0,0
G-0763,WC-1970,1970 FIFA Men's World Cup,1970,M-1970-04,Peru vs Bulgaria,152.0,16:00,T-56,1,0,P-76522,Héctor Chumpitaz,Héctor,Chumpitaz,55',55,0,second half,0,0
G-0764,WC-1970,1970 FIFA Men's World Cup,1970,M-1970-04,Peru vs Bulgaria,152.0,16:00,T-56,1,0,P-96979,Teófilo Cubillas,Teófilo,Cubillas,73',73,0,second half,0,0
G-0765,WC-1970,1970 FIFA Men's World Cup,1970,M-1970-05,Belgium vs El Salvador,153.0,16:00,T-06,1,0,P-47829,Wilfried Van Moer,Wilfried,Van Moer,12',12,0,first half,0,0
G-0766,WC-1970,1970 FIFA Men's World Cup,1970,M-1970-05,Belgium vs El Salvador,153.0,16:00,T-06,1,0,P-47829,Wilfried Van Moer,Wilfried,Van Moer,54',54,0,second half,0,0
G-0767,WC-1970,1970 FIFA Men's World Cup,1970,M-1970-05,Belgium vs El Salvador,153.0,16:00,T-06,1,0,P-59854,Raoul Lambert,Raoul,Lambert,76',76,0,second half,0,1
G-0768,WC-1970,1970 FIFA Men's World Cup,1970,M-1970-06,Italy vs Sweden,153.0,16:00,T-41,1,0,P-67671,Angelo Domenghini,Angelo,Domenghini,10',10,0,first half,0,0
G-0769,WC-1970,1970 FIFA Men's World Cup,1970,M-1970-07,Brazil vs Czechoslovakia,153.0,16:00,T-21,0,1,P-61272,Ladislav Petráš,Ladislav,Petráš,11',11,0,first half,0,0
G-0770,WC-1970,1970 FIFA Men's World Cup,1970,M-1970-07,Brazil vs Czechoslovakia,153.0,16:00,T-09,1,0,P-85778,not applicable Rivellino,not applicable,Rivellino,24',24,0,first half,0,0
G-0771,WC-1970,1970 FIFA Men's World Cup,1970,M-1970-07,Brazil vs Czechoslovakia,153.0,16:00,T-09,1,0,P-38906,not applicable Pelé,not applicable,Pelé,59',59,0,second half,0,0
G-0772,WC-1970,1970 FIFA Men's World Cup,1970,M-1970-07,Brazil vs Czechoslovakia,153.0,16:00,T-09,1,0,P-77430,not applicable Jairzinho,not applicable,Jairzinho,61',61,0,second half,0,0
G-0773,WC-1970,1970 FIFA Men's World Cup,1970,M-1970-07,Brazil vs Czechoslovakia,153.0,16:00,T-09,1,0,P-77430,not applicable Jairzinho,not applicable,Jairzinho,83',83,0,second half,0,0
G-0774,WC-1970,1970 FIFA Men's World Cup,1970,M-1970-08,West Germany vs Morocco,153.0,16:00,T-47,0,1,P-69368,Houmane Jarir,Houmane,Jarir,21',21,0,first half,0,0
G-0775,WC-1970,1970 FIFA Men's World Cup,1970,M-1970-08,West Germany vs Morocco,153.0,16:00,T-86,1,0,P-64138,Uwe Seeler,Uwe,Seeler,56',56,0,second half,0,0
G-0776,WC-1970,1970 FIFA Men's World Cup,1970,M-1970-08,West Germany vs Morocco,153.0,16:00,T-86,1,0,P-72441,Gerd Müller,Gerd,Müller,80',80,0,second half,0,0
G-0777,WC-1970,1970 FIFA Men's World Cup,1970,M-1970-09,Soviet Union vs Belgium,156.0,16:00,T-72,1,0,P-02102,Anatoliy Byshovets,Anatoliy,Byshovets,14',14,0,first half,0,0
G-0778,WC-1970,1970 FIFA Men's World Cup,1970,M-1970-09,Soviet Union vs Belgium,156.0,16:00,T-72,1,0,P-33189,Kakhi Asatiani,Kakhi,Asatiani,57',57,0,second half,0,0
G-0779,WC-1970,1970 FIFA Men's World Cup,1970,M-1970-09,Soviet Union vs Belgium,156.0,16:00,T-72,1,0,P-02102,Anatoliy Byshovets,Anatoliy,Byshovets,63',63,0,second half,0,0
G-0780,WC-1970,1970 FIFA Men's World Cup,1970,M-1970-09,Soviet Union vs Belgium,156.0,16:00,T-72,1,0,P-98262,Vitaly Khmelnitsky,Vitaly,Khmelnitsky,76',76,0,second half,0,0
G-0781,WC-1970,1970 FIFA Men's World Cup,1970,M-1970-09,Soviet Union vs Belgium,156.0,16:00,T-06,0,1,P-59854,Raoul Lambert,Raoul,Lambert,86',86,0,second half,0,0
G-0782,WC-1970,1970 FIFA Men's World Cup,1970,M-1970-11,Romania vs Czechoslovakia,156.0,16:00,T-21,0,1,P-61272,Ladislav Petráš,Ladislav,Petráš,5',5,0,first half,0,0
G-0783,WC-1970,1970 FIFA Men's World Cup,1970,M-1970-11,Romania vs Czechoslovakia,156.0,16:00,T-61,1,0,P-50489,Alexandru Neagu,Alexandru,Neagu,52',52,0,second half,0,0
G-0784,WC-1970,1970 FIFA Men's World Cup,1970,M-1970-11,Romania vs Czechoslovakia,156.0,16:00,T-61,1,0,P-51434,Florea Dumitrache,Florea,Dumitrache,75',75,0,second half,0,1
G-0785,WC-1970,1970 FIFA Men's World Cup,1970,M-1970-12,Peru vs Morocco,156.0,16:00,T-56,1,0,P-96979,Teófilo Cubillas,Teófilo,Cubillas,65',65,0,second half,0,0
G-0786,WC-1970,1970 FIFA Men's World Cup,1970,M-1970-12,Peru vs Morocco,156.0,16:00,T-56,1,0,P-19550,Roberto Challe,Roberto,Challe,67',67,0,second half,0,0
G-0787,WC-1970,1970 FIFA Men's World Cup,1970,M-1970-12,Peru vs Morocco,156.0,16:00,T-56,1,0,P-96979,Teófilo Cubillas,Teófilo,Cubillas,75',75,0,second half,0,0
G-0788,WC-1970,1970 FIFA Men's World Cup,1970,M-1970-13,Mexico vs El Salvador,157.0,12:00,T-46,1,0,P-07812,Javier Valdivia,Javier,Valdivia,45',45,0,first half,0,0
G-0789,WC-1970,1970 FIFA Men's World Cup,1970,M-1970-13,Mexico vs El Salvador,157.0,12:00,T-46,1,0,P-07812,Javier Valdivia,Javier,Valdivia,46',46,0,second half,0,0
G-0790,WC-1970,1970 FIFA Men's World Cup,1970,M-1970-13,Mexico vs El Salvador,157.0,12:00,T-46,1,0,P-48001,Javier Fragoso,Javier,Fragoso,58',58,0,second half,0,0
G-0791,WC-1970,1970 FIFA Men's World Cup,1970,M-1970-13,Mexico vs El Salvador,157.0,12:00,T-46,1,0,P-64207,Juan Ignacio Basaguren,Juan Ignacio,Basaguren,83',83,0,second half,0,0
G-0792,WC-1970,1970 FIFA Men's World Cup,1970,M-1970-14,Sweden vs Israel,157.0,12:00,T-74,1,0,P-00746,Tom Turesson,Tom,Turesson,53',53,0,second half,0,0
G-0793,WC-1970,1970 FIFA Men's World Cup,1970,M-1970-14,Sweden vs Israel,157.0,12:00,T-40,0,1,P-77834,Mordechai Spiegler,Mordechai,Spiegler,56',56,0,second half,0,0
G-0794,WC-1970,1970 FIFA Men's World Cup,1970,M-1970-15,Brazil vs England,157.0,12:00,T-09,1,0,P-77430,not applicable Jairzinho,not applicable,Jairzinho,59',59,0,second half,0,0
G-0795,WC-1970,1970 FIFA Men's World Cup,1970,M-1970-16,West Germany vs Bulgaria,157.0,12:00,T-10,0,1,P-45469,Asparuh Nikodimov,Asparuh,Nikodimov,12',12,0,first half,0,0
G-0796,WC-1970,1970 FIFA Men's World Cup,1970,M-1970-16,West Germany vs Bulgaria,157.0,12:00,T-86,1,0,P-62529,Reinhard Libuda,Reinhard,Libuda,20',20,0,first half,0,0
G-0797,WC-1970,1970 FIFA Men's World Cup,1970,M-1970-16,West Germany vs Bulgaria,157.0,12:00,T-86,1,0,P-72441,Gerd Müller,Gerd,Müller,27',27,0,first half,0,0
G-0798,WC-1970,1970 FIFA Men's World Cup,1970,M-1970-16,West Germany vs Bulgaria,157.0,12:00,T-86,1,0,P-72441,Gerd Müller,Gerd,Müller,52',52,0,second half,0,1
G-0799,WC-1970,1970 FIFA Men's World Cup,1970,M-1970-16,West Germany vs Bulgaria,157.0,12:00,T-86,1,0,P-64138,Uwe Seeler,Uwe,Seeler,67',67,0,second half,0,0
G-0800,WC-1970,1970 FIFA Men's World Cup,1970,M-1970-16,West Germany vs Bulgaria,157.0,12:00,T-86,1,0,P-72441,Gerd Müller,Gerd,Müller,88',88,0,second half,0,0
G-0801,WC-1970,1970 FIFA Men's World Cup,1970,M-1970-16,West Germany vs Bulgaria,157.0,12:00,T-10,0,1,P-15241,Todor Kolev,Todor,Kolev,89',89,0,second half,0,0
G-0802,WC-1970,1970 FIFA Men's World Cup,1970,M-1970-17,Soviet Union vs El Salvador,160.0,16:00,T-72,1,0,P-02102,Anatoliy Byshovets,Anatoliy,Byshovets,51',51,0,second half,0,0
G-0803,WC-1970,1970 FIFA Men's World Cup,1970,M-1970-17,Soviet Union vs El Salvador,160.0,16:00,T-72,1,0,P-02102,Anatoliy Byshovets,Anatoliy,Byshovets,74',74,0,second half,0,0
G-0804,WC-1970,1970 FIFA Men's World Cup,1970,M-1970-18,Sweden vs Uruguay,160.0,16:00,T-74,1,0,P-37575,Ove Grahn,Ove,Grahn,90',90,0,second half,0,0
G-0805,WC-1970,1970 FIFA Men's World Cup,1970,M-1970-19,Brazil vs Romania,160.0,16:00,T-09,1,0,P-38906,not applicable Pelé,not applicable,Pelé,19',19,0,first half,0,0
G-0806,WC-1970,1970 FIFA Men's World Cup,1970,M-1970-19,Brazil vs Romania,160.0,16:00,T-09,1,0,P-77430,not applicable Jairzinho,not applicable,Jairzinho,22',22,0,first half,0,0
G-0807,WC-1970,1970 FIFA Men's World Cup,1970,M-1970-19,Brazil vs Romania,160.0,16:00,T-61,0,1,P-51434,Florea Dumitrache,Florea,Dumitrache,34',34,0,first half,0,0
G-0808,WC-1970,1970 FIFA Men's World Cup,1970,M-1970-19,Brazil vs Romania,160.0,16:00,T-09,1,0,P-38906,not applicable Pelé,not applicable,Pelé,67',67,0,second half,0,0
G-0809,WC-1970,1970 FIFA Men's World Cup,1970,M-1970-19,Brazil vs Romania,160.0,16:00,T-61,0,1,P-02403,Emerich Dembrovschi,Emerich,Dembrovschi,84',84,0,second half,0,0
G-0810,WC-1970,1970 FIFA Men's World Cup,1970,M-1970-20,West Germany vs Peru,160.0,16:00,T-86,1,0,P-72441,Gerd Müller,Gerd,Müller,19',19,0,first half,0,0
G-0811,WC-1970,1970 FIFA Men's World Cup,1970,M-1970-20,West Germany vs Peru,160.0,16:00,T-86,1,0,P-72441,Gerd Müller,Gerd,Müller,26',26,0,first half,0,0
G-0812,WC-1970,1970 FIFA Men's World Cup,1970,M-1970-20,West Germany vs Peru,160.0,16:00,T-86,1,0,P-72441,Gerd Müller,Gerd,Müller,39',39,0,first half,0,0
G-0813,WC-1970,1970 FIFA Men's World Cup,1970,M-1970-20,West Germany vs Peru,160.0,16:00,T-56,0,1,P-96979,Teófilo Cubillas,Teófilo,Cubillas,44',44,0,first half,0,0
G-0814,WC-1970,1970 FIFA Men's World Cup,1970,M-1970-21,Mexico vs Belgium,161.0,16:00,T-46,1,0,P-64553,Gustavo Peña,Gustavo,Peña,14',14,0,first half,0,1
G-0815,WC-1970,1970 FIFA Men's World Cup,1970,M-1970-23,England vs Czechoslovakia,161.0,16:00,T-28,1,0,P-52978,Allan Clarke,Allan,Clarke,50',50,0,second half,0,1
G-0816,WC-1970,1970 FIFA Men's World Cup,1970,M-1970-24,Bulgaria vs Morocco,161.0,16:00,T-10,1,0,P-01172,Dobromir Zhechev,Dobromir,Zhechev,40',40,0,first half,0,0
G-0817,WC-1970,1970 FIFA Men's World Cup,1970,M-1970-24,Bulgaria vs Morocco,161.0,16:00,T-47,0,1,P-85379,Maouhoub Ghazouani,Maouhoub,Ghazouani,61',61,0,second half,0,0
G-0818,WC-1970,1970 FIFA Men's World Cup,1970,M-1970-25,Brazil vs Peru,164.0,12:00,T-09,1,0,P-85778,not applicable Rivellino,not applicable,Rivellino,11',11,0,first half,0,0
G-0819,WC-1970,1970 FIFA Men's World Cup,1970,M-1970-25,Brazil vs Peru,164.0,12:00,T-09,1,0,P-53202,not applicable Tostão,not applicable,Tostão,15',15,0,first half,0,0
G-0820,WC-1970,1970 FIFA Men's World Cup,1970,M-1970-25,Brazil vs Peru,164.0,12:00,T-56,0,1,P-03607,Alberto Gallardo,Alberto,Gallardo,28',28,0,first half,0,0
G-0821,WC-1970,1970 FIFA Men's World Cup,1970,M-1970-25,Brazil vs Peru,164.0,12:00,T-09,1,0,P-53202,not applicable Tostão,not applicable,Tostão,52',52,0,second half,0,0
G-0822,WC-1970,1970 FIFA Men's World Cup,1970,M-1970-25,Brazil vs Peru,164.0,12:00,T-56,0,1,P-96979,Teófilo Cubillas,Teófilo,Cubillas,70',70,0,second half,0,0
G-0823,WC-1970,1970 FIFA Men's World Cup,1970,M-1970-25,Brazil vs Peru,164.0,12:00,T-09,1,0,P-77430,not applicable Jairzinho,not applicable,Jairzinho,75',75,0,second half,0,0
G-0824,WC-1970,1970 FIFA Men's World Cup,1970,M-1970-26,Italy vs Mexico,164.0,12:00,T-46,0,1,P-13602,José Luis González,José Luis,González,13',13,0,first half,0,0
G-0825,WC-1970,1970 FIFA Men's World Cup,1970,M-1970-26,Italy vs Mexico,164.0,12:00,T-41,1,0,P-38555,Javier Guzmán,Javier,Guzmán,25',25,0,first half,1,0
G-0826,WC-1970,1970 FIFA Men's World Cup,1970,M-1970-26,Italy vs Mexico,164.0,12:00,T-41,1,0,P-00119,Gigi Riva,Gigi,Riva,63',63,0,second half,0,0
G-0827,WC-1970,1970 FIFA Men's World Cup,1970,M-1970-26,Italy vs Mexico,164.0,12:00,T-41,1,0,P-62214,Gianni Rivera,Gianni,Rivera,70',70,0,second half,0,0
G-0828,WC-1970,1970 FIFA Men's World Cup,1970,M-1970-26,Italy vs Mexico,164.0,12:00,T-41,1,0,P-00119,Gigi Riva,Gigi,Riva,76',76,0,second half,0,0
G-0829,WC-1970,1970 FIFA Men's World Cup,1970,M-1970-27,Soviet Union vs Uruguay,164.0,12:00,T-84,0,1,P-99710,Víctor Espárrago,Víctor,Espárrago,117',117,0,"extra time, second half",0,0
G-0830,WC-1970,1970 FIFA Men's World Cup,1970,M-1970-28,West Germany vs England,164.0,12:00,T-28,0,1,P-62668,Alan Mullery,Alan,Mullery,31',31,0,first half,0,0
G-0831,WC-1970,1970 FIFA Men's World Cup,1970,M-1970-28,West Germany vs England,164.0,12:00,T-28,0,1,P-34233,Martin Peters,Martin,Peters,49',49,0,second half,0,0
G-0832,WC-1970,1970 FIFA Men's World Cup,1970,M-1970-28,West Germany vs England,164.0,12:00,T-86,1,0,P-72864,Franz Beckenbauer,Franz,Beckenbauer,68',68,0,second half,0,0
G-0833,WC-1970,1970 FIFA Men's World Cup,1970,M-1970-28,West Germany vs England,164.0,12:00,T-86,1,0,P-64138,Uwe Seeler,Uwe,Seeler,82',82,0,second half,0,0
G-0834,WC-1970,1970 FIFA Men's World Cup,1970,M-1970-28,West Germany vs England,164.0,12:00,T-86,1,0,P-72441,Gerd Müller,Gerd,Müller,108',108,0,"extra time, second half",0,0
G-0835,WC-1970,1970 FIFA Men's World Cup,1970,M-1970-29,Brazil vs Uruguay,167.0,16:00,T-84,0,1,P-81929,Luis Cubilla,Luis,Cubilla,19',19,0,first half,0,0
G-0836,WC-1970,1970 FIFA Men's World Cup,1970,M-1970-29,Brazil vs Uruguay,167.0,16:00,T-09,1,0,P-14923,not applicable Clodoaldo,not applicable,Clodoaldo,44',44,0,first half,0,0
G-0837,WC-1970,1970 FIFA Men's World Cup,1970,M-1970-29,Brazil vs Uruguay,167.0,16:00,T-09,1,0,P-77430,not applicable Jairzinho,not applicable,Jairzinho,76',76,0,second half,0,0
G-0838,WC-1970,1970 FIFA Men's World Cup,1970,M-1970-29,Brazil vs Uruguay,167.0,16:00,T-09,1,0,P-85778,not applicable Rivellino,not applicable,Rivellino,89',89,0,second half,0,0
G-0839,WC-1970,1970 FIFA Men's World Cup,1970,M-1970-30,Italy vs West Germany,167.0,16:00,T-41,1,0,P-92154,Roberto Boninsegna,Roberto,Boninsegna,8',8,0,first half,0,0
G-0840,WC-1970,1970 FIFA Men's World Cup,1970,M-1970-30,Italy vs West Germany,167.0,16:00,T-86,0,1,P-93072,Karl-Heinz Schnellinger,Karl-Heinz,Schnellinger,90',90,0,second half,0,0
G-0841,WC-1970,1970 FIFA Men's World Cup,1970,M-1970-30,Italy vs West Germany,167.0,16:00,T-86,0,1,P-72441,Gerd Müller,Gerd,Müller,94',94,0,"extra time, first half",0,0
G-0842,WC-1970,1970 FIFA Men's World Cup,1970,M-1970-30,Italy vs West Germany,167.0,16:00,T-41,1,0,P-42540,Tarcisio Burgnich,Tarcisio,Burgnich,98',98,0,"extra time, first half",0,0
G-0843,WC-1970,1970 FIFA Men's World Cup,1970,M-1970-30,Italy vs West Germany,167.0,16:00,T-41,1,0,P-00119,Gigi Riva,Gigi,Riva,104',104,0,"extra time, first half",0,0
G-0844,WC-1970,1970 FIFA Men's World Cup,1970,M-1970-30,Italy vs West Germany,167.0,16:00,T-86,0,1,P-72441,Gerd Müller,Gerd,Müller,110',110,0,"extra time, second half",0,0
G-0845,WC-1970,1970 FIFA Men's World Cup,1970,M-1970-30,Italy vs West Germany,167.0,16:00,T-41,1,0,P-62214,Gianni Rivera,Gianni,Rivera,111',111,0,"extra time, second half",0,0
G-0846,WC-1970,1970 FIFA Men's World Cup,1970,M-1970-31,West Germany vs Uruguay,170.0,16:00,T-86,1,0,P-60896,Wolfgang Overath,Wolfgang,Overath,26',26,0,first half,0,0
G-0847,WC-1970,1970 FIFA Men's World Cup,1970,M-1970-32,Brazil vs Italy,171.0,12:00,T-09,1,0,P-38906,not applicable Pelé,not applicable,Pelé,18',18,0,first half,0,0
G-0848,WC-1970,1970 FIFA Men's World Cup,1970,M-1970-32,Brazil vs Italy,171.0,12:00,T-41,0,1,P-92154,Roberto Boninsegna,Roberto,Boninsegna,37',37,0,first half,0,0
G-0849,WC-1970,1970 FIFA Men's World Cup,1970,M-1970-32,Brazil vs Italy,171.0,12:00,T-09,1,0,P-04354,not applicable Gérson,not applicable,Gérson,66',66,0,second half,0,0
G-0850,WC-1970,1970 FIFA Men's World Cup,1970,M-1970-32,Brazil vs Italy,171.0,12:00,T-09,1,0,P-77430,not applicable Jairzinho,not applicable,Jairzinho,71',71,0,second half,0,0
G-0851,WC-1970,1970 FIFA Men's World Cup,1970,M-1970-32,Brazil vs Italy,171.0,12:00,T-09,1,0,P-25829,Carlos Alberto,Carlos,Alberto,86',86,0,second half,0,0
G-0852,WC-1974,1974 FIFA Men's World Cup,1974,M-1974-02,West Germany vs Chile,1625.0,16:00,T-86,1,0,P-48686,Paul Breitner,Paul,Breitner,18',18,0,first half,0,0
G-0853,WC-1974,1974 FIFA Men's World Cup,1974,M-1974-03,East Germany vs Australia,1625.0,19:30,T-24,1,0,P-39161,Colin Curran,Colin,Curran,58',58,0,second half,1,0
G-0854,WC-1974,1974 FIFA Men's World Cup,1974,M-1974-03,East Germany vs Australia,1625.0,19:30,T-24,1,0,P-91963,Joachim Streich,Joachim,Streich,72',72,0,second half,0,0
G-0855,WC-1974,1974 FIFA Men's World Cup,1974,M-1974-04,Zaire vs Scotland,1625.0,19:30,T-64,0,1,P-21810,Peter Lorimer,Peter,Lorimer,26',26,0,first half,0,0
G-0856,WC-1974,1974 FIFA Men's World Cup,1974,M-1974-04,Zaire vs Scotland,1625.0,19:30,T-64,0,1,P-22480,Joe Jordan,Joe,Jordan,34',34,0,first half,0,0
G-0857,WC-1974,1974 FIFA Men's World Cup,1974,M-1974-06,Uruguay vs Netherlands,1626.0,16:00,T-48,0,1,P-89554,Johnny Rep,Johnny,Rep,7',7,0,first half,0,0
G-0858,WC-1974,1974 FIFA Men's World Cup,1974,M-1974-06,Uruguay vs Netherlands,1626.0,16:00,T-48,0,1,P-89554,Johnny Rep,Johnny,Rep,86',86,0,second half,0,0
G-0859,WC-1974,1974 FIFA Men's World Cup,1974,M-1974-07,Italy vs Haiti,1626.0,18:00,T-34,0,1,P-32958,Emmanuel Sanon,Emmanuel,Sanon,46',46,0,second half,0,0
G-0860,WC-1974,1974 FIFA Men's World Cup,1974,M-1974-07,Italy vs Haiti,1626.0,18:00,T-41,1,0,P-62214,Gianni Rivera,Gianni,Rivera,52',52,0,second half,0,0
G-0861,WC-1974,1974 FIFA Men's World Cup,1974,M-1974-07,Italy vs Haiti,1626.0,18:00,T-41,1,0,P-12030,Romeo Benetti,Romeo,Benetti,66',66,0,second half,0,0
G-0862,WC-1974,1974 FIFA Men's World Cup,1974,M-1974-07,Italy vs Haiti,1626.0,18:00,T-41,1,0,P-32265,Pietro Anastasi,Pietro,Anastasi,79',79,0,second half,0,0
G-0863,WC-1974,1974 FIFA Men's World Cup,1974,M-1974-08,Poland vs Argentina,1626.0,18:00,T-57,1,0,P-21597,Grzegorz Lato,Grzegorz,Lato,7',7,0,first half,0,0
G-0864,WC-1974,1974 FIFA Men's World Cup,1974,M-1974-08,Poland vs Argentina,1626.0,18:00,T-57,1,0,P-92867,Andrzej Szarmach,Andrzej,Szarmach,8',8,0,first half,0,0
G-0865,WC-1974,1974 FIFA Men's World Cup,1974,M-1974-08,Poland vs Argentina,1626.0,18:00,T-03,0,1,P-82218,Ramón Heredia,Ramón,Heredia,60',60,0,second half,0,0
G-0866,WC-1974,1974 FIFA Men's World Cup,1974,M-1974-08,Poland vs Argentina,1626.0,18:00,T-57,1,0,P-21597,Grzegorz Lato,Grzegorz,Lato,62',62,0,second half,0,0
G-0867,WC-1974,1974 FIFA Men's World Cup,1974,M-1974-08,Poland vs Argentina,1626.0,18:00,T-03,0,1,P-33365,Carlos Babington,Carlos,Babington,66',66,0,second half,0,0
G-0868,WC-1974,1974 FIFA Men's World Cup,1974,M-1974-09,Australia vs West Germany,1629.0,16:00,T-86,0,1,P-60896,Wolfgang Overath,Wolfgang,Overath,12',12,0,first half,0,0
G-0869,WC-1974,1974 FIFA Men's World Cup,1974,M-1974-09,Australia vs West Germany,1629.0,16:00,T-86,0,1,P-44313,Bernhard Cullmann,Bernhard,Cullmann,34',34,0,first half,0,0
G-0870,WC-1974,1974 FIFA Men's World Cup,1974,M-1974-09,Australia vs West Germany,1629.0,16:00,T-86,0,1,P-72441,Gerd Müller,Gerd,Müller,53',53,0,second half,0,0
G-0871,WC-1974,1974 FIFA Men's World Cup,1974,M-1974-10,Chile vs East Germany,1629.0,19:00,T-24,0,1,P-57624,Martin Hoffmann,Martin,Hoffmann,55',55,0,second half,0,0
G-0872,WC-1974,1974 FIFA Men's World Cup,1974,M-1974-10,Chile vs East Germany,1629.0,19:00,T-13,1,0,P-34039,Sergio Ahumada,Sergio,Ahumada,69',69,0,second half,0,0
G-0873,WC-1974,1974 FIFA Men's World Cup,1974,M-1974-12,Yugoslavia vs Zaire,1629.0,19:30,T-87,1,0,P-74389,Dušan Bajević,Dušan,Bajević,8',8,0,first half,0,0
G-0874,WC-1974,1974 FIFA Men's World Cup,1974,M-1974-12,Yugoslavia vs Zaire,1629.0,19:30,T-87,1,0,P-88088,Dragan Džajić,Dragan,Džajić,14',14,0,first half,0,0
G-0875,WC-1974,1974 FIFA Men's World Cup,1974,M-1974-12,Yugoslavia vs Zaire,1629.0,19:30,T-87,1,0,P-28747,Ivica Šurjak,Ivica,Šurjak,18',18,0,first half,0,0
G-0876,WC-1974,1974 FIFA Men's World Cup,1974,M-1974-12,Yugoslavia vs Zaire,1629.0,19:30,T-87,1,0,P-20553,Josip Katalinski,Josip,Katalinski,22',22,0,first half,0,0
G-0877,WC-1974,1974 FIFA Men's World Cup,1974,M-1974-12,Yugoslavia vs Zaire,1629.0,19:30,T-87,1,0,P-74389,Dušan Bajević,Dušan,Bajević,30',30,0,first half,0,0
G-0878,WC-1974,1974 FIFA Men's World Cup,1974,M-1974-12,Yugoslavia vs Zaire,1629.0,19:30,T-87,1,0,P-29556,Vladislav Bogićević,Vladislav,Bogićević,35',35,0,first half,0,0
G-0879,WC-1974,1974 FIFA Men's World Cup,1974,M-1974-12,Yugoslavia vs Zaire,1629.0,19:30,T-87,1,0,P-26214,Branko Oblak,Branko,Oblak,61',61,0,second half,0,0
G-0880,WC-1974,1974 FIFA Men's World Cup,1974,M-1974-12,Yugoslavia vs Zaire,1629.0,19:30,T-87,1,0,P-46434,Ilija Petković,Ilija,Petković,65',65,0,second half,0,0
G-0881,WC-1974,1974 FIFA Men's World Cup,1974,M-1974-12,Yugoslavia vs Zaire,1629.0,19:30,T-87,1,0,P-74389,Dušan Bajević,Dušan,Bajević,81',81,0,second half,0,0
G-0882,WC-1974,1974 FIFA Men's World Cup,1974,M-1974-13,Bulgaria vs Uruguay,1630.0,19:30,T-10,1,0,P-63835,Hristo Bonev,Hristo,Bonev,75',75,0,second half,0,0
G-0883,WC-1974,1974 FIFA Men's World Cup,1974,M-1974-13,Bulgaria vs Uruguay,1630.0,19:30,T-84,0,1,P-46047,Ricardo Pavoni,Ricardo,Pavoni,87',87,0,second half,0,0
G-0884,WC-1974,1974 FIFA Men's World Cup,1974,M-1974-15,Argentina vs Italy,1630.0,19:30,T-03,1,0,P-04739,René Houseman,René,Houseman,20',20,0,first half,0,0
G-0885,WC-1974,1974 FIFA Men's World Cup,1974,M-1974-15,Argentina vs Italy,1630.0,19:30,T-41,0,1,P-94783,Roberto Perfumo,Roberto,Perfumo,35',35,0,first half,1,0
G-0886,WC-1974,1974 FIFA Men's World Cup,1974,M-1974-16,Haiti vs Poland,1630.0,19:30,T-57,0,1,P-21597,Grzegorz Lato,Grzegorz,Lato,17',17,0,first half,0,0
G-0887,WC-1974,1974 FIFA Men's World Cup,1974,M-1974-16,Haiti vs Poland,1630.0,19:30,T-57,0,1,P-29548,Kazimierz Deyna,Kazimierz,Deyna,18',18,0,first half,0,0
G-0888,WC-1974,1974 FIFA Men's World Cup,1974,M-1974-16,Haiti vs Poland,1630.0,19:30,T-57,0,1,P-92867,Andrzej Szarmach,Andrzej,Szarmach,30',30,0,first half,0,0
G-0889,WC-1974,1974 FIFA Men's World Cup,1974,M-1974-16,Haiti vs Poland,1630.0,19:30,T-57,0,1,P-95634,Jerzy Gorgoń,Jerzy,Gorgoń,31',31,0,first half,0,0
G-0890,WC-1974,1974 FIFA Men's World Cup,1974,M-1974-16,Haiti vs Poland,1630.0,19:30,T-57,0,1,P-92867,Andrzej Szarmach,Andrzej,Szarmach,34',34,0,first half,0,0
G-0891,WC-1974,1974 FIFA Men's World Cup,1974,M-1974-16,Haiti vs Poland,1630.0,19:30,T-57,0,1,P-92867,Andrzej Szarmach,Andrzej,Szarmach,50',50,0,second half,0,0
G-0892,WC-1974,1974 FIFA Men's World Cup,1974,M-1974-16,Haiti vs Poland,1630.0,19:30,T-57,0,1,P-21597,Grzegorz Lato,Grzegorz,Lato,87',87,0,second half,0,0
G-0893,WC-1974,1974 FIFA Men's World Cup,1974,M-1974-18,Scotland vs Yugoslavia,1633.0,16:00,T-87,0,1,P-80725,Stanislav Karasi,Stanislav,Karasi,81',81,0,second half,0,0
G-0894,WC-1974,1974 FIFA Men's World Cup,1974,M-1974-18,Scotland vs Yugoslavia,1633.0,16:00,T-64,1,0,P-22480,Joe Jordan,Joe,Jordan,88',88,0,second half,0,0
G-0895,WC-1974,1974 FIFA Men's World Cup,1974,M-1974-19,Zaire vs Brazil,1633.0,16:00,T-09,0,1,P-77430,not applicable Jairzinho,not applicable,Jairzinho,12',12,0,first half,0,0
G-0896,WC-1974,1974 FIFA Men's World Cup,1974,M-1974-19,Zaire vs Brazil,1633.0,16:00,T-09,0,1,P-85778,not applicable Rivellino,not applicable,Rivellino,66',66,0,second half,0,0
G-0897,WC-1974,1974 FIFA Men's World Cup,1974,M-1974-19,Zaire vs Brazil,1633.0,16:00,T-09,0,1,P-89117,not applicable Valdomiro,not applicable,Valdomiro,79',79,0,second half,0,0
G-0898,WC-1974,1974 FIFA Men's World Cup,1974,M-1974-20,East Germany vs West Germany,1633.0,19:30,T-24,1,0,P-27040,Jürgen Sparwasser,Jürgen,Sparwasser,77',77,0,second half,0,0
G-0899,WC-1974,1974 FIFA Men's World Cup,1974,M-1974-21,Bulgaria vs Netherlands,1634.0,16:00,T-48,0,1,P-16991,Johan Neeskens,Johan,Neeskens,5',5,0,first half,0,1
G-0900,WC-1974,1974 FIFA Men's World Cup,1974,M-1974-21,Bulgaria vs Netherlands,1634.0,16:00,T-48,0,1,P-16991,Johan Neeskens,Johan,Neeskens,44',44,0,first half,0,1
G-0901,WC-1974,1974 FIFA Men's World Cup,1974,M-1974-21,Bulgaria vs Netherlands,1634.0,16:00,T-48,0,1,P-89554,Johnny Rep,Johnny,Rep,71',71,0,second half,0,0
G-0902,WC-1974,1974 FIFA Men's World Cup,1974,M-1974-21,Bulgaria vs Netherlands,1634.0,16:00,T-10,1,0,P-31830,Ruud Krol,Ruud,Krol,78',78,0,second half,1,0
G-0903,WC-1974,1974 FIFA Men's World Cup,1974,M-1974-21,Bulgaria vs Netherlands,1634.0,16:00,T-48,0,1,P-43188,Theo de Jong,Theo,de Jong,88',88,0,second half,0,0
G-0904,WC-1974,1974 FIFA Men's World Cup,1974,M-1974-22,Sweden vs Uruguay,1634.0,16:00,T-74,1,0,P-39318,Ralf Edström,Ralf,Edström,46',46,0,second half,0,0
G-0905,WC-1974,1974 FIFA Men's World Cup,1974,M-1974-22,Sweden vs Uruguay,1634.0,16:00,T-74,1,0,P-94413,Roland Sandberg,Roland,Sandberg,74',74,0,second half,0,0
G-0906,WC-1974,1974 FIFA Men's World Cup,1974,M-1974-22,Sweden vs Uruguay,1634.0,16:00,T-74,1,0,P-39318,Ralf Edström,Ralf,Edström,77',77,0,second half,0,0
G-0907,WC-1974,1974 FIFA Men's World Cup,1974,M-1974-23,Argentina vs Haiti,1634.0,16:00,T-03,1,0,P-82033,Héctor Yazalde,Héctor,Yazalde,15',15,0,first half,0,0
G-0908,WC-1974,1974 FIFA Men's World Cup,1974,M-1974-23,Argentina vs Haiti,1634.0,16:00,T-03,1,0,P-04739,René Houseman,René,Houseman,18',18,0,first half,0,0
G-0909,WC-1974,1974 FIFA Men's World Cup,1974,M-1974-23,Argentina vs Haiti,1634.0,16:00,T-03,1,0,P-30957,Rubén Ayala,Rubén,Ayala,55',55,0,second half,0,0
G-0910,WC-1974,1974 FIFA Men's World Cup,1974,M-1974-23,Argentina vs Haiti,1634.0,16:00,T-34,0,1,P-32958,Emmanuel Sanon,Emmanuel,Sanon,63',63,0,second half,0,0
G-0911,WC-1974,1974 FIFA Men's World Cup,1974,M-1974-23,Argentina vs Haiti,1634.0,16:00,T-03,1,0,P-82033,Héctor Yazalde,Héctor,Yazalde,68',68,0,second half,0,0
G-0912,WC-1974,1974 FIFA Men's World Cup,1974,M-1974-24,Poland vs Italy,1634.0,16:00,T-57,1,0,P-92867,Andrzej Szarmach,Andrzej,Szarmach,38',38,0,first half,0,0
G-0913,WC-1974,1974 FIFA Men's World Cup,1974,M-1974-24,Poland vs Italy,1634.0,16:00,T-57,1,0,P-29548,Kazimierz Deyna,Kazimierz,Deyna,44',44,0,first half,0,0
G-0914,WC-1974,1974 FIFA Men's World Cup,1974,M-1974-24,Poland vs Italy,1634.0,16:00,T-41,0,1,P-93703,Fabio Capello,Fabio,Capello,85',85,0,second half,0,0
G-0915,WC-1974,1974 FIFA Men's World Cup,1974,M-1974-25,Yugoslavia vs West Germany,1637.0,16:00,T-86,0,1,P-48686,Paul Breitner,Paul,Breitner,39',39,0,first half,0,0
G-0916,WC-1974,1974 FIFA Men's World Cup,1974,M-1974-25,Yugoslavia vs West Germany,1637.0,16:00,T-86,0,1,P-72441,Gerd Müller,Gerd,Müller,82',82,0,second half,0,0
G-0917,WC-1974,1974 FIFA Men's World Cup,1974,M-1974-26,Brazil vs East Germany,1637.0,19:30,T-09,1,0,P-85778,not applicable Rivellino,not applicable,Rivellino,60',60,0,second half,0,0
G-0918,WC-1974,1974 FIFA Men's World Cup,1974,M-1974-27,Netherlands vs Argentina,1637.0,19:30,T-48,1,0,P-50564,Johan Cruyff,Johan,Cruyff,11',11,0,first half,0,0
G-0919,WC-1974,1974 FIFA Men's World Cup,1974,M-1974-27,Netherlands vs Argentina,1637.0,19:30,T-48,1,0,P-31830,Ruud Krol,Ruud,Krol,25',25,0,first half,0,0
G-0920,WC-1974,1974 FIFA Men's World Cup,1974,M-1974-27,Netherlands vs Argentina,1637.0,19:30,T-48,1,0,P-89554,Johnny Rep,Johnny,Rep,73',73,0,second half,0,0
G-0921,WC-1974,1974 FIFA Men's World Cup,1974,M-1974-27,Netherlands vs Argentina,1637.0,19:30,T-48,1,0,P-50564,Johan Cruyff,Johan,Cruyff,90',90,0,second half,0,0
G-0922,WC-1974,1974 FIFA Men's World Cup,1974,M-1974-28,Sweden vs Poland,1637.0,19:30,T-57,0,1,P-21597,Grzegorz Lato,Grzegorz,Lato,43',43,0,first half,0,0
G-0923,WC-1974,1974 FIFA Men's World Cup,1974,M-1974-29,Argentina vs Brazil,1641.0,16:00,T-09,0,1,P-85778,not applicable Rivellino,not applicable,Rivellino,32',32,0,first half,0,0
G-0924,WC-1974,1974 FIFA Men's World Cup,1974,M-1974-29,Argentina vs Brazil,1641.0,16:00,T-03,1,0,P-79103,Miguel Ángel Brindisi,Miguel Ángel,Brindisi,35',35,0,first half,0,0
G-0925,WC-1974,1974 FIFA Men's World Cup,1974,M-1974-29,Argentina vs Brazil,1641.0,16:00,T-09,0,1,P-77430,not applicable Jairzinho,not applicable,Jairzinho,49',49,0,second half,0,0
G-0926,WC-1974,1974 FIFA Men's World Cup,1974,M-1974-30,East Germany vs Netherlands,1641.0,16:00,T-48,0,1,P-16991,Johan Neeskens,Johan,Neeskens,7',7,0,first half,0,0
G-0927,WC-1974,1974 FIFA Men's World Cup,1974,M-1974-30,East Germany vs Netherlands,1641.0,16:00,T-48,0,1,P-63266,Rob Rensenbrink,Rob,Rensenbrink,59',59,0,second half,0,0
G-0928,WC-1974,1974 FIFA Men's World Cup,1974,M-1974-31,Poland vs Yugoslavia,1641.0,16:00,T-57,1,0,P-29548,Kazimierz Deyna,Kazimierz,Deyna,24',24,0,first half,0,1
G-0929,WC-1974,1974 FIFA Men's World Cup,1974,M-1974-31,Poland vs Yugoslavia,1641.0,16:00,T-87,0,1,P-80725,Stanislav Karasi,Stanislav,Karasi,43',43,0,first half,0,0
G-0930,WC-1974,1974 FIFA Men's World Cup,1974,M-1974-31,Poland vs Yugoslavia,1641.0,16:00,T-57,1,0,P-21597,Grzegorz Lato,Grzegorz,Lato,62',62,0,second half,0,0
G-0931,WC-1974,1974 FIFA Men's World Cup,1974,M-1974-32,West Germany vs Sweden,1641.0,19:30,T-74,0,1,P-39318,Ralf Edström,Ralf,Edström,24',24,0,first half,0,0
G-0932,WC-1974,1974 FIFA Men's World Cup,1974,M-1974-32,West Germany vs Sweden,1641.0,19:30,T-86,1,0,P-60896,Wolfgang Overath,Wolfgang,Overath,51',51,0,second half,0,0
G-0933,WC-1974,1974 FIFA Men's World Cup,1974,M-1974-32,West Germany vs Sweden,1641.0,19:30,T-86,1,0,P-41102,Rainer Bonhof,Rainer,Bonhof,52',52,0,second half,0,0
G-0934,WC-1974,1974 FIFA Men's World Cup,1974,M-1974-32,West Germany vs Sweden,1641.0,19:30,T-74,0,1,P-94413,Roland Sandberg,Roland,Sandberg,53',53,0,second half,0,0
G-0935,WC-1974,1974 FIFA Men's World Cup,1974,M-1974-32,West Germany vs Sweden,1641.0,19:30,T-86,1,0,P-48733,Jürgen Grabowski,Jürgen,Grabowski,76',76,0,second half,0,0
G-0936,WC-1974,1974 FIFA Men's World Cup,1974,M-1974-32,West Germany vs Sweden,1641.0,19:30,T-86,1,0,P-92173,Uli Hoeneß,Uli,Hoeneß,89',89,0,second half,0,1
G-0937,WC-1974,1974 FIFA Men's World Cup,1974,M-1974-33,Poland vs West Germany,1644.0,16:30,T-86,0,1,P-72441,Gerd Müller,Gerd,Müller,76',76,0,second half,0,0
G-0938,WC-1974,1974 FIFA Men's World Cup,1974,M-1974-34,Argentina vs East Germany,1644.0,19:30,T-24,0,1,P-91963,Joachim Streich,Joachim,Streich,14',14,0,first half,0,0
G-0939,WC-1974,1974 FIFA Men's World Cup,1974,M-1974-34,Argentina vs East Germany,1644.0,19:30,T-03,1,0,P-04739,René Houseman,René,Houseman,20',20,0,first half,0,0
G-0940,WC-1974,1974 FIFA Men's World Cup,1974,M-1974-35,Netherlands vs Brazil,1644.0,19:30,T-48,1,0,P-16991,Johan Neeskens,Johan,Neeskens,50',50,0,second half,0,0
G-0941,WC-1974,1974 FIFA Men's World Cup,1974,M-1974-35,Netherlands vs Brazil,1644.0,19:30,T-48,1,0,P-50564,Johan Cruyff,Johan,Cruyff,65',65,0,second half,0,0
G-0942,WC-1974,1974 FIFA Men's World Cup,1974,M-1974-36,Sweden vs Yugoslavia,1644.0,19:30,T-87,0,1,P-28747,Ivica Šurjak,Ivica,Šurjak,27',27,0,first half,0,0
G-0943,WC-1974,1974 FIFA Men's World Cup,1974,M-1974-36,Sweden vs Yugoslavia,1644.0,19:30,T-74,1,0,P-39318,Ralf Edström,Ralf,Edström,29',29,0,first half,0,0
G-0944,WC-1974,1974 FIFA Men's World Cup,1974,M-1974-36,Sweden vs Yugoslavia,1644.0,19:30,T-74,1,0,P-52989,Conny Torstensson,Conny,Torstensson,85',85,0,second half,0,0
G-0945,WC-1974,1974 FIFA Men's World Cup,1974,M-1974-37,Brazil vs Poland,1647.0,16:00,T-57,0,1,P-21597,Grzegorz Lato,Grzegorz,Lato,76',76,0,second half,0,0
G-0946,WC-1974,1974 FIFA Men's World Cup,1974,M-1974-38,Netherlands vs West Germany,1648.0,16:00,T-48,1,0,P-16991,Johan Neeskens,Johan,Neeskens,2',2,0,first half,0,1
G-0947,WC-1974,1974 FIFA Men's World Cup,1974,M-1974-38,Netherlands vs West Germany,1648.0,16:00,T-86,0,1,P-48686,Paul Breitner,Paul,Breitner,25',25,0,first half,0,1
G-0948,WC-1974,1974 FIFA Men's World Cup,1974,M-1974-38,Netherlands vs West Germany,1648.0,16:00,T-86,0,1,P-72441,Gerd Müller,Gerd,Müller,43',43,0,first half,0,0
G-0949,WC-1978,1978 FIFA Men's World Cup,1978,M-1978-02,Italy vs France,3074.0,13:45,T-30,0,1,P-16067,Bernard Lacombe,Bernard,Lacombe,1',1,0,first half,0,0
G-0950,WC-1978,1978 FIFA Men's World Cup,1978,M-1978-02,Italy vs France,3074.0,13:45,T-41,1,0,P-91717,Paolo Rossi,Paolo,Rossi,29',29,0,first half,0,0
G-0951,WC-1978,1978 FIFA Men's World Cup,1978,M-1978-02,Italy vs France,3074.0,13:45,T-41,1,0,P-17293,Renato Zaccarelli,Renato,Zaccarelli,54',54,0,second half,0,0
G-0952,WC-1978,1978 FIFA Men's World Cup,1978,M-1978-03,Tunisia vs Mexico,3074.0,16:45,T-46,0,1,P-84173,Arturo Vázquez Ayala,Arturo,Vázquez Ayala,45',45,0,first half,0,1
G-0953,WC-1978,1978 FIFA Men's World Cup,1978,M-1978-03,Tunisia vs Mexico,3074.0,16:45,T-79,1,0,P-10069,Ali Kaabi,Ali,Kaabi,55',55,0,second half,0,0
G-0954,WC-1978,1978 FIFA Men's World Cup,1978,M-1978-03,Tunisia vs Mexico,3074.0,16:45,T-79,1,0,P-66055,Néjib Ghommidh,Néjib,Ghommidh,79',79,0,second half,0,0
G-0955,WC-1978,1978 FIFA Men's World Cup,1978,M-1978-03,Tunisia vs Mexico,3074.0,16:45,T-79,1,0,P-32712,Mokhtar Dhouib,Mokhtar,Dhouib,87',87,0,second half,0,0
G-0956,WC-1978,1978 FIFA Men's World Cup,1978,M-1978-04,Argentina vs Hungary,3074.0,19:15,T-36,0,1,P-17566,Károly Csapó,Károly,Csapó,9',9,0,first half,0,0
G-0957,WC-1978,1978 FIFA Men's World Cup,1978,M-1978-04,Argentina vs Hungary,3074.0,19:15,T-03,1,0,P-26640,Leopoldo Luque,Leopoldo,Luque,14',14,0,first half,0,0
G-0958,WC-1978,1978 FIFA Men's World Cup,1978,M-1978-04,Argentina vs Hungary,3074.0,19:15,T-03,1,0,P-61157,Daniel Bertoni,Daniel,Bertoni,83',83,0,second half,0,0
G-0959,WC-1978,1978 FIFA Men's World Cup,1978,M-1978-05,Austria vs Spain,3075.0,13:45,T-05,1,0,P-99989,Walter Schachner,Walter,Schachner,10',10,0,first half,0,0
G-0960,WC-1978,1978 FIFA Men's World Cup,1978,M-1978-05,Austria vs Spain,3075.0,13:45,T-73,0,1,P-40352,not applicable Dani,not applicable,Dani,21',21,0,first half,0,0
G-0961,WC-1978,1978 FIFA Men's World Cup,1978,M-1978-05,Austria vs Spain,3075.0,13:45,T-05,1,0,P-52271,Hans Krankl,Hans,Krankl,76',76,0,second half,0,0
G-0962,WC-1978,1978 FIFA Men's World Cup,1978,M-1978-06,Brazil vs Sweden,3075.0,13:45,T-74,0,1,P-61240,Thomas Sjöberg,Thomas,Sjöberg,37',37,0,first half,0,0
G-0963,WC-1978,1978 FIFA Men's World Cup,1978,M-1978-06,Brazil vs Sweden,3075.0,13:45,T-09,1,0,P-84320,not applicable Reinaldo,not applicable,Reinaldo,45',45,0,first half,0,0
G-0964,WC-1978,1978 FIFA Men's World Cup,1978,M-1978-07,Netherlands vs Iran,3075.0,16:45,T-48,1,0,P-63266,Rob Rensenbrink,Rob,Rensenbrink,40',40,0,first half,0,1
G-0965,WC-1978,1978 FIFA Men's World Cup,1978,M-1978-07,Netherlands vs Iran,3075.0,16:45,T-48,1,0,P-63266,Rob Rensenbrink,Rob,Rensenbrink,62',62,0,second half,0,0
G-0966,WC-1978,1978 FIFA Men's World Cup,1978,M-1978-07,Netherlands vs Iran,3075.0,16:45,T-48,1,0,P-63266,Rob Rensenbrink,Rob,Rensenbrink,78',78,0,second half,0,1
G-0967,WC-1978,1978 FIFA Men's World Cup,1978,M-1978-08,Peru vs Scotland,3075.0,16:45,T-64,0,1,P-22480,Joe Jordan,Joe,Jordan,14',14,0,first half,0,0
G-0968,WC-1978,1978 FIFA Men's World Cup,1978,M-1978-08,Peru vs Scotland,3075.0,16:45,T-56,1,0,P-23639,César Cueto,César,Cueto,43',43,0,first half,0,0
G-0969,WC-1978,1978 FIFA Men's World Cup,1978,M-1978-08,Peru vs Scotland,3075.0,16:45,T-56,1,0,P-96979,Teófilo Cubillas,Teófilo,Cubillas,71',71,0,second half,0,0
G-0970,WC-1978,1978 FIFA Men's World Cup,1978,M-1978-08,Peru vs Scotland,3075.0,16:45,T-56,1,0,P-96979,Teófilo Cubillas,Teófilo,Cubillas,77',77,0,second half,0,0
G-0971,WC-1978,1978 FIFA Men's World Cup,1978,M-1978-09,Italy vs Hungary,3078.0,13:45,T-41,1,0,P-91717,Paolo Rossi,Paolo,Rossi,34',34,0,first half,0,0
G-0972,WC-1978,1978 FIFA Men's World Cup,1978,M-1978-09,Italy vs Hungary,3078.0,13:45,T-41,1,0,P-57787,Roberto Bettega,Roberto,Bettega,35',35,0,first half,0,0
G-0973,WC-1978,1978 FIFA Men's World Cup,1978,M-1978-09,Italy vs Hungary,3078.0,13:45,T-41,1,0,P-12030,Romeo Benetti,Romeo,Benetti,61',61,0,second half,0,0
G-0974,WC-1978,1978 FIFA Men's World Cup,1978,M-1978-09,Italy vs Hungary,3078.0,13:45,T-36,0,1,P-05262,András Tóth,András,Tóth,81',81,0,second half,0,1
G-0975,WC-1978,1978 FIFA Men's World Cup,1978,M-1978-10,Poland vs Tunisia,3078.0,16:45,T-57,1,0,P-21597,Grzegorz Lato,Grzegorz,Lato,43',43,0,first half,0,0
G-0976,WC-1978,1978 FIFA Men's World Cup,1978,M-1978-11,West Germany vs Mexico,3078.0,16:45,T-86,1,0,P-34993,Dieter Müller,Dieter,Müller,15',15,0,first half,0,0
G-0977,WC-1978,1978 FIFA Men's World Cup,1978,M-1978-11,West Germany vs Mexico,3078.0,16:45,T-86,1,0,P-95747,Hansi Müller,Hansi,Müller,30',30,0,first half,0,0
G-0978,WC-1978,1978 FIFA Men's World Cup,1978,M-1978-11,West Germany vs Mexico,3078.0,16:45,T-86,1,0,P-59574,Karl-Heinz Rummenigge,Karl-Heinz,Rummenigge,38',38,0,first half,0,0
G-0979,WC-1978,1978 FIFA Men's World Cup,1978,M-1978-11,West Germany vs Mexico,3078.0,16:45,T-86,1,0,P-15681,Heinz Flohe,Heinz,Flohe,44',44,0,first half,0,0
G-0980,WC-1978,1978 FIFA Men's World Cup,1978,M-1978-11,West Germany vs Mexico,3078.0,16:45,T-86,1,0,P-59574,Karl-Heinz Rummenigge,Karl-Heinz,Rummenigge,73',73,0,second half,0,0
G-0981,WC-1978,1978 FIFA Men's World Cup,1978,M-1978-11,West Germany vs Mexico,3078.0,16:45,T-86,1,0,P-15681,Heinz Flohe,Heinz,Flohe,89',89,0,second half,0,0
G-0982,WC-1978,1978 FIFA Men's World Cup,1978,M-1978-12,Argentina vs France,3078.0,19:15,T-03,1,0,P-80376,Daniel Passarella,Daniel,Passarella,45',45,0,first half,0,1
G-0983,WC-1978,1978 FIFA Men's World Cup,1978,M-1978-12,Argentina vs France,3078.0,19:15,T-30,0,1,P-08939,Michel Platini,Michel,Platini,60',60,0,second half,0,0
G-0984,WC-1978,1978 FIFA Men's World Cup,1978,M-1978-12,Argentina vs France,3078.0,19:15,T-03,1,0,P-26640,Leopoldo Luque,Leopoldo,Luque,73',73,0,second half,0,0
G-0985,WC-1978,1978 FIFA Men's World Cup,1978,M-1978-13,Austria vs Sweden,3079.0,13:45,T-05,1,0,P-52271,Hans Krankl,Hans,Krankl,42',42,0,first half,0,1
G-0986,WC-1978,1978 FIFA Men's World Cup,1978,M-1978-16,Scotland vs Iran,3079.0,16:45,T-64,1,0,P-61698,Andranik Eskandarian,Andranik,Eskandarian,43',43,0,first half,1,0
G-0987,WC-1978,1978 FIFA Men's World Cup,1978,M-1978-16,Scotland vs Iran,3079.0,16:45,T-38,0,1,P-76170,Iraj Danaeifard,Iraj,Danaeifard,60',60,0,second half,0,0
G-0988,WC-1978,1978 FIFA Men's World Cup,1978,M-1978-17,France vs Hungary,3082.0,14:30,T-30,1,0,P-90883,Christian Lopez,Christian,Lopez,23',23,0,first half,0,0
G-0989,WC-1978,1978 FIFA Men's World Cup,1978,M-1978-17,France vs Hungary,3082.0,14:30,T-30,1,0,P-27315,Marc Berdoll,Marc,Berdoll,38',38,0,first half,0,0
G-0990,WC-1978,1978 FIFA Men's World Cup,1978,M-1978-17,France vs Hungary,3082.0,14:30,T-36,0,1,P-12183,Sándor Zombori,Sándor,Zombori,41',41,0,first half,0,0
G-0991,WC-1978,1978 FIFA Men's World Cup,1978,M-1978-17,France vs Hungary,3082.0,14:30,T-30,1,0,P-99991,Dominique Rocheteau,Dominique,Rocheteau,42',42,0,first half,0,0
G-0992,WC-1978,1978 FIFA Men's World Cup,1978,M-1978-18,Poland vs Mexico,3082.0,16:45,T-57,1,0,P-03652,Zbigniew Boniek,Zbigniew,Boniek,43',43,0,first half,0,0
G-0993,WC-1978,1978 FIFA Men's World Cup,1978,M-1978-18,Poland vs Mexico,3082.0,16:45,T-46,0,1,P-64532,Víctor Rangel,Víctor,Rangel,52',52,0,second half,0,0
G-0994,WC-1978,1978 FIFA Men's World Cup,1978,M-1978-18,Poland vs Mexico,3082.0,16:45,T-57,1,0,P-29548,Kazimierz Deyna,Kazimierz,Deyna,56',56,0,second half,0,0
G-0995,WC-1978,1978 FIFA Men's World Cup,1978,M-1978-18,Poland vs Mexico,3082.0,16:45,T-57,1,0,P-03652,Zbigniew Boniek,Zbigniew,Boniek,84',84,0,second half,0,0
G-0996,WC-1978,1978 FIFA Men's World Cup,1978,M-1978-20,Argentina vs Italy,3082.0,19:15,T-41,0,1,P-57787,Roberto Bettega,Roberto,Bettega,67',67,0,second half,0,0
G-0997,WC-1978,1978 FIFA Men's World Cup,1978,M-1978-21,Brazil vs Austria,3083.0,13:45,T-09,1,0,P-86942,Roberto Dinamite,Roberto,Dinamite,40',40,0,first half,0,0
G-0998,WC-1978,1978 FIFA Men's World Cup,1978,M-1978-22,Spain vs Sweden,3083.0,13:45,T-73,1,0,P-57837,Juan Manuel Asensi,Juan Manuel,Asensi,75',75,0,second half,0,0
G-0999,WC-1978,1978 FIFA Men's World Cup,1978,M-1978-23,Peru vs Iran,3083.0,16:45,T-56,1,0,P-72529,José Velásquez,José,Velásquez,2',2,0,first half,0,0
G-1000,WC-1978,1978 FIFA Men's World Cup,1978,M-1978-23,Peru vs Iran,3083.0,16:45,T-56,1,0,P-96979,Teófilo Cubillas,Teófilo,Cubillas,36',36,0,first half,0,1
G-1001,WC-1978,1978 FIFA Men's World Cup,1978,M-1978-23,Peru vs Iran,3083.0,16:45,T-56,1,0,P-96979,Teófilo Cubillas,Teófilo,Cubillas,39',39,0,first half,0,1
G-1002,WC-1978,1978 FIFA Men's World Cup,1978,M-1978-23,Peru vs Iran,3083.0,16:45,T-38,0,1,P-36867,Hassan Roshan,Hassan,Roshan,41',41,0,first half,0,0
G-1003,WC-1978,1978 FIFA Men's World Cup,1978,M-1978-23,Peru vs Iran,3083.0,16:45,T-56,1,0,P-96979,Teófilo Cubillas,Teófilo,Cubillas,79',79,0,second half,0,0
G-1004,WC-1978,1978 FIFA Men's World Cup,1978,M-1978-24,Scotland vs Netherlands,3083.0,16:45,T-48,0,1,P-63266,Rob Rensenbrink,Rob,Rensenbrink,34',34,0,first half,0,1
G-1005,WC-1978,1978 FIFA Men's World Cup,1978,M-1978-24,Scotland vs Netherlands,3083.0,16:45,T-64,1,0,P-68584,Kenny Dalglish,Kenny,Dalglish,45',45,0,first half,0,0
G-1006,WC-1978,1978 FIFA Men's World Cup,1978,M-1978-24,Scotland vs Netherlands,3083.0,16:45,T-64,1,0,P-16479,Archie Gemmill,Archie,Gemmill,46',46,0,second half,0,1
G-1007,WC-1978,1978 FIFA Men's World Cup,1978,M-1978-24,Scotland vs Netherlands,3083.0,16:45,T-64,1,0,P-16479,Archie Gemmill,Archie,Gemmill,68',68,0,second half,0,0
G-1008,WC-1978,1978 FIFA Men's World Cup,1978,M-1978-24,Scotland vs Netherlands,3083.0,16:45,T-48,0,1,P-89554,Johnny Rep,Johnny,Rep,71',71,0,second half,0,0
G-1009,WC-1978,1978 FIFA Men's World Cup,1978,M-1978-25,Austria vs Netherlands,3086.0,13:45,T-48,0,1,P-82670,Ernie Brandts,Ernie,Brandts,6',6,0,first half,0,0
G-1010,WC-1978,1978 FIFA Men's World Cup,1978,M-1978-25,Austria vs Netherlands,3086.0,13:45,T-48,0,1,P-63266,Rob Rensenbrink,Rob,Rensenbrink,35',35,0,first half,0,1
G-1011,WC-1978,1978 FIFA Men's World Cup,1978,M-1978-25,Austria vs Netherlands,3086.0,13:45,T-48,0,1,P-89554,Johnny Rep,Johnny,Rep,36',36,0,first half,0,0
G-1012,WC-1978,1978 FIFA Men's World Cup,1978,M-1978-25,Austria vs Netherlands,3086.0,13:45,T-48,0,1,P-89554,Johnny Rep,Johnny,Rep,53',53,0,second half,0,0
G-1013,WC-1978,1978 FIFA Men's World Cup,1978,M-1978-25,Austria vs Netherlands,3086.0,13:45,T-05,1,0,P-61365,Erich Obermayer,Erich,Obermayer,80',80,0,second half,0,0
G-1014,WC-1978,1978 FIFA Men's World Cup,1978,M-1978-25,Austria vs Netherlands,3086.0,13:45,T-48,0,1,P-48712,Willy van de Kerkhof,Willy,van de Kerkhof,82',82,0,second half,0,0
G-1015,WC-1978,1978 FIFA Men's World Cup,1978,M-1978-27,Brazil vs Peru,3086.0,16:45,T-09,1,0,P-89519,not applicable Dirceu,not applicable,Dirceu,15',15,0,first half,0,0
G-1016,WC-1978,1978 FIFA Men's World Cup,1978,M-1978-27,Brazil vs Peru,3086.0,16:45,T-09,1,0,P-89519,not applicable Dirceu,not applicable,Dirceu,27',27,0,first half,0,0
G-1017,WC-1978,1978 FIFA Men's World Cup,1978,M-1978-27,Brazil vs Peru,3086.0,16:45,T-09,1,0,P-37483,not applicable Zico,not applicable,Zico,72',72,0,second half,0,1
G-1018,WC-1978,1978 FIFA Men's World Cup,1978,M-1978-28,Argentina vs Poland,3086.0,19:15,T-03,1,0,P-35082,Mario Kempes,Mario,Kempes,16',16,0,first half,0,0
G-1019,WC-1978,1978 FIFA Men's World Cup,1978,M-1978-28,Argentina vs Poland,3086.0,19:15,T-03,1,0,P-35082,Mario Kempes,Mario,Kempes,71',71,0,second half,0,0
G-1020,WC-1978,1978 FIFA Men's World Cup,1978,M-1978-29,Peru vs Poland,3090.0,13:45,T-57,0,1,P-92867,Andrzej Szarmach,Andrzej,Szarmach,65',65,0,second half,0,0
G-1021,WC-1978,1978 FIFA Men's World Cup,1978,M-1978-30,Italy vs Austria,3090.0,16:45,T-41,1,0,P-91717,Paolo Rossi,Paolo,Rossi,13',13,0,first half,0,0
G-1022,WC-1978,1978 FIFA Men's World Cup,1978,M-1978-31,Netherlands vs West Germany,3090.0,16:45,T-86,0,1,P-64134,Rüdiger Abramczik,Rüdiger,Abramczik,3',3,0,first half,0,0
G-1023,WC-1978,1978 FIFA Men's World Cup,1978,M-1978-31,Netherlands vs West Germany,3090.0,16:45,T-48,1,0,P-01582,Arie Haan,Arie,Haan,27',27,0,first half,0,0
G-1024,WC-1978,1978 FIFA Men's World Cup,1978,M-1978-31,Netherlands vs West Germany,3090.0,16:45,T-86,0,1,P-34993,Dieter Müller,Dieter,Müller,70',70,0,second half,0,0
G-1025,WC-1978,1978 FIFA Men's World Cup,1978,M-1978-31,Netherlands vs West Germany,3090.0,16:45,T-48,1,0,P-25337,René van de Kerkhof,René,van de Kerkhof,82',82,0,second half,0,0
G-1026,WC-1978,1978 FIFA Men's World Cup,1978,M-1978-33,Austria vs West Germany,3093.0,13:45,T-86,0,1,P-59574,Karl-Heinz Rummenigge,Karl-Heinz,Rummenigge,19',19,0,first half,0,0
G-1027,WC-1978,1978 FIFA Men's World Cup,1978,M-1978-33,Austria vs West Germany,3093.0,13:45,T-05,1,0,P-69695,Berti Vogts,Berti,Vogts,59',59,0,second half,1,0
G-1028,WC-1978,1978 FIFA Men's World Cup,1978,M-1978-33,Austria vs West Germany,3093.0,13:45,T-05,1,0,P-52271,Hans Krankl,Hans,Krankl,66',66,0,second half,0,0
G-1029,WC-1978,1978 FIFA Men's World Cup,1978,M-1978-33,Austria vs West Germany,3093.0,13:45,T-86,0,1,P-35602,Bernd Hölzenbein,Bernd,Hölzenbein,68',68,0,second half,0,0
G-1030,WC-1978,1978 FIFA Men's World Cup,1978,M-1978-33,Austria vs West Germany,3093.0,13:45,T-05,1,0,P-52271,Hans Krankl,Hans,Krankl,87',87,0,second half,0,0
G-1031,WC-1978,1978 FIFA Men's World Cup,1978,M-1978-34,Italy vs Netherlands,3093.0,13:45,T-41,1,0,P-82670,Ernie Brandts,Ernie,Brandts,19',19,0,first half,1,0
G-1032,WC-1978,1978 FIFA Men's World Cup,1978,M-1978-34,Italy vs Netherlands,3093.0,13:45,T-48,0,1,P-82670,Ernie Brandts,Ernie,Brandts,49',49,0,second half,0,0
G-1033,WC-1978,1978 FIFA Men's World Cup,1978,M-1978-34,Italy vs Netherlands,3093.0,13:45,T-48,0,1,P-01582,Arie Haan,Arie,Haan,76',76,0,second half,0,0
G-1034,WC-1978,1978 FIFA Men's World Cup,1978,M-1978-35,Brazil vs Poland,3093.0,16:45,T-09,1,0,P-48382,not applicable Nelinho,not applicable,Nelinho,13',13,0,first half,0,0
G-1035,WC-1978,1978 FIFA Men's World Cup,1978,M-1978-35,Brazil vs Poland,3093.0,16:45,T-57,0,1,P-21597,Grzegorz Lato,Grzegorz,Lato,45',45,0,first half,0,0
G-1036,WC-1978,1978 FIFA Men's World Cup,1978,M-1978-35,Brazil vs Poland,3093.0,16:45,T-09,1,0,P-86942,Roberto Dinamite,Roberto,Dinamite,58',58,0,second half,0,0
G-1037,WC-1978,1978 FIFA Men's World Cup,1978,M-1978-35,Brazil vs Poland,3093.0,16:45,T-09,1,0,P-86942,Roberto Dinamite,Roberto,Dinamite,63',63,0,second half,0,0
G-1038,WC-1978,1978 FIFA Men's World Cup,1978,M-1978-36,Argentina vs Peru,3093.0,19:15,T-03,1,0,P-35082,Mario Kempes,Mario,Kempes,21',21,0,first half,0,0
G-1039,WC-1978,1978 FIFA Men's World Cup,1978,M-1978-36,Argentina vs Peru,3093.0,19:15,T-03,1,0,P-54098,Alberto Tarantini,Alberto,Tarantini,43',43,0,first half,0,0
G-1040,WC-1978,1978 FIFA Men's World Cup,1978,M-1978-36,Argentina vs Peru,3093.0,19:15,T-03,1,0,P-35082,Mario Kempes,Mario,Kempes,49',49,0,second half,0,0
G-1041,WC-1978,1978 FIFA Men's World Cup,1978,M-1978-36,Argentina vs Peru,3093.0,19:15,T-03,1,0,P-26640,Leopoldo Luque,Leopoldo,Luque,50',50,0,second half,0,0
G-1042,WC-1978,1978 FIFA Men's World Cup,1978,M-1978-36,Argentina vs Peru,3093.0,19:15,T-03,1,0,P-04739,René Houseman,René,Houseman,67',67,0,second half,0,0
G-1043,WC-1978,1978 FIFA Men's World Cup,1978,M-1978-36,Argentina vs Peru,3093.0,19:15,T-03,1,0,P-26640,Leopoldo Luque,Leopoldo,Luque,72',72,0,second half,0,0
G-1044,WC-1978,1978 FIFA Men's World Cup,1978,M-1978-37,Brazil vs Italy,3096.0,15:00,T-41,0,1,P-44349,Franco Causio,Franco,Causio,38',38,0,first half,0,0
G-1045,WC-1978,1978 FIFA Men's World Cup,1978,M-1978-37,Brazil vs Italy,3096.0,15:00,T-09,1,0,P-48382,not applicable Nelinho,not applicable,Nelinho,64',64,0,second half,0,0
G-1046,WC-1978,1978 FIFA Men's World Cup,1978,M-1978-37,Brazil vs Italy,3096.0,15:00,T-09,1,0,P-89519,not applicable Dirceu,not applicable,Dirceu,71',71,0,second half,0,0
G-1047,WC-1978,1978 FIFA Men's World Cup,1978,M-1978-38,Argentina vs Netherlands,3097.0,15:00,T-03,1,0,P-35082,Mario Kempes,Mario,Kempes,38',38,0,first half,0,0
G-1048,WC-1978,1978 FIFA Men's World Cup,1978,M-1978-38,Argentina vs Netherlands,3097.0,15:00,T-48,0,1,P-48111,Dick Nanninga,Dick,Nanninga,82',82,0,second half,0,0
G-1049,WC-1978,1978 FIFA Men's World Cup,1978,M-1978-38,Argentina vs Netherlands,3097.0,15:00,T-03,1,0,P-35082,Mario Kempes,Mario,Kempes,105',105,0,"extra time, first half",0,0
G-1050,WC-1978,1978 FIFA Men's World Cup,1978,M-1978-38,Argentina vs Netherlands,3097.0,15:00,T-03,1,0,P-61157,Daniel Bertoni,Daniel,Bertoni,115',115,0,"extra time, second half",0,0
G-1051,WC-1982,1982 FIFA Men's World Cup,1982,M-1982-01,Argentina vs Belgium,4546.0,20:00,T-06,0,1,P-06736,Erwin Vandenbergh,Erwin,Vandenbergh,62',62,0,second half,0,0
G-1052,WC-1982,1982 FIFA Men's World Cup,1982,M-1982-03,Brazil vs Soviet Union,4547.0,21:00,T-72,0,1,P-27460,Andriy Bal,Andriy,Bal,34',34,0,first half,0,0
G-1053,WC-1982,1982 FIFA Men's World Cup,1982,M-1982-03,Brazil vs Soviet Union,4547.0,21:00,T-09,1,0,P-78605,not applicable Sócrates,not applicable,Sócrates,75',75,0,second half,0,0
G-1054,WC-1982,1982 FIFA Men's World Cup,1982,M-1982-03,Brazil vs Soviet Union,4547.0,21:00,T-09,1,0,P-39132,not applicable Éder,not applicable,Éder,88',88,0,second half,0,0
G-1055,WC-1982,1982 FIFA Men's World Cup,1982,M-1982-05,Hungary vs El Salvador,4548.0,21:00,T-36,1,0,P-34326,Tibor Nyilasi,Tibor,Nyilasi,4',4,0,first half,0,0
G-1056,WC-1982,1982 FIFA Men's World Cup,1982,M-1982-05,Hungary vs El Salvador,4548.0,21:00,T-36,1,0,P-60461,Gábor Pölöskei,Gábor,Pölöskei,11',11,0,first half,0,0
G-1057,WC-1982,1982 FIFA Men's World Cup,1982,M-1982-05,Hungary vs El Salvador,4548.0,21:00,T-36,1,0,P-99185,László Fazekas,László,Fazekas,23',23,0,first half,0,0
G-1058,WC-1982,1982 FIFA Men's World Cup,1982,M-1982-05,Hungary vs El Salvador,4548.0,21:00,T-36,1,0,P-42012,József Tóth,József,Tóth,50',50,0,second half,0,0
G-1059,WC-1982,1982 FIFA Men's World Cup,1982,M-1982-05,Hungary vs El Salvador,4548.0,21:00,T-36,1,0,P-99185,László Fazekas,László,Fazekas,54',54,0,second half,0,0
G-1060,WC-1982,1982 FIFA Men's World Cup,1982,M-1982-05,Hungary vs El Salvador,4548.0,21:00,T-27,0,1,P-41807,Luis Ramírez Zapata,Luis,Ramírez Zapata,64',64,0,second half,0,0
G-1061,WC-1982,1982 FIFA Men's World Cup,1982,M-1982-05,Hungary vs El Salvador,4548.0,21:00,T-36,1,0,P-53791,László Kiss,László,Kiss,69',69,0,second half,0,0
G-1062,WC-1982,1982 FIFA Men's World Cup,1982,M-1982-05,Hungary vs El Salvador,4548.0,21:00,T-36,1,0,P-34354,Lázár Szentes,Lázár,Szentes,70',70,0,second half,0,0
G-1063,WC-1982,1982 FIFA Men's World Cup,1982,M-1982-05,Hungary vs El Salvador,4548.0,21:00,T-36,1,0,P-53791,László Kiss,László,Kiss,72',72,0,second half,0,0
G-1064,WC-1982,1982 FIFA Men's World Cup,1982,M-1982-05,Hungary vs El Salvador,4548.0,21:00,T-36,1,0,P-53791,László Kiss,László,Kiss,76',76,0,second half,0,0
G-1065,WC-1982,1982 FIFA Men's World Cup,1982,M-1982-05,Hungary vs El Salvador,4548.0,21:00,T-36,1,0,P-34326,Tibor Nyilasi,Tibor,Nyilasi,83',83,0,second half,0,0
G-1066,WC-1982,1982 FIFA Men's World Cup,1982,M-1982-06,Scotland vs New Zealand,4548.0,21:00,T-64,1,0,P-68584,Kenny Dalglish,Kenny,Dalglish,18',18,0,first half,0,0
G-1067,WC-1982,1982 FIFA Men's World Cup,1982,M-1982-06,Scotland vs New Zealand,4548.0,21:00,T-64,1,0,P-11027,John Wark,John,Wark,29',29,0,first half,0,0
G-1068,WC-1982,1982 FIFA Men's World Cup,1982,M-1982-06,Scotland vs New Zealand,4548.0,21:00,T-64,1,0,P-11027,John Wark,John,Wark,32',32,0,first half,0,0
G-1069,WC-1982,1982 FIFA Men's World Cup,1982,M-1982-06,Scotland vs New Zealand,4548.0,21:00,T-49,0,1,P-23450,Steve Sumner,Steve,Sumner,54',54,0,second half,0,0
G-1070,WC-1982,1982 FIFA Men's World Cup,1982,M-1982-06,Scotland vs New Zealand,4548.0,21:00,T-49,0,1,P-50194,Steve Wooddin,Steve,Wooddin,64',64,0,second half,0,0
G-1071,WC-1982,1982 FIFA Men's World Cup,1982,M-1982-06,Scotland vs New Zealand,4548.0,21:00,T-64,1,0,P-96391,John Robertson,John,Robertson,73',73,0,second half,0,0
G-1072,WC-1982,1982 FIFA Men's World Cup,1982,M-1982-06,Scotland vs New Zealand,4548.0,21:00,T-64,1,0,P-56094,Steve Archibald,Steve,Archibald,79',79,0,second half,0,0
G-1073,WC-1982,1982 FIFA Men's World Cup,1982,M-1982-07,West Germany vs Algeria,4549.0,17:15,T-01,0,1,P-45774,Rabah Madjer,Rabah,Madjer,54',54,0,second half,0,0
G-1074,WC-1982,1982 FIFA Men's World Cup,1982,M-1982-07,West Germany vs Algeria,4549.0,17:15,T-86,1,0,P-59574,Karl-Heinz Rummenigge,Karl-Heinz,Rummenigge,67',67,0,second half,0,0
G-1075,WC-1982,1982 FIFA Men's World Cup,1982,M-1982-07,West Germany vs Algeria,4549.0,17:15,T-01,0,1,P-59774,Lakhdar Belloumi,Lakhdar,Belloumi,68',68,0,second half,0,0
G-1076,WC-1982,1982 FIFA Men's World Cup,1982,M-1982-08,England vs France,4549.0,17:15,T-28,1,0,P-02675,Bryan Robson,Bryan,Robson,1',1,0,first half,0,0
G-1077,WC-1982,1982 FIFA Men's World Cup,1982,M-1982-08,England vs France,4549.0,17:15,T-30,0,1,P-06095,Gérard Soler,Gérard,Soler,24',24,0,first half,0,0
G-1078,WC-1982,1982 FIFA Men's World Cup,1982,M-1982-08,England vs France,4549.0,17:15,T-28,1,0,P-02675,Bryan Robson,Bryan,Robson,67',67,0,second half,0,0
G-1079,WC-1982,1982 FIFA Men's World Cup,1982,M-1982-08,England vs France,4549.0,17:15,T-28,1,0,P-83210,Paul Mariner,Paul,Mariner,83',83,0,second half,0,0
G-1080,WC-1982,1982 FIFA Men's World Cup,1982,M-1982-09,Spain vs Honduras,4549.0,21:00,T-35,0,1,P-10770,Héctor Zelaya,Héctor,Zelaya,8',8,0,first half,0,0
G-1081,WC-1982,1982 FIFA Men's World Cup,1982,M-1982-09,Spain vs Honduras,4549.0,21:00,T-73,1,0,P-65283,Roberto López Ufarte,Roberto López,Ufarte,65',65,0,second half,0,1
G-1082,WC-1982,1982 FIFA Men's World Cup,1982,M-1982-10,Chile vs Austria,4550.0,17:15,T-05,0,1,P-99989,Walter Schachner,Walter,Schachner,22',22,0,first half,0,0
G-1083,WC-1982,1982 FIFA Men's World Cup,1982,M-1982-11,Czechoslovakia vs Kuwait,4550.0,17:15,T-21,1,0,P-19209,Antonín Panenka,Antonín,Panenka,21',21,0,first half,0,1
G-1084,WC-1982,1982 FIFA Men's World Cup,1982,M-1982-11,Czechoslovakia vs Kuwait,4550.0,17:15,T-45,0,1,P-33410,Faisal Al-Dakhil,Faisal,Al-Dakhil,57',57,0,second half,0,0
G-1085,WC-1982,1982 FIFA Men's World Cup,1982,M-1982-13,Italy vs Peru,4551.0,17:15,T-41,1,0,P-66365,Bruno Conti,Bruno,Conti,18',18,0,first half,0,0
G-1086,WC-1982,1982 FIFA Men's World Cup,1982,M-1982-13,Italy vs Peru,4551.0,17:15,T-56,0,1,P-93346,Rubén Toribio Díaz,Rubén Toribio,Díaz,83',83,0,second half,0,0
G-1087,WC-1982,1982 FIFA Men's World Cup,1982,M-1982-14,Argentina vs Hungary,4551.0,21:00,T-03,1,0,P-61157,Daniel Bertoni,Daniel,Bertoni,26',26,0,first half,0,0
G-1088,WC-1982,1982 FIFA Men's World Cup,1982,M-1982-14,Argentina vs Hungary,4551.0,21:00,T-03,1,0,P-80404,Diego Maradona,Diego,Maradona,28',28,0,first half,0,0
G-1089,WC-1982,1982 FIFA Men's World Cup,1982,M-1982-14,Argentina vs Hungary,4551.0,21:00,T-03,1,0,P-80404,Diego Maradona,Diego,Maradona,57',57,0,second half,0,0
G-1090,WC-1982,1982 FIFA Men's World Cup,1982,M-1982-14,Argentina vs Hungary,4551.0,21:00,T-03,1,0,P-66254,Osvaldo Ardiles,Osvaldo,Ardiles,60',60,0,second half,0,0
G-1091,WC-1982,1982 FIFA Men's World Cup,1982,M-1982-14,Argentina vs Hungary,4551.0,21:00,T-36,0,1,P-60461,Gábor Pölöskei,Gábor,Pölöskei,76',76,0,second half,0,0
G-1092,WC-1982,1982 FIFA Men's World Cup,1982,M-1982-15,Brazil vs Scotland,4551.0,21:00,T-64,0,1,P-12472,David Narey,David,Narey,18',18,0,first half,0,0
G-1093,WC-1982,1982 FIFA Men's World Cup,1982,M-1982-15,Brazil vs Scotland,4551.0,21:00,T-09,1,0,P-37483,not applicable Zico,not applicable,Zico,33',33,0,first half,0,0
G-1094,WC-1982,1982 FIFA Men's World Cup,1982,M-1982-15,Brazil vs Scotland,4551.0,21:00,T-09,1,0,P-69644,not applicable Oscar,not applicable,Oscar,48',48,0,second half,0,0
G-1095,WC-1982,1982 FIFA Men's World Cup,1982,M-1982-15,Brazil vs Scotland,4551.0,21:00,T-09,1,0,P-39132,not applicable Éder,not applicable,Éder,63',63,0,second half,0,0
G-1096,WC-1982,1982 FIFA Men's World Cup,1982,M-1982-15,Brazil vs Scotland,4551.0,21:00,T-09,1,0,P-35736,not applicable Falcão,not applicable,Falcão,87',87,0,second half,0,0
G-1097,WC-1982,1982 FIFA Men's World Cup,1982,M-1982-17,Belgium vs El Salvador,4552.0,21:00,T-06,1,0,P-94036,Ludo Coeck,Ludo,Coeck,19',19,0,first half,0,0
G-1098,WC-1982,1982 FIFA Men's World Cup,1982,M-1982-18,Soviet Union vs New Zealand,4552.0,21:00,T-72,1,0,P-18718,Yuri Gavrilov,Yuri,Gavrilov,24',24,0,first half,0,0
G-1099,WC-1982,1982 FIFA Men's World Cup,1982,M-1982-18,Soviet Union vs New Zealand,4552.0,21:00,T-72,1,0,P-03282,Oleh Blokhin,Oleh,Blokhin,48',48,0,second half,0,0
G-1100,WC-1982,1982 FIFA Men's World Cup,1982,M-1982-18,Soviet Union vs New Zealand,4552.0,21:00,T-72,1,0,P-47456,Sergei Baltacha,Sergei,Baltacha,68',68,0,second half,0,0
G-1101,WC-1982,1982 FIFA Men's World Cup,1982,M-1982-19,West Germany vs Chile,4553.0,17:15,T-86,1,0,P-59574,Karl-Heinz Rummenigge,Karl-Heinz,Rummenigge,9',9,0,first half,0,0
G-1102,WC-1982,1982 FIFA Men's World Cup,1982,M-1982-19,West Germany vs Chile,4553.0,17:15,T-86,1,0,P-59574,Karl-Heinz Rummenigge,Karl-Heinz,Rummenigge,57',57,0,second half,0,0
G-1103,WC-1982,1982 FIFA Men's World Cup,1982,M-1982-19,West Germany vs Chile,4553.0,17:15,T-86,1,0,P-59574,Karl-Heinz Rummenigge,Karl-Heinz,Rummenigge,66',66,0,second half,0,0
G-1104,WC-1982,1982 FIFA Men's World Cup,1982,M-1982-19,West Germany vs Chile,4553.0,17:15,T-86,1,0,P-40743,Uwe Reinders,Uwe,Reinders,81',81,0,second half,0,0
G-1105,WC-1982,1982 FIFA Men's World Cup,1982,M-1982-19,West Germany vs Chile,4553.0,17:15,T-13,0,1,P-56491,Gustavo Moscoso,Gustavo,Moscoso,90',90,0,second half,0,0
G-1106,WC-1982,1982 FIFA Men's World Cup,1982,M-1982-20,England vs Czechoslovakia,4553.0,17:15,T-28,1,0,P-65224,Trevor Francis,Trevor,Francis,62',62,0,second half,0,0
G-1107,WC-1982,1982 FIFA Men's World Cup,1982,M-1982-20,England vs Czechoslovakia,4553.0,17:15,T-28,1,0,P-55121,Jozef Barmoš,Jozef,Barmoš,66',66,0,second half,1,0
G-1108,WC-1982,1982 FIFA Men's World Cup,1982,M-1982-21,Spain vs Yugoslavia,4553.0,21:00,T-87,0,1,P-96969,Ivan Gudelj,Ivan,Gudelj,10',10,0,first half,0,0
G-1109,WC-1982,1982 FIFA Men's World Cup,1982,M-1982-21,Spain vs Yugoslavia,4553.0,21:00,T-73,1,0,P-03571,not applicable Juanito,not applicable,Juanito,14',14,0,first half,0,1
G-1110,WC-1982,1982 FIFA Men's World Cup,1982,M-1982-21,Spain vs Yugoslavia,4553.0,21:00,T-73,1,0,P-24553,Enrique Saura,Enrique,Saura,66',66,0,second half,0,0
G-1111,WC-1982,1982 FIFA Men's World Cup,1982,M-1982-22,Algeria vs Austria,4554.0,17:15,T-05,0,1,P-99989,Walter Schachner,Walter,Schachner,55',55,0,second half,0,0
G-1112,WC-1982,1982 FIFA Men's World Cup,1982,M-1982-22,Algeria vs Austria,4554.0,17:15,T-05,0,1,P-52271,Hans Krankl,Hans,Krankl,67',67,0,second half,0,0
G-1113,WC-1982,1982 FIFA Men's World Cup,1982,M-1982-23,France vs Kuwait,4554.0,17:15,T-30,1,0,P-05511,Bernard Genghini,Bernard,Genghini,31',31,0,first half,0,0
G-1114,WC-1982,1982 FIFA Men's World Cup,1982,M-1982-23,France vs Kuwait,4554.0,17:15,T-30,1,0,P-08939,Michel Platini,Michel,Platini,43',43,0,first half,0,0
G-1115,WC-1982,1982 FIFA Men's World Cup,1982,M-1982-23,France vs Kuwait,4554.0,17:15,T-30,1,0,P-74565,Didier Six,Didier,Six,48',48,0,second half,0,0
G-1116,WC-1982,1982 FIFA Men's World Cup,1982,M-1982-23,France vs Kuwait,4554.0,17:15,T-45,0,1,P-49203,Abdullah Al-Buloushi,Abdullah,Al-Buloushi,75',75,0,second half,0,0
G-1117,WC-1982,1982 FIFA Men's World Cup,1982,M-1982-23,France vs Kuwait,4554.0,17:15,T-30,1,0,P-03719,Maxime Bossis,Maxime,Bossis,89',89,0,second half,0,0
G-1118,WC-1982,1982 FIFA Men's World Cup,1982,M-1982-24,Honduras vs Northern Ireland,4554.0,21:00,T-52,0,1,P-96985,Gerry Armstrong,Gerry,Armstrong,10',10,0,first half,0,0
G-1119,WC-1982,1982 FIFA Men's World Cup,1982,M-1982-24,Honduras vs Northern Ireland,4554.0,21:00,T-35,1,0,P-17413,Antonio Laing,Antonio,Laing,60',60,0,second half,0,0
G-1120,WC-1982,1982 FIFA Men's World Cup,1982,M-1982-25,Poland vs Peru,4555.0,17:15,T-57,1,0,P-57931,Włodzimierz Smolarek,Włodzimierz,Smolarek,55',55,0,second half,0,0
G-1121,WC-1982,1982 FIFA Men's World Cup,1982,M-1982-25,Poland vs Peru,4555.0,17:15,T-57,1,0,P-21597,Grzegorz Lato,Grzegorz,Lato,58',58,0,second half,0,0
G-1122,WC-1982,1982 FIFA Men's World Cup,1982,M-1982-25,Poland vs Peru,4555.0,17:15,T-57,1,0,P-03652,Zbigniew Boniek,Zbigniew,Boniek,61',61,0,second half,0,0
G-1123,WC-1982,1982 FIFA Men's World Cup,1982,M-1982-25,Poland vs Peru,4555.0,17:15,T-57,1,0,P-40684,Andrzej Buncol,Andrzej,Buncol,68',68,0,second half,0,0
G-1124,WC-1982,1982 FIFA Men's World Cup,1982,M-1982-25,Poland vs Peru,4555.0,17:15,T-57,1,0,P-91411,Włodzimierz Ciołek,Włodzimierz,Ciołek,76',76,0,second half,0,0
G-1125,WC-1982,1982 FIFA Men's World Cup,1982,M-1982-25,Poland vs Peru,4555.0,17:15,T-56,0,1,P-42136,Guillermo La Rosa,Guillermo,La Rosa,83',83,0,second half,0,0
G-1126,WC-1982,1982 FIFA Men's World Cup,1982,M-1982-26,Belgium vs Hungary,4555.0,21:00,T-36,0,1,P-51494,József Varga,József,Varga,27',27,0,first half,0,0
G-1127,WC-1982,1982 FIFA Men's World Cup,1982,M-1982-26,Belgium vs Hungary,4555.0,21:00,T-06,1,0,P-88070,Alexandre Czerniatynski,Alexandre,Czerniatynski,76',76,0,second half,0,0
G-1128,WC-1982,1982 FIFA Men's World Cup,1982,M-1982-27,Soviet Union vs Scotland,4555.0,21:00,T-64,0,1,P-22480,Joe Jordan,Joe,Jordan,15',15,0,first half,0,0
G-1129,WC-1982,1982 FIFA Men's World Cup,1982,M-1982-27,Soviet Union vs Scotland,4555.0,21:00,T-72,1,0,P-66593,Aleksandr Chivadze,Aleksandr,Chivadze,59',59,0,second half,0,0
G-1130,WC-1982,1982 FIFA Men's World Cup,1982,M-1982-27,Soviet Union vs Scotland,4555.0,21:00,T-72,1,0,P-93680,Ramaz Shengelia,Ramaz,Shengelia,84',84,0,second half,0,0
G-1131,WC-1982,1982 FIFA Men's World Cup,1982,M-1982-27,Soviet Union vs Scotland,4555.0,21:00,T-64,0,1,P-91562,Graeme Souness,Graeme,Souness,86',86,0,second half,0,0
G-1132,WC-1982,1982 FIFA Men's World Cup,1982,M-1982-28,Italy vs Cameroon,4556.0,17:15,T-41,1,0,P-16875,Francesco Graziani,Francesco,Graziani,60',60,0,second half,0,0
G-1133,WC-1982,1982 FIFA Men's World Cup,1982,M-1982-28,Italy vs Cameroon,4556.0,17:15,T-11,0,1,P-32771,Grégoire M'Bida,Grégoire,M'Bida,61',61,0,second half,0,0
G-1134,WC-1982,1982 FIFA Men's World Cup,1982,M-1982-29,Argentina vs El Salvador,4556.0,21:00,T-03,1,0,P-80376,Daniel Passarella,Daniel,Passarella,22',22,0,first half,0,1
G-1135,WC-1982,1982 FIFA Men's World Cup,1982,M-1982-29,Argentina vs El Salvador,4556.0,21:00,T-03,1,0,P-61157,Daniel Bertoni,Daniel,Bertoni,54',54,0,second half,0,0
G-1136,WC-1982,1982 FIFA Men's World Cup,1982,M-1982-30,Brazil vs New Zealand,4556.0,21:00,T-09,1,0,P-37483,not applicable Zico,not applicable,Zico,28',28,0,first half,0,0
G-1137,WC-1982,1982 FIFA Men's World Cup,1982,M-1982-30,Brazil vs New Zealand,4556.0,21:00,T-09,1,0,P-37483,not applicable Zico,not applicable,Zico,31',31,0,first half,0,0
G-1138,WC-1982,1982 FIFA Men's World Cup,1982,M-1982-30,Brazil vs New Zealand,4556.0,21:00,T-09,1,0,P-35736,not applicable Falcão,not applicable,Falcão,64',64,0,second half,0,0
G-1139,WC-1982,1982 FIFA Men's World Cup,1982,M-1982-30,Brazil vs New Zealand,4556.0,21:00,T-09,1,0,P-20664,not applicable Serginho,not applicable,Serginho,70',70,0,second half,0,0
G-1140,WC-1982,1982 FIFA Men's World Cup,1982,M-1982-31,Algeria vs Chile,4557.0,17:15,T-01,1,0,P-40338,Salah Assad,Salah,Assad,7',7,0,first half,0,0
G-1141,WC-1982,1982 FIFA Men's World Cup,1982,M-1982-31,Algeria vs Chile,4557.0,17:15,T-01,1,0,P-40338,Salah Assad,Salah,Assad,31',31,0,first half,0,0
G-1142,WC-1982,1982 FIFA Men's World Cup,1982,M-1982-31,Algeria vs Chile,4557.0,17:15,T-01,1,0,P-68346,Tedj Bensaoula,Tedj,Bensaoula,35',35,0,first half,0,0
G-1143,WC-1982,1982 FIFA Men's World Cup,1982,M-1982-31,Algeria vs Chile,4557.0,17:15,T-13,0,1,P-71032,Miguel Ángel Neira,Miguel Ángel,Neira,59',59,0,second half,0,1
G-1144,WC-1982,1982 FIFA Men's World Cup,1982,M-1982-31,Algeria vs Chile,4557.0,17:15,T-13,0,1,P-43905,Juan Carlos Letelier,Juan Carlos,Letelier,73',73,0,second half,0,0
G-1145,WC-1982,1982 FIFA Men's World Cup,1982,M-1982-32,France vs Czechoslovakia,4557.0,17:15,T-30,1,0,P-74565,Didier Six,Didier,Six,66',66,0,second half,0,0
G-1146,WC-1982,1982 FIFA Men's World Cup,1982,M-1982-32,France vs Czechoslovakia,4557.0,17:15,T-21,0,1,P-19209,Antonín Panenka,Antonín,Panenka,84',84,0,second half,0,1
G-1147,WC-1982,1982 FIFA Men's World Cup,1982,M-1982-33,Honduras vs Yugoslavia,4557.0,21:00,T-87,0,1,P-43672,Vladimir Petrović,Vladimir,Petrović,88',88,0,second half,0,1
G-1148,WC-1982,1982 FIFA Men's World Cup,1982,M-1982-34,West Germany vs Austria,4558.0,17:15,T-86,1,0,P-89949,Horst Hrubesch,Horst,Hrubesch,10',10,0,first half,0,0
G-1149,WC-1982,1982 FIFA Men's World Cup,1982,M-1982-35,England vs Kuwait,4558.0,17:15,T-28,1,0,P-65224,Trevor Francis,Trevor,Francis,27',27,0,first half,0,0
G-1150,WC-1982,1982 FIFA Men's World Cup,1982,M-1982-36,Spain vs Northern Ireland,4558.0,21:00,T-52,0,1,P-96985,Gerry Armstrong,Gerry,Armstrong,47',47,0,second half,0,0
G-1151,WC-1982,1982 FIFA Men's World Cup,1982,M-1982-37,Austria vs France,4561.0,17:15,T-30,0,1,P-05511,Bernard Genghini,Bernard,Genghini,39',39,0,first half,0,0
G-1152,WC-1982,1982 FIFA Men's World Cup,1982,M-1982-38,Poland vs Belgium,4561.0,21:00,T-57,1,0,P-03652,Zbigniew Boniek,Zbigniew,Boniek,4',4,0,first half,0,0
G-1153,WC-1982,1982 FIFA Men's World Cup,1982,M-1982-38,Poland vs Belgium,4561.0,21:00,T-57,1,0,P-03652,Zbigniew Boniek,Zbigniew,Boniek,26',26,0,first half,0,0
G-1154,WC-1982,1982 FIFA Men's World Cup,1982,M-1982-38,Poland vs Belgium,4561.0,21:00,T-57,1,0,P-03652,Zbigniew Boniek,Zbigniew,Boniek,53',53,0,second half,0,0
G-1155,WC-1982,1982 FIFA Men's World Cup,1982,M-1982-39,Italy vs Argentina,4562.0,17:15,T-41,1,0,P-93788,Marco Tardelli,Marco,Tardelli,57',57,0,second half,0,0
G-1156,WC-1982,1982 FIFA Men's World Cup,1982,M-1982-39,Italy vs Argentina,4562.0,17:15,T-41,1,0,P-03775,Antonio Cabrini,Antonio,Cabrini,67',67,0,second half,0,0
G-1157,WC-1982,1982 FIFA Men's World Cup,1982,M-1982-39,Italy vs Argentina,4562.0,17:15,T-03,0,1,P-80376,Daniel Passarella,Daniel,Passarella,83',83,0,second half,0,0
G-1158,WC-1982,1982 FIFA Men's World Cup,1982,M-1982-41,Austria vs Northern Ireland,4564.0,17:15,T-52,0,1,P-76882,Billy Hamilton,Billy,Hamilton,27',27,0,first half,0,0
G-1159,WC-1982,1982 FIFA Men's World Cup,1982,M-1982-41,Austria vs Northern Ireland,4564.0,17:15,T-05,1,0,P-92720,Bruno Pezzey,Bruno,Pezzey,50',50,0,second half,0,0
G-1160,WC-1982,1982 FIFA Men's World Cup,1982,M-1982-41,Austria vs Northern Ireland,4564.0,17:15,T-05,1,0,P-43037,Reinhold Hintermaier,Reinhold,Hintermaier,68',68,0,second half,0,0
G-1161,WC-1982,1982 FIFA Men's World Cup,1982,M-1982-41,Austria vs Northern Ireland,4564.0,17:15,T-52,0,1,P-76882,Billy Hamilton,Billy,Hamilton,75',75,0,second half,0,0
G-1162,WC-1982,1982 FIFA Men's World Cup,1982,M-1982-42,Belgium vs Soviet Union,4564.0,21:00,T-72,0,1,P-13514,Khoren Hovhannisyan,Khoren,Hovhannisyan,48',48,0,second half,0,0
G-1163,WC-1982,1982 FIFA Men's World Cup,1982,M-1982-43,Argentina vs Brazil,4565.0,17:15,T-09,0,1,P-37483,not applicable Zico,not applicable,Zico,11',11,0,first half,0,0
G-1164,WC-1982,1982 FIFA Men's World Cup,1982,M-1982-43,Argentina vs Brazil,4565.0,17:15,T-09,0,1,P-20664,not applicable Serginho,not applicable,Serginho,66',66,0,second half,0,0
G-1165,WC-1982,1982 FIFA Men's World Cup,1982,M-1982-43,Argentina vs Brazil,4565.0,17:15,T-09,0,1,P-83096,not applicable Júnior,not applicable,Júnior,75',75,0,second half,0,0
G-1166,WC-1982,1982 FIFA Men's World Cup,1982,M-1982-43,Argentina vs Brazil,4565.0,17:15,T-03,1,0,P-78111,Ramón Díaz,Ramón,Díaz,89',89,0,second half,0,0
G-1167,WC-1982,1982 FIFA Men's World Cup,1982,M-1982-44,West Germany vs Spain,4565.0,21:00,T-86,1,0,P-89975,Pierre Littbarski,Pierre,Littbarski,50',50,0,second half,0,0
G-1168,WC-1982,1982 FIFA Men's World Cup,1982,M-1982-44,West Germany vs Spain,4565.0,21:00,T-86,1,0,P-52461,Klaus Fischer,Klaus,Fischer,75',75,0,second half,0,0
G-1169,WC-1982,1982 FIFA Men's World Cup,1982,M-1982-44,West Germany vs Spain,4565.0,21:00,T-73,0,1,P-92317,Jesús María Zamora,Jesús María,Zamora,82',82,0,second half,0,0
G-1170,WC-1982,1982 FIFA Men's World Cup,1982,M-1982-45,France vs Northern Ireland,4567.0,17:15,T-30,1,0,P-79617,Alain Giresse,Alain,Giresse,33',33,0,first half,0,0
G-1171,WC-1982,1982 FIFA Men's World Cup,1982,M-1982-45,France vs Northern Ireland,4567.0,17:15,T-30,1,0,P-99991,Dominique Rocheteau,Dominique,Rocheteau,46',46,0,second half,0,0
G-1172,WC-1982,1982 FIFA Men's World Cup,1982,M-1982-45,France vs Northern Ireland,4567.0,17:15,T-30,1,0,P-99991,Dominique Rocheteau,Dominique,Rocheteau,68',68,0,second half,0,0
G-1173,WC-1982,1982 FIFA Men's World Cup,1982,M-1982-45,France vs Northern Ireland,4567.0,17:15,T-52,0,1,P-96985,Gerry Armstrong,Gerry,Armstrong,75',75,0,second half,0,0
G-1174,WC-1982,1982 FIFA Men's World Cup,1982,M-1982-45,France vs Northern Ireland,4567.0,17:15,T-30,1,0,P-79617,Alain Giresse,Alain,Giresse,80',80,0,second half,0,0
G-1175,WC-1982,1982 FIFA Men's World Cup,1982,M-1982-47,Italy vs Brazil,4568.0,17:15,T-41,1,0,P-91717,Paolo Rossi,Paolo,Rossi,5',5,0,first half,0,0
G-1176,WC-1982,1982 FIFA Men's World Cup,1982,M-1982-47,Italy vs Brazil,4568.0,17:15,T-09,0,1,P-78605,not applicable Sócrates,not applicable,Sócrates,12',12,0,first half,0,0
G-1177,WC-1982,1982 FIFA Men's World Cup,1982,M-1982-47,Italy vs Brazil,4568.0,17:15,T-41,1,0,P-91717,Paolo Rossi,Paolo,Rossi,25',25,0,first half,0,0
G-1178,WC-1982,1982 FIFA Men's World Cup,1982,M-1982-47,Italy vs Brazil,4568.0,17:15,T-09,0,1,P-35736,not applicable Falcão,not applicable,Falcão,68',68,0,second half,0,0
G-1179,WC-1982,1982 FIFA Men's World Cup,1982,M-1982-47,Italy vs Brazil,4568.0,17:15,T-41,1,0,P-91717,Paolo Rossi,Paolo,Rossi,74',74,0,second half,0,0
G-1180,WC-1982,1982 FIFA Men's World Cup,1982,M-1982-49,Poland vs Italy,4571.0,17:15,T-41,0,1,P-91717,Paolo Rossi,Paolo,Rossi,22',22,0,first half,0,0
G-1181,WC-1982,1982 FIFA Men's World Cup,1982,M-1982-49,Poland vs Italy,4571.0,17:15,T-41,0,1,P-91717,Paolo Rossi,Paolo,Rossi,73',73,0,second half,0,0
G-1182,WC-1982,1982 FIFA Men's World Cup,1982,M-1982-50,West Germany vs France,4571.0,21:00,T-86,1,0,P-89975,Pierre Littbarski,Pierre,Littbarski,17',17,0,first half,0,0
G-1183,WC-1982,1982 FIFA Men's World Cup,1982,M-1982-50,West Germany vs France,4571.0,21:00,T-30,0,1,P-08939,Michel Platini,Michel,Platini,26',26,0,first half,0,1
G-1184,WC-1982,1982 FIFA Men's World Cup,1982,M-1982-50,West Germany vs France,4571.0,21:00,T-30,0,1,P-54040,Marius Trésor,Marius,Trésor,92',92,0,"extra time, first half",0,0
G-1185,WC-1982,1982 FIFA Men's World Cup,1982,M-1982-50,West Germany vs France,4571.0,21:00,T-30,0,1,P-79617,Alain Giresse,Alain,Giresse,98',98,0,"extra time, first half",0,0
G-1186,WC-1982,1982 FIFA Men's World Cup,1982,M-1982-50,West Germany vs France,4571.0,21:00,T-86,1,0,P-59574,Karl-Heinz Rummenigge,Karl-Heinz,Rummenigge,102',102,0,"extra time, first half",0,0
G-1187,WC-1982,1982 FIFA Men's World Cup,1982,M-1982-50,West Germany vs France,4571.0,21:00,T-86,1,0,P-52461,Klaus Fischer,Klaus,Fischer,108',108,0,"extra time, second half",0,0
G-1188,WC-1982,1982 FIFA Men's World Cup,1982,M-1982-51,Poland vs France,4573.0,20:00,T-30,0,1,P-32542,René Girard,René,Girard,13',13,0,first half,0,0
G-1189,WC-1982,1982 FIFA Men's World Cup,1982,M-1982-51,Poland vs France,4573.0,20:00,T-57,1,0,P-92867,Andrzej Szarmach,Andrzej,Szarmach,40',40,0,first half,0,0
G-1190,WC-1982,1982 FIFA Men's World Cup,1982,M-1982-51,Poland vs France,4573.0,20:00,T-57,1,0,P-01165,Stefan Majewski,Stefan,Majewski,44',44,0,first half,0,0
G-1191,WC-1982,1982 FIFA Men's World Cup,1982,M-1982-51,Poland vs France,4573.0,20:00,T-57,1,0,P-15890,Janusz Kupcewicz,Janusz,Kupcewicz,46',46,0,second half,0,0
G-1192,WC-1982,1982 FIFA Men's World Cup,1982,M-1982-51,Poland vs France,4573.0,20:00,T-30,0,1,P-13150,Alain Couriol,Alain,Couriol,72',72,0,second half,0,0
G-1193,WC-1982,1982 FIFA Men's World Cup,1982,M-1982-52,Italy vs West Germany,4574.0,20:00,T-41,1,0,P-91717,Paolo Rossi,Paolo,Rossi,57',57,0,second half,0,0
G-1194,WC-1982,1982 FIFA Men's World Cup,1982,M-1982-52,Italy vs West Germany,4574.0,20:00,T-41,1,0,P-93788,Marco Tardelli,Marco,Tardelli,69',69,0,second half,0,0
G-1195,WC-1982,1982 FIFA Men's World Cup,1982,M-1982-52,Italy vs West Germany,4574.0,20:00,T-41,1,0,P-46574,Alessandro Altobelli,Alessandro,Altobelli,81',81,0,second half,0,0
G-1196,WC-1982,1982 FIFA Men's World Cup,1982,M-1982-52,Italy vs West Germany,4574.0,20:00,T-86,0,1,P-48686,Paul Breitner,Paul,Breitner,83',83,0,second half,0,0
G-1197,WC-1986,1986 FIFA Men's World Cup,1986,M-1986-01,Bulgaria vs Italy,5994.0,12:00,T-41,0,1,P-46574,Alessandro Altobelli,Alessandro,Altobelli,44',44,0,first half,0,0
G-1198,WC-1986,1986 FIFA Men's World Cup,1986,M-1986-01,Bulgaria vs Italy,5994.0,12:00,T-10,1,0,P-05061,Nasko Sirakov,Nasko,Sirakov,85',85,0,second half,0,0
G-1199,WC-1986,1986 FIFA Men's World Cup,1986,M-1986-02,Spain vs Brazil,5995.0,12:00,T-09,0,1,P-78605,not applicable Sócrates,not applicable,Sócrates,62',62,0,second half,0,0
G-1200,WC-1986,1986 FIFA Men's World Cup,1986,M-1986-03,Canada vs France,5995.0,16:00,T-30,0,1,P-31235,Jean-Pierre Papin,Jean-Pierre,Papin,79',79,0,second half,0,0
G-1201,WC-1986,1986 FIFA Men's World Cup,1986,M-1986-04,Argentina vs South Korea,5996.0,12:00,T-03,1,0,P-02464,Jorge Valdano,Jorge,Valdano,6',6,0,first half,0,0
G-1202,WC-1986,1986 FIFA Men's World Cup,1986,M-1986-04,Argentina vs South Korea,5996.0,12:00,T-03,1,0,P-79080,Oscar Ruggeri,Oscar,Ruggeri,18',18,0,first half,0,0
G-1203,WC-1986,1986 FIFA Men's World Cup,1986,M-1986-04,Argentina vs South Korea,5996.0,12:00,T-03,1,0,P-02464,Jorge Valdano,Jorge,Valdano,46',46,0,second half,0,0
G-1204,WC-1986,1986 FIFA Men's World Cup,1986,M-1986-04,Argentina vs South Korea,5996.0,12:00,T-71,0,1,P-99813,Chang-sun Park,Chang-sun,Park,73',73,0,second half,0,0
G-1205,WC-1986,1986 FIFA Men's World Cup,1986,M-1986-05,Soviet Union vs Hungary,5996.0,12:00,T-72,1,0,P-33328,Pavel Yakovenko,Pavel,Yakovenko,2',2,0,first half,0,0
G-1206,WC-1986,1986 FIFA Men's World Cup,1986,M-1986-05,Soviet Union vs Hungary,5996.0,12:00,T-72,1,0,P-86677,Sergei Aleinikov,Sergei,Aleinikov,4',4,0,first half,0,0
G-1207,WC-1986,1986 FIFA Men's World Cup,1986,M-1986-05,Soviet Union vs Hungary,5996.0,12:00,T-72,1,0,P-10855,Ihor Belanov,Ihor,Belanov,24',24,0,first half,0,1
G-1208,WC-1986,1986 FIFA Men's World Cup,1986,M-1986-05,Soviet Union vs Hungary,5996.0,12:00,T-72,1,0,P-34497,Ivan Yaremchuk,Ivan,Yaremchuk,66',66,0,second half,0,0
G-1209,WC-1986,1986 FIFA Men's World Cup,1986,M-1986-05,Soviet Union vs Hungary,5996.0,12:00,T-72,1,0,P-52793,László Dajka,László,Dajka,73',73,0,second half,1,0
G-1210,WC-1986,1986 FIFA Men's World Cup,1986,M-1986-05,Soviet Union vs Hungary,5996.0,12:00,T-72,1,0,P-05562,Sergey Rodionov,Sergey,Rodionov,80',80,0,second half,0,0
G-1211,WC-1986,1986 FIFA Men's World Cup,1986,M-1986-07,Belgium vs Mexico,5997.0,12:00,T-46,0,1,P-28996,Fernando Quirarte,Fernando,Quirarte,23',23,0,first half,0,0
G-1212,WC-1986,1986 FIFA Men's World Cup,1986,M-1986-07,Belgium vs Mexico,5997.0,12:00,T-46,0,1,P-26316,Hugo Sánchez,Hugo,Sánchez,39',39,0,first half,0,0
G-1213,WC-1986,1986 FIFA Men's World Cup,1986,M-1986-07,Belgium vs Mexico,5997.0,12:00,T-06,1,0,P-06736,Erwin Vandenbergh,Erwin,Vandenbergh,45',45,0,first half,0,0
G-1214,WC-1986,1986 FIFA Men's World Cup,1986,M-1986-08,Algeria vs Northern Ireland,5997.0,12:00,T-52,0,1,P-62599,Norman Whiteside,Norman,Whiteside,6',6,0,first half,0,0
G-1215,WC-1986,1986 FIFA Men's World Cup,1986,M-1986-08,Algeria vs Northern Ireland,5997.0,12:00,T-01,1,0,P-42885,Djamel Zidane,Djamel,Zidane,59',59,0,second half,0,0
G-1216,WC-1986,1986 FIFA Men's World Cup,1986,M-1986-09,Portugal vs England,5997.0,16:00,T-58,1,0,P-81444,Carlos Manuel,Carlos,Manuel,75',75,0,second half,0,0
G-1217,WC-1986,1986 FIFA Men's World Cup,1986,M-1986-10,Paraguay vs Iraq,5998.0,12:00,T-55,1,0,P-73704,Julio César Romero,Julio César,Romero,35',35,0,first half,0,0
G-1218,WC-1986,1986 FIFA Men's World Cup,1986,M-1986-11,Uruguay vs West Germany,5998.0,12:00,T-84,1,0,P-68463,Antonio Alzamendi,Antonio,Alzamendi,4',4,0,first half,0,0
G-1219,WC-1986,1986 FIFA Men's World Cup,1986,M-1986-11,Uruguay vs West Germany,5998.0,12:00,T-86,0,1,P-95392,Klaus Allofs,Klaus,Allofs,84',84,0,second half,0,0
G-1220,WC-1986,1986 FIFA Men's World Cup,1986,M-1986-12,Scotland vs Denmark,5998.0,16:00,T-22,0,1,P-36502,Preben Elkjær,Preben,Elkjær,57',57,0,second half,0,0
G-1221,WC-1986,1986 FIFA Men's World Cup,1986,M-1986-13,Italy vs Argentina,5999.0,12:00,T-41,1,0,P-46574,Alessandro Altobelli,Alessandro,Altobelli,6',6,0,first half,0,1
G-1222,WC-1986,1986 FIFA Men's World Cup,1986,M-1986-13,Italy vs Argentina,5999.0,12:00,T-03,0,1,P-80404,Diego Maradona,Diego,Maradona,34',34,0,first half,0,0
G-1223,WC-1986,1986 FIFA Men's World Cup,1986,M-1986-14,France vs Soviet Union,5999.0,12:00,T-72,0,1,P-16126,Vasyl Rats,Vasyl,Rats,53',53,0,second half,0,0
G-1224,WC-1986,1986 FIFA Men's World Cup,1986,M-1986-14,France vs Soviet Union,5999.0,12:00,T-30,1,0,P-00643,Luis Fernández,Luis,Fernández,62',62,0,second half,0,0
G-1225,WC-1986,1986 FIFA Men's World Cup,1986,M-1986-15,South Korea vs Bulgaria,5999.0,16:00,T-10,0,1,P-76141,Plamen Getov,Plamen,Getov,11',11,0,first half,0,0
G-1226,WC-1986,1986 FIFA Men's World Cup,1986,M-1986-15,South Korea vs Bulgaria,5999.0,16:00,T-71,1,0,P-19309,Jong-boo Kim,Jong-boo,Kim,70',70,0,second half,0,0
G-1227,WC-1986,1986 FIFA Men's World Cup,1986,M-1986-16,Hungary vs Canada,6000.0,12:00,T-36,1,0,P-06745,Márton Esterházy,Márton,Esterházy,2',2,0,first half,0,0
G-1228,WC-1986,1986 FIFA Men's World Cup,1986,M-1986-16,Hungary vs Canada,6000.0,12:00,T-36,1,0,P-88653,Lajos Détári,Lajos,Détári,75',75,0,second half,0,0
G-1229,WC-1986,1986 FIFA Men's World Cup,1986,M-1986-17,Brazil vs Algeria,6000.0,12:00,T-09,1,0,P-90635,not applicable Careca,not applicable,Careca,66',66,0,second half,0,0
G-1230,WC-1986,1986 FIFA Men's World Cup,1986,M-1986-19,Mexico vs Paraguay,6001.0,12:00,T-46,1,0,P-85837,Luis Flores,Luis,Flores,3',3,0,first half,0,0
G-1231,WC-1986,1986 FIFA Men's World Cup,1986,M-1986-19,Mexico vs Paraguay,6001.0,12:00,T-55,0,1,P-73704,Julio César Romero,Julio César,Romero,85',85,0,second half,0,0
G-1232,WC-1986,1986 FIFA Men's World Cup,1986,M-1986-20,Northern Ireland vs Spain,6001.0,12:00,T-73,0,1,P-12940,Emilio Butragueño,Emilio,Butragueño,1',1,0,first half,0,0
G-1233,WC-1986,1986 FIFA Men's World Cup,1986,M-1986-20,Northern Ireland vs Spain,6001.0,12:00,T-73,0,1,P-18314,Julio Salinas,Julio,Salinas,18',18,0,first half,0,0
G-1234,WC-1986,1986 FIFA Men's World Cup,1986,M-1986-20,Northern Ireland vs Spain,6001.0,12:00,T-52,1,0,P-74529,Colin Clarke,Colin,Clarke,46',46,0,second half,0,0
G-1235,WC-1986,1986 FIFA Men's World Cup,1986,M-1986-21,Poland vs Portugal,6001.0,16:00,T-57,1,0,P-57931,Włodzimierz Smolarek,Włodzimierz,Smolarek,68',68,0,second half,0,0
G-1236,WC-1986,1986 FIFA Men's World Cup,1986,M-1986-22,Iraq vs Belgium,6002.0,12:00,T-06,0,1,P-97414,Enzo Scifo,Enzo,Scifo,16',16,0,first half,0,0
G-1237,WC-1986,1986 FIFA Men's World Cup,1986,M-1986-22,Iraq vs Belgium,6002.0,12:00,T-06,0,1,P-47038,Nico Claesen,Nico,Claesen,21',21,0,first half,0,1
G-1238,WC-1986,1986 FIFA Men's World Cup,1986,M-1986-22,Iraq vs Belgium,6002.0,12:00,T-39,1,0,P-37600,Ahmed Radhi,Ahmed,Radhi,59',59,0,second half,0,0
G-1239,WC-1986,1986 FIFA Men's World Cup,1986,M-1986-23,West Germany vs Scotland,6002.0,12:00,T-64,0,1,P-46604,Gordon Strachan,Gordon,Strachan,18',18,0,first half,0,0
G-1240,WC-1986,1986 FIFA Men's World Cup,1986,M-1986-23,West Germany vs Scotland,6002.0,12:00,T-86,1,0,P-04572,Rudi Völler,Rudi,Völler,23',23,0,first half,0,0
G-1241,WC-1986,1986 FIFA Men's World Cup,1986,M-1986-23,West Germany vs Scotland,6002.0,12:00,T-86,1,0,P-95392,Klaus Allofs,Klaus,Allofs,49',49,0,second half,0,0
G-1242,WC-1986,1986 FIFA Men's World Cup,1986,M-1986-24,Denmark vs Uruguay,6002.0,16:00,T-22,1,0,P-36502,Preben Elkjær,Preben,Elkjær,11',11,0,first half,0,0
G-1243,WC-1986,1986 FIFA Men's World Cup,1986,M-1986-24,Denmark vs Uruguay,6002.0,16:00,T-22,1,0,P-92595,Søren Lerby,Søren,Lerby,41',41,0,first half,0,0
G-1244,WC-1986,1986 FIFA Men's World Cup,1986,M-1986-24,Denmark vs Uruguay,6002.0,16:00,T-84,0,1,P-36582,Enzo Francescoli,Enzo,Francescoli,45',45,0,first half,0,1
G-1245,WC-1986,1986 FIFA Men's World Cup,1986,M-1986-24,Denmark vs Uruguay,6002.0,16:00,T-22,1,0,P-56788,Michael Laudrup,Michael,Laudrup,52',52,0,second half,0,0
G-1246,WC-1986,1986 FIFA Men's World Cup,1986,M-1986-24,Denmark vs Uruguay,6002.0,16:00,T-22,1,0,P-36502,Preben Elkjær,Preben,Elkjær,67',67,0,second half,0,0
G-1247,WC-1986,1986 FIFA Men's World Cup,1986,M-1986-24,Denmark vs Uruguay,6002.0,16:00,T-22,1,0,P-36502,Preben Elkjær,Preben,Elkjær,80',80,0,second half,0,0
G-1248,WC-1986,1986 FIFA Men's World Cup,1986,M-1986-24,Denmark vs Uruguay,6002.0,16:00,T-22,1,0,P-21213,Jesper Olsen,Jesper,Olsen,88',88,0,second half,0,0
G-1249,WC-1986,1986 FIFA Men's World Cup,1986,M-1986-25,Hungary vs France,6003.0,12:00,T-30,0,1,P-22982,Yannick Stopyra,Yannick,Stopyra,29',29,0,first half,0,0
G-1250,WC-1986,1986 FIFA Men's World Cup,1986,M-1986-25,Hungary vs France,6003.0,12:00,T-30,0,1,P-76592,Jean Tigana,Jean,Tigana,62',62,0,second half,0,0
G-1251,WC-1986,1986 FIFA Men's World Cup,1986,M-1986-25,Hungary vs France,6003.0,12:00,T-30,0,1,P-99991,Dominique Rocheteau,Dominique,Rocheteau,84',84,0,second half,0,0
G-1252,WC-1986,1986 FIFA Men's World Cup,1986,M-1986-26,Soviet Union vs Canada,6003.0,12:00,T-72,1,0,P-03282,Oleh Blokhin,Oleh,Blokhin,58',58,0,second half,0,0
G-1253,WC-1986,1986 FIFA Men's World Cup,1986,M-1986-26,Soviet Union vs Canada,6003.0,12:00,T-72,1,0,P-27906,Oleksandr Zavarov,Oleksandr,Zavarov,74',74,0,second half,0,0
G-1254,WC-1986,1986 FIFA Men's World Cup,1986,M-1986-27,Argentina vs Bulgaria,6004.0,12:00,T-03,1,0,P-02464,Jorge Valdano,Jorge,Valdano,4',4,0,first half,0,0
G-1255,WC-1986,1986 FIFA Men's World Cup,1986,M-1986-27,Argentina vs Bulgaria,6004.0,12:00,T-03,1,0,P-95267,Jorge Burruchaga,Jorge,Burruchaga,77',77,0,second half,0,0
G-1256,WC-1986,1986 FIFA Men's World Cup,1986,M-1986-28,South Korea vs Italy,6004.0,12:00,T-41,0,1,P-46574,Alessandro Altobelli,Alessandro,Altobelli,17',17,0,first half,0,0
G-1257,WC-1986,1986 FIFA Men's World Cup,1986,M-1986-28,South Korea vs Italy,6004.0,12:00,T-71,1,0,P-51349,Soon-ho Choi,Soon-ho,Choi,62',62,0,second half,0,0
G-1258,WC-1986,1986 FIFA Men's World Cup,1986,M-1986-28,South Korea vs Italy,6004.0,12:00,T-41,0,1,P-46574,Alessandro Altobelli,Alessandro,Altobelli,73',73,0,second half,0,0
G-1259,WC-1986,1986 FIFA Men's World Cup,1986,M-1986-28,South Korea vs Italy,6004.0,12:00,T-41,0,1,P-45849,Kwang-rae Cho,Kwang-rae,Cho,82',82,0,second half,1,0
G-1260,WC-1986,1986 FIFA Men's World Cup,1986,M-1986-28,South Korea vs Italy,6004.0,12:00,T-71,1,0,P-64475,Jung-moo Huh,Jung-moo,Huh,83',83,0,second half,0,0
G-1261,WC-1986,1986 FIFA Men's World Cup,1986,M-1986-29,Iraq vs Mexico,6005.0,12:00,T-46,0,1,P-28996,Fernando Quirarte,Fernando,Quirarte,54',54,0,second half,0,0
G-1262,WC-1986,1986 FIFA Men's World Cup,1986,M-1986-30,Paraguay vs Belgium,6005.0,12:00,T-06,0,1,P-26401,Franky Vercauteren,Franky,Vercauteren,30',30,0,first half,0,0
G-1263,WC-1986,1986 FIFA Men's World Cup,1986,M-1986-30,Paraguay vs Belgium,6005.0,12:00,T-55,1,0,P-29440,Roberto Cabañas,Roberto,Cabañas,50',50,0,second half,0,0
G-1264,WC-1986,1986 FIFA Men's World Cup,1986,M-1986-30,Paraguay vs Belgium,6005.0,12:00,T-06,0,1,P-24703,Daniel Veyt,Daniel,Veyt,59',59,0,second half,0,0
G-1265,WC-1986,1986 FIFA Men's World Cup,1986,M-1986-30,Paraguay vs Belgium,6005.0,12:00,T-55,1,0,P-29440,Roberto Cabañas,Roberto,Cabañas,76',76,0,second half,0,0
G-1266,WC-1986,1986 FIFA Men's World Cup,1986,M-1986-31,England vs Poland,6005.0,16:00,T-28,1,0,P-36651,Gary Lineker,Gary,Lineker,9',9,0,first half,0,0
G-1267,WC-1986,1986 FIFA Men's World Cup,1986,M-1986-31,England vs Poland,6005.0,16:00,T-28,1,0,P-36651,Gary Lineker,Gary,Lineker,14',14,0,first half,0,0
G-1268,WC-1986,1986 FIFA Men's World Cup,1986,M-1986-31,England vs Poland,6005.0,16:00,T-28,1,0,P-36651,Gary Lineker,Gary,Lineker,34',34,0,first half,0,0
G-1269,WC-1986,1986 FIFA Men's World Cup,1986,M-1986-32,Portugal vs Morocco,6005.0,16:00,T-47,0,1,P-21024,Abderrazak Khairi,Abderrazak,Khairi,19',19,0,first half,0,0
G-1270,WC-1986,1986 FIFA Men's World Cup,1986,M-1986-32,Portugal vs Morocco,6005.0,16:00,T-47,0,1,P-21024,Abderrazak Khairi,Abderrazak,Khairi,26',26,0,first half,0,0
G-1271,WC-1986,1986 FIFA Men's World Cup,1986,M-1986-32,Portugal vs Morocco,6005.0,16:00,T-47,0,1,P-32922,Abdelkrim Merry,Abdelkrim,Merry,62',62,0,second half,0,0
G-1272,WC-1986,1986 FIFA Men's World Cup,1986,M-1986-32,Portugal vs Morocco,6005.0,16:00,T-58,1,0,P-88661,not applicable Diamantino,not applicable,Diamantino,80',80,0,second half,0,0
G-1273,WC-1986,1986 FIFA Men's World Cup,1986,M-1986-33,Algeria vs Spain,6006.0,12:00,T-73,0,1,P-14296,Ramón Calderé,Ramón,Calderé,15',15,0,first half,0,0
G-1274,WC-1986,1986 FIFA Men's World Cup,1986,M-1986-33,Algeria vs Spain,6006.0,12:00,T-73,0,1,P-14296,Ramón Calderé,Ramón,Calderé,68',68,0,second half,0,0
G-1275,WC-1986,1986 FIFA Men's World Cup,1986,M-1986-33,Algeria vs Spain,6006.0,12:00,T-73,0,1,P-74307,not applicable Eloy,not applicable,Eloy,70',70,0,second half,0,0
G-1276,WC-1986,1986 FIFA Men's World Cup,1986,M-1986-34,Northern Ireland vs Brazil,6006.0,12:00,T-09,0,1,P-90635,not applicable Careca,not applicable,Careca,15',15,0,first half,0,0
G-1277,WC-1986,1986 FIFA Men's World Cup,1986,M-1986-34,Northern Ireland vs Brazil,6006.0,12:00,T-09,0,1,P-79755,not applicable Josimar,not applicable,Josimar,42',42,0,first half,0,0
G-1278,WC-1986,1986 FIFA Men's World Cup,1986,M-1986-34,Northern Ireland vs Brazil,6006.0,12:00,T-09,0,1,P-90635,not applicable Careca,not applicable,Careca,87',87,0,second half,0,0
G-1279,WC-1986,1986 FIFA Men's World Cup,1986,M-1986-35,Denmark vs West Germany,6007.0,12:00,T-22,1,0,P-21213,Jesper Olsen,Jesper,Olsen,43',43,0,first half,0,1
G-1280,WC-1986,1986 FIFA Men's World Cup,1986,M-1986-35,Denmark vs West Germany,6007.0,12:00,T-22,1,0,P-92292,John Eriksen,John,Eriksen,62',62,0,second half,0,0
G-1281,WC-1986,1986 FIFA Men's World Cup,1986,M-1986-37,Mexico vs Bulgaria,6009.0,12:00,T-46,1,0,P-66199,Manuel Negrete,Manuel,Negrete,34',34,0,first half,0,0
G-1282,WC-1986,1986 FIFA Men's World Cup,1986,M-1986-37,Mexico vs Bulgaria,6009.0,12:00,T-46,1,0,P-89412,Raúl Servín,Raúl,Servín,61',61,0,second half,0,0
G-1283,WC-1986,1986 FIFA Men's World Cup,1986,M-1986-38,Soviet Union vs Belgium,6009.0,16:00,T-72,1,0,P-10855,Ihor Belanov,Ihor,Belanov,27',27,0,first half,0,0
G-1284,WC-1986,1986 FIFA Men's World Cup,1986,M-1986-38,Soviet Union vs Belgium,6009.0,16:00,T-06,0,1,P-97414,Enzo Scifo,Enzo,Scifo,56',56,0,second half,0,0
G-1285,WC-1986,1986 FIFA Men's World Cup,1986,M-1986-38,Soviet Union vs Belgium,6009.0,16:00,T-72,1,0,P-10855,Ihor Belanov,Ihor,Belanov,70',70,0,second half,0,0
G-1286,WC-1986,1986 FIFA Men's World Cup,1986,M-1986-38,Soviet Union vs Belgium,6009.0,16:00,T-06,0,1,P-25456,Jan Ceulemans,Jan,Ceulemans,77',77,0,second half,0,0
G-1287,WC-1986,1986 FIFA Men's World Cup,1986,M-1986-38,Soviet Union vs Belgium,6009.0,16:00,T-06,0,1,P-95299,Stéphane Demol,Stéphane,Demol,102',102,0,"extra time, first half",0,0
G-1288,WC-1986,1986 FIFA Men's World Cup,1986,M-1986-38,Soviet Union vs Belgium,6009.0,16:00,T-06,0,1,P-47038,Nico Claesen,Nico,Claesen,110',110,0,"extra time, second half",0,0
G-1289,WC-1986,1986 FIFA Men's World Cup,1986,M-1986-38,Soviet Union vs Belgium,6009.0,16:00,T-72,1,0,P-10855,Ihor Belanov,Ihor,Belanov,111',111,0,"extra time, second half",0,1
G-1290,WC-1986,1986 FIFA Men's World Cup,1986,M-1986-39,Brazil vs Poland,6010.0,12:00,T-09,1,0,P-78605,not applicable Sócrates,not applicable,Sócrates,30',30,0,first half,0,1
G-1291,WC-1986,1986 FIFA Men's World Cup,1986,M-1986-39,Brazil vs Poland,6010.0,12:00,T-09,1,0,P-79755,not applicable Josimar,not applicable,Josimar,55',55,0,second half,0,0
G-1292,WC-1986,1986 FIFA Men's World Cup,1986,M-1986-39,Brazil vs Poland,6010.0,12:00,T-09,1,0,P-12950,not applicable Edinho,not applicable,Edinho,79',79,0,second half,0,0
G-1293,WC-1986,1986 FIFA Men's World Cup,1986,M-1986-39,Brazil vs Poland,6010.0,12:00,T-09,1,0,P-90635,not applicable Careca,not applicable,Careca,83',83,0,second half,0,1
G-1294,WC-1986,1986 FIFA Men's World Cup,1986,M-1986-40,Argentina vs Uruguay,6010.0,16:00,T-03,1,0,P-12666,Pedro Pasculli,Pedro,Pasculli,42',42,0,first half,0,0
G-1295,WC-1986,1986 FIFA Men's World Cup,1986,M-1986-41,Italy vs France,6011.0,12:00,T-30,0,1,P-08939,Michel Platini,Michel,Platini,15',15,0,first half,0,0
G-1296,WC-1986,1986 FIFA Men's World Cup,1986,M-1986-41,Italy vs France,6011.0,12:00,T-30,0,1,P-22982,Yannick Stopyra,Yannick,Stopyra,57',57,0,second half,0,0
G-1297,WC-1986,1986 FIFA Men's World Cup,1986,M-1986-42,Morocco vs West Germany,6011.0,16:00,T-86,0,1,P-49502,Lothar Matthäus,Lothar,Matthäus,87',87,0,second half,0,0
G-1298,WC-1986,1986 FIFA Men's World Cup,1986,M-1986-43,England vs Paraguay,6012.0,12:00,T-28,1,0,P-36651,Gary Lineker,Gary,Lineker,31',31,0,first half,0,0
G-1299,WC-1986,1986 FIFA Men's World Cup,1986,M-1986-43,England vs Paraguay,6012.0,12:00,T-28,1,0,P-18335,Peter Beardsley,Peter,Beardsley,56',56,0,second half,0,0
G-1300,WC-1986,1986 FIFA Men's World Cup,1986,M-1986-43,England vs Paraguay,6012.0,12:00,T-28,1,0,P-36651,Gary Lineker,Gary,Lineker,73',73,0,second half,0,0
G-1301,WC-1986,1986 FIFA Men's World Cup,1986,M-1986-44,Denmark vs Spain,6012.0,16:00,T-22,1,0,P-21213,Jesper Olsen,Jesper,Olsen,33',33,0,first half,0,1
G-1302,WC-1986,1986 FIFA Men's World Cup,1986,M-1986-44,Denmark vs Spain,6012.0,16:00,T-73,0,1,P-12940,Emilio Butragueño,Emilio,Butragueño,43',43,0,first half,0,0
G-1303,WC-1986,1986 FIFA Men's World Cup,1986,M-1986-44,Denmark vs Spain,6012.0,16:00,T-73,0,1,P-12940,Emilio Butragueño,Emilio,Butragueño,56',56,0,second half,0,0
G-1304,WC-1986,1986 FIFA Men's World Cup,1986,M-1986-44,Denmark vs Spain,6012.0,16:00,T-73,0,1,P-93792,Andoni Goikoetxea,Andoni,Goikoetxea,68',68,0,second half,0,1
G-1305,WC-1986,1986 FIFA Men's World Cup,1986,M-1986-44,Denmark vs Spain,6012.0,16:00,T-73,0,1,P-12940,Emilio Butragueño,Emilio,Butragueño,80',80,0,second half,0,0
G-1306,WC-1986,1986 FIFA Men's World Cup,1986,M-1986-44,Denmark vs Spain,6012.0,16:00,T-73,0,1,P-12940,Emilio Butragueño,Emilio,Butragueño,88',88,0,second half,0,1
G-1307,WC-1986,1986 FIFA Men's World Cup,1986,M-1986-45,Brazil vs France,6015.0,12:00,T-09,1,0,P-90635,not applicable Careca,not applicable,Careca,17',17,0,first half,0,0
G-1308,WC-1986,1986 FIFA Men's World Cup,1986,M-1986-45,Brazil vs France,6015.0,12:00,T-30,0,1,P-08939,Michel Platini,Michel,Platini,40',40,0,first half,0,0
G-1309,WC-1986,1986 FIFA Men's World Cup,1986,M-1986-47,Argentina vs England,6016.0,12:00,T-03,1,0,P-80404,Diego Maradona,Diego,Maradona,51',51,0,second half,0,0
G-1310,WC-1986,1986 FIFA Men's World Cup,1986,M-1986-47,Argentina vs England,6016.0,12:00,T-03,1,0,P-80404,Diego Maradona,Diego,Maradona,55',55,0,second half,0,0
G-1311,WC-1986,1986 FIFA Men's World Cup,1986,M-1986-47,Argentina vs England,6016.0,12:00,T-28,0,1,P-36651,Gary Lineker,Gary,Lineker,81',81,0,second half,0,0
G-1312,WC-1986,1986 FIFA Men's World Cup,1986,M-1986-48,Spain vs Belgium,6016.0,16:00,T-06,0,1,P-25456,Jan Ceulemans,Jan,Ceulemans,35',35,0,first half,0,0
G-1313,WC-1986,1986 FIFA Men's World Cup,1986,M-1986-48,Spain vs Belgium,6016.0,16:00,T-73,1,0,P-32414,Juan Antonio Señor,Juan Antonio,Señor,85',85,0,second half,0,0
G-1314,WC-1986,1986 FIFA Men's World Cup,1986,M-1986-49,France vs West Germany,6019.0,12:00,T-86,0,1,P-67713,Andreas Brehme,Andreas,Brehme,9',9,0,first half,0,0
G-1315,WC-1986,1986 FIFA Men's World Cup,1986,M-1986-49,France vs West Germany,6019.0,12:00,T-86,0,1,P-04572,Rudi Völler,Rudi,Völler,90',90,0,second half,0,0
G-1316,WC-1986,1986 FIFA Men's World Cup,1986,M-1986-50,Argentina vs Belgium,6019.0,16:00,T-03,1,0,P-80404,Diego Maradona,Diego,Maradona,51',51,0,second half,0,0
G-1317,WC-1986,1986 FIFA Men's World Cup,1986,M-1986-50,Argentina vs Belgium,6019.0,16:00,T-03,1,0,P-80404,Diego Maradona,Diego,Maradona,63',63,0,second half,0,0
G-1318,WC-1986,1986 FIFA Men's World Cup,1986,M-1986-51,Belgium vs France,6022.0,12:00,T-06,1,0,P-25456,Jan Ceulemans,Jan,Ceulemans,11',11,0,first half,0,0
G-1319,WC-1986,1986 FIFA Men's World Cup,1986,M-1986-51,Belgium vs France,6022.0,12:00,T-30,0,1,P-80821,Jean-Marc Ferreri,Jean-Marc,Ferreri,27',27,0,first half,0,0
G-1320,WC-1986,1986 FIFA Men's World Cup,1986,M-1986-51,Belgium vs France,6022.0,12:00,T-30,0,1,P-31235,Jean-Pierre Papin,Jean-Pierre,Papin,43',43,0,first half,0,0
G-1321,WC-1986,1986 FIFA Men's World Cup,1986,M-1986-51,Belgium vs France,6022.0,12:00,T-06,1,0,P-47038,Nico Claesen,Nico,Claesen,73',73,0,second half,0,0
G-1322,WC-1986,1986 FIFA Men's World Cup,1986,M-1986-51,Belgium vs France,6022.0,12:00,T-30,0,1,P-05511,Bernard Genghini,Bernard,Genghini,104',104,0,"extra time, first half",0,0
G-1323,WC-1986,1986 FIFA Men's World Cup,1986,M-1986-51,Belgium vs France,6022.0,12:00,T-30,0,1,P-69834,Manuel Amoros,Manuel,Amoros,111',111,0,"extra time, second half",0,1
G-1324,WC-1986,1986 FIFA Men's World Cup,1986,M-1986-52,Argentina vs West Germany,6023.0,12:00,T-03,1,0,P-62815,José Luis Brown,José Luis,Brown,23',23,0,first half,0,0
G-1325,WC-1986,1986 FIFA Men's World Cup,1986,M-1986-52,Argentina vs West Germany,6023.0,12:00,T-03,1,0,P-02464,Jorge Valdano,Jorge,Valdano,56',56,0,second half,0,0
G-1326,WC-1986,1986 FIFA Men's World Cup,1986,M-1986-52,Argentina vs West Germany,6023.0,12:00,T-86,0,1,P-59574,Karl-Heinz Rummenigge,Karl-Heinz,Rummenigge,74',74,0,second half,0,0
G-1327,WC-1986,1986 FIFA Men's World Cup,1986,M-1986-52,Argentina vs West Germany,6023.0,12:00,T-86,0,1,P-04572,Rudi Völler,Rudi,Völler,81',81,0,second half,0,0
G-1328,WC-1986,1986 FIFA Men's World Cup,1986,M-1986-52,Argentina vs West Germany,6023.0,12:00,T-03,1,0,P-95267,Jorge Burruchaga,Jorge,Burruchaga,84',84,0,second half,0,0
G-1329,WC-1990,1990 FIFA Men's World Cup,1990,M-1990-01,Argentina vs Cameroon,7463.0,18:00,T-11,0,1,P-77989,François Omam-Biyik,François,Omam-Biyik,67',67,0,second half,0,0
G-1330,WC-1990,1990 FIFA Men's World Cup,1990,M-1990-02,Soviet Union vs Romania,7464.0,17:00,T-61,0,1,P-01137,Marius Lăcătuș,Marius,Lăcătuș,41',41,0,first half,0,0
G-1331,WC-1990,1990 FIFA Men's World Cup,1990,M-1990-02,Soviet Union vs Romania,7464.0,17:00,T-61,0,1,P-01137,Marius Lăcătuș,Marius,Lăcătuș,55',55,0,second half,0,1
G-1332,WC-1990,1990 FIFA Men's World Cup,1990,M-1990-03,United Arab Emirates vs Colombia,7464.0,17:00,T-16,0,1,P-02405,Bernardo Redín,Bernardo,Redín,50',50,0,second half,0,0
G-1333,WC-1990,1990 FIFA Men's World Cup,1990,M-1990-03,United Arab Emirates vs Colombia,7464.0,17:00,T-16,0,1,P-49600,Carlos Valderrama,Carlos,Valderrama,85',85,0,second half,0,0
G-1334,WC-1990,1990 FIFA Men's World Cup,1990,M-1990-04,Italy vs Austria,7464.0,21:00,T-41,1,0,P-76544,Salvatore Schillaci,Salvatore,Schillaci,78',78,0,second half,0,0
G-1335,WC-1990,1990 FIFA Men's World Cup,1990,M-1990-05,United States vs Czechoslovakia,7465.0,17:00,T-21,0,1,P-71260,Tomáš Skuhravý,Tomáš,Skuhravý,26',26,0,first half,0,0
G-1336,WC-1990,1990 FIFA Men's World Cup,1990,M-1990-05,United States vs Czechoslovakia,7465.0,17:00,T-21,0,1,P-08239,Michal Bílek,Michal,Bílek,40',40,0,first half,0,1
G-1337,WC-1990,1990 FIFA Men's World Cup,1990,M-1990-05,United States vs Czechoslovakia,7465.0,17:00,T-21,0,1,P-73737,Ivan Hašek,Ivan,Hašek,50',50,0,second half,0,0
G-1338,WC-1990,1990 FIFA Men's World Cup,1990,M-1990-05,United States vs Czechoslovakia,7465.0,17:00,T-83,1,0,P-82723,Paul Caligiuri,Paul,Caligiuri,60',60,0,second half,0,0
G-1339,WC-1990,1990 FIFA Men's World Cup,1990,M-1990-05,United States vs Czechoslovakia,7465.0,17:00,T-21,0,1,P-71260,Tomáš Skuhravý,Tomáš,Skuhravý,78',78,0,second half,0,0
G-1340,WC-1990,1990 FIFA Men's World Cup,1990,M-1990-05,United States vs Czechoslovakia,7465.0,17:00,T-21,0,1,P-99987,Milan Luhový,Milan,Luhový,90'+3',90,3,"second half, stoppage time",0,0
G-1341,WC-1990,1990 FIFA Men's World Cup,1990,M-1990-06,Brazil vs Sweden,7465.0,21:00,T-09,1,0,P-90635,not applicable Careca,not applicable,Careca,40',40,0,first half,0,0
G-1342,WC-1990,1990 FIFA Men's World Cup,1990,M-1990-06,Brazil vs Sweden,7465.0,21:00,T-09,1,0,P-90635,not applicable Careca,not applicable,Careca,63',63,0,second half,0,0
G-1343,WC-1990,1990 FIFA Men's World Cup,1990,M-1990-06,Brazil vs Sweden,7465.0,21:00,T-74,0,1,P-26281,Tomas Brolin,Tomas,Brolin,79',79,0,second half,0,0
G-1344,WC-1990,1990 FIFA Men's World Cup,1990,M-1990-07,West Germany vs Yugoslavia,7465.0,21:00,T-86,1,0,P-49502,Lothar Matthäus,Lothar,Matthäus,28',28,0,first half,0,0
G-1345,WC-1990,1990 FIFA Men's World Cup,1990,M-1990-07,West Germany vs Yugoslavia,7465.0,21:00,T-86,1,0,P-91373,Jürgen Klinsmann,Jürgen,Klinsmann,39',39,0,first half,0,0
G-1346,WC-1990,1990 FIFA Men's World Cup,1990,M-1990-07,West Germany vs Yugoslavia,7465.0,21:00,T-87,0,1,P-01298,Davor Jozić,Davor,Jozić,55',55,0,second half,0,0
G-1347,WC-1990,1990 FIFA Men's World Cup,1990,M-1990-07,West Germany vs Yugoslavia,7465.0,21:00,T-86,1,0,P-49502,Lothar Matthäus,Lothar,Matthäus,64',64,0,second half,0,0
G-1348,WC-1990,1990 FIFA Men's World Cup,1990,M-1990-07,West Germany vs Yugoslavia,7465.0,21:00,T-86,1,0,P-04572,Rudi Völler,Rudi,Völler,70',70,0,second half,0,0
G-1349,WC-1990,1990 FIFA Men's World Cup,1990,M-1990-08,Costa Rica vs Scotland,7466.0,17:00,T-17,1,0,P-18941,Juan Cayasso,Juan,Cayasso,49',49,0,second half,0,0
G-1350,WC-1990,1990 FIFA Men's World Cup,1990,M-1990-09,England vs Republic of Ireland,7466.0,21:00,T-28,1,0,P-36651,Gary Lineker,Gary,Lineker,9',9,0,first half,0,0
G-1351,WC-1990,1990 FIFA Men's World Cup,1990,M-1990-09,England vs Republic of Ireland,7466.0,21:00,T-60,0,1,P-72379,Kevin Sheedy,Kevin,Sheedy,73',73,0,second half,0,0
G-1352,WC-1990,1990 FIFA Men's World Cup,1990,M-1990-10,Belgium vs South Korea,7467.0,17:00,T-06,1,0,P-28230,Marc Degryse,Marc,Degryse,53',53,0,second half,0,0
G-1353,WC-1990,1990 FIFA Men's World Cup,1990,M-1990-10,Belgium vs South Korea,7467.0,17:00,T-06,1,0,P-39297,Michel De Wolf,Michel,De Wolf,64',64,0,second half,0,0
G-1354,WC-1990,1990 FIFA Men's World Cup,1990,M-1990-11,Netherlands vs Egypt,7467.0,21:00,T-48,1,0,P-11241,Wim Kieft,Wim,Kieft,58',58,0,second half,0,0
G-1355,WC-1990,1990 FIFA Men's World Cup,1990,M-1990-11,Netherlands vs Egypt,7467.0,21:00,T-26,0,1,P-62193,Magdi Abdelghani,Magdi,Abdelghani,83',83,0,second half,0,1
G-1356,WC-1990,1990 FIFA Men's World Cup,1990,M-1990-13,Argentina vs Soviet Union,7468.0,21:00,T-03,1,0,P-30977,Pedro Troglio,Pedro,Troglio,27',27,0,first half,0,0
G-1357,WC-1990,1990 FIFA Men's World Cup,1990,M-1990-13,Argentina vs Soviet Union,7468.0,21:00,T-03,1,0,P-95267,Jorge Burruchaga,Jorge,Burruchaga,79',79,0,second half,0,0
G-1358,WC-1990,1990 FIFA Men's World Cup,1990,M-1990-14,Cameroon vs Romania,7469.0,17:00,T-11,1,0,P-58080,Roger Milla,Roger,Milla,76',76,0,second half,0,0
G-1359,WC-1990,1990 FIFA Men's World Cup,1990,M-1990-14,Cameroon vs Romania,7469.0,17:00,T-11,1,0,P-58080,Roger Milla,Roger,Milla,86',86,0,second half,0,0
G-1360,WC-1990,1990 FIFA Men's World Cup,1990,M-1990-14,Cameroon vs Romania,7469.0,17:00,T-61,0,1,P-67274,Gabi Balint,Gabi,Balint,88',88,0,second half,0,0
G-1361,WC-1990,1990 FIFA Men's World Cup,1990,M-1990-15,Yugoslavia vs Colombia,7469.0,17:00,T-87,1,0,P-01298,Davor Jozić,Davor,Jozić,75',75,0,second half,0,0
G-1362,WC-1990,1990 FIFA Men's World Cup,1990,M-1990-16,Italy vs United States,7469.0,21:00,T-41,1,0,P-75545,Giuseppe Giannini,Giuseppe,Giannini,11',11,0,first half,0,0
G-1363,WC-1990,1990 FIFA Men's World Cup,1990,M-1990-17,Austria vs Czechoslovakia,7470.0,17:00,T-21,0,1,P-08239,Michal Bílek,Michal,Bílek,31',31,0,first half,0,1
G-1364,WC-1990,1990 FIFA Men's World Cup,1990,M-1990-18,West Germany vs United Arab Emirates,7470.0,21:00,T-86,1,0,P-04572,Rudi Völler,Rudi,Völler,35',35,0,first half,0,0
G-1365,WC-1990,1990 FIFA Men's World Cup,1990,M-1990-18,West Germany vs United Arab Emirates,7470.0,21:00,T-86,1,0,P-91373,Jürgen Klinsmann,Jürgen,Klinsmann,37',37,0,first half,0,0
G-1366,WC-1990,1990 FIFA Men's World Cup,1990,M-1990-18,West Germany vs United Arab Emirates,7470.0,21:00,T-82,0,1,P-90097,Khalid Ismaïl,Khalid,Ismaïl,46',46,0,second half,0,0
G-1367,WC-1990,1990 FIFA Men's World Cup,1990,M-1990-18,West Germany vs United Arab Emirates,7470.0,21:00,T-86,1,0,P-49502,Lothar Matthäus,Lothar,Matthäus,47',47,0,second half,0,0
G-1368,WC-1990,1990 FIFA Men's World Cup,1990,M-1990-18,West Germany vs United Arab Emirates,7470.0,21:00,T-86,1,0,P-60022,Uwe Bein,Uwe,Bein,58',58,0,second half,0,0
G-1369,WC-1990,1990 FIFA Men's World Cup,1990,M-1990-18,West Germany vs United Arab Emirates,7470.0,21:00,T-86,1,0,P-04572,Rudi Völler,Rudi,Völler,75',75,0,second half,0,0
G-1370,WC-1990,1990 FIFA Men's World Cup,1990,M-1990-19,Brazil vs Costa Rica,7471.0,17:00,T-09,1,0,P-60969,not applicable Müller,not applicable,Müller,33',33,0,first half,0,0
G-1371,WC-1990,1990 FIFA Men's World Cup,1990,M-1990-20,Sweden vs Scotland,7471.0,21:00,T-64,0,1,P-49470,Stuart McCall,Stuart,McCall,11',11,0,first half,0,0
G-1372,WC-1990,1990 FIFA Men's World Cup,1990,M-1990-20,Sweden vs Scotland,7471.0,21:00,T-64,0,1,P-17223,Mo Johnston,Mo,Johnston,81',81,0,second half,0,1
G-1373,WC-1990,1990 FIFA Men's World Cup,1990,M-1990-20,Sweden vs Scotland,7471.0,21:00,T-74,1,0,P-67329,Glenn Strömberg,Glenn,Strömberg,86',86,0,second half,0,0
G-1374,WC-1990,1990 FIFA Men's World Cup,1990,M-1990-23,Belgium vs Uruguay,7472.0,21:00,T-06,1,0,P-05723,Leo Clijsters,Leo,Clijsters,15',15,0,first half,0,0
G-1375,WC-1990,1990 FIFA Men's World Cup,1990,M-1990-23,Belgium vs Uruguay,7472.0,21:00,T-06,1,0,P-97414,Enzo Scifo,Enzo,Scifo,24',24,0,first half,0,0
G-1376,WC-1990,1990 FIFA Men's World Cup,1990,M-1990-23,Belgium vs Uruguay,7472.0,21:00,T-06,1,0,P-25456,Jan Ceulemans,Jan,Ceulemans,47',47,0,second half,0,0
G-1377,WC-1990,1990 FIFA Men's World Cup,1990,M-1990-23,Belgium vs Uruguay,7472.0,21:00,T-84,0,1,P-52902,Pablo Bengoechea,Pablo,Bengoechea,73',73,0,second half,0,0
G-1378,WC-1990,1990 FIFA Men's World Cup,1990,M-1990-24,South Korea vs Spain,7472.0,21:00,T-73,0,1,P-06498,not applicable Míchel,not applicable,Míchel,23',23,0,first half,0,0
G-1379,WC-1990,1990 FIFA Men's World Cup,1990,M-1990-24,South Korea vs Spain,7472.0,21:00,T-71,1,0,P-76411,Kwan Hwangbo,Kwan,Hwangbo,43',43,0,first half,0,0
G-1380,WC-1990,1990 FIFA Men's World Cup,1990,M-1990-24,South Korea vs Spain,7472.0,21:00,T-73,0,1,P-06498,not applicable Míchel,not applicable,Míchel,61',61,0,second half,0,0
G-1381,WC-1990,1990 FIFA Men's World Cup,1990,M-1990-24,South Korea vs Spain,7472.0,21:00,T-73,0,1,P-06498,not applicable Míchel,not applicable,Míchel,81',81,0,second half,0,0
G-1382,WC-1990,1990 FIFA Men's World Cup,1990,M-1990-25,Argentina vs Romania,7473.0,21:00,T-03,1,0,P-31161,Pedro Monzón,Pedro,Monzón,62',62,0,second half,0,0
G-1383,WC-1990,1990 FIFA Men's World Cup,1990,M-1990-25,Argentina vs Romania,7473.0,21:00,T-61,0,1,P-67274,Gabi Balint,Gabi,Balint,68',68,0,second half,0,0
G-1384,WC-1990,1990 FIFA Men's World Cup,1990,M-1990-26,Cameroon vs Soviet Union,7473.0,21:00,T-72,0,1,P-10906,Oleh Protasov,Oleh,Protasov,20',20,0,first half,0,0
G-1385,WC-1990,1990 FIFA Men's World Cup,1990,M-1990-26,Cameroon vs Soviet Union,7473.0,21:00,T-72,0,1,P-05885,Andrei Zygmantovich,Andrei,Zygmantovich,29',29,0,first half,0,0
G-1386,WC-1990,1990 FIFA Men's World Cup,1990,M-1990-26,Cameroon vs Soviet Union,7473.0,21:00,T-72,0,1,P-27906,Oleksandr Zavarov,Oleksandr,Zavarov,52',52,0,second half,0,0
G-1387,WC-1990,1990 FIFA Men's World Cup,1990,M-1990-26,Cameroon vs Soviet Union,7473.0,21:00,T-72,0,1,P-77250,Igor Dobrovolski,Igor,Dobrovolski,63',63,0,second half,0,0
G-1388,WC-1990,1990 FIFA Men's World Cup,1990,M-1990-27,West Germany vs Colombia,7474.0,17:00,T-86,1,0,P-89975,Pierre Littbarski,Pierre,Littbarski,88',88,0,second half,0,0
G-1389,WC-1990,1990 FIFA Men's World Cup,1990,M-1990-27,West Germany vs Colombia,7474.0,17:00,T-16,0,1,P-69504,Freddy Rincón,Freddy,Rincón,90'+3',90,3,"second half, stoppage time",0,0
G-1390,WC-1990,1990 FIFA Men's World Cup,1990,M-1990-28,Yugoslavia vs United Arab Emirates,7474.0,17:00,T-87,1,0,P-74361,Safet Sušić,Safet,Sušić,5',5,0,first half,0,0
G-1391,WC-1990,1990 FIFA Men's World Cup,1990,M-1990-28,Yugoslavia vs United Arab Emirates,7474.0,17:00,T-87,1,0,P-31892,Darko Pančev,Darko,Pančev,9',9,0,first half,0,0
G-1392,WC-1990,1990 FIFA Men's World Cup,1990,M-1990-28,Yugoslavia vs United Arab Emirates,7474.0,17:00,T-82,0,1,P-56780,Ali Thani Jumaa,Ali Thani,Jumaa,22',22,0,first half,0,0
G-1393,WC-1990,1990 FIFA Men's World Cup,1990,M-1990-28,Yugoslavia vs United Arab Emirates,7474.0,17:00,T-87,1,0,P-31892,Darko Pančev,Darko,Pančev,46',46,0,second half,0,0
G-1394,WC-1990,1990 FIFA Men's World Cup,1990,M-1990-28,Yugoslavia vs United Arab Emirates,7474.0,17:00,T-87,1,0,P-62861,Robert Prosinečki,Robert,Prosinečki,90'+3',90,3,"second half, stoppage time",0,0
G-1395,WC-1990,1990 FIFA Men's World Cup,1990,M-1990-29,Austria vs United States,7474.0,21:00,T-05,1,0,P-07284,Andreas Ogris,Andreas,Ogris,49',49,0,second half,0,0
G-1396,WC-1990,1990 FIFA Men's World Cup,1990,M-1990-29,Austria vs United States,7474.0,21:00,T-05,1,0,P-79953,Gerhard Rodax,Gerhard,Rodax,63',63,0,second half,0,0
G-1397,WC-1990,1990 FIFA Men's World Cup,1990,M-1990-29,Austria vs United States,7474.0,21:00,T-83,0,1,P-93627,Bruce Murray,Bruce,Murray,83',83,0,second half,0,0
G-1398,WC-1990,1990 FIFA Men's World Cup,1990,M-1990-30,Italy vs Czechoslovakia,7474.0,21:00,T-41,1,0,P-76544,Salvatore Schillaci,Salvatore,Schillaci,9',9,0,first half,0,0
G-1399,WC-1990,1990 FIFA Men's World Cup,1990,M-1990-30,Italy vs Czechoslovakia,7474.0,21:00,T-41,1,0,P-78756,Roberto Baggio,Roberto,Baggio,78',78,0,second half,0,0
G-1400,WC-1990,1990 FIFA Men's World Cup,1990,M-1990-31,Brazil vs Scotland,7475.0,21:00,T-09,1,0,P-60969,not applicable Müller,not applicable,Müller,81',81,0,second half,0,0
G-1401,WC-1990,1990 FIFA Men's World Cup,1990,M-1990-32,Sweden vs Costa Rica,7475.0,21:00,T-74,1,0,P-60456,Johnny Ekström,Johnny,Ekström,32',32,0,first half,0,0
G-1402,WC-1990,1990 FIFA Men's World Cup,1990,M-1990-32,Sweden vs Costa Rica,7475.0,21:00,T-17,0,1,P-59912,Róger Flores,Róger,Flores,75',75,0,second half,0,0
G-1403,WC-1990,1990 FIFA Men's World Cup,1990,M-1990-32,Sweden vs Costa Rica,7475.0,21:00,T-17,0,1,P-02273,Hernán Medford,Hernán,Medford,87',87,0,second half,0,0
G-1404,WC-1990,1990 FIFA Men's World Cup,1990,M-1990-33,Belgium vs Spain,7476.0,17:00,T-73,0,1,P-06498,not applicable Míchel,not applicable,Míchel,26',26,0,first half,0,1
G-1405,WC-1990,1990 FIFA Men's World Cup,1990,M-1990-33,Belgium vs Spain,7476.0,17:00,T-06,1,0,P-92384,Patrick Vervoort,Patrick,Vervoort,29',29,0,first half,0,0
G-1406,WC-1990,1990 FIFA Men's World Cup,1990,M-1990-33,Belgium vs Spain,7476.0,17:00,T-73,0,1,P-82189,Alberto Górriz,Alberto,Górriz,38',38,0,first half,0,0
G-1407,WC-1990,1990 FIFA Men's World Cup,1990,M-1990-34,South Korea vs Uruguay,7476.0,17:00,T-84,0,1,P-30100,Daniel Fonseca,Daniel,Fonseca,90'+1',90,1,"second half, stoppage time",0,0
G-1408,WC-1990,1990 FIFA Men's World Cup,1990,M-1990-35,England vs Egypt,7476.0,21:00,T-28,1,0,P-68510,Mark Wright,Mark,Wright,58',58,0,second half,0,0
G-1409,WC-1990,1990 FIFA Men's World Cup,1990,M-1990-36,Republic of Ireland vs Netherlands,7476.0,21:00,T-48,0,1,P-32830,Ruud Gullit,Ruud,Gullit,11',11,0,first half,0,0
G-1410,WC-1990,1990 FIFA Men's World Cup,1990,M-1990-36,Republic of Ireland vs Netherlands,7476.0,21:00,T-60,1,0,P-51629,Niall Quinn,Niall,Quinn,71',71,0,second half,0,0
G-1411,WC-1990,1990 FIFA Men's World Cup,1990,M-1990-37,Cameroon vs Colombia,7478.0,17:00,T-11,1,0,P-58080,Roger Milla,Roger,Milla,106',106,0,"extra time, second half",0,0
G-1412,WC-1990,1990 FIFA Men's World Cup,1990,M-1990-37,Cameroon vs Colombia,7478.0,17:00,T-11,1,0,P-58080,Roger Milla,Roger,Milla,108',108,0,"extra time, second half",0,0
G-1413,WC-1990,1990 FIFA Men's World Cup,1990,M-1990-37,Cameroon vs Colombia,7478.0,17:00,T-16,0,1,P-02405,Bernardo Redín,Bernardo,Redín,115',115,0,"extra time, second half",0,0
G-1414,WC-1990,1990 FIFA Men's World Cup,1990,M-1990-38,Czechoslovakia vs Costa Rica,7478.0,21:00,T-21,1,0,P-71260,Tomáš Skuhravý,Tomáš,Skuhravý,12',12,0,first half,0,0
G-1415,WC-1990,1990 FIFA Men's World Cup,1990,M-1990-38,Czechoslovakia vs Costa Rica,7478.0,21:00,T-17,0,1,P-74237,Rónald González Brenes,Rónald,González Brenes,55',55,0,second half,0,0
G-1416,WC-1990,1990 FIFA Men's World Cup,1990,M-1990-38,Czechoslovakia vs Costa Rica,7478.0,21:00,T-21,1,0,P-71260,Tomáš Skuhravý,Tomáš,Skuhravý,63',63,0,second half,0,0
G-1417,WC-1990,1990 FIFA Men's World Cup,1990,M-1990-38,Czechoslovakia vs Costa Rica,7478.0,21:00,T-21,1,0,P-16313,Luboš Kubík,Luboš,Kubík,76',76,0,second half,0,0
G-1418,WC-1990,1990 FIFA Men's World Cup,1990,M-1990-38,Czechoslovakia vs Costa Rica,7478.0,21:00,T-21,1,0,P-71260,Tomáš Skuhravý,Tomáš,Skuhravý,82',82,0,second half,0,0
G-1419,WC-1990,1990 FIFA Men's World Cup,1990,M-1990-39,Brazil vs Argentina,7479.0,17:00,T-03,0,1,P-35873,Claudio Caniggia,Claudio,Caniggia,81',81,0,second half,0,0
G-1420,WC-1990,1990 FIFA Men's World Cup,1990,M-1990-40,West Germany vs Netherlands,7479.0,21:00,T-86,1,0,P-91373,Jürgen Klinsmann,Jürgen,Klinsmann,51',51,0,second half,0,0
G-1421,WC-1990,1990 FIFA Men's World Cup,1990,M-1990-40,West Germany vs Netherlands,7479.0,21:00,T-86,1,0,P-67713,Andreas Brehme,Andreas,Brehme,85',85,0,second half,0,0
G-1422,WC-1990,1990 FIFA Men's World Cup,1990,M-1990-40,West Germany vs Netherlands,7479.0,21:00,T-48,0,1,P-72919,Ronald Koeman,Ronald,Koeman,89',89,0,second half,0,1
G-1423,WC-1990,1990 FIFA Men's World Cup,1990,M-1990-42,Italy vs Uruguay,7480.0,21:00,T-41,1,0,P-76544,Salvatore Schillaci,Salvatore,Schillaci,65',65,0,second half,0,0
G-1424,WC-1990,1990 FIFA Men's World Cup,1990,M-1990-42,Italy vs Uruguay,7480.0,21:00,T-41,1,0,P-35253,Aldo Serena,Aldo,Serena,83',83,0,second half,0,0
G-1425,WC-1990,1990 FIFA Men's World Cup,1990,M-1990-43,Spain vs Yugoslavia,7481.0,17:00,T-87,0,1,P-93318,Dragan Stojković,Dragan,Stojković,78',78,0,second half,0,0
G-1426,WC-1990,1990 FIFA Men's World Cup,1990,M-1990-43,Spain vs Yugoslavia,7481.0,17:00,T-73,1,0,P-18314,Julio Salinas,Julio,Salinas,84',84,0,second half,0,0
G-1427,WC-1990,1990 FIFA Men's World Cup,1990,M-1990-43,Spain vs Yugoslavia,7481.0,17:00,T-87,0,1,P-93318,Dragan Stojković,Dragan,Stojković,93',93,0,"extra time, first half",0,0
G-1428,WC-1990,1990 FIFA Men's World Cup,1990,M-1990-44,England vs Belgium,7481.0,21:00,T-28,1,0,P-34450,David Platt,David,Platt,119',119,0,"extra time, second half",0,0
G-1429,WC-1990,1990 FIFA Men's World Cup,1990,M-1990-46,Republic of Ireland vs Italy,7485.0,21:00,T-41,0,1,P-76544,Salvatore Schillaci,Salvatore,Schillaci,38',38,0,first half,0,0
G-1430,WC-1990,1990 FIFA Men's World Cup,1990,M-1990-47,Czechoslovakia vs West Germany,7486.0,17:00,T-86,0,1,P-49502,Lothar Matthäus,Lothar,Matthäus,25',25,0,first half,0,1
G-1431,WC-1990,1990 FIFA Men's World Cup,1990,M-1990-48,Cameroon vs England,7486.0,21:00,T-28,0,1,P-34450,David Platt,David,Platt,25',25,0,first half,0,0
G-1432,WC-1990,1990 FIFA Men's World Cup,1990,M-1990-48,Cameroon vs England,7486.0,21:00,T-11,1,0,P-44016,Emmanuel Kundé,Emmanuel,Kundé,61',61,0,second half,0,1
G-1433,WC-1990,1990 FIFA Men's World Cup,1990,M-1990-48,Cameroon vs England,7486.0,21:00,T-11,1,0,P-41084,Eugène Ekéké,Eugène,Ekéké,65',65,0,second half,0,0
G-1434,WC-1990,1990 FIFA Men's World Cup,1990,M-1990-48,Cameroon vs England,7486.0,21:00,T-28,0,1,P-36651,Gary Lineker,Gary,Lineker,83',83,0,second half,0,1
G-1435,WC-1990,1990 FIFA Men's World Cup,1990,M-1990-48,Cameroon vs England,7486.0,21:00,T-28,0,1,P-36651,Gary Lineker,Gary,Lineker,105',105,0,"extra time, first half",0,1
G-1436,WC-1990,1990 FIFA Men's World Cup,1990,M-1990-49,Argentina vs Italy,7488.0,20:00,T-41,0,1,P-76544,Salvatore Schillaci,Salvatore,Schillaci,17',17,0,first half,0,0
G-1437,WC-1990,1990 FIFA Men's World Cup,1990,M-1990-49,Argentina vs Italy,7488.0,20:00,T-03,1,0,P-35873,Claudio Caniggia,Claudio,Caniggia,67',67,0,second half,0,0
G-1438,WC-1990,1990 FIFA Men's World Cup,1990,M-1990-50,West Germany vs England,7489.0,20:00,T-86,1,0,P-67713,Andreas Brehme,Andreas,Brehme,60',60,0,second half,0,0
G-1439,WC-1990,1990 FIFA Men's World Cup,1990,M-1990-50,West Germany vs England,7489.0,20:00,T-28,0,1,P-36651,Gary Lineker,Gary,Lineker,80',80,0,second half,0,0
G-1440,WC-1990,1990 FIFA Men's World Cup,1990,M-1990-51,Italy vs England,7492.0,20:00,T-41,1,0,P-78756,Roberto Baggio,Roberto,Baggio,71',71,0,second half,0,0
G-1441,WC-1990,1990 FIFA Men's World Cup,1990,M-1990-51,Italy vs England,7492.0,20:00,T-28,0,1,P-34450,David Platt,David,Platt,81',81,0,second half,0,0
G-1442,WC-1990,1990 FIFA Men's World Cup,1990,M-1990-51,Italy vs England,7492.0,20:00,T-41,1,0,P-76544,Salvatore Schillaci,Salvatore,Schillaci,86',86,0,second half,0,1
G-1443,WC-1990,1990 FIFA Men's World Cup,1990,M-1990-52,West Germany vs Argentina,7493.0,20:00,T-86,1,0,P-67713,Andreas Brehme,Andreas,Brehme,85',85,0,second half,0,1
G-1444,WC-1991,1991 FIFA Women's World Cup,1991,M-1991-01,China vs Norway,7989.0,20:45,T-14,1,0,P-84060,Li Ma,Li,Ma,22',22,0,first half,0,0
G-1445,WC-1991,1991 FIFA Women's World Cup,1991,M-1991-01,China vs Norway,7989.0,20:45,T-14,1,0,P-10128,Ailing Liu,Ailing,Liu,45',45,0,first half,0,0
G-1446,WC-1991,1991 FIFA Women's World Cup,1991,M-1991-01,China vs Norway,7989.0,20:45,T-14,1,0,P-10128,Ailing Liu,Ailing,Liu,50',50,0,second half,0,0
G-1447,WC-1991,1991 FIFA Women's World Cup,1991,M-1991-01,China vs Norway,7989.0,20:45,T-14,1,0,P-49949,Qingmei Sun,Qingmei,Sun,75',75,0,second half,0,0
G-1448,WC-1991,1991 FIFA Women's World Cup,1991,M-1991-02,Germany vs Nigeria,7990.0,15:30,T-31,1,0,P-10757,Silvia Neid,Silvia,Neid,16',16,0,first half,0,0
G-1449,WC-1991,1991 FIFA Women's World Cup,1991,M-1991-02,Germany vs Nigeria,7990.0,15:30,T-31,1,0,P-30335,Heidi Mohr,Heidi,Mohr,32',32,0,first half,0,0
G-1450,WC-1991,1991 FIFA Women's World Cup,1991,M-1991-02,Germany vs Nigeria,7990.0,15:30,T-31,1,0,P-30335,Heidi Mohr,Heidi,Mohr,34',34,0,first half,0,0
G-1451,WC-1991,1991 FIFA Women's World Cup,1991,M-1991-02,Germany vs Nigeria,7990.0,15:30,T-31,1,0,P-47441,Gudrun Gottschlich,Gudrun,Gottschlich,57',57,0,second half,0,0
G-1452,WC-1991,1991 FIFA Women's World Cup,1991,M-1991-03,Denmark vs New Zealand,7990.0,19:45,T-22,1,0,P-42117,Helle Jensen,Helle,Jensen,15',15,0,first half,0,0
G-1453,WC-1991,1991 FIFA Women's World Cup,1991,M-1991-03,Denmark vs New Zealand,7990.0,19:45,T-22,1,0,P-42117,Helle Jensen,Helle,Jensen,40',40,0,first half,0,0
G-1454,WC-1991,1991 FIFA Women's World Cup,1991,M-1991-03,Denmark vs New Zealand,7990.0,19:45,T-22,1,0,P-25916,Susan Mackensie,Susan,Mackensie,42',42,0,first half,0,0
G-1455,WC-1991,1991 FIFA Women's World Cup,1991,M-1991-04,Japan vs Brazil,7990.0,19:45,T-09,0,1,P-41343,not applicable Elane,not applicable,Elane,4',4,0,first half,0,0
G-1456,WC-1991,1991 FIFA Women's World Cup,1991,M-1991-05,Sweden vs United States,7990.0,19:45,T-83,0,1,P-99328,Carin Jennings-Gabarra,Carin,Jennings-Gabarra,40',40,0,first half,0,0
G-1457,WC-1991,1991 FIFA Women's World Cup,1991,M-1991-05,Sweden vs United States,7990.0,19:45,T-83,0,1,P-99328,Carin Jennings-Gabarra,Carin,Jennings-Gabarra,49',49,0,second half,0,0
G-1458,WC-1991,1991 FIFA Women's World Cup,1991,M-1991-05,Sweden vs United States,7990.0,19:45,T-83,0,1,P-28901,Mia Hamm,Mia,Hamm,62',62,0,second half,0,0
G-1459,WC-1991,1991 FIFA Women's World Cup,1991,M-1991-05,Sweden vs United States,7990.0,19:45,T-74,1,0,P-33270,Lena Videkull,Lena,Videkull,65',65,0,second half,0,0
G-1460,WC-1991,1991 FIFA Women's World Cup,1991,M-1991-05,Sweden vs United States,7990.0,19:45,T-74,1,0,P-02652,Ingrid Johansson,Ingrid,Johansson,71',71,0,second half,0,0
G-1461,WC-1991,1991 FIFA Women's World Cup,1991,M-1991-06,Chinese Taipei vs Italy,7990.0,19:45,T-41,0,1,P-65393,Feriana Ferraguzzi,Feriana,Ferraguzzi,15',15,0,first half,0,0
G-1462,WC-1991,1991 FIFA Women's World Cup,1991,M-1991-06,Chinese Taipei vs Italy,7990.0,19:45,T-41,0,1,P-57735,Adele Marsiletti,Adele,Marsiletti,29',29,0,first half,0,0
G-1463,WC-1991,1991 FIFA Women's World Cup,1991,M-1991-06,Chinese Taipei vs Italy,7990.0,19:45,T-41,0,1,P-89767,Carolina Morace,Carolina,Morace,37',37,0,first half,0,0
G-1464,WC-1991,1991 FIFA Women's World Cup,1991,M-1991-06,Chinese Taipei vs Italy,7990.0,19:45,T-41,0,1,P-89767,Carolina Morace,Carolina,Morace,52',52,0,second half,0,0
G-1465,WC-1991,1991 FIFA Women's World Cup,1991,M-1991-06,Chinese Taipei vs Italy,7990.0,19:45,T-41,0,1,P-89767,Carolina Morace,Carolina,Morace,66',66,0,second half,0,0
G-1466,WC-1991,1991 FIFA Women's World Cup,1991,M-1991-07,Norway vs New Zealand,7992.0,15:30,T-53,1,0,P-75601,Terry McCahill,Terry,McCahill,30',30,0,first half,1,0
G-1467,WC-1991,1991 FIFA Women's World Cup,1991,M-1991-07,Norway vs New Zealand,7992.0,15:30,T-53,1,0,P-58688,Linda Medalen,Linda,Medalen,32',32,0,first half,0,0
G-1468,WC-1991,1991 FIFA Women's World Cup,1991,M-1991-07,Norway vs New Zealand,7992.0,15:30,T-53,1,0,P-58688,Linda Medalen,Linda,Medalen,38',38,0,first half,0,0
G-1469,WC-1991,1991 FIFA Women's World Cup,1991,M-1991-07,Norway vs New Zealand,7992.0,15:30,T-53,1,0,P-84389,Hege Riise,Hege,Riise,49',49,0,second half,0,0
G-1470,WC-1991,1991 FIFA Women's World Cup,1991,M-1991-08,Italy vs Nigeria,7992.0,15:30,T-41,1,0,P-89767,Carolina Morace,Carolina,Morace,68',68,0,second half,0,0
G-1471,WC-1991,1991 FIFA Women's World Cup,1991,M-1991-09,China vs Denmark,7992.0,19:45,T-22,0,1,P-08319,Lisbet Kolding,Lisbet,Kolding,24',24,0,first half,0,0
G-1472,WC-1991,1991 FIFA Women's World Cup,1991,M-1991-09,China vs Denmark,7992.0,19:45,T-14,1,0,P-14903,Wen Sun,Wen,Sun,37',37,0,first half,0,0
G-1473,WC-1991,1991 FIFA Women's World Cup,1991,M-1991-09,China vs Denmark,7992.0,19:45,T-22,0,1,P-23712,Hanne Nissen,Hanne,Nissen,55',55,0,second half,0,0
G-1474,WC-1991,1991 FIFA Women's World Cup,1991,M-1991-09,China vs Denmark,7992.0,19:45,T-14,1,0,P-47025,Haiying Wei,Haiying,Wei,76',76,0,second half,0,0
G-1475,WC-1991,1991 FIFA Women's World Cup,1991,M-1991-10,Brazil vs United States,7992.0,19:45,T-83,0,1,P-90564,April Heinrichs,April,Heinrichs,23',23,0,first half,0,0
G-1476,WC-1991,1991 FIFA Women's World Cup,1991,M-1991-10,Brazil vs United States,7992.0,19:45,T-83,0,1,P-90564,April Heinrichs,April,Heinrichs,35',35,0,first half,0,0
G-1477,WC-1991,1991 FIFA Women's World Cup,1991,M-1991-10,Brazil vs United States,7992.0,19:45,T-83,0,1,P-99328,Carin Jennings-Gabarra,Carin,Jennings-Gabarra,38',38,0,first half,0,0
G-1478,WC-1991,1991 FIFA Women's World Cup,1991,M-1991-10,Brazil vs United States,7992.0,19:45,T-83,0,1,P-54794,Michelle Akers,Michelle,Akers,39',39,0,first half,0,0
G-1479,WC-1991,1991 FIFA Women's World Cup,1991,M-1991-10,Brazil vs United States,7992.0,19:45,T-83,0,1,P-28901,Mia Hamm,Mia,Hamm,63',63,0,second half,0,0
G-1480,WC-1991,1991 FIFA Women's World Cup,1991,M-1991-11,Japan vs Sweden,7992.0,19:45,T-74,0,1,P-33270,Lena Videkull,Lena,Videkull,1',1,0,first half,0,0
G-1481,WC-1991,1991 FIFA Women's World Cup,1991,M-1991-11,Japan vs Sweden,7992.0,19:45,T-74,0,1,P-33270,Lena Videkull,Lena,Videkull,11',11,0,first half,0,0
G-1482,WC-1991,1991 FIFA Women's World Cup,1991,M-1991-11,Japan vs Sweden,7992.0,19:45,T-74,0,1,P-81571,Anneli Andelén,Anneli,Andelén,15',15,0,first half,0,0
G-1483,WC-1991,1991 FIFA Women's World Cup,1991,M-1991-11,Japan vs Sweden,7992.0,19:45,T-74,0,1,P-08153,Malin Lundgren,Malin,Lundgren,25',25,0,first half,0,0
G-1484,WC-1991,1991 FIFA Women's World Cup,1991,M-1991-11,Japan vs Sweden,7992.0,19:45,T-74,0,1,P-98080,Helen Nilsson,Helen,Nilsson,27',27,0,first half,0,0
G-1485,WC-1991,1991 FIFA Women's World Cup,1991,M-1991-11,Japan vs Sweden,7992.0,19:45,T-74,0,1,P-12441,Pia Sundhage,Pia,Sundhage,34',34,0,first half,0,0
G-1486,WC-1991,1991 FIFA Women's World Cup,1991,M-1991-11,Japan vs Sweden,7992.0,19:45,T-74,0,1,P-81571,Anneli Andelén,Anneli,Andelén,60',60,0,second half,0,0
G-1487,WC-1991,1991 FIFA Women's World Cup,1991,M-1991-11,Japan vs Sweden,7992.0,19:45,T-74,0,1,P-85493,Sayuri Yamaguchi,Sayuri,Yamaguchi,70',70,0,second half,1,0
G-1488,WC-1991,1991 FIFA Women's World Cup,1991,M-1991-12,Chinese Taipei vs Germany,7992.0,19:45,T-31,0,1,P-53366,Bettina Wiegmann,Bettina,Wiegmann,10',10,0,first half,0,1
G-1489,WC-1991,1991 FIFA Women's World Cup,1991,M-1991-12,Chinese Taipei vs Germany,7992.0,19:45,T-31,0,1,P-30335,Heidi Mohr,Heidi,Mohr,21',21,0,first half,0,0
G-1490,WC-1991,1991 FIFA Women's World Cup,1991,M-1991-12,Chinese Taipei vs Germany,7992.0,19:45,T-31,0,1,P-30335,Heidi Mohr,Heidi,Mohr,50',50,0,second half,0,0
G-1491,WC-1991,1991 FIFA Women's World Cup,1991,M-1991-13,Brazil vs Sweden,7994.0,15:30,T-74,0,1,P-12441,Pia Sundhage,Pia,Sundhage,42',42,0,first half,0,1
G-1492,WC-1991,1991 FIFA Women's World Cup,1991,M-1991-13,Brazil vs Sweden,7994.0,15:30,T-74,0,1,P-24936,Susanne Hedberg,Susanne,Hedberg,56',56,0,second half,0,0
G-1493,WC-1991,1991 FIFA Women's World Cup,1991,M-1991-14,Japan vs United States,7994.0,15:30,T-83,0,1,P-54794,Michelle Akers,Michelle,Akers,20',20,0,first half,0,0
G-1494,WC-1991,1991 FIFA Women's World Cup,1991,M-1991-14,Japan vs United States,7994.0,15:30,T-83,0,1,P-54794,Michelle Akers,Michelle,Akers,37',37,0,first half,0,0
G-1495,WC-1991,1991 FIFA Women's World Cup,1991,M-1991-14,Japan vs United States,7994.0,15:30,T-83,0,1,P-05397,Wendy Gebauer,Wendy,Gebauer,39',39,0,first half,0,0
G-1496,WC-1991,1991 FIFA Women's World Cup,1991,M-1991-15,China vs New Zealand,7994.0,19:45,T-14,1,0,P-02688,Yang Zhou,Yang,Zhou,20',20,0,first half,0,0
G-1497,WC-1991,1991 FIFA Women's World Cup,1991,M-1991-15,China vs New Zealand,7994.0,19:45,T-14,1,0,P-10128,Ailing Liu,Ailing,Liu,22',22,0,first half,0,0
G-1498,WC-1991,1991 FIFA Women's World Cup,1991,M-1991-15,China vs New Zealand,7994.0,19:45,T-14,1,0,P-15966,Weiying Wu,Weiying,Wu,24',24,0,first half,0,0
G-1499,WC-1991,1991 FIFA Women's World Cup,1991,M-1991-15,China vs New Zealand,7994.0,19:45,T-14,1,0,P-10128,Ailing Liu,Ailing,Liu,60',60,0,second half,0,0
G-1500,WC-1991,1991 FIFA Women's World Cup,1991,M-1991-15,China vs New Zealand,7994.0,19:45,T-49,0,1,P-35084,Kim Nye,Kim,Nye,65',65,0,second half,0,0
G-1501,WC-1991,1991 FIFA Women's World Cup,1991,M-1991-16,Norway vs Denmark,7994.0,19:45,T-53,1,0,P-18995,Tina Svensson,Tina,Svensson,14',14,0,first half,0,1
G-1502,WC-1991,1991 FIFA Women's World Cup,1991,M-1991-16,Norway vs Denmark,7994.0,19:45,T-22,0,1,P-88749,Annette Thychosen,Annette,Thychosen,54',54,0,second half,0,1
G-1503,WC-1991,1991 FIFA Women's World Cup,1991,M-1991-16,Norway vs Denmark,7994.0,19:45,T-53,1,0,P-58688,Linda Medalen,Linda,Medalen,56',56,0,second half,0,0
G-1504,WC-1991,1991 FIFA Women's World Cup,1991,M-1991-17,Chinese Taipei vs Nigeria,7994.0,19:45,T-15,1,0,P-34495,Mei-chun Lin,Mei-chun,Lin,38',38,0,first half,0,0
G-1505,WC-1991,1991 FIFA Women's World Cup,1991,M-1991-17,Chinese Taipei vs Nigeria,7994.0,19:45,T-15,1,0,P-19063,Tai-ying Chou,Tai-ying,Chou,55',55,0,second half,0,0
G-1506,WC-1991,1991 FIFA Women's World Cup,1991,M-1991-18,Italy vs Germany,7994.0,19:45,T-31,0,1,P-30335,Heidi Mohr,Heidi,Mohr,67',67,0,second half,0,0
G-1507,WC-1991,1991 FIFA Women's World Cup,1991,M-1991-18,Italy vs Germany,7994.0,19:45,T-31,0,1,P-51730,Britta Unsleber,Britta,Unsleber,79',79,0,second half,0,0
G-1508,WC-1991,1991 FIFA Women's World Cup,1991,M-1991-19,Denmark vs Germany,7997.0,15:30,T-31,0,1,P-53366,Bettina Wiegmann,Bettina,Wiegmann,17',17,0,first half,0,1
G-1509,WC-1991,1991 FIFA Women's World Cup,1991,M-1991-19,Denmark vs Germany,7997.0,15:30,T-22,1,0,P-25916,Susan Mackensie,Susan,Mackensie,25',25,0,first half,0,1
G-1510,WC-1991,1991 FIFA Women's World Cup,1991,M-1991-19,Denmark vs Germany,7997.0,15:30,T-31,0,1,P-30335,Heidi Mohr,Heidi,Mohr,98',98,0,"extra time, first half",0,0
G-1511,WC-1991,1991 FIFA Women's World Cup,1991,M-1991-20,China vs Sweden,7997.0,19:45,T-74,0,1,P-12441,Pia Sundhage,Pia,Sundhage,3',3,0,first half,0,0
G-1512,WC-1991,1991 FIFA Women's World Cup,1991,M-1991-21,Norway vs Italy,7997.0,19:45,T-53,1,0,P-35393,Birthe Hegstad,Birthe,Hegstad,22',22,0,first half,0,0
G-1513,WC-1991,1991 FIFA Women's World Cup,1991,M-1991-21,Norway vs Italy,7997.0,19:45,T-41,0,1,P-90918,Raffaella Salmaso,Raffaella,Salmaso,31',31,0,first half,0,0
G-1514,WC-1991,1991 FIFA Women's World Cup,1991,M-1991-21,Norway vs Italy,7997.0,19:45,T-53,1,0,P-06023,Agnete Carlsen,Agnete,Carlsen,67',67,0,second half,0,0
G-1515,WC-1991,1991 FIFA Women's World Cup,1991,M-1991-21,Norway vs Italy,7997.0,19:45,T-41,0,1,P-50912,Rita Guarino,Rita,Guarino,80',80,0,second half,0,0
G-1516,WC-1991,1991 FIFA Women's World Cup,1991,M-1991-21,Norway vs Italy,7997.0,19:45,T-53,1,0,P-18995,Tina Svensson,Tina,Svensson,96',96,0,"extra time, first half",0,1
G-1517,WC-1991,1991 FIFA Women's World Cup,1991,M-1991-22,United States vs Chinese Taipei,7997.0,19:45,T-83,1,0,P-54794,Michelle Akers,Michelle,Akers,8',8,0,first half,0,0
G-1518,WC-1991,1991 FIFA Women's World Cup,1991,M-1991-22,United States vs Chinese Taipei,7997.0,19:45,T-83,1,0,P-54794,Michelle Akers,Michelle,Akers,29',29,0,first half,0,0
G-1519,WC-1991,1991 FIFA Women's World Cup,1991,M-1991-22,United States vs Chinese Taipei,7997.0,19:45,T-83,1,0,P-54794,Michelle Akers,Michelle,Akers,33',33,0,first half,0,0
G-1520,WC-1991,1991 FIFA Women's World Cup,1991,M-1991-22,United States vs Chinese Taipei,7997.0,19:45,T-83,1,0,P-89416,Julie Foudy,Julie,Foudy,38',38,0,first half,0,0
G-1521,WC-1991,1991 FIFA Women's World Cup,1991,M-1991-22,United States vs Chinese Taipei,7997.0,19:45,T-83,1,0,P-54794,Michelle Akers,Michelle,Akers,44',44,0,first half,0,1
G-1522,WC-1991,1991 FIFA Women's World Cup,1991,M-1991-22,United States vs Chinese Taipei,7997.0,19:45,T-83,1,0,P-54794,Michelle Akers,Michelle,Akers,48',48,0,second half,0,0
G-1523,WC-1991,1991 FIFA Women's World Cup,1991,M-1991-22,United States vs Chinese Taipei,7997.0,19:45,T-83,1,0,P-30345,Joy Fawcett,Joy,Fawcett,79',79,0,second half,0,0
G-1524,WC-1991,1991 FIFA Women's World Cup,1991,M-1991-23,Sweden vs Norway,8000.0,15:30,T-74,1,0,P-33270,Lena Videkull,Lena,Videkull,6',6,0,first half,0,0
G-1525,WC-1991,1991 FIFA Women's World Cup,1991,M-1991-23,Sweden vs Norway,8000.0,15:30,T-53,0,1,P-18995,Tina Svensson,Tina,Svensson,39',39,0,first half,0,1
G-1526,WC-1991,1991 FIFA Women's World Cup,1991,M-1991-23,Sweden vs Norway,8000.0,15:30,T-53,0,1,P-58688,Linda Medalen,Linda,Medalen,41',41,0,first half,0,0
G-1527,WC-1991,1991 FIFA Women's World Cup,1991,M-1991-23,Sweden vs Norway,8000.0,15:30,T-53,0,1,P-06023,Agnete Carlsen,Agnete,Carlsen,67',67,0,second half,0,0
G-1528,WC-1991,1991 FIFA Women's World Cup,1991,M-1991-23,Sweden vs Norway,8000.0,15:30,T-53,0,1,P-58688,Linda Medalen,Linda,Medalen,77',77,0,second half,0,0
G-1529,WC-1991,1991 FIFA Women's World Cup,1991,M-1991-24,Germany vs United States,8000.0,19:45,T-83,0,1,P-99328,Carin Jennings-Gabarra,Carin,Jennings-Gabarra,10',10,0,first half,0,0
G-1530,WC-1991,1991 FIFA Women's World Cup,1991,M-1991-24,Germany vs United States,8000.0,19:45,T-83,0,1,P-99328,Carin Jennings-Gabarra,Carin,Jennings-Gabarra,22',22,0,first half,0,0
G-1531,WC-1991,1991 FIFA Women's World Cup,1991,M-1991-24,Germany vs United States,8000.0,19:45,T-83,0,1,P-99328,Carin Jennings-Gabarra,Carin,Jennings-Gabarra,33',33,0,first half,0,0
G-1532,WC-1991,1991 FIFA Women's World Cup,1991,M-1991-24,Germany vs United States,8000.0,19:45,T-31,1,0,P-30335,Heidi Mohr,Heidi,Mohr,34',34,0,first half,0,0
G-1533,WC-1991,1991 FIFA Women's World Cup,1991,M-1991-24,Germany vs United States,8000.0,19:45,T-83,0,1,P-90564,April Heinrichs,April,Heinrichs,54',54,0,second half,0,0
G-1534,WC-1991,1991 FIFA Women's World Cup,1991,M-1991-24,Germany vs United States,8000.0,19:45,T-31,1,0,P-53366,Bettina Wiegmann,Bettina,Wiegmann,63',63,0,second half,0,0
G-1535,WC-1991,1991 FIFA Women's World Cup,1991,M-1991-24,Germany vs United States,8000.0,19:45,T-83,0,1,P-90564,April Heinrichs,April,Heinrichs,75',75,0,second half,0,0
G-1536,WC-1991,1991 FIFA Women's World Cup,1991,M-1991-25,Sweden vs Germany,8002.0,19:45,T-74,1,0,P-81571,Anneli Andelén,Anneli,Andelén,7',7,0,first half,0,0
G-1537,WC-1991,1991 FIFA Women's World Cup,1991,M-1991-25,Sweden vs Germany,8002.0,19:45,T-74,1,0,P-12441,Pia Sundhage,Pia,Sundhage,11',11,0,first half,0,0
G-1538,WC-1991,1991 FIFA Women's World Cup,1991,M-1991-25,Sweden vs Germany,8002.0,19:45,T-74,1,0,P-33270,Lena Videkull,Lena,Videkull,29',29,0,first half,0,0
G-1539,WC-1991,1991 FIFA Women's World Cup,1991,M-1991-25,Sweden vs Germany,8002.0,19:45,T-74,1,0,P-98080,Helen Nilsson,Helen,Nilsson,43',43,0,first half,0,0
G-1540,WC-1991,1991 FIFA Women's World Cup,1991,M-1991-26,Norway vs United States,8003.0,19:45,T-83,0,1,P-54794,Michelle Akers,Michelle,Akers,20',20,0,first half,0,0
G-1541,WC-1991,1991 FIFA Women's World Cup,1991,M-1991-26,Norway vs United States,8003.0,19:45,T-53,1,0,P-58688,Linda Medalen,Linda,Medalen,29',29,0,first half,0,0
G-1542,WC-1991,1991 FIFA Women's World Cup,1991,M-1991-26,Norway vs United States,8003.0,19:45,T-83,0,1,P-54794,Michelle Akers,Michelle,Akers,78',78,0,second half,0,0
G-1543,WC-1994,1994 FIFA Men's World Cup,1994,M-1994-01,Germany vs Bolivia,8933.0,14:00,T-31,1,0,P-91373,Jürgen Klinsmann,Jürgen,Klinsmann,61',61,0,second half,0,0
G-1544,WC-1994,1994 FIFA Men's World Cup,1994,M-1994-02,Spain vs South Korea,8933.0,18:30,T-73,1,0,P-18314,Julio Salinas,Julio,Salinas,51',51,0,second half,0,0
G-1545,WC-1994,1994 FIFA Men's World Cup,1994,M-1994-02,Spain vs South Korea,8933.0,18:30,T-73,1,0,P-00619,Andoni Goikoetxea,Andoni,Goikoetxea,55',55,0,second half,0,0
G-1546,WC-1994,1994 FIFA Men's World Cup,1994,M-1994-02,Spain vs South Korea,8933.0,18:30,T-71,0,1,P-55097,Myung-bo Hong,Myung-bo,Hong,85',85,0,second half,0,0
G-1547,WC-1994,1994 FIFA Men's World Cup,1994,M-1994-02,Spain vs South Korea,8933.0,18:30,T-71,0,1,P-65525,Jung-won Seo,Jung-won,Seo,90',90,0,second half,0,0
G-1548,WC-1994,1994 FIFA Men's World Cup,1994,M-1994-03,United States vs Switzerland,8934.0,11:30,T-75,0,1,P-26437,Georges Bregy,Georges,Bregy,39',39,0,first half,0,0
G-1549,WC-1994,1994 FIFA Men's World Cup,1994,M-1994-03,United States vs Switzerland,8934.0,11:30,T-83,1,0,P-67232,Eric Wynalda,Eric,Wynalda,44',44,0,first half,0,0
G-1550,WC-1994,1994 FIFA Men's World Cup,1994,M-1994-04,Italy vs Republic of Ireland,8934.0,16:00,T-60,0,1,P-95491,Ray Houghton,Ray,Houghton,11',11,0,first half,0,0
G-1551,WC-1994,1994 FIFA Men's World Cup,1994,M-1994-05,Colombia vs Romania,8934.0,16:30,T-61,0,1,P-69340,Florin Răducioiu,Florin,Răducioiu,15',15,0,first half,0,0
G-1552,WC-1994,1994 FIFA Men's World Cup,1994,M-1994-05,Colombia vs Romania,8934.0,16:30,T-61,0,1,P-30739,Gheorghe Hagi,Gheorghe,Hagi,34',34,0,first half,0,0
G-1553,WC-1994,1994 FIFA Men's World Cup,1994,M-1994-05,Colombia vs Romania,8934.0,16:30,T-16,1,0,P-55994,Adolfo Valencia,Adolfo,Valencia,43',43,0,first half,0,0
G-1554,WC-1994,1994 FIFA Men's World Cup,1994,M-1994-05,Colombia vs Romania,8934.0,16:30,T-61,0,1,P-69340,Florin Răducioiu,Florin,Răducioiu,89',89,0,second half,0,0
G-1555,WC-1994,1994 FIFA Men's World Cup,1994,M-1994-06,Belgium vs Morocco,8935.0,12:30,T-06,1,0,P-28230,Marc Degryse,Marc,Degryse,11',11,0,first half,0,0
G-1556,WC-1994,1994 FIFA Men's World Cup,1994,M-1994-07,Norway vs Mexico,8935.0,16:00,T-53,1,0,P-72296,Kjetil Rekdal,Kjetil,Rekdal,84',84,0,second half,0,0
G-1557,WC-1994,1994 FIFA Men's World Cup,1994,M-1994-08,Cameroon vs Sweden,8935.0,16:30,T-74,0,1,P-75066,Roger Ljung,Roger,Ljung,8',8,0,first half,0,0
G-1558,WC-1994,1994 FIFA Men's World Cup,1994,M-1994-08,Cameroon vs Sweden,8935.0,16:30,T-11,1,0,P-43560,David Embé,David,Embé,31',31,0,first half,0,0
G-1559,WC-1994,1994 FIFA Men's World Cup,1994,M-1994-08,Cameroon vs Sweden,8935.0,16:30,T-11,1,0,P-77989,François Omam-Biyik,François,Omam-Biyik,47',47,0,second half,0,0
G-1560,WC-1994,1994 FIFA Men's World Cup,1994,M-1994-08,Cameroon vs Sweden,8935.0,16:30,T-74,0,1,P-63429,Martin Dahlin,Martin,Dahlin,75',75,0,second half,0,0
G-1561,WC-1994,1994 FIFA Men's World Cup,1994,M-1994-09,Brazil vs Russia,8936.0,13:00,T-09,1,0,P-61251,not applicable Romário,not applicable,Romário,26',26,0,first half,0,0
G-1562,WC-1994,1994 FIFA Men's World Cup,1994,M-1994-09,Brazil vs Russia,8936.0,13:00,T-09,1,0,P-93386,not applicable Raí,not applicable,Raí,52',52,0,second half,0,1
G-1563,WC-1994,1994 FIFA Men's World Cup,1994,M-1994-10,Netherlands vs Saudi Arabia,8936.0,19:30,T-63,0,1,P-21550,Fuad Anwar,Fuad,Anwar,18',18,0,first half,0,0
G-1564,WC-1994,1994 FIFA Men's World Cup,1994,M-1994-10,Netherlands vs Saudi Arabia,8936.0,19:30,T-48,1,0,P-27957,Wim Jonk,Wim,Jonk,50',50,0,second half,0,0
G-1565,WC-1994,1994 FIFA Men's World Cup,1994,M-1994-10,Netherlands vs Saudi Arabia,8936.0,19:30,T-48,1,0,P-20827,Gaston Taument,Gaston,Taument,86',86,0,second half,0,0
G-1566,WC-1994,1994 FIFA Men's World Cup,1994,M-1994-11,Argentina vs Greece,8937.0,12:30,T-03,1,0,P-84542,Gabriel Batistuta,Gabriel,Batistuta,2',2,0,first half,0,0
G-1567,WC-1994,1994 FIFA Men's World Cup,1994,M-1994-11,Argentina vs Greece,8937.0,12:30,T-03,1,0,P-84542,Gabriel Batistuta,Gabriel,Batistuta,44',44,0,first half,0,0
G-1568,WC-1994,1994 FIFA Men's World Cup,1994,M-1994-11,Argentina vs Greece,8937.0,12:30,T-03,1,0,P-80404,Diego Maradona,Diego,Maradona,60',60,0,second half,0,0
G-1569,WC-1994,1994 FIFA Men's World Cup,1994,M-1994-11,Argentina vs Greece,8937.0,12:30,T-03,1,0,P-84542,Gabriel Batistuta,Gabriel,Batistuta,90',90,0,second half,0,1
G-1570,WC-1994,1994 FIFA Men's World Cup,1994,M-1994-12,Germany vs Spain,8937.0,15:00,T-73,0,1,P-00619,Andoni Goikoetxea,Andoni,Goikoetxea,14',14,0,first half,0,0
G-1571,WC-1994,1994 FIFA Men's World Cup,1994,M-1994-12,Germany vs Spain,8937.0,15:00,T-31,1,0,P-91373,Jürgen Klinsmann,Jürgen,Klinsmann,48',48,0,second half,0,0
G-1572,WC-1994,1994 FIFA Men's World Cup,1994,M-1994-13,Nigeria vs Bulgaria,8937.0,18:30,T-50,1,0,P-98228,Rashidi Yekini,Rashidi,Yekini,21',21,0,first half,0,0
G-1573,WC-1994,1994 FIFA Men's World Cup,1994,M-1994-13,Nigeria vs Bulgaria,8937.0,18:30,T-50,1,0,P-84893,Daniel Amokachi,Daniel,Amokachi,43',43,0,first half,0,0
G-1574,WC-1994,1994 FIFA Men's World Cup,1994,M-1994-13,Nigeria vs Bulgaria,8937.0,18:30,T-50,1,0,P-22820,Emmanuel Amunike,Emmanuel,Amunike,55',55,0,second half,0,0
G-1575,WC-1994,1994 FIFA Men's World Cup,1994,M-1994-14,Romania vs Switzerland,8938.0,16:00,T-75,0,1,P-56818,Alain Sutter,Alain,Sutter,16',16,0,first half,0,0
G-1576,WC-1994,1994 FIFA Men's World Cup,1994,M-1994-14,Romania vs Switzerland,8938.0,16:00,T-61,1,0,P-30739,Gheorghe Hagi,Gheorghe,Hagi,35',35,0,first half,0,0
G-1577,WC-1994,1994 FIFA Men's World Cup,1994,M-1994-14,Romania vs Switzerland,8938.0,16:00,T-75,0,1,P-28977,Stéphane Chapuisat,Stéphane,Chapuisat,52',52,0,second half,0,0
G-1578,WC-1994,1994 FIFA Men's World Cup,1994,M-1994-14,Romania vs Switzerland,8938.0,16:00,T-75,0,1,P-01678,Adrian Knup,Adrian,Knup,65',65,0,second half,0,0
G-1579,WC-1994,1994 FIFA Men's World Cup,1994,M-1994-14,Romania vs Switzerland,8938.0,16:00,T-75,0,1,P-01678,Adrian Knup,Adrian,Knup,72',72,0,second half,0,0
G-1580,WC-1994,1994 FIFA Men's World Cup,1994,M-1994-15,United States vs Colombia,8938.0,16:30,T-83,1,0,P-70177,Andrés Escobar,Andrés,Escobar,35',35,0,first half,1,0
G-1581,WC-1994,1994 FIFA Men's World Cup,1994,M-1994-15,United States vs Colombia,8938.0,16:30,T-83,1,0,P-96178,Earnie Stewart,Earnie,Stewart,52',52,0,second half,0,0
G-1582,WC-1994,1994 FIFA Men's World Cup,1994,M-1994-15,United States vs Colombia,8938.0,16:30,T-16,0,1,P-55994,Adolfo Valencia,Adolfo,Valencia,90',90,0,second half,0,0
G-1583,WC-1994,1994 FIFA Men's World Cup,1994,M-1994-16,Italy vs Norway,8939.0,16:00,T-41,1,0,P-52474,Dino Baggio,Dino,Baggio,69',69,0,second half,0,0
G-1584,WC-1994,1994 FIFA Men's World Cup,1994,M-1994-18,Mexico vs Republic of Ireland,8940.0,12:30,T-46,1,0,P-46904,Luis García Postigo,Luis,García Postigo,42',42,0,first half,0,0
G-1585,WC-1994,1994 FIFA Men's World Cup,1994,M-1994-18,Mexico vs Republic of Ireland,8940.0,12:30,T-46,1,0,P-46904,Luis García Postigo,Luis,García Postigo,65',65,0,second half,0,0
G-1586,WC-1994,1994 FIFA Men's World Cup,1994,M-1994-18,Mexico vs Republic of Ireland,8940.0,12:30,T-60,0,1,P-42603,John Aldridge,John,Aldridge,84',84,0,second half,0,0
G-1587,WC-1994,1994 FIFA Men's World Cup,1994,M-1994-19,Brazil vs Cameroon,8940.0,13:00,T-09,1,0,P-61251,not applicable Romário,not applicable,Romário,39',39,0,first half,0,0
G-1588,WC-1994,1994 FIFA Men's World Cup,1994,M-1994-19,Brazil vs Cameroon,8940.0,13:00,T-09,1,0,P-07679,Márcio Santos,Márcio,Santos,66',66,0,second half,0,0
G-1589,WC-1994,1994 FIFA Men's World Cup,1994,M-1994-19,Brazil vs Cameroon,8940.0,13:00,T-09,1,0,P-68671,not applicable Bebeto,not applicable,Bebeto,73',73,0,second half,0,0
G-1590,WC-1994,1994 FIFA Men's World Cup,1994,M-1994-20,Sweden vs Russia,8940.0,19:30,T-62,0,1,P-73354,Oleg Salenko,Oleg,Salenko,4',4,0,first half,0,1
G-1591,WC-1994,1994 FIFA Men's World Cup,1994,M-1994-20,Sweden vs Russia,8940.0,19:30,T-74,1,0,P-26281,Tomas Brolin,Tomas,Brolin,39',39,0,first half,0,1
G-1592,WC-1994,1994 FIFA Men's World Cup,1994,M-1994-20,Sweden vs Russia,8940.0,19:30,T-74,1,0,P-63429,Martin Dahlin,Martin,Dahlin,60',60,0,second half,0,0
G-1593,WC-1994,1994 FIFA Men's World Cup,1994,M-1994-20,Sweden vs Russia,8940.0,19:30,T-74,1,0,P-63429,Martin Dahlin,Martin,Dahlin,82',82,0,second half,0,0
G-1594,WC-1994,1994 FIFA Men's World Cup,1994,M-1994-21,Belgium vs Netherlands,8941.0,12:30,T-06,1,0,P-43307,Philippe Albert,Philippe,Albert,65',65,0,second half,0,0
G-1595,WC-1994,1994 FIFA Men's World Cup,1994,M-1994-22,Saudi Arabia vs Morocco,8941.0,12:30,T-63,1,0,P-88041,Sami Al-Jaber,Sami,Al-Jaber,7',7,0,first half,0,1
G-1596,WC-1994,1994 FIFA Men's World Cup,1994,M-1994-22,Saudi Arabia vs Morocco,8941.0,12:30,T-47,0,1,P-09278,Mohammed Chaouch,Mohammed,Chaouch,26',26,0,first half,0,0
G-1597,WC-1994,1994 FIFA Men's World Cup,1994,M-1994-22,Saudi Arabia vs Morocco,8941.0,12:30,T-63,1,0,P-21550,Fuad Anwar,Fuad,Anwar,45',45,0,first half,0,0
G-1598,WC-1994,1994 FIFA Men's World Cup,1994,M-1994-23,Argentina vs Nigeria,8941.0,16:00,T-50,0,1,P-72487,Samson Siasia,Samson,Siasia,8',8,0,first half,0,0
G-1599,WC-1994,1994 FIFA Men's World Cup,1994,M-1994-23,Argentina vs Nigeria,8941.0,16:00,T-03,1,0,P-35873,Claudio Caniggia,Claudio,Caniggia,21',21,0,first half,0,0
G-1600,WC-1994,1994 FIFA Men's World Cup,1994,M-1994-23,Argentina vs Nigeria,8941.0,16:00,T-03,1,0,P-35873,Claudio Caniggia,Claudio,Caniggia,28',28,0,first half,0,0
G-1601,WC-1994,1994 FIFA Men's World Cup,1994,M-1994-24,Bulgaria vs Greece,8942.0,11:30,T-10,1,0,P-81648,Hristo Stoichkov,Hristo,Stoichkov,5',5,0,first half,0,1
G-1602,WC-1994,1994 FIFA Men's World Cup,1994,M-1994-24,Bulgaria vs Greece,8942.0,11:30,T-10,1,0,P-81648,Hristo Stoichkov,Hristo,Stoichkov,55',55,0,second half,0,1
G-1603,WC-1994,1994 FIFA Men's World Cup,1994,M-1994-24,Bulgaria vs Greece,8942.0,11:30,T-10,1,0,P-19567,Yordan Letchkov,Yordan,Letchkov,65',65,0,second half,0,0
G-1604,WC-1994,1994 FIFA Men's World Cup,1994,M-1994-24,Bulgaria vs Greece,8942.0,11:30,T-10,1,0,P-40793,Daniel Borimirov,Daniel,Borimirov,90',90,0,second half,0,0
G-1605,WC-1994,1994 FIFA Men's World Cup,1994,M-1994-25,Switzerland vs Colombia,8942.0,13:00,T-16,0,1,P-42991,Hermán Gaviria,Hermán,Gaviria,44',44,0,first half,0,0
G-1606,WC-1994,1994 FIFA Men's World Cup,1994,M-1994-25,Switzerland vs Colombia,8942.0,13:00,T-16,0,1,P-19743,John Harold Lozano,John Harold,Lozano,90',90,0,second half,0,0
G-1607,WC-1994,1994 FIFA Men's World Cup,1994,M-1994-26,United States vs Romania,8942.0,13:00,T-61,0,1,P-12625,Dan Petrescu,Dan,Petrescu,18',18,0,first half,0,0
G-1608,WC-1994,1994 FIFA Men's World Cup,1994,M-1994-27,Bolivia vs Spain,8943.0,15:00,T-73,0,1,P-78385,Josep Guardiola,Josep,Guardiola,19',19,0,first half,0,1
G-1609,WC-1994,1994 FIFA Men's World Cup,1994,M-1994-27,Bolivia vs Spain,8943.0,15:00,T-73,0,1,P-97666,José Luis Caminero,José Luis,Caminero,66',66,0,second half,0,0
G-1610,WC-1994,1994 FIFA Men's World Cup,1994,M-1994-27,Bolivia vs Spain,8943.0,15:00,T-07,1,0,P-09978,Erwin Sánchez,Erwin,Sánchez,67',67,0,second half,0,0
G-1611,WC-1994,1994 FIFA Men's World Cup,1994,M-1994-27,Bolivia vs Spain,8943.0,15:00,T-73,0,1,P-97666,José Luis Caminero,José Luis,Caminero,70',70,0,second half,0,0
G-1612,WC-1994,1994 FIFA Men's World Cup,1994,M-1994-28,Germany vs South Korea,8943.0,15:00,T-31,1,0,P-91373,Jürgen Klinsmann,Jürgen,Klinsmann,12',12,0,first half,0,0
G-1613,WC-1994,1994 FIFA Men's World Cup,1994,M-1994-28,Germany vs South Korea,8943.0,15:00,T-31,1,0,P-43380,Karl-Heinz Riedle,Karl-Heinz,Riedle,20',20,0,first half,0,0
G-1614,WC-1994,1994 FIFA Men's World Cup,1994,M-1994-28,Germany vs South Korea,8943.0,15:00,T-31,1,0,P-91373,Jürgen Klinsmann,Jürgen,Klinsmann,37',37,0,first half,0,0
G-1615,WC-1994,1994 FIFA Men's World Cup,1994,M-1994-28,Germany vs South Korea,8943.0,15:00,T-71,0,1,P-15222,Sun-hong Hwang,Sun-hong,Hwang,52',52,0,second half,0,0
G-1616,WC-1994,1994 FIFA Men's World Cup,1994,M-1994-28,Germany vs South Korea,8943.0,15:00,T-71,0,1,P-55097,Myung-bo Hong,Myung-bo,Hong,63',63,0,second half,0,0
G-1617,WC-1994,1994 FIFA Men's World Cup,1994,M-1994-29,Italy vs Mexico,8944.0,12:30,T-41,1,0,P-31072,Daniele Massaro,Daniele,Massaro,48',48,0,second half,0,0
G-1618,WC-1994,1994 FIFA Men's World Cup,1994,M-1994-29,Italy vs Mexico,8944.0,12:30,T-46,0,1,P-40627,Marcelino Bernal,Marcelino,Bernal,57',57,0,second half,0,0
G-1619,WC-1994,1994 FIFA Men's World Cup,1994,M-1994-31,Russia vs Cameroon,8944.0,13:00,T-62,1,0,P-73354,Oleg Salenko,Oleg,Salenko,15',15,0,first half,0,0
G-1620,WC-1994,1994 FIFA Men's World Cup,1994,M-1994-31,Russia vs Cameroon,8944.0,13:00,T-62,1,0,P-73354,Oleg Salenko,Oleg,Salenko,41',41,0,first half,0,0
G-1621,WC-1994,1994 FIFA Men's World Cup,1994,M-1994-31,Russia vs Cameroon,8944.0,13:00,T-62,1,0,P-73354,Oleg Salenko,Oleg,Salenko,44',44,0,first half,0,1
G-1622,WC-1994,1994 FIFA Men's World Cup,1994,M-1994-31,Russia vs Cameroon,8944.0,13:00,T-11,0,1,P-58080,Roger Milla,Roger,Milla,46',46,0,second half,0,0
G-1623,WC-1994,1994 FIFA Men's World Cup,1994,M-1994-31,Russia vs Cameroon,8944.0,13:00,T-62,1,0,P-73354,Oleg Salenko,Oleg,Salenko,72',72,0,second half,0,0
G-1624,WC-1994,1994 FIFA Men's World Cup,1994,M-1994-31,Russia vs Cameroon,8944.0,13:00,T-62,1,0,P-73354,Oleg Salenko,Oleg,Salenko,75',75,0,second half,0,0
G-1625,WC-1994,1994 FIFA Men's World Cup,1994,M-1994-31,Russia vs Cameroon,8944.0,13:00,T-62,1,0,P-42532,Dmitri Radchenko,Dmitri,Radchenko,81',81,0,second half,0,0
G-1626,WC-1994,1994 FIFA Men's World Cup,1994,M-1994-32,Brazil vs Sweden,8944.0,16:00,T-74,0,1,P-60371,Kennet Andersson,Kennet,Andersson,23',23,0,first half,0,0
G-1627,WC-1994,1994 FIFA Men's World Cup,1994,M-1994-32,Brazil vs Sweden,8944.0,16:00,T-09,1,0,P-61251,not applicable Romário,not applicable,Romário,47',47,0,second half,0,0
G-1628,WC-1994,1994 FIFA Men's World Cup,1994,M-1994-33,Belgium vs Saudi Arabia,8945.0,12:30,T-63,0,1,P-41428,Saeed Al-Owairan,Saeed,Al-Owairan,5',5,0,first half,0,0
G-1629,WC-1994,1994 FIFA Men's World Cup,1994,M-1994-34,Morocco vs Netherlands,8945.0,12:30,T-48,0,1,P-22409,Dennis Bergkamp,Dennis,Bergkamp,43',43,0,first half,0,0
G-1630,WC-1994,1994 FIFA Men's World Cup,1994,M-1994-34,Morocco vs Netherlands,8945.0,12:30,T-47,1,0,P-89133,Hassan Nader,Hassan,Nader,47',47,0,second half,0,0
G-1631,WC-1994,1994 FIFA Men's World Cup,1994,M-1994-34,Morocco vs Netherlands,8945.0,12:30,T-48,0,1,P-03942,Bryan Roy,Bryan,Roy,77',77,0,second half,0,0
G-1632,WC-1994,1994 FIFA Men's World Cup,1994,M-1994-35,Argentina vs Bulgaria,8946.0,18:30,T-10,0,1,P-81648,Hristo Stoichkov,Hristo,Stoichkov,61',61,0,second half,0,0
G-1633,WC-1994,1994 FIFA Men's World Cup,1994,M-1994-35,Argentina vs Bulgaria,8946.0,18:30,T-10,0,1,P-05061,Nasko Sirakov,Nasko,Sirakov,90'+3',90,3,"second half, stoppage time",0,0
G-1634,WC-1994,1994 FIFA Men's World Cup,1994,M-1994-36,Greece vs Nigeria,8946.0,19:30,T-50,0,1,P-54287,Finidi George,Finidi,George,45'+2',45,2,"first half, stoppage time",0,0
G-1635,WC-1994,1994 FIFA Men's World Cup,1994,M-1994-36,Greece vs Nigeria,8946.0,19:30,T-50,0,1,P-84893,Daniel Amokachi,Daniel,Amokachi,90'+5',90,5,"second half, stoppage time",0,0
G-1636,WC-1994,1994 FIFA Men's World Cup,1994,M-1994-37,Germany vs Belgium,8948.0,12:00,T-31,1,0,P-04572,Rudi Völler,Rudi,Völler,6',6,0,first half,0,0
G-1637,WC-1994,1994 FIFA Men's World Cup,1994,M-1994-37,Germany vs Belgium,8948.0,12:00,T-06,0,1,P-99499,Georges Grün,Georges,Grün,8',8,0,first half,0,0
G-1638,WC-1994,1994 FIFA Men's World Cup,1994,M-1994-37,Germany vs Belgium,8948.0,12:00,T-31,1,0,P-91373,Jürgen Klinsmann,Jürgen,Klinsmann,11',11,0,first half,0,0
G-1639,WC-1994,1994 FIFA Men's World Cup,1994,M-1994-37,Germany vs Belgium,8948.0,12:00,T-31,1,0,P-04572,Rudi Völler,Rudi,Völler,38',38,0,first half,0,0
G-1640,WC-1994,1994 FIFA Men's World Cup,1994,M-1994-37,Germany vs Belgium,8948.0,12:00,T-06,0,1,P-43307,Philippe Albert,Philippe,Albert,90',90,0,second half,0,0
G-1641,WC-1994,1994 FIFA Men's World Cup,1994,M-1994-38,Spain vs Switzerland,8948.0,16:30,T-73,1,0,P-35246,Fernando Hierro,Fernando,Hierro,15',15,0,first half,0,0
G-1642,WC-1994,1994 FIFA Men's World Cup,1994,M-1994-38,Spain vs Switzerland,8948.0,16:30,T-73,1,0,P-38878,Luis Enrique,Luis,Enrique,74',74,0,second half,0,0
G-1643,WC-1994,1994 FIFA Men's World Cup,1994,M-1994-38,Spain vs Switzerland,8948.0,16:30,T-73,1,0,P-23403,Txiki Begiristain,Txiki,Begiristain,86',86,0,second half,0,1
G-1644,WC-1994,1994 FIFA Men's World Cup,1994,M-1994-39,Saudi Arabia vs Sweden,8949.0,12:00,T-74,0,1,P-63429,Martin Dahlin,Martin,Dahlin,6',6,0,first half,0,0
G-1645,WC-1994,1994 FIFA Men's World Cup,1994,M-1994-39,Saudi Arabia vs Sweden,8949.0,12:00,T-74,0,1,P-60371,Kennet Andersson,Kennet,Andersson,51',51,0,second half,0,0
G-1646,WC-1994,1994 FIFA Men's World Cup,1994,M-1994-39,Saudi Arabia vs Sweden,8949.0,12:00,T-63,1,0,P-39267,Fahad Al-Ghesheyan,Fahad,Al-Ghesheyan,85',85,0,second half,0,0
G-1647,WC-1994,1994 FIFA Men's World Cup,1994,M-1994-39,Saudi Arabia vs Sweden,8949.0,12:00,T-74,0,1,P-60371,Kennet Andersson,Kennet,Andersson,88',88,0,second half,0,0
G-1648,WC-1994,1994 FIFA Men's World Cup,1994,M-1994-40,Romania vs Argentina,8949.0,13:30,T-61,1,0,P-54322,Ilie Dumitrescu,Ilie,Dumitrescu,11',11,0,first half,0,0
G-1649,WC-1994,1994 FIFA Men's World Cup,1994,M-1994-40,Romania vs Argentina,8949.0,13:30,T-03,0,1,P-84542,Gabriel Batistuta,Gabriel,Batistuta,16',16,0,first half,0,1
G-1650,WC-1994,1994 FIFA Men's World Cup,1994,M-1994-40,Romania vs Argentina,8949.0,13:30,T-61,1,0,P-54322,Ilie Dumitrescu,Ilie,Dumitrescu,18',18,0,first half,0,0
G-1651,WC-1994,1994 FIFA Men's World Cup,1994,M-1994-40,Romania vs Argentina,8949.0,13:30,T-61,1,0,P-30739,Gheorghe Hagi,Gheorghe,Hagi,58',58,0,second half,0,0
G-1652,WC-1994,1994 FIFA Men's World Cup,1994,M-1994-40,Romania vs Argentina,8949.0,13:30,T-03,0,1,P-07031,Abel Balbo,Abel,Balbo,75',75,0,second half,0,0
G-1653,WC-1994,1994 FIFA Men's World Cup,1994,M-1994-41,Netherlands vs Republic of Ireland,8950.0,12:00,T-48,1,0,P-22409,Dennis Bergkamp,Dennis,Bergkamp,11',11,0,first half,0,0
G-1654,WC-1994,1994 FIFA Men's World Cup,1994,M-1994-41,Netherlands vs Republic of Ireland,8950.0,12:00,T-48,1,0,P-27957,Wim Jonk,Wim,Jonk,41',41,0,first half,0,0
G-1655,WC-1994,1994 FIFA Men's World Cup,1994,M-1994-42,Brazil vs United States,8950.0,12:30,T-09,1,0,P-68671,not applicable Bebeto,not applicable,Bebeto,72',72,0,second half,0,0
G-1656,WC-1994,1994 FIFA Men's World Cup,1994,M-1994-43,Nigeria vs Italy,8951.0,13:00,T-50,1,0,P-22820,Emmanuel Amunike,Emmanuel,Amunike,25',25,0,first half,0,0
G-1657,WC-1994,1994 FIFA Men's World Cup,1994,M-1994-43,Nigeria vs Italy,8951.0,13:00,T-41,0,1,P-78756,Roberto Baggio,Roberto,Baggio,88',88,0,second half,0,0
G-1658,WC-1994,1994 FIFA Men's World Cup,1994,M-1994-43,Nigeria vs Italy,8951.0,13:00,T-41,0,1,P-78756,Roberto Baggio,Roberto,Baggio,102',102,0,"extra time, first half",0,1
G-1659,WC-1994,1994 FIFA Men's World Cup,1994,M-1994-44,Mexico vs Bulgaria,8951.0,16:30,T-10,0,1,P-81648,Hristo Stoichkov,Hristo,Stoichkov,6',6,0,first half,0,0
G-1660,WC-1994,1994 FIFA Men's World Cup,1994,M-1994-44,Mexico vs Bulgaria,8951.0,16:30,T-46,1,0,P-21495,Alberto García Aspe,Alberto,García Aspe,18',18,0,first half,0,1
G-1661,WC-1994,1994 FIFA Men's World Cup,1994,M-1994-45,Italy vs Spain,8955.0,12:00,T-41,1,0,P-52474,Dino Baggio,Dino,Baggio,25',25,0,first half,0,0
G-1662,WC-1994,1994 FIFA Men's World Cup,1994,M-1994-45,Italy vs Spain,8955.0,12:00,T-73,0,1,P-97666,José Luis Caminero,José Luis,Caminero,58',58,0,second half,0,0
G-1663,WC-1994,1994 FIFA Men's World Cup,1994,M-1994-45,Italy vs Spain,8955.0,12:00,T-41,1,0,P-78756,Roberto Baggio,Roberto,Baggio,88',88,0,second half,0,0
G-1664,WC-1994,1994 FIFA Men's World Cup,1994,M-1994-46,Netherlands vs Brazil,8955.0,14:30,T-09,0,1,P-61251,not applicable Romário,not applicable,Romário,53',53,0,second half,0,0
G-1665,WC-1994,1994 FIFA Men's World Cup,1994,M-1994-46,Netherlands vs Brazil,8955.0,14:30,T-09,0,1,P-68671,not applicable Bebeto,not applicable,Bebeto,63',63,0,second half,0,0
G-1666,WC-1994,1994 FIFA Men's World Cup,1994,M-1994-46,Netherlands vs Brazil,8955.0,14:30,T-48,1,0,P-22409,Dennis Bergkamp,Dennis,Bergkamp,64',64,0,second half,0,0
G-1667,WC-1994,1994 FIFA Men's World Cup,1994,M-1994-46,Netherlands vs Brazil,8955.0,14:30,T-48,1,0,P-42249,Aron Winter,Aron,Winter,76',76,0,second half,0,0
G-1668,WC-1994,1994 FIFA Men's World Cup,1994,M-1994-46,Netherlands vs Brazil,8955.0,14:30,T-09,0,1,P-90842,not applicable Branco,not applicable,Branco,81',81,0,second half,0,0
G-1669,WC-1994,1994 FIFA Men's World Cup,1994,M-1994-47,Bulgaria vs Germany,8956.0,12:00,T-31,0,1,P-49502,Lothar Matthäus,Lothar,Matthäus,47',47,0,second half,0,1
G-1670,WC-1994,1994 FIFA Men's World Cup,1994,M-1994-47,Bulgaria vs Germany,8956.0,12:00,T-10,1,0,P-81648,Hristo Stoichkov,Hristo,Stoichkov,75',75,0,second half,0,0
G-1671,WC-1994,1994 FIFA Men's World Cup,1994,M-1994-47,Bulgaria vs Germany,8956.0,12:00,T-10,1,0,P-19567,Yordan Letchkov,Yordan,Letchkov,78',78,0,second half,0,0
G-1672,WC-1994,1994 FIFA Men's World Cup,1994,M-1994-48,Romania vs Sweden,8956.0,12:30,T-74,0,1,P-26281,Tomas Brolin,Tomas,Brolin,78',78,0,second half,0,0
G-1673,WC-1994,1994 FIFA Men's World Cup,1994,M-1994-48,Romania vs Sweden,8956.0,12:30,T-61,1,0,P-69340,Florin Răducioiu,Florin,Răducioiu,88',88,0,second half,0,0
G-1674,WC-1994,1994 FIFA Men's World Cup,1994,M-1994-48,Romania vs Sweden,8956.0,12:30,T-61,1,0,P-69340,Florin Răducioiu,Florin,Răducioiu,101',101,0,"extra time, first half",0,0
G-1675,WC-1994,1994 FIFA Men's World Cup,1994,M-1994-48,Romania vs Sweden,8956.0,12:30,T-74,0,1,P-60371,Kennet Andersson,Kennet,Andersson,115',115,0,"extra time, second half",0,0
G-1676,WC-1994,1994 FIFA Men's World Cup,1994,M-1994-49,Bulgaria vs Italy,8959.0,16:00,T-41,0,1,P-78756,Roberto Baggio,Roberto,Baggio,21',21,0,first half,0,0
G-1677,WC-1994,1994 FIFA Men's World Cup,1994,M-1994-49,Bulgaria vs Italy,8959.0,16:00,T-41,0,1,P-78756,Roberto Baggio,Roberto,Baggio,25',25,0,first half,0,0
G-1678,WC-1994,1994 FIFA Men's World Cup,1994,M-1994-49,Bulgaria vs Italy,8959.0,16:00,T-10,1,0,P-81648,Hristo Stoichkov,Hristo,Stoichkov,44',44,0,first half,0,1
G-1679,WC-1994,1994 FIFA Men's World Cup,1994,M-1994-50,Sweden vs Brazil,8959.0,16:30,T-09,0,1,P-61251,not applicable Romário,not applicable,Romário,80',80,0,second half,0,0
G-1680,WC-1994,1994 FIFA Men's World Cup,1994,M-1994-51,Sweden vs Bulgaria,8962.0,12:30,T-74,1,0,P-26281,Tomas Brolin,Tomas,Brolin,8',8,0,first half,0,0
G-1681,WC-1994,1994 FIFA Men's World Cup,1994,M-1994-51,Sweden vs Bulgaria,8962.0,12:30,T-74,1,0,P-66178,Håkan Mild,Håkan,Mild,30',30,0,first half,0,0
G-1682,WC-1994,1994 FIFA Men's World Cup,1994,M-1994-51,Sweden vs Bulgaria,8962.0,12:30,T-74,1,0,P-42895,Henrik Larsson,Henrik,Larsson,37',37,0,first half,0,0
G-1683,WC-1994,1994 FIFA Men's World Cup,1994,M-1994-51,Sweden vs Bulgaria,8962.0,12:30,T-74,1,0,P-60371,Kennet Andersson,Kennet,Andersson,39',39,0,first half,0,0
G-1684,WC-1995,1995 FIFA Women's World Cup,1995,M-1995-01,Germany vs Japan,9286.0,14:00,T-31,1,0,P-10757,Silvia Neid,Silvia,Neid,23',23,0,first half,0,0
G-1685,WC-1995,1995 FIFA Women's World Cup,1995,M-1995-02,Sweden vs Brazil,9286.0,18:00,T-09,0,1,P-18032,not applicable Roseli,not applicable,Roseli,37',37,0,first half,0,0
G-1686,WC-1995,1995 FIFA Women's World Cup,1995,M-1995-03,England vs Canada,9287.0,19:00,T-28,1,0,P-85614,Gillian Coultard,Gillian,Coultard,51',51,0,second half,0,1
G-1687,WC-1995,1995 FIFA Women's World Cup,1995,M-1995-03,England vs Canada,9287.0,19:00,T-28,1,0,P-63458,Marieanne Spacey,Marieanne,Spacey,76',76,0,second half,0,1
G-1688,WC-1995,1995 FIFA Women's World Cup,1995,M-1995-03,England vs Canada,9287.0,19:00,T-28,1,0,P-85614,Gillian Coultard,Gillian,Coultard,85',85,0,second half,0,0
G-1689,WC-1995,1995 FIFA Women's World Cup,1995,M-1995-03,England vs Canada,9287.0,19:00,T-12,0,1,P-89408,Helen Stoumbos,Helen,Stoumbos,87',87,0,second half,0,0
G-1690,WC-1995,1995 FIFA Women's World Cup,1995,M-1995-03,England vs Canada,9287.0,19:00,T-12,0,1,P-28260,Geri Donnelly,Geri,Donnelly,90'+1',90,1,"second half, stoppage time",0,0
G-1691,WC-1995,1995 FIFA Women's World Cup,1995,M-1995-04,Norway vs Nigeria,9287.0,19:00,T-53,1,0,P-84049,Kristin Sandberg,Kristin,Sandberg,30',30,0,first half,0,0
G-1692,WC-1995,1995 FIFA Women's World Cup,1995,M-1995-04,Norway vs Nigeria,9287.0,19:00,T-53,1,0,P-84049,Kristin Sandberg,Kristin,Sandberg,44',44,0,first half,0,0
G-1693,WC-1995,1995 FIFA Women's World Cup,1995,M-1995-04,Norway vs Nigeria,9287.0,19:00,T-53,1,0,P-84389,Hege Riise,Hege,Riise,49',49,0,second half,0,0
G-1694,WC-1995,1995 FIFA Women's World Cup,1995,M-1995-04,Norway vs Nigeria,9287.0,19:00,T-53,1,0,P-29915,Ann Kristin Aarønes,Ann Kristin,Aarønes,60',60,0,second half,0,0
G-1695,WC-1995,1995 FIFA Women's World Cup,1995,M-1995-04,Norway vs Nigeria,9287.0,19:00,T-53,1,0,P-58688,Linda Medalen,Linda,Medalen,67',67,0,second half,0,0
G-1696,WC-1995,1995 FIFA Women's World Cup,1995,M-1995-04,Norway vs Nigeria,9287.0,19:00,T-53,1,0,P-18995,Tina Svensson,Tina,Svensson,76',76,0,second half,0,1
G-1697,WC-1995,1995 FIFA Women's World Cup,1995,M-1995-04,Norway vs Nigeria,9287.0,19:00,T-53,1,0,P-84049,Kristin Sandberg,Kristin,Sandberg,82',82,0,second half,0,0
G-1698,WC-1995,1995 FIFA Women's World Cup,1995,M-1995-04,Norway vs Nigeria,9287.0,19:00,T-53,1,0,P-29915,Ann Kristin Aarønes,Ann Kristin,Aarønes,90',90,0,second half,0,0
G-1699,WC-1995,1995 FIFA Women's World Cup,1995,M-1995-05,Denmark vs Australia,9287.0,19:00,T-22,1,0,P-93175,Gitte Krogh,Gitte,Krogh,12',12,0,first half,0,0
G-1700,WC-1995,1995 FIFA Women's World Cup,1995,M-1995-05,Denmark vs Australia,9287.0,19:00,T-22,1,0,P-71560,Anne Dot Eggers Nielsen,Anne Dot,Eggers Nielsen,25',25,0,first half,0,0
G-1701,WC-1995,1995 FIFA Women's World Cup,1995,M-1995-05,Denmark vs Australia,9287.0,19:00,T-22,1,0,P-42117,Helle Jensen,Helle,Jensen,37',37,0,first half,0,0
G-1702,WC-1995,1995 FIFA Women's World Cup,1995,M-1995-05,Denmark vs Australia,9287.0,19:00,T-22,1,0,P-93175,Gitte Krogh,Gitte,Krogh,48',48,0,second half,0,0
G-1703,WC-1995,1995 FIFA Women's World Cup,1995,M-1995-05,Denmark vs Australia,9287.0,19:00,T-22,1,0,P-89851,Christina Hansen,Christina,Hansen,86',86,0,second half,0,0
G-1704,WC-1995,1995 FIFA Women's World Cup,1995,M-1995-06,United States vs China,9287.0,19:00,T-83,1,0,P-49668,Tisha Venturini,Tisha,Venturini,22',22,0,first half,0,0
G-1705,WC-1995,1995 FIFA Women's World Cup,1995,M-1995-06,United States vs China,9287.0,19:00,T-83,1,0,P-98699,Tiffeny Milbrett,Tiffeny,Milbrett,34',34,0,first half,0,0
G-1706,WC-1995,1995 FIFA Women's World Cup,1995,M-1995-06,United States vs China,9287.0,19:00,T-14,0,1,P-44067,Liping Wang,Liping,Wang,38',38,0,first half,0,0
G-1707,WC-1995,1995 FIFA Women's World Cup,1995,M-1995-06,United States vs China,9287.0,19:00,T-83,1,0,P-28901,Mia Hamm,Mia,Hamm,51',51,0,second half,0,0
G-1708,WC-1995,1995 FIFA Women's World Cup,1995,M-1995-06,United States vs China,9287.0,19:00,T-14,0,1,P-47025,Haiying Wei,Haiying,Wei,74',74,0,second half,0,0
G-1709,WC-1995,1995 FIFA Women's World Cup,1995,M-1995-06,United States vs China,9287.0,19:00,T-14,0,1,P-14903,Wen Sun,Wen,Sun,79',79,0,second half,0,0
G-1710,WC-1995,1995 FIFA Women's World Cup,1995,M-1995-07,Brazil vs Japan,9288.0,19:00,T-09,1,0,P-26383,not applicable Pretinha,not applicable,Pretinha,7',7,0,first half,0,0
G-1711,WC-1995,1995 FIFA Women's World Cup,1995,M-1995-07,Brazil vs Japan,9288.0,19:00,T-44,0,1,P-41046,Akemi Noda,Akemi,Noda,13',13,0,first half,0,0
G-1712,WC-1995,1995 FIFA Women's World Cup,1995,M-1995-07,Brazil vs Japan,9288.0,19:00,T-44,0,1,P-41046,Akemi Noda,Akemi,Noda,45',45,0,first half,0,0
G-1713,WC-1995,1995 FIFA Women's World Cup,1995,M-1995-08,Sweden vs Germany,9288.0,19:00,T-31,0,1,P-53366,Bettina Wiegmann,Bettina,Wiegmann,9',9,0,first half,0,1
G-1714,WC-1995,1995 FIFA Women's World Cup,1995,M-1995-08,Sweden vs Germany,9288.0,19:00,T-31,0,1,P-78183,Ursula Lohn,Ursula,Lohn,42',42,0,first half,0,0
G-1715,WC-1995,1995 FIFA Women's World Cup,1995,M-1995-08,Sweden vs Germany,9288.0,19:00,T-74,1,0,P-97773,Malin Andersson,Malin,Andersson,65',65,0,second half,0,1
G-1716,WC-1995,1995 FIFA Women's World Cup,1995,M-1995-08,Sweden vs Germany,9288.0,19:00,T-74,1,0,P-12441,Pia Sundhage,Pia,Sundhage,80',80,0,second half,0,0
G-1717,WC-1995,1995 FIFA Women's World Cup,1995,M-1995-08,Sweden vs Germany,9288.0,19:00,T-74,1,0,P-97773,Malin Andersson,Malin,Andersson,86',86,0,second half,0,0
G-1718,WC-1995,1995 FIFA Women's World Cup,1995,M-1995-09,Nigeria vs Canada,9289.0,19:00,T-12,0,1,P-08594,Silvana Burtini,Silvana,Burtini,12',12,0,first half,0,0
G-1719,WC-1995,1995 FIFA Women's World Cup,1995,M-1995-09,Nigeria vs Canada,9289.0,19:00,T-12,0,1,P-28260,Geri Donnelly,Geri,Donnelly,20',20,0,first half,0,0
G-1720,WC-1995,1995 FIFA Women's World Cup,1995,M-1995-09,Nigeria vs Canada,9289.0,19:00,T-50,1,0,P-33681,Rita Nwadike,Rita,Nwadike,26',26,0,first half,0,0
G-1721,WC-1995,1995 FIFA Women's World Cup,1995,M-1995-09,Nigeria vs Canada,9289.0,19:00,T-12,0,1,P-08594,Silvana Burtini,Silvana,Burtini,55',55,0,second half,0,0
G-1722,WC-1995,1995 FIFA Women's World Cup,1995,M-1995-09,Nigeria vs Canada,9289.0,19:00,T-50,1,0,P-10791,Patience Avre,Patience,Avre,60',60,0,second half,0,0
G-1723,WC-1995,1995 FIFA Women's World Cup,1995,M-1995-09,Nigeria vs Canada,9289.0,19:00,T-50,1,0,P-65225,Adaku Okoroafor,Adaku,Okoroafor,77',77,0,second half,0,0
G-1724,WC-1995,1995 FIFA Women's World Cup,1995,M-1995-10,Norway vs England,9289.0,19:00,T-53,1,0,P-24254,Tone Haugen,Tone,Haugen,7',7,0,first half,0,0
G-1725,WC-1995,1995 FIFA Women's World Cup,1995,M-1995-10,Norway vs England,9289.0,19:00,T-53,1,0,P-84389,Hege Riise,Hege,Riise,37',37,0,first half,0,0
G-1726,WC-1995,1995 FIFA Women's World Cup,1995,M-1995-11,China vs Australia,9289.0,19:00,T-14,1,0,P-02688,Yang Zhou,Yang,Zhou,23',23,0,first half,0,0
G-1727,WC-1995,1995 FIFA Women's World Cup,1995,M-1995-11,China vs Australia,9289.0,19:00,T-04,0,1,P-72800,Angela Iannotta,Angela,Iannotta,25',25,0,first half,0,0
G-1728,WC-1995,1995 FIFA Women's World Cup,1995,M-1995-11,China vs Australia,9289.0,19:00,T-14,1,0,P-35093,Guihong Shi,Guihong,Shi,54',54,0,second half,0,0
G-1729,WC-1995,1995 FIFA Women's World Cup,1995,M-1995-11,China vs Australia,9289.0,19:00,T-14,1,0,P-35093,Guihong Shi,Guihong,Shi,78',78,0,second half,0,0
G-1730,WC-1995,1995 FIFA Women's World Cup,1995,M-1995-11,China vs Australia,9289.0,19:00,T-04,0,1,P-11465,Sunni Hughes,Sunni,Hughes,89',89,0,second half,0,0
G-1731,WC-1995,1995 FIFA Women's World Cup,1995,M-1995-11,China vs Australia,9289.0,19:00,T-14,1,0,P-10128,Ailing Liu,Ailing,Liu,90'+3',90,3,"second half, stoppage time",0,0
G-1732,WC-1995,1995 FIFA Women's World Cup,1995,M-1995-12,United States vs Denmark,9289.0,19:00,T-83,1,0,P-25850,Kristine Lilly,Kristine,Lilly,9',9,0,first half,0,0
G-1733,WC-1995,1995 FIFA Women's World Cup,1995,M-1995-12,United States vs Denmark,9289.0,19:00,T-83,1,0,P-98699,Tiffeny Milbrett,Tiffeny,Milbrett,49',49,0,second half,0,0
G-1734,WC-1995,1995 FIFA Women's World Cup,1995,M-1995-13,Brazil vs Germany,9290.0,19:00,T-31,0,1,P-52478,Birgit Prinz,Birgit,Prinz,5',5,0,first half,0,0
G-1735,WC-1995,1995 FIFA Women's World Cup,1995,M-1995-13,Brazil vs Germany,9290.0,19:00,T-09,1,0,P-18032,not applicable Roseli,not applicable,Roseli,19',19,0,first half,0,0
G-1736,WC-1995,1995 FIFA Women's World Cup,1995,M-1995-13,Brazil vs Germany,9290.0,19:00,T-31,0,1,P-50598,Maren Meinert,Maren,Meinert,22',22,0,first half,0,0
G-1737,WC-1995,1995 FIFA Women's World Cup,1995,M-1995-13,Brazil vs Germany,9290.0,19:00,T-31,0,1,P-53366,Bettina Wiegmann,Bettina,Wiegmann,42',42,0,first half,0,1
G-1738,WC-1995,1995 FIFA Women's World Cup,1995,M-1995-13,Brazil vs Germany,9290.0,19:00,T-31,0,1,P-30335,Heidi Mohr,Heidi,Mohr,78',78,0,second half,0,0
G-1739,WC-1995,1995 FIFA Women's World Cup,1995,M-1995-13,Brazil vs Germany,9290.0,19:00,T-31,0,1,P-30335,Heidi Mohr,Heidi,Mohr,89',89,0,second half,0,0
G-1740,WC-1995,1995 FIFA Women's World Cup,1995,M-1995-13,Brazil vs Germany,9290.0,19:00,T-31,0,1,P-27293,Anouschka Bernhard,Anouschka,Bernhard,90',90,0,second half,0,0
G-1741,WC-1995,1995 FIFA Women's World Cup,1995,M-1995-14,Sweden vs Japan,9290.0,19:00,T-74,1,0,P-33270,Lena Videkull,Lena,Videkull,66',66,0,second half,0,0
G-1742,WC-1995,1995 FIFA Women's World Cup,1995,M-1995-14,Sweden vs Japan,9290.0,19:00,T-74,1,0,P-81571,Anneli Andelén,Anneli,Andelén,88',88,0,second half,0,0
G-1743,WC-1995,1995 FIFA Women's World Cup,1995,M-1995-15,Nigeria vs England,9291.0,16:00,T-28,0,1,P-19148,Karen Farley,Karen,Farley,10',10,0,first half,0,0
G-1744,WC-1995,1995 FIFA Women's World Cup,1995,M-1995-15,Nigeria vs England,9291.0,16:00,T-50,1,0,P-65225,Adaku Okoroafor,Adaku,Okoroafor,13',13,0,first half,0,0
G-1745,WC-1995,1995 FIFA Women's World Cup,1995,M-1995-15,Nigeria vs England,9291.0,16:00,T-28,0,1,P-84117,Karen Walker,Karen,Walker,27',27,0,first half,0,0
G-1746,WC-1995,1995 FIFA Women's World Cup,1995,M-1995-15,Nigeria vs England,9291.0,16:00,T-28,0,1,P-19148,Karen Farley,Karen,Farley,38',38,0,first half,0,0
G-1747,WC-1995,1995 FIFA Women's World Cup,1995,M-1995-15,Nigeria vs England,9291.0,16:00,T-50,1,0,P-33681,Rita Nwadike,Rita,Nwadike,74',74,0,second half,0,0
G-1748,WC-1995,1995 FIFA Women's World Cup,1995,M-1995-16,Norway vs Canada,9291.0,16:00,T-53,1,0,P-29915,Ann Kristin Aarønes,Ann Kristin,Aarønes,4',4,0,first half,0,0
G-1749,WC-1995,1995 FIFA Women's World Cup,1995,M-1995-16,Norway vs Canada,9291.0,16:00,T-53,1,0,P-84389,Hege Riise,Hege,Riise,12',12,0,first half,0,0
G-1750,WC-1995,1995 FIFA Women's World Cup,1995,M-1995-16,Norway vs Canada,9291.0,16:00,T-53,1,0,P-29915,Ann Kristin Aarønes,Ann Kristin,Aarønes,21',21,0,first half,0,0
G-1751,WC-1995,1995 FIFA Women's World Cup,1995,M-1995-16,Norway vs Canada,9291.0,16:00,T-53,1,0,P-75121,Marianne Pettersen,Marianne,Pettersen,71',71,0,second half,0,0
G-1752,WC-1995,1995 FIFA Women's World Cup,1995,M-1995-16,Norway vs Canada,9291.0,16:00,T-53,1,0,P-79792,Randi Leinan,Randi,Leinan,84',84,0,second half,0,0
G-1753,WC-1995,1995 FIFA Women's World Cup,1995,M-1995-16,Norway vs Canada,9291.0,16:00,T-53,1,0,P-75121,Marianne Pettersen,Marianne,Pettersen,89',89,0,second half,0,0
G-1754,WC-1995,1995 FIFA Women's World Cup,1995,M-1995-16,Norway vs Canada,9291.0,16:00,T-53,1,0,P-29915,Ann Kristin Aarønes,Ann Kristin,Aarønes,90'+3',90,3,"second half, stoppage time",0,0
G-1755,WC-1995,1995 FIFA Women's World Cup,1995,M-1995-17,China vs Denmark,9291.0,16:00,T-14,1,0,P-35093,Guihong Shi,Guihong,Shi,21',21,0,first half,0,0
G-1756,WC-1995,1995 FIFA Women's World Cup,1995,M-1995-17,China vs Denmark,9291.0,16:00,T-22,0,1,P-06433,Christina Bonde,Christina,Bonde,44',44,0,first half,0,0
G-1757,WC-1995,1995 FIFA Women's World Cup,1995,M-1995-17,China vs Denmark,9291.0,16:00,T-14,1,0,P-14903,Wen Sun,Wen,Sun,76',76,0,second half,0,0
G-1758,WC-1995,1995 FIFA Women's World Cup,1995,M-1995-17,China vs Denmark,9291.0,16:00,T-14,1,0,P-47025,Haiying Wei,Haiying,Wei,90',90,0,second half,0,0
G-1759,WC-1995,1995 FIFA Women's World Cup,1995,M-1995-18,United States vs Australia,9291.0,16:00,T-04,0,1,P-98447,Lisa Casagrande,Lisa,Casagrande,54',54,0,second half,0,0
G-1760,WC-1995,1995 FIFA Women's World Cup,1995,M-1995-18,United States vs Australia,9291.0,16:00,T-83,1,0,P-89416,Julie Foudy,Julie,Foudy,69',69,0,second half,0,0
G-1761,WC-1995,1995 FIFA Women's World Cup,1995,M-1995-18,United States vs Australia,9291.0,16:00,T-83,1,0,P-30345,Joy Fawcett,Joy,Fawcett,72',72,0,second half,0,0
G-1762,WC-1995,1995 FIFA Women's World Cup,1995,M-1995-18,United States vs Australia,9291.0,16:00,T-83,1,0,P-56906,Carla Overbeck,Carla,Overbeck,90'+2',90,2,"second half, stoppage time",0,1
G-1763,WC-1995,1995 FIFA Women's World Cup,1995,M-1995-18,United States vs Australia,9291.0,16:00,T-83,1,0,P-78370,Debbie Keller,Debbie,Keller,90'+4',90,4,"second half, stoppage time",0,0
G-1764,WC-1995,1995 FIFA Women's World Cup,1995,M-1995-19,Japan vs United States,9294.0,17:15,T-83,0,1,P-25850,Kristine Lilly,Kristine,Lilly,8',8,0,first half,0,0
G-1765,WC-1995,1995 FIFA Women's World Cup,1995,M-1995-19,Japan vs United States,9294.0,17:15,T-83,0,1,P-25850,Kristine Lilly,Kristine,Lilly,42',42,0,first half,0,0
G-1766,WC-1995,1995 FIFA Women's World Cup,1995,M-1995-19,Japan vs United States,9294.0,17:15,T-83,0,1,P-98699,Tiffeny Milbrett,Tiffeny,Milbrett,45',45,0,first half,0,0
G-1767,WC-1995,1995 FIFA Women's World Cup,1995,M-1995-19,Japan vs United States,9294.0,17:15,T-83,0,1,P-49668,Tisha Venturini,Tisha,Venturini,80',80,0,second half,0,0
G-1768,WC-1995,1995 FIFA Women's World Cup,1995,M-1995-20,Norway vs Denmark,9294.0,17:15,T-53,1,0,P-67204,Gro Espeseth,Gro,Espeseth,21',21,0,first half,0,0
G-1769,WC-1995,1995 FIFA Women's World Cup,1995,M-1995-20,Norway vs Denmark,9294.0,17:15,T-53,1,0,P-58688,Linda Medalen,Linda,Medalen,64',64,0,second half,0,0
G-1770,WC-1995,1995 FIFA Women's World Cup,1995,M-1995-20,Norway vs Denmark,9294.0,17:15,T-53,1,0,P-84389,Hege Riise,Hege,Riise,85',85,0,second half,0,0
G-1771,WC-1995,1995 FIFA Women's World Cup,1995,M-1995-20,Norway vs Denmark,9294.0,17:15,T-22,0,1,P-93175,Gitte Krogh,Gitte,Krogh,86',86,0,second half,0,0
G-1772,WC-1995,1995 FIFA Women's World Cup,1995,M-1995-21,Germany vs England,9294.0,20:15,T-31,1,0,P-21423,Martina Voss,Martina,Voss,41',41,0,first half,0,0
G-1773,WC-1995,1995 FIFA Women's World Cup,1995,M-1995-21,Germany vs England,9294.0,20:15,T-31,1,0,P-50598,Maren Meinert,Maren,Meinert,55',55,0,second half,0,0
G-1774,WC-1995,1995 FIFA Women's World Cup,1995,M-1995-21,Germany vs England,9294.0,20:15,T-31,1,0,P-30335,Heidi Mohr,Heidi,Mohr,82',82,0,second half,0,0
G-1775,WC-1995,1995 FIFA Women's World Cup,1995,M-1995-22,Sweden vs China,9294.0,20:15,T-14,0,1,P-49949,Qingmei Sun,Qingmei,Sun,29',29,0,first half,0,0
G-1776,WC-1995,1995 FIFA Women's World Cup,1995,M-1995-22,Sweden vs China,9294.0,20:15,T-74,1,0,P-87263,Ulrika Kalte,Ulrika,Kalte,90'+3',90,3,"second half, stoppage time",0,0
G-1777,WC-1995,1995 FIFA Women's World Cup,1995,M-1995-23,United States vs Norway,9296.0,17:15,T-53,0,1,P-29915,Ann Kristin Aarønes,Ann Kristin,Aarønes,10',10,0,first half,0,0
G-1778,WC-1995,1995 FIFA Women's World Cup,1995,M-1995-24,Germany vs China,9296.0,20:15,T-31,1,0,P-53366,Bettina Wiegmann,Bettina,Wiegmann,88',88,0,second half,0,0
G-1779,WC-1995,1995 FIFA Women's World Cup,1995,M-1995-25,China vs United States,9298.0,16:00,T-83,0,1,P-49668,Tisha Venturini,Tisha,Venturini,24',24,0,first half,0,0
G-1780,WC-1995,1995 FIFA Women's World Cup,1995,M-1995-25,China vs United States,9298.0,16:00,T-83,0,1,P-28901,Mia Hamm,Mia,Hamm,55',55,0,second half,0,0
G-1781,WC-1995,1995 FIFA Women's World Cup,1995,M-1995-26,Germany vs Norway,9299.0,18:00,T-53,0,1,P-84389,Hege Riise,Hege,Riise,37',37,0,first half,0,0
G-1782,WC-1995,1995 FIFA Women's World Cup,1995,M-1995-26,Germany vs Norway,9299.0,18:00,T-53,0,1,P-75121,Marianne Pettersen,Marianne,Pettersen,40',40,0,first half,0,0
G-1783,WC-1998,1998 FIFA Men's World Cup,1998,M-1998-01,Brazil vs Scotland,10387.0,17:30,T-09,1,0,P-03658,César Sampaio,César,Sampaio,5',5,0,first half,0,0
G-1784,WC-1998,1998 FIFA Men's World Cup,1998,M-1998-01,Brazil vs Scotland,10387.0,17:30,T-64,0,1,P-39646,John Collins,John,Collins,38',38,0,first half,0,1
G-1785,WC-1998,1998 FIFA Men's World Cup,1998,M-1998-01,Brazil vs Scotland,10387.0,17:30,T-09,1,0,P-48864,Tom Boyd,Tom,Boyd,74',74,0,second half,1,0
G-1786,WC-1998,1998 FIFA Men's World Cup,1998,M-1998-02,Morocco vs Norway,10387.0,21:00,T-47,1,0,P-45896,Mustapha Hadji,Mustapha,Hadji,37',37,0,first half,0,0
G-1787,WC-1998,1998 FIFA Men's World Cup,1998,M-1998-02,Morocco vs Norway,10387.0,21:00,T-53,0,1,P-78077,Youssef Chippo,Youssef,Chippo,45'+1',45,1,"first half, stoppage time",1,0
G-1788,WC-1998,1998 FIFA Men's World Cup,1998,M-1998-02,Morocco vs Norway,10387.0,21:00,T-47,1,0,P-14349,Abdeljalil Hadda,Abdeljalil,Hadda,60',60,0,second half,0,0
G-1789,WC-1998,1998 FIFA Men's World Cup,1998,M-1998-02,Morocco vs Norway,10387.0,21:00,T-53,0,1,P-59890,Dan Eggen,Dan,Eggen,61',61,0,second half,0,0
G-1790,WC-1998,1998 FIFA Men's World Cup,1998,M-1998-03,Italy vs Chile,10388.0,17:30,T-41,1,0,P-34670,Christian Vieri,Christian,Vieri,10',10,0,first half,0,0
G-1791,WC-1998,1998 FIFA Men's World Cup,1998,M-1998-03,Italy vs Chile,10388.0,17:30,T-13,0,1,P-39251,Marcelo Salas,Marcelo,Salas,45'+3',45,3,"first half, stoppage time",0,0
G-1792,WC-1998,1998 FIFA Men's World Cup,1998,M-1998-03,Italy vs Chile,10388.0,17:30,T-13,0,1,P-39251,Marcelo Salas,Marcelo,Salas,50',50,0,second half,0,0
G-1793,WC-1998,1998 FIFA Men's World Cup,1998,M-1998-03,Italy vs Chile,10388.0,17:30,T-41,1,0,P-78756,Roberto Baggio,Roberto,Baggio,84',84,0,second half,0,1
G-1794,WC-1998,1998 FIFA Men's World Cup,1998,M-1998-04,Cameroon vs Austria,10388.0,21:00,T-11,1,0,P-53197,Pierre Njanka,Pierre,Njanka,77',77,0,second half,0,0
G-1795,WC-1998,1998 FIFA Men's World Cup,1998,M-1998-04,Cameroon vs Austria,10388.0,21:00,T-05,0,1,P-16938,Toni Polster,Toni,Polster,90'+1',90,1,"second half, stoppage time",0,0
G-1796,WC-1998,1998 FIFA Men's World Cup,1998,M-1998-06,Saudi Arabia vs Denmark,10389.0,17:30,T-22,0,1,P-77711,Marc Rieper,Marc,Rieper,69',69,0,second half,0,0
G-1797,WC-1998,1998 FIFA Men's World Cup,1998,M-1998-07,France vs South Africa,10389.0,21:00,T-30,1,0,P-74065,Christophe Dugarry,Christophe,Dugarry,35',35,0,first half,0,0
G-1798,WC-1998,1998 FIFA Men's World Cup,1998,M-1998-07,France vs South Africa,10389.0,21:00,T-30,1,0,P-65806,Pierre Issa,Pierre,Issa,77',77,0,second half,1,0
G-1799,WC-1998,1998 FIFA Men's World Cup,1998,M-1998-07,France vs South Africa,10389.0,21:00,T-30,1,0,P-51395,Thierry Henry,Thierry,Henry,90'+2',90,2,"second half, stoppage time",0,0
G-1800,WC-1998,1998 FIFA Men's World Cup,1998,M-1998-08,Spain vs Nigeria,10390.0,14:30,T-73,1,0,P-35246,Fernando Hierro,Fernando,Hierro,21',21,0,first half,0,0
G-1801,WC-1998,1998 FIFA Men's World Cup,1998,M-1998-08,Spain vs Nigeria,10390.0,14:30,T-50,0,1,P-56969,Mutiu Adepoju,Mutiu,Adepoju,24',24,0,first half,0,0
G-1802,WC-1998,1998 FIFA Men's World Cup,1998,M-1998-08,Spain vs Nigeria,10390.0,14:30,T-73,1,0,P-24556,not applicable Raúl,not applicable,Raúl,47',47,0,second half,0,0
G-1803,WC-1998,1998 FIFA Men's World Cup,1998,M-1998-08,Spain vs Nigeria,10390.0,14:30,T-50,0,1,P-63214,Andoni Zubizarreta,Andoni,Zubizarreta,73',73,0,second half,1,0
G-1804,WC-1998,1998 FIFA Men's World Cup,1998,M-1998-08,Spain vs Nigeria,10390.0,14:30,T-50,0,1,P-41790,Sunday Oliseh,Sunday,Oliseh,78',78,0,second half,0,0
G-1805,WC-1998,1998 FIFA Men's World Cup,1998,M-1998-09,South Korea vs Mexico,10390.0,17:30,T-71,1,0,P-55350,Seok-ju Ha,Seok-ju,Ha,27',27,0,first half,0,0
G-1806,WC-1998,1998 FIFA Men's World Cup,1998,M-1998-09,South Korea vs Mexico,10390.0,17:30,T-46,0,1,P-50252,Ricardo Peláez,Ricardo,Peláez,50',50,0,second half,0,0
G-1807,WC-1998,1998 FIFA Men's World Cup,1998,M-1998-09,South Korea vs Mexico,10390.0,17:30,T-46,0,1,P-45941,Luis Hernández,Luis,Hernández,75',75,0,second half,0,0
G-1808,WC-1998,1998 FIFA Men's World Cup,1998,M-1998-09,South Korea vs Mexico,10390.0,17:30,T-46,0,1,P-45941,Luis Hernández,Luis,Hernández,84',84,0,second half,0,0
G-1809,WC-1998,1998 FIFA Men's World Cup,1998,M-1998-11,Argentina vs Japan,10391.0,14:30,T-03,1,0,P-84542,Gabriel Batistuta,Gabriel,Batistuta,28',28,0,first half,0,0
G-1810,WC-1998,1998 FIFA Men's World Cup,1998,M-1998-12,Yugoslavia vs Iran,10391.0,17:30,T-87,1,0,P-04188,Siniša Mihajlović,Siniša,Mihajlović,73',73,0,second half,0,0
G-1811,WC-1998,1998 FIFA Men's World Cup,1998,M-1998-13,Jamaica vs Croatia,10391.0,21:00,T-18,0,1,P-75377,Mario Stanić,Mario,Stanić,27',27,0,first half,0,0
G-1812,WC-1998,1998 FIFA Men's World Cup,1998,M-1998-13,Jamaica vs Croatia,10391.0,21:00,T-43,1,0,P-16421,Robbie Earle,Robbie,Earle,45',45,0,first half,0,0
G-1813,WC-1998,1998 FIFA Men's World Cup,1998,M-1998-13,Jamaica vs Croatia,10391.0,21:00,T-18,0,1,P-62861,Robert Prosinečki,Robert,Prosinečki,53',53,0,second half,0,0
G-1814,WC-1998,1998 FIFA Men's World Cup,1998,M-1998-13,Jamaica vs Croatia,10391.0,21:00,T-18,0,1,P-58374,Davor Šuker,Davor,Šuker,69',69,0,second half,0,0
G-1815,WC-1998,1998 FIFA Men's World Cup,1998,M-1998-14,England vs Tunisia,10392.0,14:30,T-28,1,0,P-63416,Alan Shearer,Alan,Shearer,42',42,0,first half,0,0
G-1816,WC-1998,1998 FIFA Men's World Cup,1998,M-1998-14,England vs Tunisia,10392.0,14:30,T-28,1,0,P-63916,Paul Scholes,Paul,Scholes,89',89,0,second half,0,0
G-1817,WC-1998,1998 FIFA Men's World Cup,1998,M-1998-15,Romania vs Colombia,10392.0,17:30,T-61,1,0,P-70680,Adrian Ilie,Adrian,Ilie,45'+1',45,1,"first half, stoppage time",0,0
G-1818,WC-1998,1998 FIFA Men's World Cup,1998,M-1998-16,Germany vs United States,10392.0,21:00,T-31,1,0,P-37963,Andreas Möller,Andreas,Möller,9',9,0,first half,0,0
G-1819,WC-1998,1998 FIFA Men's World Cup,1998,M-1998-16,Germany vs United States,10392.0,21:00,T-31,1,0,P-91373,Jürgen Klinsmann,Jürgen,Klinsmann,65',65,0,second half,0,0
G-1820,WC-1998,1998 FIFA Men's World Cup,1998,M-1998-17,Scotland vs Norway,10393.0,17:30,T-53,0,1,P-99732,Håvard Flo,Håvard,Flo,46',46,0,second half,0,0
G-1821,WC-1998,1998 FIFA Men's World Cup,1998,M-1998-17,Scotland vs Norway,10393.0,17:30,T-64,1,0,P-74264,Craig Burley,Craig,Burley,66',66,0,second half,0,0
G-1822,WC-1998,1998 FIFA Men's World Cup,1998,M-1998-18,Brazil vs Morocco,10393.0,21:00,T-09,1,0,P-62722,not applicable Ronaldo,not applicable,Ronaldo,9',9,0,first half,0,0
G-1823,WC-1998,1998 FIFA Men's World Cup,1998,M-1998-18,Brazil vs Morocco,10393.0,21:00,T-09,1,0,P-74261,not applicable Rivaldo,not applicable,Rivaldo,45'+2',45,2,"first half, stoppage time",0,0
G-1824,WC-1998,1998 FIFA Men's World Cup,1998,M-1998-18,Brazil vs Morocco,10393.0,21:00,T-09,1,0,P-68671,not applicable Bebeto,not applicable,Bebeto,50',50,0,second half,0,0
G-1825,WC-1998,1998 FIFA Men's World Cup,1998,M-1998-19,Chile vs Austria,10394.0,17:30,T-13,1,0,P-39251,Marcelo Salas,Marcelo,Salas,70',70,0,second half,0,0
G-1826,WC-1998,1998 FIFA Men's World Cup,1998,M-1998-19,Chile vs Austria,10394.0,17:30,T-05,0,1,P-28521,Ivica Vastić,Ivica,Vastić,90'+2',90,2,"second half, stoppage time",0,0
G-1827,WC-1998,1998 FIFA Men's World Cup,1998,M-1998-20,Italy vs Cameroon,10394.0,21:00,T-41,1,0,P-42659,Luigi Di Biagio,Luigi,Di Biagio,7',7,0,first half,0,0
G-1828,WC-1998,1998 FIFA Men's World Cup,1998,M-1998-20,Italy vs Cameroon,10394.0,21:00,T-41,1,0,P-34670,Christian Vieri,Christian,Vieri,75',75,0,second half,0,0
G-1829,WC-1998,1998 FIFA Men's World Cup,1998,M-1998-20,Italy vs Cameroon,10394.0,21:00,T-41,1,0,P-34670,Christian Vieri,Christian,Vieri,89',89,0,second half,0,0
G-1830,WC-1998,1998 FIFA Men's World Cup,1998,M-1998-21,South Africa vs Denmark,10395.0,17:30,T-22,0,1,P-62564,Allan Nielsen,Allan,Nielsen,12',12,0,first half,0,0
G-1831,WC-1998,1998 FIFA Men's World Cup,1998,M-1998-21,South Africa vs Denmark,10395.0,17:30,T-70,1,0,P-59298,Benni McCarthy,Benni,McCarthy,51',51,0,second half,0,0
G-1832,WC-1998,1998 FIFA Men's World Cup,1998,M-1998-22,France vs Saudi Arabia,10395.0,21:00,T-30,1,0,P-51395,Thierry Henry,Thierry,Henry,37',37,0,first half,0,0
G-1833,WC-1998,1998 FIFA Men's World Cup,1998,M-1998-22,France vs Saudi Arabia,10395.0,21:00,T-30,1,0,P-12167,David Trezeguet,David,Trezeguet,68',68,0,second half,0,0
G-1834,WC-1998,1998 FIFA Men's World Cup,1998,M-1998-22,France vs Saudi Arabia,10395.0,21:00,T-30,1,0,P-51395,Thierry Henry,Thierry,Henry,78',78,0,second half,0,0
G-1835,WC-1998,1998 FIFA Men's World Cup,1998,M-1998-22,France vs Saudi Arabia,10395.0,21:00,T-30,1,0,P-56735,Bixente Lizarazu,Bixente,Lizarazu,85',85,0,second half,0,0
G-1836,WC-1998,1998 FIFA Men's World Cup,1998,M-1998-23,Nigeria vs Bulgaria,10396.0,17:30,T-50,1,0,P-25715,Victor Ikpeba,Victor,Ikpeba,28',28,0,first half,0,0
G-1837,WC-1998,1998 FIFA Men's World Cup,1998,M-1998-25,Japan vs Croatia,10397.0,14:30,T-18,0,1,P-58374,Davor Šuker,Davor,Šuker,77',77,0,second half,0,0
G-1838,WC-1998,1998 FIFA Men's World Cup,1998,M-1998-26,Belgium vs Mexico,10397.0,17:30,T-06,1,0,P-69659,Marc Wilmots,Marc,Wilmots,42',42,0,first half,0,0
G-1839,WC-1998,1998 FIFA Men's World Cup,1998,M-1998-26,Belgium vs Mexico,10397.0,17:30,T-06,1,0,P-69659,Marc Wilmots,Marc,Wilmots,47',47,0,second half,0,0
G-1840,WC-1998,1998 FIFA Men's World Cup,1998,M-1998-26,Belgium vs Mexico,10397.0,17:30,T-46,0,1,P-21495,Alberto García Aspe,Alberto,García Aspe,55',55,0,second half,0,1
G-1841,WC-1998,1998 FIFA Men's World Cup,1998,M-1998-26,Belgium vs Mexico,10397.0,17:30,T-46,0,1,P-88428,Cuauhtémoc Blanco,Cuauhtémoc,Blanco,62',62,0,second half,0,0
G-1842,WC-1998,1998 FIFA Men's World Cup,1998,M-1998-27,Netherlands vs South Korea,10397.0,21:00,T-48,1,0,P-42224,Phillip Cocu,Phillip,Cocu,37',37,0,first half,0,0
G-1843,WC-1998,1998 FIFA Men's World Cup,1998,M-1998-27,Netherlands vs South Korea,10397.0,21:00,T-48,1,0,P-33834,Marc Overmars,Marc,Overmars,41',41,0,first half,0,0
G-1844,WC-1998,1998 FIFA Men's World Cup,1998,M-1998-27,Netherlands vs South Korea,10397.0,21:00,T-48,1,0,P-22409,Dennis Bergkamp,Dennis,Bergkamp,71',71,0,second half,0,0
G-1845,WC-1998,1998 FIFA Men's World Cup,1998,M-1998-27,Netherlands vs South Korea,10397.0,21:00,T-48,1,0,P-88340,Pierre van Hooijdonk,Pierre,van Hooijdonk,80',80,0,second half,0,0
G-1846,WC-1998,1998 FIFA Men's World Cup,1998,M-1998-27,Netherlands vs South Korea,10397.0,21:00,T-48,1,0,P-92804,Ronald de Boer,Ronald,de Boer,83',83,0,second half,0,0
G-1847,WC-1998,1998 FIFA Men's World Cup,1998,M-1998-28,Germany vs Yugoslavia,10398.0,14:30,T-87,0,1,P-82329,Predrag Mijatović,Predrag,Mijatović,13',13,0,first half,0,0
G-1848,WC-1998,1998 FIFA Men's World Cup,1998,M-1998-28,Germany vs Yugoslavia,10398.0,14:30,T-87,0,1,P-93318,Dragan Stojković,Dragan,Stojković,52',52,0,second half,0,0
G-1849,WC-1998,1998 FIFA Men's World Cup,1998,M-1998-28,Germany vs Yugoslavia,10398.0,14:30,T-31,1,0,P-04188,Siniša Mihajlović,Siniša,Mihajlović,72',72,0,second half,1,0
G-1850,WC-1998,1998 FIFA Men's World Cup,1998,M-1998-28,Germany vs Yugoslavia,10398.0,14:30,T-31,1,0,P-84534,Oliver Bierhoff,Oliver,Bierhoff,78',78,0,second half,0,0
G-1851,WC-1998,1998 FIFA Men's World Cup,1998,M-1998-29,Argentina vs Jamaica,10398.0,17:30,T-03,1,0,P-00065,Ariel Ortega,Ariel,Ortega,31',31,0,first half,0,0
G-1852,WC-1998,1998 FIFA Men's World Cup,1998,M-1998-29,Argentina vs Jamaica,10398.0,17:30,T-03,1,0,P-00065,Ariel Ortega,Ariel,Ortega,55',55,0,second half,0,0
G-1853,WC-1998,1998 FIFA Men's World Cup,1998,M-1998-29,Argentina vs Jamaica,10398.0,17:30,T-03,1,0,P-84542,Gabriel Batistuta,Gabriel,Batistuta,73',73,0,second half,0,0
G-1854,WC-1998,1998 FIFA Men's World Cup,1998,M-1998-29,Argentina vs Jamaica,10398.0,17:30,T-03,1,0,P-84542,Gabriel Batistuta,Gabriel,Batistuta,78',78,0,second half,0,0
G-1855,WC-1998,1998 FIFA Men's World Cup,1998,M-1998-29,Argentina vs Jamaica,10398.0,17:30,T-03,1,0,P-84542,Gabriel Batistuta,Gabriel,Batistuta,83',83,0,second half,0,1
G-1856,WC-1998,1998 FIFA Men's World Cup,1998,M-1998-30,United States vs Iran,10398.0,21:00,T-38,0,1,P-78085,Hamid Estili,Hamid,Estili,40',40,0,first half,0,0
G-1857,WC-1998,1998 FIFA Men's World Cup,1998,M-1998-30,United States vs Iran,10398.0,21:00,T-38,0,1,P-93633,Mehdi Mahdavikia,Mehdi,Mahdavikia,84',84,0,second half,0,0
G-1858,WC-1998,1998 FIFA Men's World Cup,1998,M-1998-30,United States vs Iran,10398.0,21:00,T-83,1,0,P-60597,Brian McBride,Brian,McBride,87',87,0,second half,0,0
G-1859,WC-1998,1998 FIFA Men's World Cup,1998,M-1998-31,Colombia vs Tunisia,10399.0,17:30,T-16,1,0,P-64415,Léider Preciado,Léider,Preciado,82',82,0,second half,0,0
G-1860,WC-1998,1998 FIFA Men's World Cup,1998,M-1998-32,Romania vs England,10399.0,21:00,T-61,1,0,P-67833,Viorel Moldovan,Viorel,Moldovan,46',46,0,second half,0,0
G-1861,WC-1998,1998 FIFA Men's World Cup,1998,M-1998-32,Romania vs England,10399.0,21:00,T-28,0,1,P-51130,Michael Owen,Michael,Owen,81',81,0,second half,0,0
G-1862,WC-1998,1998 FIFA Men's World Cup,1998,M-1998-32,Romania vs England,10399.0,21:00,T-61,1,0,P-12625,Dan Petrescu,Dan,Petrescu,90',90,0,second half,0,0
G-1863,WC-1998,1998 FIFA Men's World Cup,1998,M-1998-33,Chile vs Cameroon,10400.0,16:00,T-13,1,0,P-85178,José Luis Sierra,José Luis,Sierra,20',20,0,first half,0,0
G-1864,WC-1998,1998 FIFA Men's World Cup,1998,M-1998-33,Chile vs Cameroon,10400.0,16:00,T-11,0,1,P-18804,Patrick M'Boma,Patrick,M'Boma,56',56,0,second half,0,0
G-1865,WC-1998,1998 FIFA Men's World Cup,1998,M-1998-34,Italy vs Austria,10400.0,16:00,T-41,1,0,P-34670,Christian Vieri,Christian,Vieri,48',48,0,second half,0,0
G-1866,WC-1998,1998 FIFA Men's World Cup,1998,M-1998-34,Italy vs Austria,10400.0,16:00,T-41,1,0,P-78756,Roberto Baggio,Roberto,Baggio,90',90,0,second half,0,0
G-1867,WC-1998,1998 FIFA Men's World Cup,1998,M-1998-34,Italy vs Austria,10400.0,16:00,T-05,0,1,P-46897,Andi Herzog,Andi,Herzog,90'+2',90,2,"second half, stoppage time",0,1
G-1868,WC-1998,1998 FIFA Men's World Cup,1998,M-1998-35,Brazil vs Norway,10400.0,21:00,T-09,1,0,P-68671,not applicable Bebeto,not applicable,Bebeto,78',78,0,second half,0,0
G-1869,WC-1998,1998 FIFA Men's World Cup,1998,M-1998-35,Brazil vs Norway,10400.0,21:00,T-53,0,1,P-03442,Tore André Flo,Tore André,Flo,83',83,0,second half,0,0
G-1870,WC-1998,1998 FIFA Men's World Cup,1998,M-1998-35,Brazil vs Norway,10400.0,21:00,T-53,0,1,P-72296,Kjetil Rekdal,Kjetil,Rekdal,89',89,0,second half,0,1
G-1871,WC-1998,1998 FIFA Men's World Cup,1998,M-1998-36,Scotland vs Morocco,10400.0,21:00,T-47,0,1,P-87059,Salaheddine Bassir,Salaheddine,Bassir,23',23,0,first half,0,0
G-1872,WC-1998,1998 FIFA Men's World Cup,1998,M-1998-36,Scotland vs Morocco,10400.0,21:00,T-47,0,1,P-14349,Abdeljalil Hadda,Abdeljalil,Hadda,46',46,0,second half,0,0
G-1873,WC-1998,1998 FIFA Men's World Cup,1998,M-1998-36,Scotland vs Morocco,10400.0,21:00,T-47,0,1,P-87059,Salaheddine Bassir,Salaheddine,Bassir,85',85,0,second half,0,0
G-1874,WC-1998,1998 FIFA Men's World Cup,1998,M-1998-37,France vs Denmark,10401.0,16:00,T-30,1,0,P-80680,Youri Djorkaeff,Youri,Djorkaeff,12',12,0,first half,0,1
G-1875,WC-1998,1998 FIFA Men's World Cup,1998,M-1998-37,France vs Denmark,10401.0,16:00,T-22,0,1,P-56788,Michael Laudrup,Michael,Laudrup,42',42,0,first half,0,1
G-1876,WC-1998,1998 FIFA Men's World Cup,1998,M-1998-37,France vs Denmark,10401.0,16:00,T-30,1,0,P-40400,Emmanuel Petit,Emmanuel,Petit,56',56,0,second half,0,0
G-1877,WC-1998,1998 FIFA Men's World Cup,1998,M-1998-38,South Africa vs Saudi Arabia,10401.0,16:00,T-70,1,0,P-24299,Shaun Bartlett,Shaun,Bartlett,18',18,0,first half,0,0
G-1878,WC-1998,1998 FIFA Men's World Cup,1998,M-1998-38,South Africa vs Saudi Arabia,10401.0,16:00,T-63,0,1,P-88041,Sami Al-Jaber,Sami,Al-Jaber,45'+2',45,2,"first half, stoppage time",0,1
G-1879,WC-1998,1998 FIFA Men's World Cup,1998,M-1998-38,South Africa vs Saudi Arabia,10401.0,16:00,T-63,0,1,P-30161,Yousuf Al-Thunayan,Yousuf,Al-Thunayan,74',74,0,second half,0,1
G-1880,WC-1998,1998 FIFA Men's World Cup,1998,M-1998-38,South Africa vs Saudi Arabia,10401.0,16:00,T-70,1,0,P-24299,Shaun Bartlett,Shaun,Bartlett,90'+3',90,3,"second half, stoppage time",0,1
G-1881,WC-1998,1998 FIFA Men's World Cup,1998,M-1998-39,Nigeria vs Paraguay,10401.0,21:00,T-55,0,1,P-34957,Celso Ayala,Celso,Ayala,1',1,0,first half,0,0
G-1882,WC-1998,1998 FIFA Men's World Cup,1998,M-1998-39,Nigeria vs Paraguay,10401.0,21:00,T-50,1,0,P-89782,Wilson Oruma,Wilson,Oruma,11',11,0,first half,0,0
G-1883,WC-1998,1998 FIFA Men's World Cup,1998,M-1998-39,Nigeria vs Paraguay,10401.0,21:00,T-55,0,1,P-40108,Miguel Ángel Benítez,Miguel Ángel,Benítez,58',58,0,second half,0,0
G-1884,WC-1998,1998 FIFA Men's World Cup,1998,M-1998-39,Nigeria vs Paraguay,10401.0,21:00,T-55,0,1,P-98051,José Cardozo,José,Cardozo,86',86,0,second half,0,0
G-1885,WC-1998,1998 FIFA Men's World Cup,1998,M-1998-40,Spain vs Bulgaria,10401.0,21:00,T-73,1,0,P-35246,Fernando Hierro,Fernando,Hierro,6',6,0,first half,0,1
G-1886,WC-1998,1998 FIFA Men's World Cup,1998,M-1998-40,Spain vs Bulgaria,10401.0,21:00,T-73,1,0,P-38878,Luis Enrique,Luis,Enrique,18',18,0,first half,0,0
G-1887,WC-1998,1998 FIFA Men's World Cup,1998,M-1998-40,Spain vs Bulgaria,10401.0,21:00,T-73,1,0,P-08514,Fernando Morientes,Fernando,Morientes,55',55,0,second half,0,0
G-1888,WC-1998,1998 FIFA Men's World Cup,1998,M-1998-40,Spain vs Bulgaria,10401.0,21:00,T-10,0,1,P-23633,Emil Kostadinov,Emil,Kostadinov,58',58,0,second half,0,0
G-1889,WC-1998,1998 FIFA Men's World Cup,1998,M-1998-40,Spain vs Bulgaria,10401.0,21:00,T-73,1,0,P-08514,Fernando Morientes,Fernando,Morientes,81',81,0,second half,0,0
G-1890,WC-1998,1998 FIFA Men's World Cup,1998,M-1998-40,Spain vs Bulgaria,10401.0,21:00,T-73,1,0,P-41316,Georgi Bachev,Georgi,Bachev,88',88,0,second half,1,0
G-1891,WC-1998,1998 FIFA Men's World Cup,1998,M-1998-40,Spain vs Bulgaria,10401.0,21:00,T-73,1,0,P-64962,not applicable Kiko,not applicable,Kiko,90'+4',90,4,"second half, stoppage time",0,0
G-1892,WC-1998,1998 FIFA Men's World Cup,1998,M-1998-41,Belgium vs South Korea,10402.0,16:00,T-06,1,0,P-51869,Luc Nilis,Luc,Nilis,7',7,0,first half,0,0
G-1893,WC-1998,1998 FIFA Men's World Cup,1998,M-1998-41,Belgium vs South Korea,10402.0,16:00,T-71,0,1,P-75255,Sang-chul Yoo,Sang-chul,Yoo,72',72,0,second half,0,0
G-1894,WC-1998,1998 FIFA Men's World Cup,1998,M-1998-42,Netherlands vs Mexico,10402.0,16:00,T-48,1,0,P-42224,Phillip Cocu,Phillip,Cocu,4',4,0,first half,0,0
G-1895,WC-1998,1998 FIFA Men's World Cup,1998,M-1998-42,Netherlands vs Mexico,10402.0,16:00,T-48,1,0,P-92804,Ronald de Boer,Ronald,de Boer,18',18,0,first half,0,0
G-1896,WC-1998,1998 FIFA Men's World Cup,1998,M-1998-42,Netherlands vs Mexico,10402.0,16:00,T-46,0,1,P-50252,Ricardo Peláez,Ricardo,Peláez,75',75,0,second half,0,0
G-1897,WC-1998,1998 FIFA Men's World Cup,1998,M-1998-42,Netherlands vs Mexico,10402.0,16:00,T-46,0,1,P-45941,Luis Hernández,Luis,Hernández,90'+4',90,4,"second half, stoppage time",0,0
G-1898,WC-1998,1998 FIFA Men's World Cup,1998,M-1998-43,Germany vs Iran,10402.0,21:00,T-31,1,0,P-84534,Oliver Bierhoff,Oliver,Bierhoff,50',50,0,second half,0,0
G-1899,WC-1998,1998 FIFA Men's World Cup,1998,M-1998-43,Germany vs Iran,10402.0,21:00,T-31,1,0,P-91373,Jürgen Klinsmann,Jürgen,Klinsmann,57',57,0,second half,0,0
G-1900,WC-1998,1998 FIFA Men's World Cup,1998,M-1998-44,United States vs Yugoslavia,10402.0,21:00,T-87,0,1,P-43392,Slobodan Komljenović,Slobodan,Komljenović,4',4,0,first half,0,0
G-1901,WC-1998,1998 FIFA Men's World Cup,1998,M-1998-45,Argentina vs Croatia,10403.0,16:00,T-03,1,0,P-28597,Mauricio Pineda,Mauricio,Pineda,36',36,0,first half,0,0
G-1902,WC-1998,1998 FIFA Men's World Cup,1998,M-1998-46,Japan vs Jamaica,10403.0,16:00,T-43,0,1,P-19136,Theodore Whitmore,Theodore,Whitmore,39',39,0,first half,0,0
G-1903,WC-1998,1998 FIFA Men's World Cup,1998,M-1998-46,Japan vs Jamaica,10403.0,16:00,T-43,0,1,P-19136,Theodore Whitmore,Theodore,Whitmore,54',54,0,second half,0,0
G-1904,WC-1998,1998 FIFA Men's World Cup,1998,M-1998-46,Japan vs Jamaica,10403.0,16:00,T-44,1,0,P-84762,Masashi Nakayama,Masashi,Nakayama,74',74,0,second half,0,0
G-1905,WC-1998,1998 FIFA Men's World Cup,1998,M-1998-47,Colombia vs England,10403.0,21:00,T-28,0,1,P-40570,Darren Anderton,Darren,Anderton,20',20,0,first half,0,0
G-1906,WC-1998,1998 FIFA Men's World Cup,1998,M-1998-47,Colombia vs England,10403.0,21:00,T-28,0,1,P-81049,David Beckham,David,Beckham,29',29,0,first half,0,0
G-1907,WC-1998,1998 FIFA Men's World Cup,1998,M-1998-48,Romania vs Tunisia,10403.0,21:00,T-79,0,1,P-58711,Skander Souayah,Skander,Souayah,12',12,0,first half,0,1
G-1908,WC-1998,1998 FIFA Men's World Cup,1998,M-1998-48,Romania vs Tunisia,10403.0,21:00,T-61,1,0,P-67833,Viorel Moldovan,Viorel,Moldovan,71',71,0,second half,0,0
G-1909,WC-1998,1998 FIFA Men's World Cup,1998,M-1998-49,Italy vs Norway,10404.0,16:30,T-41,1,0,P-34670,Christian Vieri,Christian,Vieri,18',18,0,first half,0,0
G-1910,WC-1998,1998 FIFA Men's World Cup,1998,M-1998-50,Brazil vs Chile,10404.0,21:00,T-09,1,0,P-03658,César Sampaio,César,Sampaio,11',11,0,first half,0,0
G-1911,WC-1998,1998 FIFA Men's World Cup,1998,M-1998-50,Brazil vs Chile,10404.0,21:00,T-09,1,0,P-03658,César Sampaio,César,Sampaio,26',26,0,first half,0,0
G-1912,WC-1998,1998 FIFA Men's World Cup,1998,M-1998-50,Brazil vs Chile,10404.0,21:00,T-09,1,0,P-62722,not applicable Ronaldo,not applicable,Ronaldo,45'+3',45,3,"first half, stoppage time",0,1
G-1913,WC-1998,1998 FIFA Men's World Cup,1998,M-1998-50,Brazil vs Chile,10404.0,21:00,T-13,0,1,P-39251,Marcelo Salas,Marcelo,Salas,70',70,0,second half,0,0
G-1914,WC-1998,1998 FIFA Men's World Cup,1998,M-1998-50,Brazil vs Chile,10404.0,21:00,T-09,1,0,P-62722,not applicable Ronaldo,not applicable,Ronaldo,72',72,0,second half,0,0
G-1915,WC-1998,1998 FIFA Men's World Cup,1998,M-1998-51,France vs Paraguay,10405.0,16:30,T-30,1,0,P-74952,Laurent Blanc,Laurent,Blanc,114',114,0,"extra time, second half",0,0
G-1916,WC-1998,1998 FIFA Men's World Cup,1998,M-1998-52,Nigeria vs Denmark,10405.0,21:00,T-22,0,1,P-87668,Peter Møller,Peter,Møller,3',3,0,first half,0,0
G-1917,WC-1998,1998 FIFA Men's World Cup,1998,M-1998-52,Nigeria vs Denmark,10405.0,21:00,T-22,0,1,P-28133,Brian Laudrup,Brian,Laudrup,12',12,0,first half,0,0
G-1918,WC-1998,1998 FIFA Men's World Cup,1998,M-1998-52,Nigeria vs Denmark,10405.0,21:00,T-22,0,1,P-80289,Ebbe Sand,Ebbe,Sand,58',58,0,second half,0,0
G-1919,WC-1998,1998 FIFA Men's World Cup,1998,M-1998-52,Nigeria vs Denmark,10405.0,21:00,T-22,0,1,P-72404,Thomas Helveg,Thomas,Helveg,76',76,0,second half,0,0
G-1920,WC-1998,1998 FIFA Men's World Cup,1998,M-1998-52,Nigeria vs Denmark,10405.0,21:00,T-50,1,0,P-02360,Tijani Babangida,Tijani,Babangida,77',77,0,second half,0,0
G-1921,WC-1998,1998 FIFA Men's World Cup,1998,M-1998-53,Germany vs Mexico,10406.0,16:30,T-46,0,1,P-45941,Luis Hernández,Luis,Hernández,47',47,0,second half,0,0
G-1922,WC-1998,1998 FIFA Men's World Cup,1998,M-1998-53,Germany vs Mexico,10406.0,16:30,T-31,1,0,P-91373,Jürgen Klinsmann,Jürgen,Klinsmann,74',74,0,second half,0,0
G-1923,WC-1998,1998 FIFA Men's World Cup,1998,M-1998-53,Germany vs Mexico,10406.0,16:30,T-31,1,0,P-84534,Oliver Bierhoff,Oliver,Bierhoff,86',86,0,second half,0,0
G-1924,WC-1998,1998 FIFA Men's World Cup,1998,M-1998-54,Netherlands vs Yugoslavia,10406.0,21:00,T-48,1,0,P-22409,Dennis Bergkamp,Dennis,Bergkamp,38',38,0,first half,0,0
G-1925,WC-1998,1998 FIFA Men's World Cup,1998,M-1998-54,Netherlands vs Yugoslavia,10406.0,21:00,T-87,0,1,P-43392,Slobodan Komljenović,Slobodan,Komljenović,48',48,0,second half,0,0
G-1926,WC-1998,1998 FIFA Men's World Cup,1998,M-1998-54,Netherlands vs Yugoslavia,10406.0,21:00,T-48,1,0,P-45916,Edgar Davids,Edgar,Davids,90'+2',90,2,"second half, stoppage time",0,0
G-1927,WC-1998,1998 FIFA Men's World Cup,1998,M-1998-55,Romania vs Croatia,10407.0,16:30,T-18,0,1,P-58374,Davor Šuker,Davor,Šuker,45'+2',45,2,"first half, stoppage time",0,1
G-1928,WC-1998,1998 FIFA Men's World Cup,1998,M-1998-56,Argentina vs England,10407.0,21:00,T-03,1,0,P-84542,Gabriel Batistuta,Gabriel,Batistuta,5',5,0,first half,0,1
G-1929,WC-1998,1998 FIFA Men's World Cup,1998,M-1998-56,Argentina vs England,10407.0,21:00,T-28,0,1,P-63416,Alan Shearer,Alan,Shearer,9',9,0,first half,0,1
G-1930,WC-1998,1998 FIFA Men's World Cup,1998,M-1998-56,Argentina vs England,10407.0,21:00,T-28,0,1,P-51130,Michael Owen,Michael,Owen,16',16,0,first half,0,0
G-1931,WC-1998,1998 FIFA Men's World Cup,1998,M-1998-56,Argentina vs England,10407.0,21:00,T-03,1,0,P-53716,Javier Zanetti,Javier,Zanetti,45'+1',45,1,"first half, stoppage time",0,0
G-1932,WC-1998,1998 FIFA Men's World Cup,1998,M-1998-58,Brazil vs Denmark,10410.0,21:00,T-22,0,1,P-68055,Martin Jørgensen,Martin,Jørgensen,2',2,0,first half,0,0
G-1933,WC-1998,1998 FIFA Men's World Cup,1998,M-1998-58,Brazil vs Denmark,10410.0,21:00,T-09,1,0,P-68671,not applicable Bebeto,not applicable,Bebeto,10',10,0,first half,0,0
G-1934,WC-1998,1998 FIFA Men's World Cup,1998,M-1998-58,Brazil vs Denmark,10410.0,21:00,T-09,1,0,P-74261,not applicable Rivaldo,not applicable,Rivaldo,25',25,0,first half,0,0
G-1935,WC-1998,1998 FIFA Men's World Cup,1998,M-1998-58,Brazil vs Denmark,10410.0,21:00,T-22,0,1,P-28133,Brian Laudrup,Brian,Laudrup,50',50,0,second half,0,0
G-1936,WC-1998,1998 FIFA Men's World Cup,1998,M-1998-58,Brazil vs Denmark,10410.0,21:00,T-09,1,0,P-74261,not applicable Rivaldo,not applicable,Rivaldo,59',59,0,second half,0,0
G-1937,WC-1998,1998 FIFA Men's World Cup,1998,M-1998-59,Netherlands vs Argentina,10411.0,16:30,T-48,1,0,P-59191,Patrick Kluivert,Patrick,Kluivert,12',12,0,first half,0,0
G-1938,WC-1998,1998 FIFA Men's World Cup,1998,M-1998-59,Netherlands vs Argentina,10411.0,16:30,T-03,0,1,P-60203,Claudio López,Claudio,López,17',17,0,first half,0,0
G-1939,WC-1998,1998 FIFA Men's World Cup,1998,M-1998-59,Netherlands vs Argentina,10411.0,16:30,T-48,1,0,P-22409,Dennis Bergkamp,Dennis,Bergkamp,90',90,0,second half,0,0
G-1940,WC-1998,1998 FIFA Men's World Cup,1998,M-1998-60,Germany vs Croatia,10411.0,21:00,T-18,0,1,P-26414,Robert Jarni,Robert,Jarni,45'+3',45,3,"first half, stoppage time",0,0
G-1941,WC-1998,1998 FIFA Men's World Cup,1998,M-1998-60,Germany vs Croatia,10411.0,21:00,T-18,0,1,P-96110,Goran Vlaović,Goran,Vlaović,80',80,0,second half,0,0
G-1942,WC-1998,1998 FIFA Men's World Cup,1998,M-1998-60,Germany vs Croatia,10411.0,21:00,T-18,0,1,P-58374,Davor Šuker,Davor,Šuker,85',85,0,second half,0,0
G-1943,WC-1998,1998 FIFA Men's World Cup,1998,M-1998-61,Brazil vs Netherlands,10414.0,21:00,T-09,1,0,P-62722,not applicable Ronaldo,not applicable,Ronaldo,46',46,0,second half,0,0
G-1944,WC-1998,1998 FIFA Men's World Cup,1998,M-1998-61,Brazil vs Netherlands,10414.0,21:00,T-48,0,1,P-59191,Patrick Kluivert,Patrick,Kluivert,87',87,0,second half,0,0
G-1945,WC-1998,1998 FIFA Men's World Cup,1998,M-1998-62,France vs Croatia,10415.0,21:00,T-18,0,1,P-58374,Davor Šuker,Davor,Šuker,46',46,0,second half,0,0
G-1946,WC-1998,1998 FIFA Men's World Cup,1998,M-1998-62,France vs Croatia,10415.0,21:00,T-30,1,0,P-56947,Lilian Thuram,Lilian,Thuram,47',47,0,second half,0,0
G-1947,WC-1998,1998 FIFA Men's World Cup,1998,M-1998-62,France vs Croatia,10415.0,21:00,T-30,1,0,P-56947,Lilian Thuram,Lilian,Thuram,70',70,0,second half,0,0
G-1948,WC-1998,1998 FIFA Men's World Cup,1998,M-1998-63,Netherlands vs Croatia,10418.0,21:00,T-18,0,1,P-62861,Robert Prosinečki,Robert,Prosinečki,14',14,0,first half,0,0
G-1949,WC-1998,1998 FIFA Men's World Cup,1998,M-1998-63,Netherlands vs Croatia,10418.0,21:00,T-48,1,0,P-34767,Boudewijn Zenden,Boudewijn,Zenden,22',22,0,first half,0,0
G-1950,WC-1998,1998 FIFA Men's World Cup,1998,M-1998-63,Netherlands vs Croatia,10418.0,21:00,T-18,0,1,P-58374,Davor Šuker,Davor,Šuker,36',36,0,first half,0,0
G-1951,WC-1998,1998 FIFA Men's World Cup,1998,M-1998-64,Brazil vs France,10419.0,21:00,T-30,0,1,P-56430,Zinedine Zidane,Zinedine,Zidane,27',27,0,first half,0,0
G-1952,WC-1998,1998 FIFA Men's World Cup,1998,M-1998-64,Brazil vs France,10419.0,21:00,T-30,0,1,P-56430,Zinedine Zidane,Zinedine,Zidane,45'+1',45,1,"first half, stoppage time",0,0
G-1953,WC-1998,1998 FIFA Men's World Cup,1998,M-1998-64,Brazil vs France,10419.0,21:00,T-30,0,1,P-40400,Emmanuel Petit,Emmanuel,Petit,90'+3',90,3,"second half, stoppage time",0,0
G-1954,WC-1999,1999 FIFA Women's World Cup,1999,M-1999-01,United States vs Denmark,10761.0,15:00,T-83,1,0,P-28901,Mia Hamm,Mia,Hamm,17',17,0,first half,0,0
G-1955,WC-1999,1999 FIFA Women's World Cup,1999,M-1999-01,United States vs Denmark,10761.0,15:00,T-83,1,0,P-89416,Julie Foudy,Julie,Foudy,73',73,0,second half,0,0
G-1956,WC-1999,1999 FIFA Women's World Cup,1999,M-1999-01,United States vs Denmark,10761.0,15:00,T-83,1,0,P-25850,Kristine Lilly,Kristine,Lilly,89',89,0,second half,0,0
G-1957,WC-1999,1999 FIFA Women's World Cup,1999,M-1999-02,China vs Sweden,10761.0,17:00,T-74,0,1,P-26509,Kristin Bengtsson,Kristin,Bengtsson,2',2,0,first half,0,0
G-1958,WC-1999,1999 FIFA Women's World Cup,1999,M-1999-02,China vs Sweden,10761.0,17:00,T-14,1,0,P-09811,Yan Jin,Yan,Jin,17',17,0,first half,0,0
G-1959,WC-1999,1999 FIFA Women's World Cup,1999,M-1999-02,China vs Sweden,10761.0,17:00,T-14,1,0,P-10128,Ailing Liu,Ailing,Liu,69',69,0,second half,0,0
G-1960,WC-1999,1999 FIFA Women's World Cup,1999,M-1999-03,Brazil vs Mexico,10761.0,17:30,T-09,1,0,P-26383,not applicable Pretinha,not applicable,Pretinha,3',3,0,first half,0,0
G-1961,WC-1999,1999 FIFA Women's World Cup,1999,M-1999-03,Brazil vs Mexico,10761.0,17:30,T-46,0,1,P-92275,Maribel Domínguez,Maribel,Domínguez,10',10,0,first half,0,0
G-1962,WC-1999,1999 FIFA Women's World Cup,1999,M-1999-03,Brazil vs Mexico,10761.0,17:30,T-09,1,0,P-26383,not applicable Pretinha,not applicable,Pretinha,12',12,0,first half,0,0
G-1963,WC-1999,1999 FIFA Women's World Cup,1999,M-1999-03,Brazil vs Mexico,10761.0,17:30,T-09,1,0,P-57452,not applicable Sissi,not applicable,Sissi,29',29,0,first half,0,0
G-1964,WC-1999,1999 FIFA Women's World Cup,1999,M-1999-03,Brazil vs Mexico,10761.0,17:30,T-09,1,0,P-90420,not applicable Kátia,not applicable,Kátia,35',35,0,first half,0,1
G-1965,WC-1999,1999 FIFA Women's World Cup,1999,M-1999-03,Brazil vs Mexico,10761.0,17:30,T-09,1,0,P-57452,not applicable Sissi,not applicable,Sissi,42',42,0,first half,0,0
G-1966,WC-1999,1999 FIFA Women's World Cup,1999,M-1999-03,Brazil vs Mexico,10761.0,17:30,T-09,1,0,P-57452,not applicable Sissi,not applicable,Sissi,50',50,0,second half,0,0
G-1967,WC-1999,1999 FIFA Women's World Cup,1999,M-1999-03,Brazil vs Mexico,10761.0,17:30,T-09,1,0,P-26383,not applicable Pretinha,not applicable,Pretinha,90'+1',90,1,"second half, stoppage time",0,0
G-1968,WC-1999,1999 FIFA Women's World Cup,1999,M-1999-04,Japan vs Canada,10761.0,19:00,T-12,0,1,P-08594,Silvana Burtini,Silvana,Burtini,32',32,0,first half,0,0
G-1969,WC-1999,1999 FIFA Women's World Cup,1999,M-1999-04,Japan vs Canada,10761.0,19:00,T-44,1,0,P-82283,Nami Otake,Nami,Otake,64',64,0,second half,0,0
G-1970,WC-1999,1999 FIFA Women's World Cup,1999,M-1999-05,Germany vs Italy,10762.0,16:00,T-41,0,1,P-06810,Patrizia Panico,Patrizia,Panico,36',36,0,first half,0,0
G-1971,WC-1999,1999 FIFA Women's World Cup,1999,M-1999-05,Germany vs Italy,10762.0,16:00,T-31,1,0,P-53366,Bettina Wiegmann,Bettina,Wiegmann,61',61,0,second half,0,1
G-1972,WC-1999,1999 FIFA Women's World Cup,1999,M-1999-06,Norway vs Russia,10762.0,16:00,T-53,1,0,P-04956,Brit Sandaune,Brit,Sandaune,28',28,0,first half,0,0
G-1973,WC-1999,1999 FIFA Women's World Cup,1999,M-1999-06,Norway vs Russia,10762.0,16:00,T-53,1,0,P-75121,Marianne Pettersen,Marianne,Pettersen,68',68,0,second half,0,0
G-1974,WC-1999,1999 FIFA Women's World Cup,1999,M-1999-06,Norway vs Russia,10762.0,16:00,T-62,0,1,P-37971,Galina Komarova,Galina,Komarova,78',78,0,second half,0,0
G-1975,WC-1999,1999 FIFA Women's World Cup,1999,M-1999-07,North Korea vs Nigeria,10762.0,18:30,T-50,0,1,P-93242,Mercy Akide,Mercy,Akide,50',50,0,second half,0,0
G-1976,WC-1999,1999 FIFA Women's World Cup,1999,M-1999-07,North Korea vs Nigeria,10762.0,18:30,T-51,1,0,P-07307,Song-ok Jo,Song-ok,Jo,74',74,0,second half,0,0
G-1977,WC-1999,1999 FIFA Women's World Cup,1999,M-1999-07,North Korea vs Nigeria,10762.0,18:30,T-50,0,1,P-33681,Rita Nwadike,Rita,Nwadike,79',79,0,second half,0,0
G-1978,WC-1999,1999 FIFA Women's World Cup,1999,M-1999-08,Australia vs Ghana,10762.0,19:30,T-04,1,0,P-61821,Julie Murray,Julie,Murray,74',74,0,second half,0,0
G-1979,WC-1999,1999 FIFA Women's World Cup,1999,M-1999-08,Australia vs Ghana,10762.0,19:30,T-32,0,1,P-84404,Nana Gyamfuah,Nana,Gyamfuah,76',76,0,second half,0,0
G-1980,WC-1999,1999 FIFA Women's World Cup,1999,M-1999-09,Japan vs Russia,10765.0,18:00,T-62,0,1,P-42638,Larisa Savina,Larisa,Savina,29',29,0,first half,0,0
G-1981,WC-1999,1999 FIFA Women's World Cup,1999,M-1999-09,Japan vs Russia,10765.0,18:00,T-62,0,1,P-42830,Olga Letyushova,Olga,Letyushova,52',52,0,second half,0,0
G-1982,WC-1999,1999 FIFA Women's World Cup,1999,M-1999-09,Japan vs Russia,10765.0,18:00,T-62,0,1,P-31383,Natalia Karasseva,Natalia,Karasseva,58',58,0,second half,0,0
G-1983,WC-1999,1999 FIFA Women's World Cup,1999,M-1999-09,Japan vs Russia,10765.0,18:00,T-62,0,1,P-90659,Natalia Barbashina,Natalia,Barbashina,80',80,0,second half,0,0
G-1984,WC-1999,1999 FIFA Women's World Cup,1999,M-1999-09,Japan vs Russia,10765.0,18:00,T-62,0,1,P-42830,Olga Letyushova,Olga,Letyushova,90',90,0,second half,0,0
G-1985,WC-1999,1999 FIFA Women's World Cup,1999,M-1999-10,Norway vs Canada,10765.0,18:00,T-53,1,0,P-29915,Ann Kristin Aarønes,Ann Kristin,Aarønes,8',8,0,first half,0,0
G-1986,WC-1999,1999 FIFA Women's World Cup,1999,M-1999-10,Norway vs Canada,10765.0,18:00,T-12,0,1,P-26057,Charmaine Hooper,Charmaine,Hooper,31',31,0,first half,0,0
G-1987,WC-1999,1999 FIFA Women's World Cup,1999,M-1999-10,Norway vs Canada,10765.0,18:00,T-53,1,0,P-29915,Ann Kristin Aarønes,Ann Kristin,Aarønes,36',36,0,first half,0,0
G-1988,WC-1999,1999 FIFA Women's World Cup,1999,M-1999-10,Norway vs Canada,10765.0,18:00,T-53,1,0,P-72974,Unni Lehn,Unni,Lehn,49',49,0,second half,0,0
G-1989,WC-1999,1999 FIFA Women's World Cup,1999,M-1999-10,Norway vs Canada,10765.0,18:00,T-53,1,0,P-84389,Hege Riise,Hege,Riise,54',54,0,second half,0,0
G-1990,WC-1999,1999 FIFA Women's World Cup,1999,M-1999-10,Norway vs Canada,10765.0,18:00,T-53,1,0,P-58688,Linda Medalen,Linda,Medalen,62',62,0,second half,0,0
G-1991,WC-1999,1999 FIFA Women's World Cup,1999,M-1999-10,Norway vs Canada,10765.0,18:00,T-53,1,0,P-75121,Marianne Pettersen,Marianne,Pettersen,76',76,0,second half,0,0
G-1992,WC-1999,1999 FIFA Women's World Cup,1999,M-1999-10,Norway vs Canada,10765.0,18:00,T-53,1,0,P-70069,Solveig Gulbrandsen,Solveig,Gulbrandsen,87',87,0,second half,0,0
G-1993,WC-1999,1999 FIFA Women's World Cup,1999,M-1999-11,Australia vs Sweden,10765.0,20:30,T-74,0,1,P-84530,Jane Törnqvist,Jane,Törnqvist,8',8,0,first half,0,0
G-1994,WC-1999,1999 FIFA Women's World Cup,1999,M-1999-11,Australia vs Sweden,10765.0,20:30,T-74,0,1,P-31388,Hanna Ljungberg,Hanna,Ljungberg,21',21,0,first half,0,0
G-1995,WC-1999,1999 FIFA Women's World Cup,1999,M-1999-11,Australia vs Sweden,10765.0,20:30,T-04,1,0,P-61821,Julie Murray,Julie,Murray,32',32,0,first half,0,0
G-1996,WC-1999,1999 FIFA Women's World Cup,1999,M-1999-11,Australia vs Sweden,10765.0,20:30,T-74,0,1,P-31388,Hanna Ljungberg,Hanna,Ljungberg,69',69,0,second half,0,0
G-1997,WC-1999,1999 FIFA Women's World Cup,1999,M-1999-12,China vs Ghana,10765.0,20:30,T-14,1,0,P-14903,Wen Sun,Wen,Sun,9',9,0,first half,0,0
G-1998,WC-1999,1999 FIFA Women's World Cup,1999,M-1999-12,China vs Ghana,10765.0,20:30,T-14,1,0,P-09811,Yan Jin,Yan,Jin,16',16,0,first half,0,0
G-1999,WC-1999,1999 FIFA Women's World Cup,1999,M-1999-12,China vs Ghana,10765.0,20:30,T-14,1,0,P-14903,Wen Sun,Wen,Sun,21',21,0,first half,0,0
G-2000,WC-1999,1999 FIFA Women's World Cup,1999,M-1999-12,China vs Ghana,10765.0,20:30,T-14,1,0,P-14903,Wen Sun,Wen,Sun,54',54,0,second half,0,0
G-2001,WC-1999,1999 FIFA Women's World Cup,1999,M-1999-12,China vs Ghana,10765.0,20:30,T-14,1,0,P-70314,Ouying Zhang,Ouying,Zhang,82',82,0,second half,0,0
G-2002,WC-1999,1999 FIFA Women's World Cup,1999,M-1999-12,China vs Ghana,10765.0,20:30,T-14,1,0,P-70314,Ouying Zhang,Ouying,Zhang,90'+1',90,1,"second half, stoppage time",0,0
G-2003,WC-1999,1999 FIFA Women's World Cup,1999,M-1999-12,China vs Ghana,10765.0,20:30,T-14,1,0,P-65910,Lihong Zhao,Lihong,Zhao,90'+2',90,2,"second half, stoppage time",0,0
G-2004,WC-1999,1999 FIFA Women's World Cup,1999,M-1999-13,Brazil vs Italy,10766.0,17:00,T-09,1,0,P-57452,not applicable Sissi,not applicable,Sissi,3',3,0,first half,0,0
G-2005,WC-1999,1999 FIFA Women's World Cup,1999,M-1999-13,Brazil vs Italy,10766.0,17:00,T-09,1,0,P-57452,not applicable Sissi,not applicable,Sissi,63',63,0,second half,0,0
G-2006,WC-1999,1999 FIFA Women's World Cup,1999,M-1999-14,North Korea vs Denmark,10766.0,18:00,T-51,1,0,P-46500,Pyol-hui Jin,Pyol-hui,Jin,15',15,0,first half,0,0
G-2007,WC-1999,1999 FIFA Women's World Cup,1999,M-1999-14,North Korea vs Denmark,10766.0,18:00,T-51,1,0,P-07307,Song-ok Jo,Song-ok,Jo,39',39,0,first half,0,0
G-2008,WC-1999,1999 FIFA Women's World Cup,1999,M-1999-14,North Korea vs Denmark,10766.0,18:00,T-51,1,0,P-16569,Kum-sil Kim,Kum-sil,Kim,73',73,0,second half,0,0
G-2009,WC-1999,1999 FIFA Women's World Cup,1999,M-1999-14,North Korea vs Denmark,10766.0,18:00,T-22,0,1,P-34416,Janni Johansen,Janni,Johansen,74',74,0,second half,0,0
G-2010,WC-1999,1999 FIFA Women's World Cup,1999,M-1999-15,United States vs Nigeria,10766.0,19:00,T-50,0,1,P-68759,Nkiru Okosieme,Nkiru,Okosieme,2',2,0,first half,0,0
G-2011,WC-1999,1999 FIFA Women's World Cup,1999,M-1999-15,United States vs Nigeria,10766.0,19:00,T-83,1,0,P-38422,Ifeanyi Chiejine,Ifeanyi,Chiejine,19',19,0,first half,1,0
G-2012,WC-1999,1999 FIFA Women's World Cup,1999,M-1999-15,United States vs Nigeria,10766.0,19:00,T-83,1,0,P-28901,Mia Hamm,Mia,Hamm,20',20,0,first half,0,0
G-2013,WC-1999,1999 FIFA Women's World Cup,1999,M-1999-15,United States vs Nigeria,10766.0,19:00,T-83,1,0,P-98699,Tiffeny Milbrett,Tiffeny,Milbrett,23',23,0,first half,0,0
G-2014,WC-1999,1999 FIFA Women's World Cup,1999,M-1999-15,United States vs Nigeria,10766.0,19:00,T-83,1,0,P-25850,Kristine Lilly,Kristine,Lilly,32',32,0,first half,0,0
G-2015,WC-1999,1999 FIFA Women's World Cup,1999,M-1999-15,United States vs Nigeria,10766.0,19:00,T-83,1,0,P-54794,Michelle Akers,Michelle,Akers,39',39,0,first half,0,0
G-2016,WC-1999,1999 FIFA Women's World Cup,1999,M-1999-15,United States vs Nigeria,10766.0,19:00,T-83,1,0,P-18634,Cindy Parlow,Cindy,Parlow,42',42,0,first half,0,0
G-2017,WC-1999,1999 FIFA Women's World Cup,1999,M-1999-15,United States vs Nigeria,10766.0,19:00,T-83,1,0,P-98699,Tiffeny Milbrett,Tiffeny,Milbrett,83',83,0,second half,0,0
G-2018,WC-1999,1999 FIFA Women's World Cup,1999,M-1999-16,Germany vs Mexico,10766.0,20:30,T-31,1,0,P-27479,Inka Grings,Inka,Grings,10',10,0,first half,0,0
G-2019,WC-1999,1999 FIFA Women's World Cup,1999,M-1999-16,Germany vs Mexico,10766.0,20:30,T-31,1,0,P-49074,Sandra Smisek,Sandra,Smisek,45'+1',45,1,"first half, stoppage time",0,0
G-2020,WC-1999,1999 FIFA Women's World Cup,1999,M-1999-16,Germany vs Mexico,10766.0,20:30,T-31,1,0,P-78246,Ariane Hingst,Ariane,Hingst,49',49,0,second half,0,0
G-2021,WC-1999,1999 FIFA Women's World Cup,1999,M-1999-16,Germany vs Mexico,10766.0,20:30,T-31,1,0,P-27479,Inka Grings,Inka,Grings,57',57,0,second half,0,0
G-2022,WC-1999,1999 FIFA Women's World Cup,1999,M-1999-16,Germany vs Mexico,10766.0,20:30,T-31,1,0,P-42444,Renate Lingor,Renate,Lingor,89',89,0,second half,0,0
G-2023,WC-1999,1999 FIFA Women's World Cup,1999,M-1999-16,Germany vs Mexico,10766.0,20:30,T-31,1,0,P-27479,Inka Grings,Inka,Grings,90'+2',90,2,"second half, stoppage time",0,0
G-2024,WC-1999,1999 FIFA Women's World Cup,1999,M-1999-17,Canada vs Russia,10768.0,12:00,T-62,0,1,P-62577,Irina Grigorieva,Irina,Grigorieva,54',54,0,second half,0,0
G-2025,WC-1999,1999 FIFA Women's World Cup,1999,M-1999-17,Canada vs Russia,10768.0,12:00,T-62,0,1,P-90185,Elena Fomina,Elena,Fomina,66',66,0,second half,0,0
G-2026,WC-1999,1999 FIFA Women's World Cup,1999,M-1999-17,Canada vs Russia,10768.0,12:00,T-12,1,0,P-26057,Charmaine Hooper,Charmaine,Hooper,76',76,0,second half,0,0
G-2027,WC-1999,1999 FIFA Women's World Cup,1999,M-1999-17,Canada vs Russia,10768.0,12:00,T-62,0,1,P-90185,Elena Fomina,Elena,Fomina,86',86,0,second half,0,0
G-2028,WC-1999,1999 FIFA Women's World Cup,1999,M-1999-17,Canada vs Russia,10768.0,12:00,T-62,0,1,P-20242,Olga Karasseva,Olga,Karasseva,90'+1',90,1,"second half, stoppage time",0,0
G-2029,WC-1999,1999 FIFA Women's World Cup,1999,M-1999-18,China vs Australia,10768.0,14:30,T-14,1,0,P-14903,Wen Sun,Wen,Sun,39',39,0,first half,0,0
G-2030,WC-1999,1999 FIFA Women's World Cup,1999,M-1999-18,China vs Australia,10768.0,14:30,T-14,1,0,P-14903,Wen Sun,Wen,Sun,51',51,0,second half,0,0
G-2031,WC-1999,1999 FIFA Women's World Cup,1999,M-1999-18,China vs Australia,10768.0,14:30,T-04,0,1,P-19145,Cheryl Salisbury,Cheryl,Salisbury,66',66,0,second half,0,0
G-2032,WC-1999,1999 FIFA Women's World Cup,1999,M-1999-18,China vs Australia,10768.0,14:30,T-14,1,0,P-48897,Ying Liu,Ying,Liu,73',73,0,second half,0,0
G-2033,WC-1999,1999 FIFA Women's World Cup,1999,M-1999-19,Ghana vs Sweden,10768.0,16:00,T-74,0,1,P-36470,Victoria Svensson,Victoria,Svensson,58',58,0,second half,0,0
G-2034,WC-1999,1999 FIFA Women's World Cup,1999,M-1999-19,Ghana vs Sweden,10768.0,16:00,T-74,0,1,P-36470,Victoria Svensson,Victoria,Svensson,86',86,0,second half,0,0
G-2035,WC-1999,1999 FIFA Women's World Cup,1999,M-1999-20,Norway vs Japan,10768.0,18:30,T-53,1,0,P-84389,Hege Riise,Hege,Riise,8',8,0,first half,0,1
G-2036,WC-1999,1999 FIFA Women's World Cup,1999,M-1999-20,Norway vs Japan,10768.0,18:30,T-53,1,0,P-51492,Hiromi Isozaki,Hiromi,Isozaki,26',26,0,first half,1,0
G-2037,WC-1999,1999 FIFA Women's World Cup,1999,M-1999-20,Norway vs Japan,10768.0,18:30,T-53,1,0,P-29915,Ann Kristin Aarønes,Ann Kristin,Aarønes,36',36,0,first half,0,0
G-2038,WC-1999,1999 FIFA Women's World Cup,1999,M-1999-20,Norway vs Japan,10768.0,18:30,T-53,1,0,P-49154,Dagny Mellgren,Dagny,Mellgren,61',61,0,second half,0,0
G-2039,WC-1999,1999 FIFA Women's World Cup,1999,M-1999-21,Germany vs Brazil,10769.0,13:30,T-31,1,0,P-52478,Birgit Prinz,Birgit,Prinz,8',8,0,first half,0,0
G-2040,WC-1999,1999 FIFA Women's World Cup,1999,M-1999-21,Germany vs Brazil,10769.0,13:30,T-09,0,1,P-90420,not applicable Kátia,not applicable,Kátia,15',15,0,first half,0,0
G-2041,WC-1999,1999 FIFA Women's World Cup,1999,M-1999-21,Germany vs Brazil,10769.0,13:30,T-09,0,1,P-57452,not applicable Sissi,not applicable,Sissi,20',20,0,first half,0,0
G-2042,WC-1999,1999 FIFA Women's World Cup,1999,M-1999-21,Germany vs Brazil,10769.0,13:30,T-31,1,0,P-53366,Bettina Wiegmann,Bettina,Wiegmann,46',46,0,second half,0,1
G-2043,WC-1999,1999 FIFA Women's World Cup,1999,M-1999-21,Germany vs Brazil,10769.0,13:30,T-31,1,0,P-70251,Steffi Jones,Steffi,Jones,58',58,0,second half,0,0
G-2044,WC-1999,1999 FIFA Women's World Cup,1999,M-1999-21,Germany vs Brazil,10769.0,13:30,T-09,0,1,P-67574,not applicable Maycon,not applicable,Maycon,90'+4',90,4,"second half, stoppage time",0,0
G-2045,WC-1999,1999 FIFA Women's World Cup,1999,M-1999-22,Nigeria vs Denmark,10769.0,16:00,T-50,1,0,P-93242,Mercy Akide,Mercy,Akide,25',25,0,first half,0,0
G-2046,WC-1999,1999 FIFA Women's World Cup,1999,M-1999-22,Nigeria vs Denmark,10769.0,16:00,T-50,1,0,P-68759,Nkiru Okosieme,Nkiru,Okosieme,81',81,0,second half,0,0
G-2047,WC-1999,1999 FIFA Women's World Cup,1999,M-1999-23,Mexico vs Italy,10769.0,16:30,T-41,0,1,P-06810,Patrizia Panico,Patrizia,Panico,37',37,0,first half,0,0
G-2048,WC-1999,1999 FIFA Women's World Cup,1999,M-1999-23,Mexico vs Italy,10769.0,16:30,T-41,0,1,P-58574,Paola Zanni,Paola,Zanni,51',51,0,second half,0,0
G-2049,WC-1999,1999 FIFA Women's World Cup,1999,M-1999-24,United States vs North Korea,10769.0,19:00,T-83,1,0,P-14832,Shannon MacMillan,Shannon,MacMillan,56',56,0,second half,0,0
G-2050,WC-1999,1999 FIFA Women's World Cup,1999,M-1999-24,United States vs North Korea,10769.0,19:00,T-83,1,0,P-49668,Tisha Venturini,Tisha,Venturini,68',68,0,second half,0,0
G-2051,WC-1999,1999 FIFA Women's World Cup,1999,M-1999-24,United States vs North Korea,10769.0,19:00,T-83,1,0,P-49668,Tisha Venturini,Tisha,Venturini,76',76,0,second half,0,0
G-2052,WC-1999,1999 FIFA Women's World Cup,1999,M-1999-25,China vs Russia,10772.0,17:00,T-14,1,0,P-67766,Wei Pu,Wei,Pu,37',37,0,first half,0,0
G-2053,WC-1999,1999 FIFA Women's World Cup,1999,M-1999-25,China vs Russia,10772.0,17:00,T-14,1,0,P-09811,Yan Jin,Yan,Jin,56',56,0,second half,0,0
G-2054,WC-1999,1999 FIFA Women's World Cup,1999,M-1999-26,Norway vs Sweden,10772.0,19:30,T-53,1,0,P-29915,Ann Kristin Aarønes,Ann Kristin,Aarønes,51',51,0,second half,0,0
G-2055,WC-1999,1999 FIFA Women's World Cup,1999,M-1999-26,Norway vs Sweden,10772.0,19:30,T-53,1,0,P-75121,Marianne Pettersen,Marianne,Pettersen,58',58,0,second half,0,0
G-2056,WC-1999,1999 FIFA Women's World Cup,1999,M-1999-26,Norway vs Sweden,10772.0,19:30,T-53,1,0,P-84389,Hege Riise,Hege,Riise,72',72,0,second half,0,1
G-2057,WC-1999,1999 FIFA Women's World Cup,1999,M-1999-26,Norway vs Sweden,10772.0,19:30,T-74,0,1,P-52220,Malin Moström,Malin,Moström,90'+1',90,1,"second half, stoppage time",0,0
G-2058,WC-1999,1999 FIFA Women's World Cup,1999,M-1999-27,United States vs Germany,10773.0,19:00,T-31,0,1,P-99201,Brandi Chastain,Brandi,Chastain,5',5,0,first half,1,0
G-2059,WC-1999,1999 FIFA Women's World Cup,1999,M-1999-27,United States vs Germany,10773.0,19:00,T-83,1,0,P-98699,Tiffeny Milbrett,Tiffeny,Milbrett,16',16,0,first half,0,0
G-2060,WC-1999,1999 FIFA Women's World Cup,1999,M-1999-27,United States vs Germany,10773.0,19:00,T-31,0,1,P-53366,Bettina Wiegmann,Bettina,Wiegmann,45'+1',45,1,"first half, stoppage time",0,0
G-2061,WC-1999,1999 FIFA Women's World Cup,1999,M-1999-27,United States vs Germany,10773.0,19:00,T-83,1,0,P-99201,Brandi Chastain,Brandi,Chastain,49',49,0,second half,0,0
G-2062,WC-1999,1999 FIFA Women's World Cup,1999,M-1999-27,United States vs Germany,10773.0,19:00,T-83,1,0,P-30345,Joy Fawcett,Joy,Fawcett,66',66,0,second half,0,0
G-2063,WC-1999,1999 FIFA Women's World Cup,1999,M-1999-28,Brazil vs Nigeria,10773.0,21:30,T-09,1,0,P-96106,not applicable Cidinha,not applicable,Cidinha,4',4,0,first half,0,0
G-2064,WC-1999,1999 FIFA Women's World Cup,1999,M-1999-28,Brazil vs Nigeria,10773.0,21:30,T-09,1,0,P-96106,not applicable Cidinha,not applicable,Cidinha,22',22,0,first half,0,0
G-2065,WC-1999,1999 FIFA Women's World Cup,1999,M-1999-28,Brazil vs Nigeria,10773.0,21:30,T-09,1,0,P-09127,not applicable Nenê,not applicable,Nenê,35',35,0,first half,0,0
G-2066,WC-1999,1999 FIFA Women's World Cup,1999,M-1999-28,Brazil vs Nigeria,10773.0,21:30,T-50,0,1,P-65870,Prisca Emeafu,Prisca,Emeafu,63',63,0,second half,0,0
G-2067,WC-1999,1999 FIFA Women's World Cup,1999,M-1999-28,Brazil vs Nigeria,10773.0,21:30,T-50,0,1,P-68759,Nkiru Okosieme,Nkiru,Okosieme,72',72,0,second half,0,0
G-2068,WC-1999,1999 FIFA Women's World Cup,1999,M-1999-28,Brazil vs Nigeria,10773.0,21:30,T-50,0,1,P-05883,Nkechi Egbe,Nkechi,Egbe,85',85,0,second half,0,0
G-2069,WC-1999,1999 FIFA Women's World Cup,1999,M-1999-28,Brazil vs Nigeria,10773.0,21:30,T-09,1,0,P-57452,not applicable Sissi,not applicable,Sissi,104',104,0,"extra time, first half",0,0
G-2070,WC-1999,1999 FIFA Women's World Cup,1999,M-1999-29,United States vs Brazil,10776.0,13:30,T-83,1,0,P-18634,Cindy Parlow,Cindy,Parlow,5',5,0,first half,0,0
G-2071,WC-1999,1999 FIFA Women's World Cup,1999,M-1999-29,United States vs Brazil,10776.0,13:30,T-83,1,0,P-54794,Michelle Akers,Michelle,Akers,80',80,0,second half,0,1
G-2072,WC-1999,1999 FIFA Women's World Cup,1999,M-1999-30,Norway vs China,10776.0,19:30,T-14,0,1,P-14903,Wen Sun,Wen,Sun,3',3,0,first half,0,0
G-2073,WC-1999,1999 FIFA Women's World Cup,1999,M-1999-30,Norway vs China,10776.0,19:30,T-14,0,1,P-10128,Ailing Liu,Ailing,Liu,14',14,0,first half,0,0
G-2074,WC-1999,1999 FIFA Women's World Cup,1999,M-1999-30,Norway vs China,10776.0,19:30,T-14,0,1,P-10128,Ailing Liu,Ailing,Liu,51',51,0,second half,0,0
G-2075,WC-1999,1999 FIFA Women's World Cup,1999,M-1999-30,Norway vs China,10776.0,19:30,T-14,0,1,P-36217,Yunjie Fan,Yunjie,Fan,65',65,0,second half,0,0
G-2076,WC-1999,1999 FIFA Women's World Cup,1999,M-1999-30,Norway vs China,10776.0,19:30,T-14,0,1,P-14903,Wen Sun,Wen,Sun,72',72,0,second half,0,1
G-2077,WC-2002,2002 FIFA Men's World Cup,2002,M-2002-01,France vs Senegal,11838.0,20:30,T-65,0,1,P-82212,Papa Bouba Diop,Papa Bouba,Diop,30',30,0,first half,0,0
G-2078,WC-2002,2002 FIFA Men's World Cup,2002,M-2002-02,Republic of Ireland vs Cameroon,11839.0,15:30,T-11,0,1,P-18804,Patrick M'Boma,Patrick,M'Boma,39',39,0,first half,0,0
G-2079,WC-2002,2002 FIFA Men's World Cup,2002,M-2002-02,Republic of Ireland vs Cameroon,11839.0,15:30,T-60,1,0,P-00105,Matt Holland,Matt,Holland,52',52,0,second half,0,0
G-2080,WC-2002,2002 FIFA Men's World Cup,2002,M-2002-03,Uruguay vs Denmark,11839.0,18:00,T-22,0,1,P-50534,Jon Dahl Tomasson,Jon Dahl,Tomasson,45',45,0,first half,0,0
G-2081,WC-2002,2002 FIFA Men's World Cup,2002,M-2002-03,Uruguay vs Denmark,11839.0,18:00,T-84,1,0,P-49428,Darío Rodríguez,Darío,Rodríguez,47',47,0,second half,0,0
G-2082,WC-2002,2002 FIFA Men's World Cup,2002,M-2002-03,Uruguay vs Denmark,11839.0,18:00,T-22,0,1,P-50534,Jon Dahl Tomasson,Jon Dahl,Tomasson,83',83,0,second half,0,0
G-2083,WC-2002,2002 FIFA Men's World Cup,2002,M-2002-04,Germany vs Saudi Arabia,11839.0,20:30,T-31,1,0,P-27787,Miroslav Klose,Miroslav,Klose,20',20,0,first half,0,0
G-2084,WC-2002,2002 FIFA Men's World Cup,2002,M-2002-04,Germany vs Saudi Arabia,11839.0,20:30,T-31,1,0,P-27787,Miroslav Klose,Miroslav,Klose,25',25,0,first half,0,0
G-2085,WC-2002,2002 FIFA Men's World Cup,2002,M-2002-04,Germany vs Saudi Arabia,11839.0,20:30,T-31,1,0,P-84003,Michael Ballack,Michael,Ballack,40',40,0,first half,0,0
G-2086,WC-2002,2002 FIFA Men's World Cup,2002,M-2002-04,Germany vs Saudi Arabia,11839.0,20:30,T-31,1,0,P-45490,Carsten Jancker,Carsten,Jancker,45'+1',45,1,"first half, stoppage time",0,0
G-2087,WC-2002,2002 FIFA Men's World Cup,2002,M-2002-04,Germany vs Saudi Arabia,11839.0,20:30,T-31,1,0,P-27787,Miroslav Klose,Miroslav,Klose,70',70,0,second half,0,0
G-2088,WC-2002,2002 FIFA Men's World Cup,2002,M-2002-04,Germany vs Saudi Arabia,11839.0,20:30,T-31,1,0,P-17520,Thomas Linke,Thomas,Linke,73',73,0,second half,0,0
G-2089,WC-2002,2002 FIFA Men's World Cup,2002,M-2002-04,Germany vs Saudi Arabia,11839.0,20:30,T-31,1,0,P-84534,Oliver Bierhoff,Oliver,Bierhoff,84',84,0,second half,0,0
G-2090,WC-2002,2002 FIFA Men's World Cup,2002,M-2002-04,Germany vs Saudi Arabia,11839.0,20:30,T-31,1,0,P-32136,Bernd Schneider,Bernd,Schneider,90'+1',90,1,"second half, stoppage time",0,0
G-2091,WC-2002,2002 FIFA Men's World Cup,2002,M-2002-05,Argentina vs Nigeria,11840.0,14:30,T-03,1,0,P-84542,Gabriel Batistuta,Gabriel,Batistuta,63',63,0,second half,0,0
G-2092,WC-2002,2002 FIFA Men's World Cup,2002,M-2002-06,Paraguay vs South Africa,11840.0,16:30,T-55,1,0,P-34530,Roque Santa Cruz,Roque,Santa Cruz,39',39,0,first half,0,0
G-2093,WC-2002,2002 FIFA Men's World Cup,2002,M-2002-06,Paraguay vs South Africa,11840.0,16:30,T-55,1,0,P-76678,Francisco Arce,Francisco,Arce,55',55,0,second half,0,0
G-2094,WC-2002,2002 FIFA Men's World Cup,2002,M-2002-06,Paraguay vs South Africa,11840.0,16:30,T-70,0,1,P-99521,Teboho Mokoena,Teboho,Mokoena,63',63,0,second half,0,0
G-2095,WC-2002,2002 FIFA Men's World Cup,2002,M-2002-06,Paraguay vs South Africa,11840.0,16:30,T-70,0,1,P-02423,Quinton Fortune,Quinton,Fortune,90'+1',90,1,"second half, stoppage time",0,1
G-2096,WC-2002,2002 FIFA Men's World Cup,2002,M-2002-07,England vs Sweden,11840.0,18:30,T-28,1,0,P-97840,Sol Campbell,Sol,Campbell,24',24,0,first half,0,0
G-2097,WC-2002,2002 FIFA Men's World Cup,2002,M-2002-07,England vs Sweden,11840.0,18:30,T-74,0,1,P-42808,Niclas Alexandersson,Niclas,Alexandersson,59',59,0,second half,0,0
G-2098,WC-2002,2002 FIFA Men's World Cup,2002,M-2002-08,Spain vs Slovenia,11840.0,20:30,T-73,1,0,P-24556,not applicable Raúl,not applicable,Raúl,44',44,0,first half,0,0
G-2099,WC-2002,2002 FIFA Men's World Cup,2002,M-2002-08,Spain vs Slovenia,11840.0,20:30,T-73,1,0,P-76612,Juan Carlos Valerón,Juan Carlos,Valerón,74',74,0,second half,0,0
G-2100,WC-2002,2002 FIFA Men's World Cup,2002,M-2002-08,Spain vs Slovenia,11840.0,20:30,T-69,0,1,P-00649,Sebastjan Cimirotič,Sebastjan,Cimirotič,82',82,0,second half,0,0
G-2101,WC-2002,2002 FIFA Men's World Cup,2002,M-2002-08,Spain vs Slovenia,11840.0,20:30,T-73,1,0,P-35246,Fernando Hierro,Fernando,Hierro,87',87,0,second half,0,1
G-2102,WC-2002,2002 FIFA Men's World Cup,2002,M-2002-09,Croatia vs Mexico,11841.0,15:30,T-46,0,1,P-88428,Cuauhtémoc Blanco,Cuauhtémoc,Blanco,60',60,0,second half,0,1
G-2103,WC-2002,2002 FIFA Men's World Cup,2002,M-2002-10,Brazil vs Turkey,11841.0,18:00,T-80,0,1,P-23883,Hasan Şaş,Hasan,Şaş,45'+2',45,2,"first half, stoppage time",0,0
G-2104,WC-2002,2002 FIFA Men's World Cup,2002,M-2002-10,Brazil vs Turkey,11841.0,18:00,T-09,1,0,P-62722,not applicable Ronaldo,not applicable,Ronaldo,50',50,0,second half,0,0
G-2105,WC-2002,2002 FIFA Men's World Cup,2002,M-2002-10,Brazil vs Turkey,11841.0,18:00,T-09,1,0,P-74261,not applicable Rivaldo,not applicable,Rivaldo,87',87,0,second half,0,1
G-2106,WC-2002,2002 FIFA Men's World Cup,2002,M-2002-11,Italy vs Ecuador,11841.0,20:30,T-41,1,0,P-34670,Christian Vieri,Christian,Vieri,7',7,0,first half,0,0
G-2107,WC-2002,2002 FIFA Men's World Cup,2002,M-2002-11,Italy vs Ecuador,11841.0,20:30,T-41,1,0,P-34670,Christian Vieri,Christian,Vieri,27',27,0,first half,0,0
G-2108,WC-2002,2002 FIFA Men's World Cup,2002,M-2002-12,China vs Costa Rica,11842.0,15:30,T-17,0,1,P-55170,Rónald Gómez,Rónald,Gómez,61',61,0,second half,0,0
G-2109,WC-2002,2002 FIFA Men's World Cup,2002,M-2002-12,China vs Costa Rica,11842.0,15:30,T-17,0,1,P-56613,Mauricio Wright,Mauricio,Wright,65',65,0,second half,0,0
G-2110,WC-2002,2002 FIFA Men's World Cup,2002,M-2002-13,Japan vs Belgium,11842.0,18:00,T-06,0,1,P-69659,Marc Wilmots,Marc,Wilmots,57',57,0,second half,0,0
G-2111,WC-2002,2002 FIFA Men's World Cup,2002,M-2002-13,Japan vs Belgium,11842.0,18:00,T-44,1,0,P-96566,Takayuki Suzuki,Takayuki,Suzuki,59',59,0,second half,0,0
G-2112,WC-2002,2002 FIFA Men's World Cup,2002,M-2002-13,Japan vs Belgium,11842.0,18:00,T-44,1,0,P-46807,Junichi Inamoto,Junichi,Inamoto,67',67,0,second half,0,0
G-2113,WC-2002,2002 FIFA Men's World Cup,2002,M-2002-13,Japan vs Belgium,11842.0,18:00,T-06,0,1,P-02977,Peter Van der Heyden,Peter,Van der Heyden,75',75,0,second half,0,0
G-2114,WC-2002,2002 FIFA Men's World Cup,2002,M-2002-14,South Korea vs Poland,11842.0,20:30,T-71,1,0,P-15222,Sun-hong Hwang,Sun-hong,Hwang,26',26,0,first half,0,0
G-2115,WC-2002,2002 FIFA Men's World Cup,2002,M-2002-14,South Korea vs Poland,11842.0,20:30,T-71,1,0,P-75255,Sang-chul Yoo,Sang-chul,Yoo,53',53,0,second half,0,0
G-2116,WC-2002,2002 FIFA Men's World Cup,2002,M-2002-15,Russia vs Tunisia,11843.0,15:30,T-62,1,0,P-66907,Yegor Titov,Yegor,Titov,59',59,0,second half,0,0
G-2117,WC-2002,2002 FIFA Men's World Cup,2002,M-2002-15,Russia vs Tunisia,11843.0,15:30,T-62,1,0,P-48249,Valeri Karpin,Valeri,Karpin,64',64,0,second half,0,1
G-2118,WC-2002,2002 FIFA Men's World Cup,2002,M-2002-16,United States vs Portugal,11843.0,18:00,T-83,1,0,P-88043,John O'Brien,John,O'Brien,4',4,0,first half,0,0
G-2119,WC-2002,2002 FIFA Men's World Cup,2002,M-2002-16,United States vs Portugal,11843.0,18:00,T-83,1,0,P-73722,Jorge Costa,Jorge,Costa,29',29,0,first half,1,0
G-2120,WC-2002,2002 FIFA Men's World Cup,2002,M-2002-16,United States vs Portugal,11843.0,18:00,T-83,1,0,P-60597,Brian McBride,Brian,McBride,36',36,0,first half,0,0
G-2121,WC-2002,2002 FIFA Men's World Cup,2002,M-2002-16,United States vs Portugal,11843.0,18:00,T-58,0,1,P-37140,not applicable Beto,not applicable,Beto,39',39,0,first half,0,0
G-2122,WC-2002,2002 FIFA Men's World Cup,2002,M-2002-16,United States vs Portugal,11843.0,18:00,T-58,0,1,P-72797,Jeff Agoos,Jeff,Agoos,71',71,0,second half,1,0
G-2123,WC-2002,2002 FIFA Men's World Cup,2002,M-2002-17,Germany vs Republic of Ireland,11843.0,20:30,T-31,1,0,P-27787,Miroslav Klose,Miroslav,Klose,19',19,0,first half,0,0
G-2124,WC-2002,2002 FIFA Men's World Cup,2002,M-2002-17,Germany vs Republic of Ireland,11843.0,20:30,T-60,0,1,P-84878,Robbie Keane,Robbie,Keane,90'+2',90,2,"second half, stoppage time",0,0
G-2125,WC-2002,2002 FIFA Men's World Cup,2002,M-2002-18,Denmark vs Senegal,11844.0,15:30,T-22,1,0,P-50534,Jon Dahl Tomasson,Jon Dahl,Tomasson,16',16,0,first half,0,1
G-2126,WC-2002,2002 FIFA Men's World Cup,2002,M-2002-18,Denmark vs Senegal,11844.0,15:30,T-65,0,1,P-35019,Salif Diao,Salif,Diao,52',52,0,second half,0,0
G-2127,WC-2002,2002 FIFA Men's World Cup,2002,M-2002-19,Cameroon vs Saudi Arabia,11844.0,18:00,T-11,1,0,P-61703,Samuel Eto'o,Samuel,Eto'o,66',66,0,second half,0,0
G-2128,WC-2002,2002 FIFA Men's World Cup,2002,M-2002-21,Sweden vs Nigeria,11845.0,15:30,T-50,0,1,P-74228,Julius Aghahowa,Julius,Aghahowa,27',27,0,first half,0,0
G-2129,WC-2002,2002 FIFA Men's World Cup,2002,M-2002-21,Sweden vs Nigeria,11845.0,15:30,T-74,1,0,P-42895,Henrik Larsson,Henrik,Larsson,35',35,0,first half,0,0
G-2130,WC-2002,2002 FIFA Men's World Cup,2002,M-2002-21,Sweden vs Nigeria,11845.0,15:30,T-74,1,0,P-42895,Henrik Larsson,Henrik,Larsson,63',63,0,second half,0,1
G-2131,WC-2002,2002 FIFA Men's World Cup,2002,M-2002-22,Spain vs Paraguay,11845.0,18:00,T-55,0,1,P-51089,Carles Puyol,Carles,Puyol,10',10,0,first half,1,0
G-2132,WC-2002,2002 FIFA Men's World Cup,2002,M-2002-22,Spain vs Paraguay,11845.0,18:00,T-73,1,0,P-08514,Fernando Morientes,Fernando,Morientes,53',53,0,second half,0,0
G-2133,WC-2002,2002 FIFA Men's World Cup,2002,M-2002-22,Spain vs Paraguay,11845.0,18:00,T-73,1,0,P-08514,Fernando Morientes,Fernando,Morientes,69',69,0,second half,0,0
G-2134,WC-2002,2002 FIFA Men's World Cup,2002,M-2002-22,Spain vs Paraguay,11845.0,18:00,T-73,1,0,P-35246,Fernando Hierro,Fernando,Hierro,83',83,0,second half,0,1
G-2135,WC-2002,2002 FIFA Men's World Cup,2002,M-2002-23,Argentina vs England,11845.0,20:30,T-28,0,1,P-81049,David Beckham,David,Beckham,44',44,0,first half,0,1
G-2136,WC-2002,2002 FIFA Men's World Cup,2002,M-2002-24,South Africa vs Slovenia,11846.0,15:30,T-70,1,0,P-22393,Siyabonga Nomvethe,Siyabonga,Nomvethe,4',4,0,first half,0,0
G-2137,WC-2002,2002 FIFA Men's World Cup,2002,M-2002-25,Italy vs Croatia,11846.0,18:00,T-41,1,0,P-34670,Christian Vieri,Christian,Vieri,55',55,0,second half,0,0
G-2138,WC-2002,2002 FIFA Men's World Cup,2002,M-2002-25,Italy vs Croatia,11846.0,18:00,T-18,0,1,P-13265,Ivica Olić,Ivica,Olić,73',73,0,second half,0,0
G-2139,WC-2002,2002 FIFA Men's World Cup,2002,M-2002-25,Italy vs Croatia,11846.0,18:00,T-18,0,1,P-55293,Milan Rapaić,Milan,Rapaić,76',76,0,second half,0,0
G-2140,WC-2002,2002 FIFA Men's World Cup,2002,M-2002-26,Brazil vs China,11846.0,20:30,T-09,1,0,P-85176,Roberto Carlos,Roberto,Carlos,15',15,0,first half,0,0
G-2141,WC-2002,2002 FIFA Men's World Cup,2002,M-2002-26,Brazil vs China,11846.0,20:30,T-09,1,0,P-74261,not applicable Rivaldo,not applicable,Rivaldo,32',32,0,first half,0,0
G-2142,WC-2002,2002 FIFA Men's World Cup,2002,M-2002-26,Brazil vs China,11846.0,20:30,T-09,1,0,P-57361,not applicable Ronaldinho,not applicable,Ronaldinho,45',45,0,first half,0,1
G-2143,WC-2002,2002 FIFA Men's World Cup,2002,M-2002-26,Brazil vs China,11846.0,20:30,T-09,1,0,P-62722,not applicable Ronaldo,not applicable,Ronaldo,55',55,0,second half,0,0
G-2144,WC-2002,2002 FIFA Men's World Cup,2002,M-2002-27,Mexico vs Ecuador,11847.0,15:30,T-25,0,1,P-19156,Agustín Delgado,Agustín,Delgado,5',5,0,first half,0,0
G-2145,WC-2002,2002 FIFA Men's World Cup,2002,M-2002-27,Mexico vs Ecuador,11847.0,15:30,T-46,1,0,P-81643,Jared Borgetti,Jared,Borgetti,28',28,0,first half,0,0
G-2146,WC-2002,2002 FIFA Men's World Cup,2002,M-2002-27,Mexico vs Ecuador,11847.0,15:30,T-46,1,0,P-89297,Gerardo Torrado,Gerardo,Torrado,57',57,0,second half,0,0
G-2147,WC-2002,2002 FIFA Men's World Cup,2002,M-2002-28,Costa Rica vs Turkey,11847.0,18:00,T-80,0,1,P-46497,Emre Belözoğlu,Emre,Belözoğlu,56',56,0,second half,0,0
G-2148,WC-2002,2002 FIFA Men's World Cup,2002,M-2002-28,Costa Rica vs Turkey,11847.0,18:00,T-17,1,0,P-20880,Winston Parks,Winston,Parks,86',86,0,second half,0,0
G-2149,WC-2002,2002 FIFA Men's World Cup,2002,M-2002-29,Japan vs Russia,11847.0,20:30,T-44,1,0,P-46807,Junichi Inamoto,Junichi,Inamoto,51',51,0,second half,0,0
G-2150,WC-2002,2002 FIFA Men's World Cup,2002,M-2002-30,South Korea vs United States,11848.0,15:30,T-83,0,1,P-38074,Clint Mathis,Clint,Mathis,24',24,0,first half,0,0
G-2151,WC-2002,2002 FIFA Men's World Cup,2002,M-2002-30,South Korea vs United States,11848.0,15:30,T-71,1,0,P-26616,Jung-hwan Ahn,Jung-hwan,Ahn,78',78,0,second half,0,0
G-2152,WC-2002,2002 FIFA Men's World Cup,2002,M-2002-31,Tunisia vs Belgium,11848.0,18:00,T-06,0,1,P-69659,Marc Wilmots,Marc,Wilmots,13',13,0,first half,0,0
G-2153,WC-2002,2002 FIFA Men's World Cup,2002,M-2002-31,Tunisia vs Belgium,11848.0,18:00,T-79,1,0,P-87702,Raouf Bouzaiene,Raouf,Bouzaiene,17',17,0,first half,0,0
G-2154,WC-2002,2002 FIFA Men's World Cup,2002,M-2002-32,Portugal vs Poland,11848.0,20:30,T-58,1,0,P-57982,not applicable Pauleta,not applicable,Pauleta,14',14,0,first half,0,0
G-2155,WC-2002,2002 FIFA Men's World Cup,2002,M-2002-32,Portugal vs Poland,11848.0,20:30,T-58,1,0,P-57982,not applicable Pauleta,not applicable,Pauleta,65',65,0,second half,0,0
G-2156,WC-2002,2002 FIFA Men's World Cup,2002,M-2002-32,Portugal vs Poland,11848.0,20:30,T-58,1,0,P-57982,not applicable Pauleta,not applicable,Pauleta,77',77,0,second half,0,0
G-2157,WC-2002,2002 FIFA Men's World Cup,2002,M-2002-32,Portugal vs Poland,11848.0,20:30,T-58,1,0,P-62808,Rui Costa,Rui,Costa,88',88,0,second half,0,0
G-2158,WC-2002,2002 FIFA Men's World Cup,2002,M-2002-33,Denmark vs France,11849.0,15:30,T-22,1,0,P-80170,Dennis Rommedahl,Dennis,Rommedahl,22',22,0,first half,0,0
G-2159,WC-2002,2002 FIFA Men's World Cup,2002,M-2002-33,Denmark vs France,11849.0,15:30,T-22,1,0,P-50534,Jon Dahl Tomasson,Jon Dahl,Tomasson,67',67,0,second half,0,0
G-2160,WC-2002,2002 FIFA Men's World Cup,2002,M-2002-34,Senegal vs Uruguay,11849.0,15:30,T-65,1,0,P-62977,Khalilou Fadiga,Khalilou,Fadiga,20',20,0,first half,0,1
G-2161,WC-2002,2002 FIFA Men's World Cup,2002,M-2002-34,Senegal vs Uruguay,11849.0,15:30,T-65,1,0,P-82212,Papa Bouba Diop,Papa Bouba,Diop,26',26,0,first half,0,0
G-2162,WC-2002,2002 FIFA Men's World Cup,2002,M-2002-34,Senegal vs Uruguay,11849.0,15:30,T-65,1,0,P-82212,Papa Bouba Diop,Papa Bouba,Diop,38',38,0,first half,0,0
G-2163,WC-2002,2002 FIFA Men's World Cup,2002,M-2002-34,Senegal vs Uruguay,11849.0,15:30,T-84,0,1,P-48761,Richard Morales,Richard,Morales,46',46,0,second half,0,0
G-2164,WC-2002,2002 FIFA Men's World Cup,2002,M-2002-34,Senegal vs Uruguay,11849.0,15:30,T-84,0,1,P-86087,Diego Forlán,Diego,Forlán,69',69,0,second half,0,0
G-2165,WC-2002,2002 FIFA Men's World Cup,2002,M-2002-34,Senegal vs Uruguay,11849.0,15:30,T-84,0,1,P-66684,Álvaro Recoba,Álvaro,Recoba,88',88,0,second half,0,1
G-2166,WC-2002,2002 FIFA Men's World Cup,2002,M-2002-35,Cameroon vs Germany,11849.0,20:30,T-31,0,1,P-03026,Marco Bode,Marco,Bode,50',50,0,second half,0,0
G-2167,WC-2002,2002 FIFA Men's World Cup,2002,M-2002-35,Cameroon vs Germany,11849.0,20:30,T-31,0,1,P-27787,Miroslav Klose,Miroslav,Klose,79',79,0,second half,0,0
G-2168,WC-2002,2002 FIFA Men's World Cup,2002,M-2002-36,Saudi Arabia vs Republic of Ireland,11849.0,20:30,T-60,0,1,P-84878,Robbie Keane,Robbie,Keane,7',7,0,first half,0,0
G-2169,WC-2002,2002 FIFA Men's World Cup,2002,M-2002-36,Saudi Arabia vs Republic of Ireland,11849.0,20:30,T-60,0,1,P-22209,Gary Breen,Gary,Breen,61',61,0,second half,0,0
G-2170,WC-2002,2002 FIFA Men's World Cup,2002,M-2002-36,Saudi Arabia vs Republic of Ireland,11849.0,20:30,T-60,0,1,P-18106,Damien Duff,Damien,Duff,87',87,0,second half,0,0
G-2171,WC-2002,2002 FIFA Men's World Cup,2002,M-2002-38,Sweden vs Argentina,11850.0,15:30,T-74,1,0,P-85432,Anders Svensson,Anders,Svensson,59',59,0,second half,0,0
G-2172,WC-2002,2002 FIFA Men's World Cup,2002,M-2002-38,Sweden vs Argentina,11850.0,15:30,T-03,0,1,P-19888,Hernán Crespo,Hernán,Crespo,88',88,0,second half,0,0
G-2173,WC-2002,2002 FIFA Men's World Cup,2002,M-2002-39,Slovenia vs Paraguay,11850.0,20:30,T-69,1,0,P-44943,Milenko Ačimovič,Milenko,Ačimovič,45'+1',45,1,"first half, stoppage time",0,0
G-2174,WC-2002,2002 FIFA Men's World Cup,2002,M-2002-39,Slovenia vs Paraguay,11850.0,20:30,T-55,0,1,P-88899,Nelson Cuevas,Nelson,Cuevas,65',65,0,second half,0,0
G-2175,WC-2002,2002 FIFA Men's World Cup,2002,M-2002-39,Slovenia vs Paraguay,11850.0,20:30,T-55,0,1,P-78557,Jorge Luis Campos,Jorge Luis,Campos,73',73,0,second half,0,0
G-2176,WC-2002,2002 FIFA Men's World Cup,2002,M-2002-39,Slovenia vs Paraguay,11850.0,20:30,T-55,0,1,P-88899,Nelson Cuevas,Nelson,Cuevas,84',84,0,second half,0,0
G-2177,WC-2002,2002 FIFA Men's World Cup,2002,M-2002-40,South Africa vs Spain,11850.0,20:30,T-73,0,1,P-24556,not applicable Raúl,not applicable,Raúl,4',4,0,first half,0,0
G-2178,WC-2002,2002 FIFA Men's World Cup,2002,M-2002-40,South Africa vs Spain,11850.0,20:30,T-70,1,0,P-59298,Benni McCarthy,Benni,McCarthy,31',31,0,first half,0,0
G-2179,WC-2002,2002 FIFA Men's World Cup,2002,M-2002-40,South Africa vs Spain,11850.0,20:30,T-73,0,1,P-37161,Gaizka Mendieta,Gaizka,Mendieta,45'+1',45,1,"first half, stoppage time",0,0
G-2180,WC-2002,2002 FIFA Men's World Cup,2002,M-2002-40,South Africa vs Spain,11850.0,20:30,T-70,1,0,P-56543,Lucas Radebe,Lucas,Radebe,53',53,0,second half,0,0
G-2181,WC-2002,2002 FIFA Men's World Cup,2002,M-2002-40,South Africa vs Spain,11850.0,20:30,T-73,0,1,P-24556,not applicable Raúl,not applicable,Raúl,56',56,0,second half,0,0
G-2182,WC-2002,2002 FIFA Men's World Cup,2002,M-2002-41,Costa Rica vs Brazil,11851.0,15:30,T-09,0,1,P-62722,not applicable Ronaldo,not applicable,Ronaldo,10',10,0,first half,0,0
G-2183,WC-2002,2002 FIFA Men's World Cup,2002,M-2002-41,Costa Rica vs Brazil,11851.0,15:30,T-09,0,1,P-62722,not applicable Ronaldo,not applicable,Ronaldo,13',13,0,first half,0,0
G-2184,WC-2002,2002 FIFA Men's World Cup,2002,M-2002-41,Costa Rica vs Brazil,11851.0,15:30,T-09,0,1,P-09270,not applicable Edmílson,not applicable,Edmílson,38',38,0,first half,0,0
G-2185,WC-2002,2002 FIFA Men's World Cup,2002,M-2002-41,Costa Rica vs Brazil,11851.0,15:30,T-17,1,0,P-22046,Paulo Wanchope,Paulo,Wanchope,39',39,0,first half,0,0
G-2186,WC-2002,2002 FIFA Men's World Cup,2002,M-2002-41,Costa Rica vs Brazil,11851.0,15:30,T-17,1,0,P-55170,Rónald Gómez,Rónald,Gómez,56',56,0,second half,0,0
G-2187,WC-2002,2002 FIFA Men's World Cup,2002,M-2002-41,Costa Rica vs Brazil,11851.0,15:30,T-09,0,1,P-74261,not applicable Rivaldo,not applicable,Rivaldo,62',62,0,second half,0,0
G-2188,WC-2002,2002 FIFA Men's World Cup,2002,M-2002-41,Costa Rica vs Brazil,11851.0,15:30,T-09,0,1,P-29601,not applicable Júnior,not applicable,Júnior,64',64,0,second half,0,0
G-2189,WC-2002,2002 FIFA Men's World Cup,2002,M-2002-42,Turkey vs China,11851.0,15:30,T-80,1,0,P-23883,Hasan Şaş,Hasan,Şaş,6',6,0,first half,0,0
G-2190,WC-2002,2002 FIFA Men's World Cup,2002,M-2002-42,Turkey vs China,11851.0,15:30,T-80,1,0,P-94559,Bülent Korkmaz,Bülent,Korkmaz,9',9,0,first half,0,0
G-2191,WC-2002,2002 FIFA Men's World Cup,2002,M-2002-42,Turkey vs China,11851.0,15:30,T-80,1,0,P-31566,Ümit Davala,Ümit,Davala,85',85,0,second half,0,0
G-2192,WC-2002,2002 FIFA Men's World Cup,2002,M-2002-43,Ecuador vs Croatia,11851.0,20:30,T-25,1,0,P-42534,Édison Méndez,Édison,Méndez,48',48,0,second half,0,0
G-2193,WC-2002,2002 FIFA Men's World Cup,2002,M-2002-44,Mexico vs Italy,11851.0,20:30,T-46,1,0,P-81643,Jared Borgetti,Jared,Borgetti,34',34,0,first half,0,0
G-2194,WC-2002,2002 FIFA Men's World Cup,2002,M-2002-44,Mexico vs Italy,11851.0,20:30,T-41,0,1,P-83836,Alessandro Del Piero,Alessandro,Del Piero,85',85,0,second half,0,0
G-2195,WC-2002,2002 FIFA Men's World Cup,2002,M-2002-45,Belgium vs Russia,11852.0,15:30,T-06,1,0,P-03447,Johan Walem,Johan,Walem,7',7,0,first half,0,0
G-2196,WC-2002,2002 FIFA Men's World Cup,2002,M-2002-45,Belgium vs Russia,11852.0,15:30,T-62,0,1,P-76498,Vladimir Beschastnykh,Vladimir,Beschastnykh,52',52,0,second half,0,0
G-2197,WC-2002,2002 FIFA Men's World Cup,2002,M-2002-45,Belgium vs Russia,11852.0,15:30,T-06,1,0,P-64922,Wesley Sonck,Wesley,Sonck,78',78,0,second half,0,0
G-2198,WC-2002,2002 FIFA Men's World Cup,2002,M-2002-45,Belgium vs Russia,11852.0,15:30,T-06,1,0,P-69659,Marc Wilmots,Marc,Wilmots,82',82,0,second half,0,0
G-2199,WC-2002,2002 FIFA Men's World Cup,2002,M-2002-45,Belgium vs Russia,11852.0,15:30,T-62,0,1,P-04731,Dmitri Sychev,Dmitri,Sychev,88',88,0,second half,0,0
G-2200,WC-2002,2002 FIFA Men's World Cup,2002,M-2002-46,Tunisia vs Japan,11852.0,15:30,T-44,0,1,P-17348,Hiroaki Morishima,Hiroaki,Morishima,48',48,0,second half,0,0
G-2201,WC-2002,2002 FIFA Men's World Cup,2002,M-2002-46,Tunisia vs Japan,11852.0,15:30,T-44,0,1,P-09349,Hidetoshi Nakata,Hidetoshi,Nakata,75',75,0,second half,0,0
G-2202,WC-2002,2002 FIFA Men's World Cup,2002,M-2002-47,Poland vs United States,11852.0,20:30,T-57,1,0,P-75230,Emmanuel Olisadebe,Emmanuel,Olisadebe,3',3,0,first half,0,0
G-2203,WC-2002,2002 FIFA Men's World Cup,2002,M-2002-47,Poland vs United States,11852.0,20:30,T-57,1,0,P-69995,Paweł Kryszałowicz,Paweł,Kryszałowicz,5',5,0,first half,0,0
G-2204,WC-2002,2002 FIFA Men's World Cup,2002,M-2002-47,Poland vs United States,11852.0,20:30,T-57,1,0,P-03927,Marcin Żewłakow,Marcin,Żewłakow,66',66,0,second half,0,0
G-2205,WC-2002,2002 FIFA Men's World Cup,2002,M-2002-47,Poland vs United States,11852.0,20:30,T-83,0,1,P-05728,Landon Donovan,Landon,Donovan,83',83,0,second half,0,0
G-2206,WC-2002,2002 FIFA Men's World Cup,2002,M-2002-48,Portugal vs South Korea,11852.0,20:30,T-71,0,1,P-25724,Ji-sung Park,Ji-sung,Park,70',70,0,second half,0,0
G-2207,WC-2002,2002 FIFA Men's World Cup,2002,M-2002-49,Germany vs Paraguay,11853.0,15:30,T-31,1,0,P-55504,Oliver Neuville,Oliver,Neuville,88',88,0,second half,0,0
G-2208,WC-2002,2002 FIFA Men's World Cup,2002,M-2002-50,Denmark vs England,11853.0,20:30,T-28,0,1,P-01249,Rio Ferdinand,Rio,Ferdinand,5',5,0,first half,0,0
G-2209,WC-2002,2002 FIFA Men's World Cup,2002,M-2002-50,Denmark vs England,11853.0,20:30,T-28,0,1,P-51130,Michael Owen,Michael,Owen,22',22,0,first half,0,0
G-2210,WC-2002,2002 FIFA Men's World Cup,2002,M-2002-50,Denmark vs England,11853.0,20:30,T-28,0,1,P-08307,Emile Heskey,Emile,Heskey,44',44,0,first half,0,0
G-2211,WC-2002,2002 FIFA Men's World Cup,2002,M-2002-51,Sweden vs Senegal,11854.0,15:30,T-74,1,0,P-42895,Henrik Larsson,Henrik,Larsson,11',11,0,first half,0,0
G-2212,WC-2002,2002 FIFA Men's World Cup,2002,M-2002-51,Sweden vs Senegal,11854.0,15:30,T-65,0,1,P-01462,Henri Camara,Henri,Camara,37',37,0,first half,0,0
G-2213,WC-2002,2002 FIFA Men's World Cup,2002,M-2002-51,Sweden vs Senegal,11854.0,15:30,T-65,0,1,P-01462,Henri Camara,Henri,Camara,104',104,0,"extra time, first half",0,0
G-2214,WC-2002,2002 FIFA Men's World Cup,2002,M-2002-52,Spain vs Republic of Ireland,11854.0,20:30,T-73,1,0,P-08514,Fernando Morientes,Fernando,Morientes,8',8,0,first half,0,0
G-2215,WC-2002,2002 FIFA Men's World Cup,2002,M-2002-52,Spain vs Republic of Ireland,11854.0,20:30,T-60,0,1,P-84878,Robbie Keane,Robbie,Keane,90',90,0,second half,0,1
G-2216,WC-2002,2002 FIFA Men's World Cup,2002,M-2002-53,Mexico vs United States,11855.0,15:30,T-83,0,1,P-60597,Brian McBride,Brian,McBride,8',8,0,first half,0,0
G-2217,WC-2002,2002 FIFA Men's World Cup,2002,M-2002-53,Mexico vs United States,11855.0,15:30,T-83,0,1,P-05728,Landon Donovan,Landon,Donovan,65',65,0,second half,0,0
G-2218,WC-2002,2002 FIFA Men's World Cup,2002,M-2002-54,Brazil vs Belgium,11855.0,20:30,T-09,1,0,P-74261,not applicable Rivaldo,not applicable,Rivaldo,67',67,0,second half,0,0
G-2219,WC-2002,2002 FIFA Men's World Cup,2002,M-2002-54,Brazil vs Belgium,11855.0,20:30,T-09,1,0,P-62722,not applicable Ronaldo,not applicable,Ronaldo,87',87,0,second half,0,0
G-2220,WC-2002,2002 FIFA Men's World Cup,2002,M-2002-55,Japan vs Turkey,11856.0,15:30,T-80,0,1,P-31566,Ümit Davala,Ümit,Davala,12',12,0,first half,0,0
G-2221,WC-2002,2002 FIFA Men's World Cup,2002,M-2002-56,South Korea vs Italy,11856.0,20:30,T-41,0,1,P-34670,Christian Vieri,Christian,Vieri,18',18,0,first half,0,0
G-2222,WC-2002,2002 FIFA Men's World Cup,2002,M-2002-56,South Korea vs Italy,11856.0,20:30,T-71,1,0,P-56626,Ki-hyeon Seol,Ki-hyeon,Seol,88',88,0,second half,0,0
G-2223,WC-2002,2002 FIFA Men's World Cup,2002,M-2002-56,South Korea vs Italy,11856.0,20:30,T-71,1,0,P-26616,Jung-hwan Ahn,Jung-hwan,Ahn,117',117,0,"extra time, second half",0,0
G-2224,WC-2002,2002 FIFA Men's World Cup,2002,M-2002-57,England vs Brazil,11859.0,15:30,T-28,1,0,P-51130,Michael Owen,Michael,Owen,23',23,0,first half,0,0
G-2225,WC-2002,2002 FIFA Men's World Cup,2002,M-2002-57,England vs Brazil,11859.0,15:30,T-09,0,1,P-74261,not applicable Rivaldo,not applicable,Rivaldo,45'+2',45,2,"first half, stoppage time",0,0
G-2226,WC-2002,2002 FIFA Men's World Cup,2002,M-2002-57,England vs Brazil,11859.0,15:30,T-09,0,1,P-57361,not applicable Ronaldinho,not applicable,Ronaldinho,50',50,0,second half,0,0
G-2227,WC-2002,2002 FIFA Men's World Cup,2002,M-2002-58,Germany vs United States,11859.0,20:30,T-31,1,0,P-84003,Michael Ballack,Michael,Ballack,39',39,0,first half,0,0
G-2228,WC-2002,2002 FIFA Men's World Cup,2002,M-2002-60,Senegal vs Turkey,11860.0,20:30,T-80,0,1,P-41133,İlhan Mansız,İlhan,Mansız,94',94,0,"extra time, first half",0,0
G-2229,WC-2002,2002 FIFA Men's World Cup,2002,M-2002-61,Germany vs South Korea,11863.0,20:30,T-31,1,0,P-84003,Michael Ballack,Michael,Ballack,75',75,0,second half,0,0
G-2230,WC-2002,2002 FIFA Men's World Cup,2002,M-2002-62,Brazil vs Turkey,11864.0,20:30,T-09,1,0,P-62722,not applicable Ronaldo,not applicable,Ronaldo,49',49,0,second half,0,0
G-2231,WC-2002,2002 FIFA Men's World Cup,2002,M-2002-63,South Korea vs Turkey,11867.0,20:00,T-80,0,1,P-58212,Hakan Şükür,Hakan,Şükür,1',1,0,first half,0,0
G-2232,WC-2002,2002 FIFA Men's World Cup,2002,M-2002-63,South Korea vs Turkey,11867.0,20:00,T-71,1,0,P-60562,Eul-yong Lee,Eul-yong,Lee,9',9,0,first half,0,0
G-2233,WC-2002,2002 FIFA Men's World Cup,2002,M-2002-63,South Korea vs Turkey,11867.0,20:00,T-80,0,1,P-41133,İlhan Mansız,İlhan,Mansız,13',13,0,first half,0,0
G-2234,WC-2002,2002 FIFA Men's World Cup,2002,M-2002-63,South Korea vs Turkey,11867.0,20:00,T-80,0,1,P-41133,İlhan Mansız,İlhan,Mansız,32',32,0,first half,0,0
G-2235,WC-2002,2002 FIFA Men's World Cup,2002,M-2002-63,South Korea vs Turkey,11867.0,20:00,T-71,1,0,P-83544,Chong-gug Song,Chong-gug,Song,90'+3',90,3,"second half, stoppage time",0,0
G-2236,WC-2002,2002 FIFA Men's World Cup,2002,M-2002-64,Germany vs Brazil,11868.0,20:00,T-09,0,1,P-62722,not applicable Ronaldo,not applicable,Ronaldo,67',67,0,second half,0,0
G-2237,WC-2002,2002 FIFA Men's World Cup,2002,M-2002-64,Germany vs Brazil,11868.0,20:00,T-09,0,1,P-62722,not applicable Ronaldo,not applicable,Ronaldo,79',79,0,second half,0,0
G-2238,WC-2003,2003 FIFA Women's World Cup,2003,M-2003-01,Norway vs France,12315.0,12:00,T-53,1,0,P-00556,Anita Rapp,Anita,Rapp,47',47,0,second half,0,0
G-2239,WC-2003,2003 FIFA Women's World Cup,2003,M-2003-01,Norway vs France,12315.0,12:00,T-53,1,0,P-49154,Dagny Mellgren,Dagny,Mellgren,66',66,0,second half,0,0
G-2240,WC-2003,2003 FIFA Women's World Cup,2003,M-2003-02,Nigeria vs North Korea,12315.0,14:45,T-51,0,1,P-46500,Pyol-hui Jin,Pyol-hui,Jin,13',13,0,first half,0,0
G-2241,WC-2003,2003 FIFA Women's World Cup,2003,M-2003-02,Nigeria vs North Korea,12315.0,14:45,T-51,0,1,P-61977,Un-gyong Ri,Un-gyong,Ri,73',73,0,second half,0,0
G-2242,WC-2003,2003 FIFA Women's World Cup,2003,M-2003-02,Nigeria vs North Korea,12315.0,14:45,T-51,0,1,P-46500,Pyol-hui Jin,Pyol-hui,Jin,88',88,0,second half,0,0
G-2243,WC-2003,2003 FIFA Women's World Cup,2003,M-2003-03,Germany vs Canada,12315.0,17:45,T-12,0,1,P-97813,Christine Sinclair,Christine,Sinclair,4',4,0,first half,0,0
G-2244,WC-2003,2003 FIFA Women's World Cup,2003,M-2003-03,Germany vs Canada,12315.0,17:45,T-31,1,0,P-53366,Bettina Wiegmann,Bettina,Wiegmann,39',39,0,first half,0,1
G-2245,WC-2003,2003 FIFA Women's World Cup,2003,M-2003-03,Germany vs Canada,12315.0,17:45,T-31,1,0,P-06382,Stefanie Gottschlich,Stefanie,Gottschlich,47',47,0,second half,0,0
G-2246,WC-2003,2003 FIFA Women's World Cup,2003,M-2003-03,Germany vs Canada,12315.0,17:45,T-31,1,0,P-52478,Birgit Prinz,Birgit,Prinz,75',75,0,second half,0,0
G-2247,WC-2003,2003 FIFA Women's World Cup,2003,M-2003-03,Germany vs Canada,12315.0,17:45,T-31,1,0,P-08780,Kerstin Garefrekes,Kerstin,Garefrekes,90'+2',90,2,"second half, stoppage time",0,0
G-2248,WC-2003,2003 FIFA Women's World Cup,2003,M-2003-04,Japan vs Argentina,12315.0,20:30,T-44,1,0,P-72113,Homare Sawa,Homare,Sawa,13',13,0,first half,0,0
G-2249,WC-2003,2003 FIFA Women's World Cup,2003,M-2003-04,Japan vs Argentina,12315.0,20:30,T-44,1,0,P-72113,Homare Sawa,Homare,Sawa,38',38,0,first half,0,0
G-2250,WC-2003,2003 FIFA Women's World Cup,2003,M-2003-04,Japan vs Argentina,12315.0,20:30,T-44,1,0,P-37697,Emi Yamamoto,Emi,Yamamoto,64',64,0,second half,0,0
G-2251,WC-2003,2003 FIFA Women's World Cup,2003,M-2003-04,Japan vs Argentina,12315.0,20:30,T-44,1,0,P-36911,Mio Otani,Mio,Otani,72',72,0,second half,0,0
G-2252,WC-2003,2003 FIFA Women's World Cup,2003,M-2003-04,Japan vs Argentina,12315.0,20:30,T-44,1,0,P-36911,Mio Otani,Mio,Otani,75',75,0,second half,0,0
G-2253,WC-2003,2003 FIFA Women's World Cup,2003,M-2003-04,Japan vs Argentina,12315.0,20:30,T-44,1,0,P-36911,Mio Otani,Mio,Otani,80',80,0,second half,0,0
G-2254,WC-2003,2003 FIFA Women's World Cup,2003,M-2003-05,United States vs Sweden,12316.0,12:30,T-83,1,0,P-25850,Kristine Lilly,Kristine,Lilly,27',27,0,first half,0,0
G-2255,WC-2003,2003 FIFA Women's World Cup,2003,M-2003-05,United States vs Sweden,12316.0,12:30,T-83,1,0,P-18634,Cindy Parlow,Cindy,Parlow,36',36,0,first half,0,0
G-2256,WC-2003,2003 FIFA Women's World Cup,2003,M-2003-05,United States vs Sweden,12316.0,12:30,T-74,0,1,P-36470,Victoria Svensson,Victoria,Svensson,58',58,0,second half,0,0
G-2257,WC-2003,2003 FIFA Women's World Cup,2003,M-2003-05,United States vs Sweden,12316.0,12:30,T-83,1,0,P-92403,Shannon Boxx,Shannon,Boxx,78',78,0,second half,0,0
G-2258,WC-2003,2003 FIFA Women's World Cup,2003,M-2003-06,Brazil vs South Korea,12316.0,15:15,T-09,1,0,P-07458,not applicable Marta,not applicable,Marta,14',14,0,first half,0,1
G-2259,WC-2003,2003 FIFA Women's World Cup,2003,M-2003-06,Brazil vs South Korea,12316.0,15:15,T-09,1,0,P-90420,not applicable Kátia,not applicable,Kátia,55',55,0,second half,0,0
G-2260,WC-2003,2003 FIFA Women's World Cup,2003,M-2003-06,Brazil vs South Korea,12316.0,15:15,T-09,1,0,P-90420,not applicable Kátia,not applicable,Kátia,62',62,0,second half,0,0
G-2261,WC-2003,2003 FIFA Women's World Cup,2003,M-2003-07,Australia vs Russia,12316.0,17:30,T-04,1,0,P-72006,Kelly Golebiowski,Kelly,Golebiowski,38',38,0,first half,0,0
G-2262,WC-2003,2003 FIFA Women's World Cup,2003,M-2003-07,Australia vs Russia,12316.0,17:30,T-62,0,1,P-35111,Dianne Alagich,Dianne,Alagich,39',39,0,first half,1,0
G-2263,WC-2003,2003 FIFA Women's World Cup,2003,M-2003-07,Australia vs Russia,12316.0,17:30,T-62,0,1,P-90185,Elena Fomina,Elena,Fomina,89',89,0,second half,0,0
G-2264,WC-2003,2003 FIFA Women's World Cup,2003,M-2003-08,China vs Ghana,12316.0,20:15,T-14,1,0,P-14903,Wen Sun,Wen,Sun,29',29,0,first half,0,0
G-2265,WC-2003,2003 FIFA Women's World Cup,2003,M-2003-09,Norway vs Brazil,12319.0,17:00,T-09,0,1,P-46780,not applicable Daniela,not applicable,Daniela,26',26,0,first half,0,0
G-2266,WC-2003,2003 FIFA Women's World Cup,2003,M-2003-09,Norway vs Brazil,12319.0,17:00,T-09,0,1,P-85281,not applicable Rosana,not applicable,Rosana,37',37,0,first half,0,0
G-2267,WC-2003,2003 FIFA Women's World Cup,2003,M-2003-09,Norway vs Brazil,12319.0,17:00,T-53,1,0,P-75121,Marianne Pettersen,Marianne,Pettersen,45',45,0,first half,0,0
G-2268,WC-2003,2003 FIFA Women's World Cup,2003,M-2003-09,Norway vs Brazil,12319.0,17:00,T-09,0,1,P-07458,not applicable Marta,not applicable,Marta,59',59,0,second half,0,0
G-2269,WC-2003,2003 FIFA Women's World Cup,2003,M-2003-09,Norway vs Brazil,12319.0,17:00,T-09,0,1,P-90420,not applicable Kátia,not applicable,Kátia,68',68,0,second half,0,0
G-2270,WC-2003,2003 FIFA Women's World Cup,2003,M-2003-10,Germany vs Japan,12319.0,17:45,T-31,1,0,P-53205,Sandra Minnert,Sandra,Minnert,23',23,0,first half,0,0
G-2271,WC-2003,2003 FIFA Women's World Cup,2003,M-2003-10,Germany vs Japan,12319.0,17:45,T-31,1,0,P-52478,Birgit Prinz,Birgit,Prinz,36',36,0,first half,0,0
G-2272,WC-2003,2003 FIFA Women's World Cup,2003,M-2003-10,Germany vs Japan,12319.0,17:45,T-31,1,0,P-52478,Birgit Prinz,Birgit,Prinz,66',66,0,second half,0,0
G-2273,WC-2003,2003 FIFA Women's World Cup,2003,M-2003-11,France vs South Korea,12319.0,19:45,T-30,1,0,P-17746,Marinette Pichon,Marinette,Pichon,84',84,0,second half,0,0
G-2274,WC-2003,2003 FIFA Women's World Cup,2003,M-2003-12,Canada vs Argentina,12319.0,20:30,T-12,1,0,P-26057,Charmaine Hooper,Charmaine,Hooper,19',19,0,first half,0,1
G-2275,WC-2003,2003 FIFA Women's World Cup,2003,M-2003-12,Canada vs Argentina,12319.0,20:30,T-12,1,0,P-74702,Christine Latham,Christine,Latham,79',79,0,second half,0,0
G-2276,WC-2003,2003 FIFA Women's World Cup,2003,M-2003-12,Canada vs Argentina,12319.0,20:30,T-12,1,0,P-74702,Christine Latham,Christine,Latham,82',82,0,second half,0,0
G-2277,WC-2003,2003 FIFA Women's World Cup,2003,M-2003-13,Ghana vs Russia,12320.0,16:15,T-62,0,1,P-24480,Marina Saenko,Marina,Saenko,36',36,0,first half,0,0
G-2278,WC-2003,2003 FIFA Women's World Cup,2003,M-2003-13,Ghana vs Russia,12320.0,16:15,T-62,0,1,P-90659,Natalia Barbashina,Natalia,Barbashina,54',54,0,second half,0,0
G-2279,WC-2003,2003 FIFA Women's World Cup,2003,M-2003-13,Ghana vs Russia,12320.0,16:15,T-62,0,1,P-42830,Olga Letyushova,Olga,Letyushova,80',80,0,second half,0,0
G-2280,WC-2003,2003 FIFA Women's World Cup,2003,M-2003-14,Sweden vs North Korea,12320.0,16:45,T-74,1,0,P-36470,Victoria Svensson,Victoria,Svensson,7',7,0,first half,0,0
G-2281,WC-2003,2003 FIFA Women's World Cup,2003,M-2003-15,China vs Australia,12320.0,19:00,T-04,0,1,P-47947,Heather Garriock,Heather,Garriock,28',28,0,first half,0,0
G-2282,WC-2003,2003 FIFA Women's World Cup,2003,M-2003-15,China vs Australia,12320.0,19:00,T-14,1,0,P-16075,Jie Bai,Jie,Bai,46',46,0,second half,0,0
G-2283,WC-2003,2003 FIFA Women's World Cup,2003,M-2003-16,United States vs Nigeria,12320.0,19:30,T-83,1,0,P-28901,Mia Hamm,Mia,Hamm,6',6,0,first half,0,1
G-2284,WC-2003,2003 FIFA Women's World Cup,2003,M-2003-16,United States vs Nigeria,12320.0,19:30,T-83,1,0,P-28901,Mia Hamm,Mia,Hamm,12',12,0,first half,0,0
G-2285,WC-2003,2003 FIFA Women's World Cup,2003,M-2003-16,United States vs Nigeria,12320.0,19:30,T-83,1,0,P-18634,Cindy Parlow,Cindy,Parlow,47',47,0,second half,0,0
G-2286,WC-2003,2003 FIFA Women's World Cup,2003,M-2003-16,United States vs Nigeria,12320.0,19:30,T-83,1,0,P-89236,Abby Wambach,Abby,Wambach,65',65,0,second half,0,0
G-2287,WC-2003,2003 FIFA Women's World Cup,2003,M-2003-16,United States vs Nigeria,12320.0,19:30,T-83,1,0,P-89416,Julie Foudy,Julie,Foudy,89',89,0,second half,0,1
G-2288,WC-2003,2003 FIFA Women's World Cup,2003,M-2003-17,France vs Brazil,12322.0,12:45,T-09,0,1,P-90420,not applicable Kátia,not applicable,Kátia,58',58,0,second half,0,0
G-2289,WC-2003,2003 FIFA Women's World Cup,2003,M-2003-17,France vs Brazil,12322.0,12:45,T-30,1,0,P-17746,Marinette Pichon,Marinette,Pichon,90'+2',90,2,"second half, stoppage time",0,0
G-2290,WC-2003,2003 FIFA Women's World Cup,2003,M-2003-18,South Korea vs Norway,12322.0,12:45,T-53,0,1,P-70069,Solveig Gulbrandsen,Solveig,Gulbrandsen,5',5,0,first half,0,0
G-2291,WC-2003,2003 FIFA Women's World Cup,2003,M-2003-18,South Korea vs Norway,12322.0,12:45,T-53,0,1,P-49154,Dagny Mellgren,Dagny,Mellgren,24',24,0,first half,0,0
G-2292,WC-2003,2003 FIFA Women's World Cup,2003,M-2003-18,South Korea vs Norway,12322.0,12:45,T-53,0,1,P-49154,Dagny Mellgren,Dagny,Mellgren,31',31,0,first half,0,0
G-2293,WC-2003,2003 FIFA Women's World Cup,2003,M-2003-18,South Korea vs Norway,12322.0,12:45,T-53,0,1,P-75121,Marianne Pettersen,Marianne,Pettersen,40',40,0,first half,0,0
G-2294,WC-2003,2003 FIFA Women's World Cup,2003,M-2003-18,South Korea vs Norway,12322.0,12:45,T-53,0,1,P-04956,Brit Sandaune,Brit,Sandaune,52',52,0,second half,0,0
G-2295,WC-2003,2003 FIFA Women's World Cup,2003,M-2003-18,South Korea vs Norway,12322.0,12:45,T-71,1,0,P-32577,Jin-hee Kim,Jin-hee,Kim,75',75,0,second half,0,0
G-2296,WC-2003,2003 FIFA Women's World Cup,2003,M-2003-18,South Korea vs Norway,12322.0,12:45,T-53,0,1,P-65709,Linda Ørmen,Linda,Ørmen,80',80,0,second half,0,0
G-2297,WC-2003,2003 FIFA Women's World Cup,2003,M-2003-18,South Korea vs Norway,12322.0,12:45,T-53,0,1,P-65709,Linda Ørmen,Linda,Ørmen,90',90,0,second half,0,0
G-2298,WC-2003,2003 FIFA Women's World Cup,2003,M-2003-19,Argentina vs Germany,12322.0,15:30,T-31,0,1,P-50598,Maren Meinert,Maren,Meinert,3',3,0,first half,0,0
G-2299,WC-2003,2003 FIFA Women's World Cup,2003,M-2003-19,Argentina vs Germany,12322.0,15:30,T-31,0,1,P-53366,Bettina Wiegmann,Bettina,Wiegmann,24',24,0,first half,0,1
G-2300,WC-2003,2003 FIFA Women's World Cup,2003,M-2003-19,Argentina vs Germany,12322.0,15:30,T-31,0,1,P-52478,Birgit Prinz,Birgit,Prinz,32',32,0,first half,0,0
G-2301,WC-2003,2003 FIFA Women's World Cup,2003,M-2003-19,Argentina vs Germany,12322.0,15:30,T-31,0,1,P-50598,Maren Meinert,Maren,Meinert,43',43,0,first half,0,0
G-2302,WC-2003,2003 FIFA Women's World Cup,2003,M-2003-19,Argentina vs Germany,12322.0,15:30,T-03,1,0,P-70312,Yanina Gaitán,Yanina,Gaitán,71',71,0,second half,0,0
G-2303,WC-2003,2003 FIFA Women's World Cup,2003,M-2003-19,Argentina vs Germany,12322.0,15:30,T-31,0,1,P-09674,Conny Pohlers,Conny,Pohlers,89',89,0,second half,0,0
G-2304,WC-2003,2003 FIFA Women's World Cup,2003,M-2003-19,Argentina vs Germany,12322.0,15:30,T-31,0,1,P-80012,Martina Müller,Martina,Müller,90'+2',90,2,"second half, stoppage time",0,0
G-2305,WC-2003,2003 FIFA Women's World Cup,2003,M-2003-20,Canada vs Japan,12322.0,15:30,T-44,0,1,P-72113,Homare Sawa,Homare,Sawa,20',20,0,first half,0,0
G-2306,WC-2003,2003 FIFA Women's World Cup,2003,M-2003-20,Canada vs Japan,12322.0,15:30,T-12,1,0,P-74702,Christine Latham,Christine,Latham,36',36,0,first half,0,0
G-2307,WC-2003,2003 FIFA Women's World Cup,2003,M-2003-20,Canada vs Japan,12322.0,15:30,T-12,1,0,P-97813,Christine Sinclair,Christine,Sinclair,49',49,0,second half,0,0
G-2308,WC-2003,2003 FIFA Women's World Cup,2003,M-2003-20,Canada vs Japan,12322.0,15:30,T-12,1,0,P-20854,Kara Lang,Kara,Lang,72',72,0,second half,0,0
G-2309,WC-2003,2003 FIFA Women's World Cup,2003,M-2003-21,Sweden vs Nigeria,12323.0,13:00,T-74,1,0,P-31388,Hanna Ljungberg,Hanna,Ljungberg,56',56,0,second half,0,0
G-2310,WC-2003,2003 FIFA Women's World Cup,2003,M-2003-21,Sweden vs Nigeria,12323.0,13:00,T-74,1,0,P-31388,Hanna Ljungberg,Hanna,Ljungberg,79',79,0,second half,0,0
G-2311,WC-2003,2003 FIFA Women's World Cup,2003,M-2003-21,Sweden vs Nigeria,12323.0,13:00,T-74,1,0,P-52220,Malin Moström,Malin,Moström,81',81,0,second half,0,0
G-2312,WC-2003,2003 FIFA Women's World Cup,2003,M-2003-22,North Korea vs United States,12323.0,15:45,T-83,0,1,P-89236,Abby Wambach,Abby,Wambach,17',17,0,first half,0,1
G-2313,WC-2003,2003 FIFA Women's World Cup,2003,M-2003-22,North Korea vs United States,12323.0,15:45,T-83,0,1,P-27814,Cat Whitehill,Cat,Whitehill,48',48,0,second half,0,0
G-2314,WC-2003,2003 FIFA Women's World Cup,2003,M-2003-22,North Korea vs United States,12323.0,15:45,T-83,0,1,P-27814,Cat Whitehill,Cat,Whitehill,66',66,0,second half,0,0
G-2315,WC-2003,2003 FIFA Women's World Cup,2003,M-2003-23,Ghana vs Australia,12323.0,17:15,T-32,1,0,P-99818,Alberta Sackey,Alberta,Sackey,34',34,0,first half,0,0
G-2316,WC-2003,2003 FIFA Women's World Cup,2003,M-2003-23,Ghana vs Australia,12323.0,17:15,T-32,1,0,P-99818,Alberta Sackey,Alberta,Sackey,39',39,0,first half,0,0
G-2317,WC-2003,2003 FIFA Women's World Cup,2003,M-2003-23,Ghana vs Australia,12323.0,17:15,T-04,0,1,P-47947,Heather Garriock,Heather,Garriock,61',61,0,second half,0,0
G-2318,WC-2003,2003 FIFA Women's World Cup,2003,M-2003-24,China vs Russia,12323.0,20:00,T-14,1,0,P-16075,Jie Bai,Jie,Bai,16',16,0,first half,0,0
G-2319,WC-2003,2003 FIFA Women's World Cup,2003,M-2003-25,Brazil vs Sweden,12326.0,16:30,T-74,0,1,P-36470,Victoria Svensson,Victoria,Svensson,23',23,0,first half,0,0
G-2320,WC-2003,2003 FIFA Women's World Cup,2003,M-2003-25,Brazil vs Sweden,12326.0,16:30,T-09,1,0,P-07458,not applicable Marta,not applicable,Marta,44',44,0,first half,0,1
G-2321,WC-2003,2003 FIFA Women's World Cup,2003,M-2003-25,Brazil vs Sweden,12326.0,16:30,T-74,0,1,P-97773,Malin Andersson,Malin,Andersson,53',53,0,second half,0,0
G-2322,WC-2003,2003 FIFA Women's World Cup,2003,M-2003-26,United States vs Norway,12326.0,19:30,T-83,1,0,P-89236,Abby Wambach,Abby,Wambach,24',24,0,first half,0,0
G-2323,WC-2003,2003 FIFA Women's World Cup,2003,M-2003-27,Germany vs Russia,12327.0,16:30,T-31,1,0,P-80012,Martina Müller,Martina,Müller,25',25,0,first half,0,0
G-2324,WC-2003,2003 FIFA Women's World Cup,2003,M-2003-27,Germany vs Russia,12327.0,16:30,T-31,1,0,P-53205,Sandra Minnert,Sandra,Minnert,57',57,0,second half,0,0
G-2325,WC-2003,2003 FIFA Women's World Cup,2003,M-2003-27,Germany vs Russia,12327.0,16:30,T-31,1,0,P-08789,Pia Wunderlich,Pia,Wunderlich,60',60,0,second half,0,0
G-2326,WC-2003,2003 FIFA Women's World Cup,2003,M-2003-27,Germany vs Russia,12327.0,16:30,T-31,1,0,P-08780,Kerstin Garefrekes,Kerstin,Garefrekes,62',62,0,second half,0,0
G-2327,WC-2003,2003 FIFA Women's World Cup,2003,M-2003-27,Germany vs Russia,12327.0,16:30,T-62,0,1,P-17206,Elena Danilova,Elena,Danilova,70',70,0,second half,0,0
G-2328,WC-2003,2003 FIFA Women's World Cup,2003,M-2003-27,Germany vs Russia,12327.0,16:30,T-31,1,0,P-52478,Birgit Prinz,Birgit,Prinz,80',80,0,second half,0,0
G-2329,WC-2003,2003 FIFA Women's World Cup,2003,M-2003-27,Germany vs Russia,12327.0,16:30,T-31,1,0,P-08780,Kerstin Garefrekes,Kerstin,Garefrekes,85',85,0,second half,0,0
G-2330,WC-2003,2003 FIFA Women's World Cup,2003,M-2003-27,Germany vs Russia,12327.0,16:30,T-31,1,0,P-52478,Birgit Prinz,Birgit,Prinz,89',89,0,second half,0,0
G-2331,WC-2003,2003 FIFA Women's World Cup,2003,M-2003-28,China vs Canada,12327.0,19:30,T-12,0,1,P-26057,Charmaine Hooper,Charmaine,Hooper,7',7,0,first half,0,0
G-2332,WC-2003,2003 FIFA Women's World Cup,2003,M-2003-29,United States vs Germany,12330.0,16:30,T-31,0,1,P-08780,Kerstin Garefrekes,Kerstin,Garefrekes,15',15,0,first half,0,0
G-2333,WC-2003,2003 FIFA Women's World Cup,2003,M-2003-29,United States vs Germany,12330.0,16:30,T-31,0,1,P-50598,Maren Meinert,Maren,Meinert,90'+1',90,1,"second half, stoppage time",0,0
G-2334,WC-2003,2003 FIFA Women's World Cup,2003,M-2003-29,United States vs Germany,12330.0,16:30,T-31,0,1,P-52478,Birgit Prinz,Birgit,Prinz,90'+3',90,3,"second half, stoppage time",0,0
G-2335,WC-2003,2003 FIFA Women's World Cup,2003,M-2003-30,Sweden vs Canada,12330.0,19:30,T-12,0,1,P-20854,Kara Lang,Kara,Lang,64',64,0,second half,0,0
G-2336,WC-2003,2003 FIFA Women's World Cup,2003,M-2003-30,Sweden vs Canada,12330.0,19:30,T-74,1,0,P-52220,Malin Moström,Malin,Moström,79',79,0,second half,0,0
G-2337,WC-2003,2003 FIFA Women's World Cup,2003,M-2003-30,Sweden vs Canada,12330.0,19:30,T-74,1,0,P-29677,Josefine Öqvist,Josefine,Öqvist,86',86,0,second half,0,0
G-2338,WC-2003,2003 FIFA Women's World Cup,2003,M-2003-31,United States vs Canada,12336.0,12:30,T-83,1,0,P-25850,Kristine Lilly,Kristine,Lilly,22',22,0,first half,0,0
G-2339,WC-2003,2003 FIFA Women's World Cup,2003,M-2003-31,United States vs Canada,12336.0,12:30,T-12,0,1,P-97813,Christine Sinclair,Christine,Sinclair,38',38,0,first half,0,0
G-2340,WC-2003,2003 FIFA Women's World Cup,2003,M-2003-31,United States vs Canada,12336.0,12:30,T-83,1,0,P-92403,Shannon Boxx,Shannon,Boxx,51',51,0,second half,0,0
G-2341,WC-2003,2003 FIFA Women's World Cup,2003,M-2003-31,United States vs Canada,12336.0,12:30,T-83,1,0,P-98699,Tiffeny Milbrett,Tiffeny,Milbrett,80',80,0,second half,0,0
G-2342,WC-2003,2003 FIFA Women's World Cup,2003,M-2003-32,Germany vs Sweden,12337.0,10:00,T-74,0,1,P-31388,Hanna Ljungberg,Hanna,Ljungberg,41',41,0,first half,0,0
G-2343,WC-2003,2003 FIFA Women's World Cup,2003,M-2003-32,Germany vs Sweden,12337.0,10:00,T-31,1,0,P-50598,Maren Meinert,Maren,Meinert,46',46,0,second half,0,0
G-2344,WC-2003,2003 FIFA Women's World Cup,2003,M-2003-32,Germany vs Sweden,12337.0,10:00,T-31,1,0,P-41816,Nia Künzer,Nia,Künzer,98',98,0,"extra time, first half",0,0
G-2345,WC-2006,2006 FIFA Men's World Cup,2006,M-2006-01,Germany vs Costa Rica,13308.0,18:00,T-31,1,0,P-18599,Philipp Lahm,Philipp,Lahm,6',6,0,first half,0,0
G-2346,WC-2006,2006 FIFA Men's World Cup,2006,M-2006-01,Germany vs Costa Rica,13308.0,18:00,T-17,0,1,P-22046,Paulo Wanchope,Paulo,Wanchope,12',12,0,first half,0,0
G-2347,WC-2006,2006 FIFA Men's World Cup,2006,M-2006-01,Germany vs Costa Rica,13308.0,18:00,T-31,1,0,P-27787,Miroslav Klose,Miroslav,Klose,17',17,0,first half,0,0
G-2348,WC-2006,2006 FIFA Men's World Cup,2006,M-2006-01,Germany vs Costa Rica,13308.0,18:00,T-31,1,0,P-27787,Miroslav Klose,Miroslav,Klose,61',61,0,second half,0,0
G-2349,WC-2006,2006 FIFA Men's World Cup,2006,M-2006-01,Germany vs Costa Rica,13308.0,18:00,T-17,0,1,P-22046,Paulo Wanchope,Paulo,Wanchope,73',73,0,second half,0,0
G-2350,WC-2006,2006 FIFA Men's World Cup,2006,M-2006-01,Germany vs Costa Rica,13308.0,18:00,T-31,1,0,P-35264,Torsten Frings,Torsten,Frings,87',87,0,second half,0,0
G-2351,WC-2006,2006 FIFA Men's World Cup,2006,M-2006-02,Poland vs Ecuador,13308.0,21:00,T-25,0,1,P-86943,Carlos Tenorio,Carlos,Tenorio,24',24,0,first half,0,0
G-2352,WC-2006,2006 FIFA Men's World Cup,2006,M-2006-02,Poland vs Ecuador,13308.0,21:00,T-25,0,1,P-19156,Agustín Delgado,Agustín,Delgado,80',80,0,second half,0,0
G-2353,WC-2006,2006 FIFA Men's World Cup,2006,M-2006-03,England vs Paraguay,13309.0,15:00,T-28,1,0,P-19241,Carlos Gamarra,Carlos,Gamarra,3',3,0,first half,1,0
G-2354,WC-2006,2006 FIFA Men's World Cup,2006,M-2006-05,Argentina vs Ivory Coast,13309.0,21:00,T-03,1,0,P-19888,Hernán Crespo,Hernán,Crespo,24',24,0,first half,0,0
G-2355,WC-2006,2006 FIFA Men's World Cup,2006,M-2006-05,Argentina vs Ivory Coast,13309.0,21:00,T-03,1,0,P-38901,Javier Saviola,Javier,Saviola,38',38,0,first half,0,0
G-2356,WC-2006,2006 FIFA Men's World Cup,2006,M-2006-05,Argentina vs Ivory Coast,13309.0,21:00,T-42,0,1,P-99466,Didier Drogba,Didier,Drogba,82',82,0,second half,0,0
G-2357,WC-2006,2006 FIFA Men's World Cup,2006,M-2006-06,Serbia and Montenegro vs Netherlands,13310.0,15:00,T-48,0,1,P-23705,Arjen Robben,Arjen,Robben,18',18,0,first half,0,0
G-2358,WC-2006,2006 FIFA Men's World Cup,2006,M-2006-07,Mexico vs Iran,13310.0,18:00,T-46,1,0,P-34977,Omar Bravo,Omar,Bravo,28',28,0,first half,0,0
G-2359,WC-2006,2006 FIFA Men's World Cup,2006,M-2006-07,Mexico vs Iran,13310.0,18:00,T-38,0,1,P-20762,Yahya Golmohammadi,Yahya,Golmohammadi,36',36,0,first half,0,0
G-2360,WC-2006,2006 FIFA Men's World Cup,2006,M-2006-07,Mexico vs Iran,13310.0,18:00,T-46,1,0,P-34977,Omar Bravo,Omar,Bravo,76',76,0,second half,0,0
G-2361,WC-2006,2006 FIFA Men's World Cup,2006,M-2006-07,Mexico vs Iran,13310.0,18:00,T-46,1,0,P-30651,not applicable Sinha,not applicable,Sinha,79',79,0,second half,0,0
G-2362,WC-2006,2006 FIFA Men's World Cup,2006,M-2006-08,Angola vs Portugal,13310.0,21:00,T-58,0,1,P-57982,not applicable Pauleta,not applicable,Pauleta,4',4,0,first half,0,0
G-2363,WC-2006,2006 FIFA Men's World Cup,2006,M-2006-09,Australia vs Japan,13311.0,15:00,T-44,0,1,P-77277,Shunsuke Nakamura,Shunsuke,Nakamura,26',26,0,first half,0,0
G-2364,WC-2006,2006 FIFA Men's World Cup,2006,M-2006-09,Australia vs Japan,13311.0,15:00,T-04,1,0,P-44926,Tim Cahill,Tim,Cahill,84',84,0,second half,0,0
G-2365,WC-2006,2006 FIFA Men's World Cup,2006,M-2006-09,Australia vs Japan,13311.0,15:00,T-04,1,0,P-44926,Tim Cahill,Tim,Cahill,89',89,0,second half,0,0
G-2366,WC-2006,2006 FIFA Men's World Cup,2006,M-2006-09,Australia vs Japan,13311.0,15:00,T-04,1,0,P-59039,John Aloisi,John,Aloisi,90'+2',90,2,"second half, stoppage time",0,0
G-2367,WC-2006,2006 FIFA Men's World Cup,2006,M-2006-10,United States vs Czech Republic,13311.0,18:00,T-20,0,1,P-81477,Jan Koller,Jan,Koller,5',5,0,first half,0,0
G-2368,WC-2006,2006 FIFA Men's World Cup,2006,M-2006-10,United States vs Czech Republic,13311.0,18:00,T-20,0,1,P-29090,Tomáš Rosický,Tomáš,Rosický,36',36,0,first half,0,0
G-2369,WC-2006,2006 FIFA Men's World Cup,2006,M-2006-10,United States vs Czech Republic,13311.0,18:00,T-20,0,1,P-29090,Tomáš Rosický,Tomáš,Rosický,76',76,0,second half,0,0
G-2370,WC-2006,2006 FIFA Men's World Cup,2006,M-2006-11,Italy vs Ghana,13311.0,21:00,T-41,1,0,P-99537,Andrea Pirlo,Andrea,Pirlo,40',40,0,first half,0,0
G-2371,WC-2006,2006 FIFA Men's World Cup,2006,M-2006-11,Italy vs Ghana,13311.0,21:00,T-41,1,0,P-38599,Vincenzo Iaquinta,Vincenzo,Iaquinta,83',83,0,second half,0,0
G-2372,WC-2006,2006 FIFA Men's World Cup,2006,M-2006-12,South Korea vs Togo,13312.0,15:00,T-77,0,1,P-04210,Mohamed Kader,Mohamed,Kader,31',31,0,first half,0,0
G-2373,WC-2006,2006 FIFA Men's World Cup,2006,M-2006-12,South Korea vs Togo,13312.0,15:00,T-71,1,0,P-22338,Chun-soo Lee,Chun-soo,Lee,54',54,0,second half,0,0
G-2374,WC-2006,2006 FIFA Men's World Cup,2006,M-2006-12,South Korea vs Togo,13312.0,15:00,T-71,1,0,P-26616,Jung-hwan Ahn,Jung-hwan,Ahn,72',72,0,second half,0,0
G-2375,WC-2006,2006 FIFA Men's World Cup,2006,M-2006-14,Brazil vs Croatia,13312.0,21:00,T-09,1,0,P-58388,not applicable Kaká,not applicable,Kaká,44',44,0,first half,0,0
G-2376,WC-2006,2006 FIFA Men's World Cup,2006,M-2006-15,Spain vs Ukraine,13313.0,15:00,T-73,1,0,P-73924,Xabi Alonso,Xabi,Alonso,13',13,0,first half,0,0
G-2377,WC-2006,2006 FIFA Men's World Cup,2006,M-2006-15,Spain vs Ukraine,13313.0,15:00,T-73,1,0,P-49097,David Villa,David,Villa,17',17,0,first half,0,0
G-2378,WC-2006,2006 FIFA Men's World Cup,2006,M-2006-15,Spain vs Ukraine,13313.0,15:00,T-73,1,0,P-49097,David Villa,David,Villa,48',48,0,second half,0,1
G-2379,WC-2006,2006 FIFA Men's World Cup,2006,M-2006-15,Spain vs Ukraine,13313.0,15:00,T-73,1,0,P-71661,Fernando Torres,Fernando,Torres,81',81,0,second half,0,0
G-2380,WC-2006,2006 FIFA Men's World Cup,2006,M-2006-16,Tunisia vs Saudi Arabia,13313.0,18:00,T-79,1,0,P-00640,Ziad Jaziri,Ziad,Jaziri,23',23,0,first half,0,0
G-2381,WC-2006,2006 FIFA Men's World Cup,2006,M-2006-16,Tunisia vs Saudi Arabia,13313.0,18:00,T-63,0,1,P-87114,Yasser Al-Qahtani,Yasser,Al-Qahtani,57',57,0,second half,0,0
G-2382,WC-2006,2006 FIFA Men's World Cup,2006,M-2006-16,Tunisia vs Saudi Arabia,13313.0,18:00,T-63,0,1,P-88041,Sami Al-Jaber,Sami,Al-Jaber,84',84,0,second half,0,0
G-2383,WC-2006,2006 FIFA Men's World Cup,2006,M-2006-16,Tunisia vs Saudi Arabia,13313.0,18:00,T-79,1,0,P-76769,Radhi Jaïdi,Radhi,Jaïdi,90'+2',90,2,"second half, stoppage time",0,0
G-2384,WC-2006,2006 FIFA Men's World Cup,2006,M-2006-17,Germany vs Poland,13313.0,21:00,T-31,1,0,P-55504,Oliver Neuville,Oliver,Neuville,90'+1',90,1,"second half, stoppage time",0,0
G-2385,WC-2006,2006 FIFA Men's World Cup,2006,M-2006-18,Ecuador vs Costa Rica,13314.0,15:00,T-25,1,0,P-86943,Carlos Tenorio,Carlos,Tenorio,8',8,0,first half,0,0
G-2386,WC-2006,2006 FIFA Men's World Cup,2006,M-2006-18,Ecuador vs Costa Rica,13314.0,15:00,T-25,1,0,P-19156,Agustín Delgado,Agustín,Delgado,54',54,0,second half,0,0
G-2387,WC-2006,2006 FIFA Men's World Cup,2006,M-2006-18,Ecuador vs Costa Rica,13314.0,15:00,T-25,1,0,P-03128,Iván Kaviedes,Iván,Kaviedes,90'+2',90,2,"second half, stoppage time",0,0
G-2388,WC-2006,2006 FIFA Men's World Cup,2006,M-2006-19,England vs Trinidad and Tobago,13314.0,18:00,T-28,1,0,P-77532,Peter Crouch,Peter,Crouch,83',83,0,second half,0,0
G-2389,WC-2006,2006 FIFA Men's World Cup,2006,M-2006-19,England vs Trinidad and Tobago,13314.0,18:00,T-28,1,0,P-62157,Steven Gerrard,Steven,Gerrard,90'+1',90,1,"second half, stoppage time",0,0
G-2390,WC-2006,2006 FIFA Men's World Cup,2006,M-2006-20,Sweden vs Paraguay,13314.0,21:00,T-74,1,0,P-84022,Freddie Ljungberg,Freddie,Ljungberg,89',89,0,second half,0,0
G-2391,WC-2006,2006 FIFA Men's World Cup,2006,M-2006-21,Argentina vs Serbia and Montenegro,13315.0,15:00,T-03,1,0,P-33570,Maxi Rodríguez,Maxi,Rodríguez,6',6,0,first half,0,0
G-2392,WC-2006,2006 FIFA Men's World Cup,2006,M-2006-21,Argentina vs Serbia and Montenegro,13315.0,15:00,T-03,1,0,P-66229,Esteban Cambiasso,Esteban,Cambiasso,31',31,0,first half,0,0
G-2393,WC-2006,2006 FIFA Men's World Cup,2006,M-2006-21,Argentina vs Serbia and Montenegro,13315.0,15:00,T-03,1,0,P-33570,Maxi Rodríguez,Maxi,Rodríguez,41',41,0,first half,0,0
G-2394,WC-2006,2006 FIFA Men's World Cup,2006,M-2006-21,Argentina vs Serbia and Montenegro,13315.0,15:00,T-03,1,0,P-19888,Hernán Crespo,Hernán,Crespo,78',78,0,second half,0,0
G-2395,WC-2006,2006 FIFA Men's World Cup,2006,M-2006-21,Argentina vs Serbia and Montenegro,13315.0,15:00,T-03,1,0,P-29080,Carlos Tevez,Carlos,Tevez,84',84,0,second half,0,0
G-2396,WC-2006,2006 FIFA Men's World Cup,2006,M-2006-21,Argentina vs Serbia and Montenegro,13315.0,15:00,T-03,1,0,P-14758,Lionel Messi,Lionel,Messi,88',88,0,second half,0,0
G-2397,WC-2006,2006 FIFA Men's World Cup,2006,M-2006-22,Netherlands vs Ivory Coast,13315.0,18:00,T-48,1,0,P-99934,Robin van Persie,Robin,van Persie,23',23,0,first half,0,0
G-2398,WC-2006,2006 FIFA Men's World Cup,2006,M-2006-22,Netherlands vs Ivory Coast,13315.0,18:00,T-48,1,0,P-03013,Ruud van Nistelrooy,Ruud,van Nistelrooy,27',27,0,first half,0,0
G-2399,WC-2006,2006 FIFA Men's World Cup,2006,M-2006-22,Netherlands vs Ivory Coast,13315.0,18:00,T-42,0,1,P-64184,Bakari Koné,Bakari,Koné,38',38,0,first half,0,0
G-2400,WC-2006,2006 FIFA Men's World Cup,2006,M-2006-24,Portugal vs Iran,13316.0,15:00,T-58,1,0,P-96343,not applicable Deco,not applicable,Deco,63',63,0,second half,0,0
G-2401,WC-2006,2006 FIFA Men's World Cup,2006,M-2006-24,Portugal vs Iran,13316.0,15:00,T-58,1,0,P-70442,Cristiano Ronaldo,Cristiano,Ronaldo,80',80,0,second half,0,1
G-2402,WC-2006,2006 FIFA Men's World Cup,2006,M-2006-25,Czech Republic vs Ghana,13316.0,18:00,T-32,0,1,P-38556,Asamoah Gyan,Asamoah,Gyan,2',2,0,first half,0,0
G-2403,WC-2006,2006 FIFA Men's World Cup,2006,M-2006-25,Czech Republic vs Ghana,13316.0,18:00,T-32,0,1,P-50641,Sulley Muntari,Sulley,Muntari,82',82,0,second half,0,0
G-2404,WC-2006,2006 FIFA Men's World Cup,2006,M-2006-26,Italy vs United States,13316.0,21:00,T-41,1,0,P-48645,Alberto Gilardino,Alberto,Gilardino,22',22,0,first half,0,0
G-2405,WC-2006,2006 FIFA Men's World Cup,2006,M-2006-26,Italy vs United States,13316.0,21:00,T-83,0,1,P-14267,Cristian Zaccardo,Cristian,Zaccardo,27',27,0,first half,1,0
G-2406,WC-2006,2006 FIFA Men's World Cup,2006,M-2006-28,Brazil vs Australia,13317.0,18:00,T-09,1,0,P-20372,not applicable Adriano,not applicable,Adriano,49',49,0,second half,0,0
G-2407,WC-2006,2006 FIFA Men's World Cup,2006,M-2006-28,Brazil vs Australia,13317.0,18:00,T-09,1,0,P-54042,not applicable Fred,not applicable,Fred,90',90,0,second half,0,0
G-2408,WC-2006,2006 FIFA Men's World Cup,2006,M-2006-29,France vs South Korea,13317.0,21:00,T-30,1,0,P-51395,Thierry Henry,Thierry,Henry,9',9,0,first half,0,0
G-2409,WC-2006,2006 FIFA Men's World Cup,2006,M-2006-29,France vs South Korea,13317.0,21:00,T-71,0,1,P-25724,Ji-sung Park,Ji-sung,Park,81',81,0,second half,0,0
G-2410,WC-2006,2006 FIFA Men's World Cup,2006,M-2006-30,Togo vs Switzerland,13318.0,15:00,T-75,0,1,P-61684,Alexander Frei,Alexander,Frei,16',16,0,first half,0,0
G-2411,WC-2006,2006 FIFA Men's World Cup,2006,M-2006-30,Togo vs Switzerland,13318.0,15:00,T-75,0,1,P-97143,Tranquillo Barnetta,Tranquillo,Barnetta,88',88,0,second half,0,0
G-2412,WC-2006,2006 FIFA Men's World Cup,2006,M-2006-31,Saudi Arabia vs Ukraine,13318.0,18:00,T-81,0,1,P-07368,Andriy Rusol,Andriy,Rusol,4',4,0,first half,0,0
G-2413,WC-2006,2006 FIFA Men's World Cup,2006,M-2006-31,Saudi Arabia vs Ukraine,13318.0,18:00,T-81,0,1,P-56553,Serhii Rebrov,Serhii,Rebrov,36',36,0,first half,0,0
G-2414,WC-2006,2006 FIFA Men's World Cup,2006,M-2006-31,Saudi Arabia vs Ukraine,13318.0,18:00,T-81,0,1,P-86650,Andriy Shevchenko,Andriy,Shevchenko,46',46,0,second half,0,0
G-2415,WC-2006,2006 FIFA Men's World Cup,2006,M-2006-31,Saudi Arabia vs Ukraine,13318.0,18:00,T-81,0,1,P-98387,Maksym Kalynychenko,Maksym,Kalynychenko,84',84,0,second half,0,0
G-2416,WC-2006,2006 FIFA Men's World Cup,2006,M-2006-32,Spain vs Tunisia,13318.0,21:00,T-79,0,1,P-61850,Jawhar Mnari,Jawhar,Mnari,8',8,0,first half,0,0
G-2417,WC-2006,2006 FIFA Men's World Cup,2006,M-2006-32,Spain vs Tunisia,13318.0,21:00,T-73,1,0,P-24556,not applicable Raúl,not applicable,Raúl,71',71,0,second half,0,0
G-2418,WC-2006,2006 FIFA Men's World Cup,2006,M-2006-32,Spain vs Tunisia,13318.0,21:00,T-73,1,0,P-71661,Fernando Torres,Fernando,Torres,76',76,0,second half,0,0
G-2419,WC-2006,2006 FIFA Men's World Cup,2006,M-2006-32,Spain vs Tunisia,13318.0,21:00,T-73,1,0,P-71661,Fernando Torres,Fernando,Torres,90'+1',90,1,"second half, stoppage time",0,1
G-2420,WC-2006,2006 FIFA Men's World Cup,2006,M-2006-33,Costa Rica vs Poland,13319.0,16:00,T-17,1,0,P-55170,Rónald Gómez,Rónald,Gómez,25',25,0,first half,0,0
G-2421,WC-2006,2006 FIFA Men's World Cup,2006,M-2006-33,Costa Rica vs Poland,13319.0,16:00,T-57,0,1,P-37586,Bartosz Bosacki,Bartosz,Bosacki,33',33,0,first half,0,0
G-2422,WC-2006,2006 FIFA Men's World Cup,2006,M-2006-33,Costa Rica vs Poland,13319.0,16:00,T-57,0,1,P-37586,Bartosz Bosacki,Bartosz,Bosacki,65',65,0,second half,0,0
G-2423,WC-2006,2006 FIFA Men's World Cup,2006,M-2006-34,Ecuador vs Germany,13319.0,16:00,T-31,0,1,P-27787,Miroslav Klose,Miroslav,Klose,4',4,0,first half,0,0
G-2424,WC-2006,2006 FIFA Men's World Cup,2006,M-2006-34,Ecuador vs Germany,13319.0,16:00,T-31,0,1,P-27787,Miroslav Klose,Miroslav,Klose,44',44,0,first half,0,0
G-2425,WC-2006,2006 FIFA Men's World Cup,2006,M-2006-34,Ecuador vs Germany,13319.0,16:00,T-31,0,1,P-36287,Lukas Podolski,Lukas,Podolski,57',57,0,second half,0,0
G-2426,WC-2006,2006 FIFA Men's World Cup,2006,M-2006-35,Paraguay vs Trinidad and Tobago,13319.0,21:00,T-55,1,0,P-52480,Brent Sancho,Brent,Sancho,25',25,0,first half,1,0
G-2427,WC-2006,2006 FIFA Men's World Cup,2006,M-2006-35,Paraguay vs Trinidad and Tobago,13319.0,21:00,T-55,1,0,P-88899,Nelson Cuevas,Nelson,Cuevas,86',86,0,second half,0,0
G-2428,WC-2006,2006 FIFA Men's World Cup,2006,M-2006-36,Sweden vs England,13319.0,21:00,T-28,0,1,P-37933,Joe Cole,Joe,Cole,34',34,0,first half,0,0
G-2429,WC-2006,2006 FIFA Men's World Cup,2006,M-2006-36,Sweden vs England,13319.0,21:00,T-74,1,0,P-45212,Marcus Allbäck,Marcus,Allbäck,51',51,0,second half,0,0
G-2430,WC-2006,2006 FIFA Men's World Cup,2006,M-2006-36,Sweden vs England,13319.0,21:00,T-28,0,1,P-62157,Steven Gerrard,Steven,Gerrard,85',85,0,second half,0,0
G-2431,WC-2006,2006 FIFA Men's World Cup,2006,M-2006-36,Sweden vs England,13319.0,21:00,T-74,1,0,P-42895,Henrik Larsson,Henrik,Larsson,90',90,0,second half,0,0
G-2432,WC-2006,2006 FIFA Men's World Cup,2006,M-2006-37,Iran vs Angola,13320.0,16:00,T-02,0,1,P-78483,not applicable Flávio,not applicable,Flávio,60',60,0,second half,0,0
G-2433,WC-2006,2006 FIFA Men's World Cup,2006,M-2006-37,Iran vs Angola,13320.0,16:00,T-38,1,0,P-02909,Sohrab Bakhtiarizadeh,Sohrab,Bakhtiarizadeh,75',75,0,second half,0,0
G-2434,WC-2006,2006 FIFA Men's World Cup,2006,M-2006-38,Portugal vs Mexico,13320.0,16:00,T-58,1,0,P-17581,not applicable Maniche,not applicable,Maniche,6',6,0,first half,0,0
G-2435,WC-2006,2006 FIFA Men's World Cup,2006,M-2006-38,Portugal vs Mexico,13320.0,16:00,T-58,1,0,P-32279,not applicable Simão,not applicable,Simão,24',24,0,first half,0,1
G-2436,WC-2006,2006 FIFA Men's World Cup,2006,M-2006-38,Portugal vs Mexico,13320.0,16:00,T-46,0,1,P-89438,Francisco Fonseca,Francisco,Fonseca,29',29,0,first half,0,0
G-2437,WC-2006,2006 FIFA Men's World Cup,2006,M-2006-39,Ivory Coast vs Serbia and Montenegro,13320.0,21:00,T-67,0,1,P-18094,Nikola Žigić,Nikola,Žigić,10',10,0,first half,0,0
G-2438,WC-2006,2006 FIFA Men's World Cup,2006,M-2006-39,Ivory Coast vs Serbia and Montenegro,13320.0,21:00,T-67,0,1,P-05783,Saša Ilić,Saša,Ilić,20',20,0,first half,0,0
G-2439,WC-2006,2006 FIFA Men's World Cup,2006,M-2006-39,Ivory Coast vs Serbia and Montenegro,13320.0,21:00,T-42,1,0,P-93241,Aruna Dindane,Aruna,Dindane,37',37,0,first half,0,1
G-2440,WC-2006,2006 FIFA Men's World Cup,2006,M-2006-39,Ivory Coast vs Serbia and Montenegro,13320.0,21:00,T-42,1,0,P-93241,Aruna Dindane,Aruna,Dindane,67',67,0,second half,0,0
G-2441,WC-2006,2006 FIFA Men's World Cup,2006,M-2006-39,Ivory Coast vs Serbia and Montenegro,13320.0,21:00,T-42,1,0,P-67250,Bonaventure Kalou,Bonaventure,Kalou,86',86,0,second half,0,1
G-2442,WC-2006,2006 FIFA Men's World Cup,2006,M-2006-41,Czech Republic vs Italy,13321.0,16:00,T-41,0,1,P-37126,Marco Materazzi,Marco,Materazzi,26',26,0,first half,0,0
G-2443,WC-2006,2006 FIFA Men's World Cup,2006,M-2006-41,Czech Republic vs Italy,13321.0,16:00,T-41,0,1,P-29172,Filippo Inzaghi,Filippo,Inzaghi,87',87,0,second half,0,0
G-2444,WC-2006,2006 FIFA Men's World Cup,2006,M-2006-42,Ghana vs United States,13321.0,16:00,T-32,1,0,P-51458,Haminu Draman,Haminu,Draman,22',22,0,first half,0,0
G-2445,WC-2006,2006 FIFA Men's World Cup,2006,M-2006-42,Ghana vs United States,13321.0,16:00,T-83,0,1,P-18672,Clint Dempsey,Clint,Dempsey,43',43,0,first half,0,0
G-2446,WC-2006,2006 FIFA Men's World Cup,2006,M-2006-42,Ghana vs United States,13321.0,16:00,T-32,1,0,P-09728,Stephen Appiah,Stephen,Appiah,45'+2',45,2,"first half, stoppage time",0,1
G-2447,WC-2006,2006 FIFA Men's World Cup,2006,M-2006-43,Croatia vs Australia,13321.0,21:00,T-18,1,0,P-97008,Darijo Srna,Darijo,Srna,2',2,0,first half,0,0
G-2448,WC-2006,2006 FIFA Men's World Cup,2006,M-2006-43,Croatia vs Australia,13321.0,21:00,T-04,0,1,P-66908,Craig Moore,Craig,Moore,38',38,0,first half,0,1
G-2449,WC-2006,2006 FIFA Men's World Cup,2006,M-2006-43,Croatia vs Australia,13321.0,21:00,T-18,1,0,P-84378,Niko Kovač,Niko,Kovač,56',56,0,second half,0,0
G-2450,WC-2006,2006 FIFA Men's World Cup,2006,M-2006-43,Croatia vs Australia,13321.0,21:00,T-04,0,1,P-14290,Harry Kewell,Harry,Kewell,79',79,0,second half,0,0
G-2451,WC-2006,2006 FIFA Men's World Cup,2006,M-2006-44,Japan vs Brazil,13321.0,21:00,T-44,1,0,P-15134,Keiji Tamada,Keiji,Tamada,34',34,0,first half,0,0
G-2452,WC-2006,2006 FIFA Men's World Cup,2006,M-2006-44,Japan vs Brazil,13321.0,21:00,T-09,0,1,P-62722,not applicable Ronaldo,not applicable,Ronaldo,45'+1',45,1,"first half, stoppage time",0,0
G-2453,WC-2006,2006 FIFA Men's World Cup,2006,M-2006-44,Japan vs Brazil,13321.0,21:00,T-09,0,1,P-37735,Juninho Pernambucano,Juninho,Pernambucano,53',53,0,second half,0,0
G-2454,WC-2006,2006 FIFA Men's World Cup,2006,M-2006-44,Japan vs Brazil,13321.0,21:00,T-09,0,1,P-30363,not applicable Gilberto,not applicable,Gilberto,59',59,0,second half,0,0
G-2455,WC-2006,2006 FIFA Men's World Cup,2006,M-2006-44,Japan vs Brazil,13321.0,21:00,T-09,0,1,P-62722,not applicable Ronaldo,not applicable,Ronaldo,81',81,0,second half,0,0
G-2456,WC-2006,2006 FIFA Men's World Cup,2006,M-2006-45,Saudi Arabia vs Spain,13322.0,16:00,T-73,0,1,P-51440,not applicable Juanito,not applicable,Juanito,36',36,0,first half,0,0
G-2457,WC-2006,2006 FIFA Men's World Cup,2006,M-2006-46,Ukraine vs Tunisia,13322.0,16:00,T-81,1,0,P-86650,Andriy Shevchenko,Andriy,Shevchenko,70',70,0,second half,0,1
G-2458,WC-2006,2006 FIFA Men's World Cup,2006,M-2006-47,Switzerland vs South Korea,13322.0,21:00,T-75,1,0,P-94161,Philippe Senderos,Philippe,Senderos,23',23,0,first half,0,0
G-2459,WC-2006,2006 FIFA Men's World Cup,2006,M-2006-47,Switzerland vs South Korea,13322.0,21:00,T-75,1,0,P-61684,Alexander Frei,Alexander,Frei,77',77,0,second half,0,0
G-2460,WC-2006,2006 FIFA Men's World Cup,2006,M-2006-48,Togo vs France,13322.0,21:00,T-30,0,1,P-96540,Patrick Vieira,Patrick,Vieira,55',55,0,second half,0,0
G-2461,WC-2006,2006 FIFA Men's World Cup,2006,M-2006-48,Togo vs France,13322.0,21:00,T-30,0,1,P-51395,Thierry Henry,Thierry,Henry,61',61,0,second half,0,0
G-2462,WC-2006,2006 FIFA Men's World Cup,2006,M-2006-49,Germany vs Sweden,13323.0,17:00,T-31,1,0,P-36287,Lukas Podolski,Lukas,Podolski,4',4,0,first half,0,0
G-2463,WC-2006,2006 FIFA Men's World Cup,2006,M-2006-49,Germany vs Sweden,13323.0,17:00,T-31,1,0,P-36287,Lukas Podolski,Lukas,Podolski,12',12,0,first half,0,0
G-2464,WC-2006,2006 FIFA Men's World Cup,2006,M-2006-50,Argentina vs Mexico,13323.0,21:00,T-46,0,1,P-44763,Rafael Márquez,Rafael,Márquez,6',6,0,first half,0,0
G-2465,WC-2006,2006 FIFA Men's World Cup,2006,M-2006-50,Argentina vs Mexico,13323.0,21:00,T-03,1,0,P-19888,Hernán Crespo,Hernán,Crespo,10',10,0,first half,0,0
G-2466,WC-2006,2006 FIFA Men's World Cup,2006,M-2006-50,Argentina vs Mexico,13323.0,21:00,T-03,1,0,P-33570,Maxi Rodríguez,Maxi,Rodríguez,98',98,0,"extra time, first half",0,0
G-2467,WC-2006,2006 FIFA Men's World Cup,2006,M-2006-51,England vs Ecuador,13324.0,17:00,T-28,1,0,P-81049,David Beckham,David,Beckham,60',60,0,second half,0,0
G-2468,WC-2006,2006 FIFA Men's World Cup,2006,M-2006-52,Portugal vs Netherlands,13324.0,21:00,T-58,1,0,P-17581,not applicable Maniche,not applicable,Maniche,23',23,0,first half,0,0
G-2469,WC-2006,2006 FIFA Men's World Cup,2006,M-2006-53,Italy vs Australia,13325.0,17:00,T-41,1,0,P-42038,Francesco Totti,Francesco,Totti,90'+5',90,5,"second half, stoppage time",0,1
G-2470,WC-2006,2006 FIFA Men's World Cup,2006,M-2006-55,Brazil vs Ghana,13326.0,17:00,T-09,1,0,P-62722,not applicable Ronaldo,not applicable,Ronaldo,5',5,0,first half,0,0
G-2471,WC-2006,2006 FIFA Men's World Cup,2006,M-2006-55,Brazil vs Ghana,13326.0,17:00,T-09,1,0,P-20372,not applicable Adriano,not applicable,Adriano,45'+1',45,1,"first half, stoppage time",0,0
G-2472,WC-2006,2006 FIFA Men's World Cup,2006,M-2006-55,Brazil vs Ghana,13326.0,17:00,T-09,1,0,P-39545,not applicable Zé Roberto,not applicable,Zé Roberto,84',84,0,second half,0,0
G-2473,WC-2006,2006 FIFA Men's World Cup,2006,M-2006-56,Spain vs France,13326.0,21:00,T-73,1,0,P-49097,David Villa,David,Villa,28',28,0,first half,0,1
G-2474,WC-2006,2006 FIFA Men's World Cup,2006,M-2006-56,Spain vs France,13326.0,21:00,T-30,0,1,P-55659,Franck Ribéry,Franck,Ribéry,41',41,0,first half,0,0
G-2475,WC-2006,2006 FIFA Men's World Cup,2006,M-2006-56,Spain vs France,13326.0,21:00,T-30,0,1,P-96540,Patrick Vieira,Patrick,Vieira,83',83,0,second half,0,0
G-2476,WC-2006,2006 FIFA Men's World Cup,2006,M-2006-56,Spain vs France,13326.0,21:00,T-30,0,1,P-56430,Zinedine Zidane,Zinedine,Zidane,90'+2',90,2,"second half, stoppage time",0,0
G-2477,WC-2006,2006 FIFA Men's World Cup,2006,M-2006-57,Germany vs Argentina,13329.0,17:00,T-03,0,1,P-83403,Roberto Ayala,Roberto,Ayala,49',49,0,second half,0,0
G-2478,WC-2006,2006 FIFA Men's World Cup,2006,M-2006-57,Germany vs Argentina,13329.0,17:00,T-31,1,0,P-27787,Miroslav Klose,Miroslav,Klose,80',80,0,second half,0,0
G-2479,WC-2006,2006 FIFA Men's World Cup,2006,M-2006-58,Italy vs Ukraine,13329.0,21:00,T-41,1,0,P-42227,Gianluca Zambrotta,Gianluca,Zambrotta,6',6,0,first half,0,0
G-2480,WC-2006,2006 FIFA Men's World Cup,2006,M-2006-58,Italy vs Ukraine,13329.0,21:00,T-41,1,0,P-96512,Luca Toni,Luca,Toni,59',59,0,second half,0,0
G-2481,WC-2006,2006 FIFA Men's World Cup,2006,M-2006-58,Italy vs Ukraine,13329.0,21:00,T-41,1,0,P-96512,Luca Toni,Luca,Toni,69',69,0,second half,0,0
G-2482,WC-2006,2006 FIFA Men's World Cup,2006,M-2006-60,Brazil vs France,13330.0,21:00,T-30,0,1,P-51395,Thierry Henry,Thierry,Henry,57',57,0,second half,0,0
G-2483,WC-2006,2006 FIFA Men's World Cup,2006,M-2006-61,Germany vs Italy,13333.0,21:00,T-41,0,1,P-99473,Fabio Grosso,Fabio,Grosso,119',119,0,"extra time, second half",0,0
G-2484,WC-2006,2006 FIFA Men's World Cup,2006,M-2006-61,Germany vs Italy,13333.0,21:00,T-41,0,1,P-83836,Alessandro Del Piero,Alessandro,Del Piero,120'+1',120,1,"extra time, second half, stoppage time",0,0
G-2485,WC-2006,2006 FIFA Men's World Cup,2006,M-2006-62,Portugal vs France,13334.0,21:00,T-30,0,1,P-56430,Zinedine Zidane,Zinedine,Zidane,33',33,0,first half,0,1
G-2486,WC-2006,2006 FIFA Men's World Cup,2006,M-2006-63,Germany vs Portugal,13337.0,21:00,T-31,1,0,P-43400,Bastian Schweinsteiger,Bastian,Schweinsteiger,56',56,0,second half,0,0
G-2487,WC-2006,2006 FIFA Men's World Cup,2006,M-2006-63,Germany vs Portugal,13337.0,21:00,T-31,1,0,P-92307,not applicable Petit,not applicable,Petit,60',60,0,second half,1,0
G-2488,WC-2006,2006 FIFA Men's World Cup,2006,M-2006-63,Germany vs Portugal,13337.0,21:00,T-31,1,0,P-43400,Bastian Schweinsteiger,Bastian,Schweinsteiger,78',78,0,second half,0,0
G-2489,WC-2006,2006 FIFA Men's World Cup,2006,M-2006-63,Germany vs Portugal,13337.0,21:00,T-58,0,1,P-57631,Nuno Gomes,Nuno,Gomes,88',88,0,second half,0,0
G-2490,WC-2006,2006 FIFA Men's World Cup,2006,M-2006-64,Italy vs France,13338.0,20:00,T-30,0,1,P-56430,Zinedine Zidane,Zinedine,Zidane,7',7,0,first half,0,1
G-2491,WC-2006,2006 FIFA Men's World Cup,2006,M-2006-64,Italy vs France,13338.0,20:00,T-41,1,0,P-37126,Marco Materazzi,Marco,Materazzi,19',19,0,first half,0,0
G-2492,WC-2007,2007 FIFA Women's World Cup,2007,M-2007-01,Germany vs Argentina,13766.0,20:00,T-31,1,0,P-39260,Melanie Behringer,Melanie,Behringer,12',12,0,first half,0,0
G-2493,WC-2007,2007 FIFA Women's World Cup,2007,M-2007-01,Germany vs Argentina,13766.0,20:00,T-31,1,0,P-08780,Kerstin Garefrekes,Kerstin,Garefrekes,17',17,0,first half,0,0
G-2494,WC-2007,2007 FIFA Women's World Cup,2007,M-2007-01,Germany vs Argentina,13766.0,20:00,T-31,1,0,P-39260,Melanie Behringer,Melanie,Behringer,24',24,0,first half,0,0
G-2495,WC-2007,2007 FIFA Women's World Cup,2007,M-2007-01,Germany vs Argentina,13766.0,20:00,T-31,1,0,P-52478,Birgit Prinz,Birgit,Prinz,29',29,0,first half,0,0
G-2496,WC-2007,2007 FIFA Women's World Cup,2007,M-2007-01,Germany vs Argentina,13766.0,20:00,T-31,1,0,P-52478,Birgit Prinz,Birgit,Prinz,45'+1',45,1,"first half, stoppage time",0,0
G-2497,WC-2007,2007 FIFA Women's World Cup,2007,M-2007-01,Germany vs Argentina,13766.0,20:00,T-31,1,0,P-42444,Renate Lingor,Renate,Lingor,51',51,0,second half,0,0
G-2498,WC-2007,2007 FIFA Women's World Cup,2007,M-2007-01,Germany vs Argentina,13766.0,20:00,T-31,1,0,P-49074,Sandra Smisek,Sandra,Smisek,57',57,0,second half,0,0
G-2499,WC-2007,2007 FIFA Women's World Cup,2007,M-2007-01,Germany vs Argentina,13766.0,20:00,T-31,1,0,P-52478,Birgit Prinz,Birgit,Prinz,59',59,0,second half,0,0
G-2500,WC-2007,2007 FIFA Women's World Cup,2007,M-2007-01,Germany vs Argentina,13766.0,20:00,T-31,1,0,P-49074,Sandra Smisek,Sandra,Smisek,70',70,0,second half,0,0
G-2501,WC-2007,2007 FIFA Women's World Cup,2007,M-2007-01,Germany vs Argentina,13766.0,20:00,T-31,1,0,P-49074,Sandra Smisek,Sandra,Smisek,79',79,0,second half,0,0
G-2502,WC-2007,2007 FIFA Women's World Cup,2007,M-2007-01,Germany vs Argentina,13766.0,20:00,T-31,1,0,P-42444,Renate Lingor,Renate,Lingor,90'+1',90,1,"second half, stoppage time",0,0
G-2503,WC-2007,2007 FIFA Women's World Cup,2007,M-2007-02,United States vs North Korea,13767.0,17:00,T-83,1,0,P-89236,Abby Wambach,Abby,Wambach,50',50,0,second half,0,0
G-2504,WC-2007,2007 FIFA Women's World Cup,2007,M-2007-02,United States vs North Korea,13767.0,17:00,T-51,0,1,P-96884,Son-hui Kil,Son-hui,Kil,58',58,0,second half,0,0
G-2505,WC-2007,2007 FIFA Women's World Cup,2007,M-2007-02,United States vs North Korea,13767.0,17:00,T-51,0,1,P-83515,Yong-ae Kim,Yong-ae,Kim,62',62,0,second half,0,0
G-2506,WC-2007,2007 FIFA Women's World Cup,2007,M-2007-02,United States vs North Korea,13767.0,17:00,T-83,1,0,P-54396,Heather O'Reilly,Heather,O'Reilly,69',69,0,second half,0,0
G-2507,WC-2007,2007 FIFA Women's World Cup,2007,M-2007-03,Japan vs England,13767.0,20:00,T-44,1,0,P-04310,Aya Miyama,Aya,Miyama,55',55,0,second half,0,0
G-2508,WC-2007,2007 FIFA Women's World Cup,2007,M-2007-03,Japan vs England,13767.0,20:00,T-28,0,1,P-12357,Kelly Smith,Kelly,Smith,81',81,0,second half,0,0
G-2509,WC-2007,2007 FIFA Women's World Cup,2007,M-2007-03,Japan vs England,13767.0,20:00,T-28,0,1,P-12357,Kelly Smith,Kelly,Smith,83',83,0,second half,0,0
G-2510,WC-2007,2007 FIFA Women's World Cup,2007,M-2007-03,Japan vs England,13767.0,20:00,T-44,1,0,P-04310,Aya Miyama,Aya,Miyama,90'+5',90,5,"second half, stoppage time",0,0
G-2511,WC-2007,2007 FIFA Women's World Cup,2007,M-2007-04,Nigeria vs Sweden,13767.0,20:00,T-74,0,1,P-36470,Victoria Svensson,Victoria,Svensson,50',50,0,second half,0,0
G-2512,WC-2007,2007 FIFA Women's World Cup,2007,M-2007-04,Nigeria vs Sweden,13767.0,20:00,T-50,1,0,P-16613,Cynthia Uwak,Cynthia,Uwak,82',82,0,second half,0,0
G-2513,WC-2007,2007 FIFA Women's World Cup,2007,M-2007-05,Ghana vs Australia,13768.0,17:00,T-04,0,1,P-26286,Sarah Walsh,Sarah,Walsh,15',15,0,first half,0,0
G-2514,WC-2007,2007 FIFA Women's World Cup,2007,M-2007-05,Ghana vs Australia,13768.0,17:00,T-04,0,1,P-83079,Lisa De Vanna,Lisa,De Vanna,57',57,0,second half,0,0
G-2515,WC-2007,2007 FIFA Women's World Cup,2007,M-2007-05,Ghana vs Australia,13768.0,17:00,T-04,0,1,P-47947,Heather Garriock,Heather,Garriock,69',69,0,second half,0,0
G-2516,WC-2007,2007 FIFA Women's World Cup,2007,M-2007-05,Ghana vs Australia,13768.0,17:00,T-32,1,0,P-68309,Anita Amankwa,Anita,Amankwa,70',70,0,second half,0,0
G-2517,WC-2007,2007 FIFA Women's World Cup,2007,M-2007-05,Ghana vs Australia,13768.0,17:00,T-04,0,1,P-83079,Lisa De Vanna,Lisa,De Vanna,81',81,0,second half,0,0
G-2518,WC-2007,2007 FIFA Women's World Cup,2007,M-2007-06,New Zealand vs Brazil,13768.0,17:00,T-09,0,1,P-46780,not applicable Daniela,not applicable,Daniela,10',10,0,first half,0,0
G-2519,WC-2007,2007 FIFA Women's World Cup,2007,M-2007-06,New Zealand vs Brazil,13768.0,17:00,T-09,0,1,P-93057,not applicable Cristiane,not applicable,Cristiane,54',54,0,second half,0,0
G-2520,WC-2007,2007 FIFA Women's World Cup,2007,M-2007-06,New Zealand vs Brazil,13768.0,17:00,T-09,0,1,P-07458,not applicable Marta,not applicable,Marta,74',74,0,second half,0,0
G-2521,WC-2007,2007 FIFA Women's World Cup,2007,M-2007-06,New Zealand vs Brazil,13768.0,17:00,T-09,0,1,P-31275,Renata Costa,Renata,Costa,86',86,0,second half,0,0
G-2522,WC-2007,2007 FIFA Women's World Cup,2007,M-2007-06,New Zealand vs Brazil,13768.0,17:00,T-09,0,1,P-07458,not applicable Marta,not applicable,Marta,90'+3',90,3,"second half, stoppage time",0,0
G-2523,WC-2007,2007 FIFA Women's World Cup,2007,M-2007-07,Norway vs Canada,13768.0,20:00,T-12,0,1,P-19025,Candace Chapman,Candace,Chapman,33',33,0,first half,0,0
G-2524,WC-2007,2007 FIFA Women's World Cup,2007,M-2007-07,Norway vs Canada,13768.0,20:00,T-53,1,0,P-74483,Ragnhild Gulbrandsen,Ragnhild,Gulbrandsen,52',52,0,second half,0,0
G-2525,WC-2007,2007 FIFA Women's World Cup,2007,M-2007-07,Norway vs Canada,13768.0,20:00,T-53,1,0,P-25199,Ane Stangeland Horpestad,Ane,Stangeland Horpestad,81',81,0,second half,0,0
G-2526,WC-2007,2007 FIFA Women's World Cup,2007,M-2007-08,China vs Denmark,13768.0,20:00,T-14,1,0,P-83032,Jie Li,Jie,Li,31',31,0,first half,0,0
G-2527,WC-2007,2007 FIFA Women's World Cup,2007,M-2007-08,China vs Denmark,13768.0,20:00,T-14,1,0,P-44137,Yan Bi,Yan,Bi,50',50,0,second half,0,0
G-2528,WC-2007,2007 FIFA Women's World Cup,2007,M-2007-08,China vs Denmark,13768.0,20:00,T-22,0,1,P-71560,Anne Dot Eggers Nielsen,Anne Dot,Eggers Nielsen,51',51,0,second half,0,0
G-2529,WC-2007,2007 FIFA Women's World Cup,2007,M-2007-08,China vs Denmark,13768.0,20:00,T-22,0,1,P-11819,Cathrine Paaske Sørensen,Cathrine,Paaske Sørensen,87',87,0,second half,0,0
G-2530,WC-2007,2007 FIFA Women's World Cup,2007,M-2007-08,China vs Denmark,13768.0,20:00,T-14,1,0,P-48604,Xiaoli Song,Xiaoli,Song,88',88,0,second half,0,0
G-2531,WC-2007,2007 FIFA Women's World Cup,2007,M-2007-09,Argentina vs Japan,13770.0,17:00,T-44,0,1,P-20246,Yūki Ōgimi,Yūki,Ōgimi,90'+1',90,1,"second half, stoppage time",0,0
G-2532,WC-2007,2007 FIFA Women's World Cup,2007,M-2007-10,Sweden vs United States,13770.0,17:00,T-83,0,1,P-89236,Abby Wambach,Abby,Wambach,34',34,0,first half,0,1
G-2533,WC-2007,2007 FIFA Women's World Cup,2007,M-2007-10,Sweden vs United States,13770.0,17:00,T-83,0,1,P-89236,Abby Wambach,Abby,Wambach,58',58,0,second half,0,0
G-2534,WC-2007,2007 FIFA Women's World Cup,2007,M-2007-12,North Korea vs Nigeria,13770.0,20:00,T-51,1,0,P-93587,Kyong-hwa Kim,Kyong-hwa,Kim,17',17,0,first half,0,0
G-2535,WC-2007,2007 FIFA Women's World Cup,2007,M-2007-12,North Korea vs Nigeria,13770.0,20:00,T-51,1,0,P-59010,Kum-suk Ri,Kum-suk,Ri,21',21,0,first half,0,0
G-2536,WC-2007,2007 FIFA Women's World Cup,2007,M-2007-13,Canada vs Ghana,13771.0,17:00,T-12,1,0,P-97813,Christine Sinclair,Christine,Sinclair,16',16,0,first half,0,0
G-2537,WC-2007,2007 FIFA Women's World Cup,2007,M-2007-13,Canada vs Ghana,13771.0,17:00,T-12,1,0,P-95092,Sophie Schmidt,Sophie,Schmidt,55',55,0,second half,0,0
G-2538,WC-2007,2007 FIFA Women's World Cup,2007,M-2007-13,Canada vs Ghana,13771.0,17:00,T-12,1,0,P-97813,Christine Sinclair,Christine,Sinclair,62',62,0,second half,0,0
G-2539,WC-2007,2007 FIFA Women's World Cup,2007,M-2007-13,Canada vs Ghana,13771.0,17:00,T-12,1,0,P-62671,Martina Franko,Martina,Franko,77',77,0,second half,0,0
G-2540,WC-2007,2007 FIFA Women's World Cup,2007,M-2007-14,Denmark vs New Zealand,13771.0,17:00,T-22,1,0,P-80373,Katrine Pedersen,Katrine,Pedersen,61',61,0,second half,0,0
G-2541,WC-2007,2007 FIFA Women's World Cup,2007,M-2007-14,Denmark vs New Zealand,13771.0,17:00,T-22,1,0,P-11819,Cathrine Paaske Sørensen,Cathrine,Paaske Sørensen,66',66,0,second half,0,0
G-2542,WC-2007,2007 FIFA Women's World Cup,2007,M-2007-15,Australia vs Norway,13771.0,20:00,T-53,0,1,P-74483,Ragnhild Gulbrandsen,Ragnhild,Gulbrandsen,5',5,0,first half,0,0
G-2543,WC-2007,2007 FIFA Women's World Cup,2007,M-2007-15,Australia vs Norway,13771.0,20:00,T-04,1,0,P-83079,Lisa De Vanna,Lisa,De Vanna,83',83,0,second half,0,0
G-2544,WC-2007,2007 FIFA Women's World Cup,2007,M-2007-16,Brazil vs China,13771.0,20:00,T-09,1,0,P-07458,not applicable Marta,not applicable,Marta,42',42,0,first half,0,0
G-2545,WC-2007,2007 FIFA Women's World Cup,2007,M-2007-16,Brazil vs China,13771.0,20:00,T-09,1,0,P-93057,not applicable Cristiane,not applicable,Cristiane,47',47,0,second half,0,0
G-2546,WC-2007,2007 FIFA Women's World Cup,2007,M-2007-16,Brazil vs China,13771.0,20:00,T-09,1,0,P-93057,not applicable Cristiane,not applicable,Cristiane,48',48,0,second half,0,0
G-2547,WC-2007,2007 FIFA Women's World Cup,2007,M-2007-16,Brazil vs China,13771.0,20:00,T-09,1,0,P-07458,not applicable Marta,not applicable,Marta,70',70,0,second half,0,0
G-2548,WC-2007,2007 FIFA Women's World Cup,2007,M-2007-17,England vs Argentina,13773.0,20:00,T-28,1,0,P-24548,Eva González,Eva,González,9',9,0,first half,1,0
G-2549,WC-2007,2007 FIFA Women's World Cup,2007,M-2007-17,England vs Argentina,13773.0,20:00,T-28,1,0,P-41187,Jill Scott,Jill,Scott,10',10,0,first half,0,0
G-2550,WC-2007,2007 FIFA Women's World Cup,2007,M-2007-17,England vs Argentina,13773.0,20:00,T-28,1,0,P-10986,Fara Williams,Fara,Williams,50',50,0,second half,0,1
G-2551,WC-2007,2007 FIFA Women's World Cup,2007,M-2007-17,England vs Argentina,13773.0,20:00,T-03,0,1,P-24548,Eva González,Eva,González,60',60,0,second half,0,0
G-2552,WC-2007,2007 FIFA Women's World Cup,2007,M-2007-17,England vs Argentina,13773.0,20:00,T-28,1,0,P-12357,Kelly Smith,Kelly,Smith,64',64,0,second half,0,0
G-2553,WC-2007,2007 FIFA Women's World Cup,2007,M-2007-17,England vs Argentina,13773.0,20:00,T-28,1,0,P-12357,Kelly Smith,Kelly,Smith,77',77,0,second half,0,0
G-2554,WC-2007,2007 FIFA Women's World Cup,2007,M-2007-17,England vs Argentina,13773.0,20:00,T-28,1,0,P-88697,Vicky Exley,Vicky,Exley,90',90,0,second half,0,1
G-2555,WC-2007,2007 FIFA Women's World Cup,2007,M-2007-18,Germany vs Japan,13773.0,20:00,T-31,1,0,P-52478,Birgit Prinz,Birgit,Prinz,21',21,0,first half,0,0
G-2556,WC-2007,2007 FIFA Women's World Cup,2007,M-2007-18,Germany vs Japan,13773.0,20:00,T-31,1,0,P-42444,Renate Lingor,Renate,Lingor,87',87,0,second half,0,1
G-2557,WC-2007,2007 FIFA Women's World Cup,2007,M-2007-19,Nigeria vs United States,13774.0,20:00,T-83,0,1,P-69030,Lori Chalupny,Lori,Chalupny,1',1,0,first half,0,0
G-2558,WC-2007,2007 FIFA Women's World Cup,2007,M-2007-20,North Korea vs Sweden,13774.0,20:00,T-74,0,1,P-96721,Lotta Schelin,Lotta,Schelin,4',4,0,first half,0,0
G-2559,WC-2007,2007 FIFA Women's World Cup,2007,M-2007-20,North Korea vs Sweden,13774.0,20:00,T-51,1,0,P-07625,Un-suk Ri,Un-suk,Ri,22',22,0,first half,0,0
G-2560,WC-2007,2007 FIFA Women's World Cup,2007,M-2007-20,North Korea vs Sweden,13774.0,20:00,T-74,0,1,P-96721,Lotta Schelin,Lotta,Schelin,54',54,0,second half,0,0
G-2561,WC-2007,2007 FIFA Women's World Cup,2007,M-2007-21,Australia vs Canada,13776.0,17:00,T-12,0,1,P-27120,Melissa Tancredi,Melissa,Tancredi,1',1,0,first half,0,0
G-2562,WC-2007,2007 FIFA Women's World Cup,2007,M-2007-21,Australia vs Canada,13776.0,17:00,T-04,1,0,P-87492,Collette McCallum,Collette,McCallum,53',53,0,second half,0,0
G-2563,WC-2007,2007 FIFA Women's World Cup,2007,M-2007-21,Australia vs Canada,13776.0,17:00,T-12,0,1,P-97813,Christine Sinclair,Christine,Sinclair,85',85,0,second half,0,0
G-2564,WC-2007,2007 FIFA Women's World Cup,2007,M-2007-21,Australia vs Canada,13776.0,17:00,T-04,1,0,P-19145,Cheryl Salisbury,Cheryl,Salisbury,90'+2',90,2,"second half, stoppage time",0,0
G-2565,WC-2007,2007 FIFA Women's World Cup,2007,M-2007-22,Norway vs Ghana,13776.0,17:00,T-53,1,0,P-25739,Lene Storløkken,Lene,Storløkken,4',4,0,first half,0,0
G-2566,WC-2007,2007 FIFA Women's World Cup,2007,M-2007-22,Norway vs Ghana,13776.0,17:00,T-53,1,0,P-74483,Ragnhild Gulbrandsen,Ragnhild,Gulbrandsen,39',39,0,first half,0,0
G-2567,WC-2007,2007 FIFA Women's World Cup,2007,M-2007-22,Norway vs Ghana,13776.0,17:00,T-53,1,0,P-25199,Ane Stangeland Horpestad,Ane,Stangeland Horpestad,45',45,0,first half,0,1
G-2568,WC-2007,2007 FIFA Women's World Cup,2007,M-2007-22,Norway vs Ghana,13776.0,17:00,T-53,1,0,P-09212,Isabell Herlovsen,Isabell,Herlovsen,56',56,0,second half,0,0
G-2569,WC-2007,2007 FIFA Women's World Cup,2007,M-2007-22,Norway vs Ghana,13776.0,17:00,T-53,1,0,P-74483,Ragnhild Gulbrandsen,Ragnhild,Gulbrandsen,59',59,0,second half,0,0
G-2570,WC-2007,2007 FIFA Women's World Cup,2007,M-2007-22,Norway vs Ghana,13776.0,17:00,T-53,1,0,P-74483,Ragnhild Gulbrandsen,Ragnhild,Gulbrandsen,62',62,0,second half,0,0
G-2571,WC-2007,2007 FIFA Women's World Cup,2007,M-2007-22,Norway vs Ghana,13776.0,17:00,T-53,1,0,P-60731,Lise Klaveness,Lise,Klaveness,69',69,0,second half,0,0
G-2572,WC-2007,2007 FIFA Women's World Cup,2007,M-2007-22,Norway vs Ghana,13776.0,17:00,T-32,0,1,P-47674,Adjoa Bayor,Adjoa,Bayor,73',73,0,second half,0,0
G-2573,WC-2007,2007 FIFA Women's World Cup,2007,M-2007-22,Norway vs Ghana,13776.0,17:00,T-32,0,1,P-52992,Florence Okoe,Florence,Okoe,80',80,0,second half,0,1
G-2574,WC-2007,2007 FIFA Women's World Cup,2007,M-2007-23,Brazil vs Denmark,13776.0,20:00,T-09,1,0,P-26383,not applicable Pretinha,not applicable,Pretinha,90'+1',90,1,"second half, stoppage time",0,0
G-2575,WC-2007,2007 FIFA Women's World Cup,2007,M-2007-24,China vs New Zealand,13776.0,20:00,T-14,1,0,P-83032,Jie Li,Jie,Li,57',57,0,second half,0,0
G-2576,WC-2007,2007 FIFA Women's World Cup,2007,M-2007-24,China vs New Zealand,13776.0,20:00,T-14,1,0,P-57621,Caixia Xie,Caixia,Xie,79',79,0,second half,0,0
G-2577,WC-2007,2007 FIFA Women's World Cup,2007,M-2007-25,Germany vs North Korea,13778.0,17:00,T-31,1,0,P-08780,Kerstin Garefrekes,Kerstin,Garefrekes,44',44,0,first half,0,0
G-2578,WC-2007,2007 FIFA Women's World Cup,2007,M-2007-25,Germany vs North Korea,13778.0,17:00,T-31,1,0,P-42444,Renate Lingor,Renate,Lingor,67',67,0,second half,0,0
G-2579,WC-2007,2007 FIFA Women's World Cup,2007,M-2007-25,Germany vs North Korea,13778.0,17:00,T-31,1,0,P-67377,Annike Krahn,Annike,Krahn,72',72,0,second half,0,0
G-2580,WC-2007,2007 FIFA Women's World Cup,2007,M-2007-26,United States vs England,13778.0,20:00,T-83,1,0,P-89236,Abby Wambach,Abby,Wambach,48',48,0,second half,0,0
G-2581,WC-2007,2007 FIFA Women's World Cup,2007,M-2007-26,United States vs England,13778.0,20:00,T-83,1,0,P-92403,Shannon Boxx,Shannon,Boxx,57',57,0,second half,0,0
G-2582,WC-2007,2007 FIFA Women's World Cup,2007,M-2007-26,United States vs England,13778.0,20:00,T-83,1,0,P-25850,Kristine Lilly,Kristine,Lilly,60',60,0,second half,0,0
G-2583,WC-2007,2007 FIFA Women's World Cup,2007,M-2007-27,Norway vs China,13779.0,17:00,T-53,1,0,P-09212,Isabell Herlovsen,Isabell,Herlovsen,32',32,0,first half,0,0
G-2584,WC-2007,2007 FIFA Women's World Cup,2007,M-2007-28,Brazil vs Australia,13779.0,20:00,T-09,1,0,P-19610,not applicable Formiga,not applicable,Formiga,4',4,0,first half,0,0
G-2585,WC-2007,2007 FIFA Women's World Cup,2007,M-2007-28,Brazil vs Australia,13779.0,20:00,T-09,1,0,P-07458,not applicable Marta,not applicable,Marta,23',23,0,first half,0,1
G-2586,WC-2007,2007 FIFA Women's World Cup,2007,M-2007-28,Brazil vs Australia,13779.0,20:00,T-04,0,1,P-83079,Lisa De Vanna,Lisa,De Vanna,36',36,0,first half,0,0
G-2587,WC-2007,2007 FIFA Women's World Cup,2007,M-2007-28,Brazil vs Australia,13779.0,20:00,T-04,0,1,P-82607,Lauren Colthorpe,Lauren,Colthorpe,68',68,0,second half,0,0
G-2588,WC-2007,2007 FIFA Women's World Cup,2007,M-2007-28,Brazil vs Australia,13779.0,20:00,T-09,1,0,P-93057,not applicable Cristiane,not applicable,Cristiane,75',75,0,second half,0,0
G-2589,WC-2007,2007 FIFA Women's World Cup,2007,M-2007-29,Germany vs Norway,13782.0,20:00,T-31,1,0,P-29694,Trine Rønning,Trine,Rønning,42',42,0,first half,1,0
G-2590,WC-2007,2007 FIFA Women's World Cup,2007,M-2007-29,Germany vs Norway,13782.0,20:00,T-31,1,0,P-27862,Kerstin Stegemann,Kerstin,Stegemann,72',72,0,second half,0,0
G-2591,WC-2007,2007 FIFA Women's World Cup,2007,M-2007-29,Germany vs Norway,13782.0,20:00,T-31,1,0,P-80012,Martina Müller,Martina,Müller,75',75,0,second half,0,0
G-2592,WC-2007,2007 FIFA Women's World Cup,2007,M-2007-30,United States vs Brazil,13783.0,20:00,T-09,0,1,P-17276,Leslie Osborne,Leslie,Osborne,20',20,0,first half,1,0
G-2593,WC-2007,2007 FIFA Women's World Cup,2007,M-2007-30,United States vs Brazil,13783.0,20:00,T-09,0,1,P-07458,not applicable Marta,not applicable,Marta,27',27,0,first half,0,0
G-2594,WC-2007,2007 FIFA Women's World Cup,2007,M-2007-30,United States vs Brazil,13783.0,20:00,T-09,0,1,P-93057,not applicable Cristiane,not applicable,Cristiane,56',56,0,second half,0,0
G-2595,WC-2007,2007 FIFA Women's World Cup,2007,M-2007-30,United States vs Brazil,13783.0,20:00,T-09,0,1,P-07458,not applicable Marta,not applicable,Marta,79',79,0,second half,0,0
G-2596,WC-2007,2007 FIFA Women's World Cup,2007,M-2007-31,Norway vs United States,13786.0,17:00,T-83,0,1,P-89236,Abby Wambach,Abby,Wambach,30',30,0,first half,0,0
G-2597,WC-2007,2007 FIFA Women's World Cup,2007,M-2007-31,Norway vs United States,13786.0,17:00,T-83,0,1,P-89236,Abby Wambach,Abby,Wambach,46',46,0,second half,0,0
G-2598,WC-2007,2007 FIFA Women's World Cup,2007,M-2007-31,Norway vs United States,13786.0,17:00,T-83,0,1,P-69030,Lori Chalupny,Lori,Chalupny,58',58,0,second half,0,0
G-2599,WC-2007,2007 FIFA Women's World Cup,2007,M-2007-31,Norway vs United States,13786.0,17:00,T-83,0,1,P-54396,Heather O'Reilly,Heather,O'Reilly,59',59,0,second half,0,0
G-2600,WC-2007,2007 FIFA Women's World Cup,2007,M-2007-31,Norway vs United States,13786.0,17:00,T-53,1,0,P-74483,Ragnhild Gulbrandsen,Ragnhild,Gulbrandsen,63',63,0,second half,0,0
G-2601,WC-2007,2007 FIFA Women's World Cup,2007,M-2007-32,Germany vs Brazil,13786.0,20:00,T-31,1,0,P-52478,Birgit Prinz,Birgit,Prinz,52',52,0,second half,0,0
G-2602,WC-2007,2007 FIFA Women's World Cup,2007,M-2007-32,Germany vs Brazil,13786.0,20:00,T-31,1,0,P-47092,Simone Laudehr,Simone,Laudehr,86',86,0,second half,0,0
G-2603,WC-2010,2010 FIFA Men's World Cup,2010,M-2010-01,South Africa vs Mexico,14771.0,16:00,T-70,1,0,P-31160,Siphiwe Tshabalala,Siphiwe,Tshabalala,55',55,0,second half,0,0
G-2604,WC-2010,2010 FIFA Men's World Cup,2010,M-2010-01,South Africa vs Mexico,14771.0,16:00,T-46,0,1,P-44763,Rafael Márquez,Rafael,Márquez,79',79,0,second half,0,0
G-2605,WC-2010,2010 FIFA Men's World Cup,2010,M-2010-03,South Korea vs Greece,14772.0,13:30,T-71,1,0,P-07494,Jung-soo Lee,Jung-soo,Lee,7',7,0,first half,0,0
G-2606,WC-2010,2010 FIFA Men's World Cup,2010,M-2010-03,South Korea vs Greece,14772.0,13:30,T-71,1,0,P-25724,Ji-sung Park,Ji-sung,Park,52',52,0,second half,0,0
G-2607,WC-2010,2010 FIFA Men's World Cup,2010,M-2010-04,Argentina vs Nigeria,14772.0,16:00,T-03,1,0,P-64352,Gabriel Heinze,Gabriel,Heinze,6',6,0,first half,0,0
G-2608,WC-2010,2010 FIFA Men's World Cup,2010,M-2010-05,England vs United States,14772.0,20:30,T-28,1,0,P-62157,Steven Gerrard,Steven,Gerrard,4',4,0,first half,0,0
G-2609,WC-2010,2010 FIFA Men's World Cup,2010,M-2010-05,England vs United States,14772.0,20:30,T-83,0,1,P-18672,Clint Dempsey,Clint,Dempsey,40',40,0,first half,0,0
G-2610,WC-2010,2010 FIFA Men's World Cup,2010,M-2010-06,Algeria vs Slovenia,14773.0,13:30,T-69,0,1,P-17662,Robert Koren,Robert,Koren,79',79,0,second half,0,0
G-2611,WC-2010,2010 FIFA Men's World Cup,2010,M-2010-07,Serbia vs Ghana,14773.0,16:00,T-32,0,1,P-38556,Asamoah Gyan,Asamoah,Gyan,85',85,0,second half,0,1
G-2612,WC-2010,2010 FIFA Men's World Cup,2010,M-2010-08,Germany vs Australia,14773.0,20:30,T-31,1,0,P-36287,Lukas Podolski,Lukas,Podolski,8',8,0,first half,0,0
G-2613,WC-2010,2010 FIFA Men's World Cup,2010,M-2010-08,Germany vs Australia,14773.0,20:30,T-31,1,0,P-27787,Miroslav Klose,Miroslav,Klose,26',26,0,first half,0,0
G-2614,WC-2010,2010 FIFA Men's World Cup,2010,M-2010-08,Germany vs Australia,14773.0,20:30,T-31,1,0,P-28154,Thomas Müller,Thomas,Müller,68',68,0,second half,0,0
G-2615,WC-2010,2010 FIFA Men's World Cup,2010,M-2010-08,Germany vs Australia,14773.0,20:30,T-31,1,0,P-10713,not applicable Cacau,not applicable,Cacau,70',70,0,second half,0,0
G-2616,WC-2010,2010 FIFA Men's World Cup,2010,M-2010-09,Netherlands vs Denmark,14774.0,13:30,T-48,1,0,P-52264,Daniel Agger,Daniel,Agger,46',46,0,second half,1,0
G-2617,WC-2010,2010 FIFA Men's World Cup,2010,M-2010-09,Netherlands vs Denmark,14774.0,13:30,T-48,1,0,P-33312,Dirk Kuyt,Dirk,Kuyt,85',85,0,second half,0,0
G-2618,WC-2010,2010 FIFA Men's World Cup,2010,M-2010-10,Japan vs Cameroon,14774.0,16:00,T-44,1,0,P-33175,Keisuke Honda,Keisuke,Honda,39',39,0,first half,0,0
G-2619,WC-2010,2010 FIFA Men's World Cup,2010,M-2010-11,Italy vs Paraguay,14774.0,20:30,T-55,0,1,P-87859,Antolín Alcaraz,Antolín,Alcaraz,39',39,0,first half,0,0
G-2620,WC-2010,2010 FIFA Men's World Cup,2010,M-2010-11,Italy vs Paraguay,14774.0,20:30,T-41,1,0,P-65802,Daniele De Rossi,Daniele,De Rossi,63',63,0,second half,0,0
G-2621,WC-2010,2010 FIFA Men's World Cup,2010,M-2010-12,New Zealand vs Slovakia,14775.0,13:30,T-68,0,1,P-14764,Róbert Vittek,Róbert,Vittek,50',50,0,second half,0,0
G-2622,WC-2010,2010 FIFA Men's World Cup,2010,M-2010-12,New Zealand vs Slovakia,14775.0,13:30,T-49,1,0,P-57058,Winston Reid,Winston,Reid,90'+3',90,3,"second half, stoppage time",0,0
G-2623,WC-2010,2010 FIFA Men's World Cup,2010,M-2010-14,Brazil vs North Korea,14775.0,20:30,T-09,1,0,P-94551,not applicable Maicon,not applicable,Maicon,55',55,0,second half,0,0
G-2624,WC-2010,2010 FIFA Men's World Cup,2010,M-2010-14,Brazil vs North Korea,14775.0,20:30,T-09,1,0,P-78264,not applicable Elano,not applicable,Elano,72',72,0,second half,0,0
G-2625,WC-2010,2010 FIFA Men's World Cup,2010,M-2010-14,Brazil vs North Korea,14775.0,20:30,T-51,0,1,P-01454,Yun-nam Ji,Yun-nam,Ji,89',89,0,second half,0,0
G-2626,WC-2010,2010 FIFA Men's World Cup,2010,M-2010-15,Honduras vs Chile,14776.0,13:30,T-13,0,1,P-74480,Jean Beausejour,Jean,Beausejour,34',34,0,first half,0,0
G-2627,WC-2010,2010 FIFA Men's World Cup,2010,M-2010-16,Spain vs Switzerland,14776.0,16:00,T-75,0,1,P-77553,Gélson Fernandes,Gélson,Fernandes,52',52,0,second half,0,0
G-2628,WC-2010,2010 FIFA Men's World Cup,2010,M-2010-17,South Africa vs Uruguay,14776.0,20:30,T-84,0,1,P-86087,Diego Forlán,Diego,Forlán,24',24,0,first half,0,0
G-2629,WC-2010,2010 FIFA Men's World Cup,2010,M-2010-17,South Africa vs Uruguay,14776.0,20:30,T-84,0,1,P-86087,Diego Forlán,Diego,Forlán,80',80,0,second half,0,1
G-2630,WC-2010,2010 FIFA Men's World Cup,2010,M-2010-17,South Africa vs Uruguay,14776.0,20:30,T-84,0,1,P-11075,Álvaro Pereira,Álvaro,Pereira,90'+5',90,5,"second half, stoppage time",0,0
G-2631,WC-2010,2010 FIFA Men's World Cup,2010,M-2010-18,Argentina vs South Korea,14777.0,13:30,T-03,1,0,P-06608,Chu-young Park,Chu-young,Park,17',17,0,first half,1,0
G-2632,WC-2010,2010 FIFA Men's World Cup,2010,M-2010-18,Argentina vs South Korea,14777.0,13:30,T-03,1,0,P-29398,Gonzalo Higuaín,Gonzalo,Higuaín,33',33,0,first half,0,0
G-2633,WC-2010,2010 FIFA Men's World Cup,2010,M-2010-18,Argentina vs South Korea,14777.0,13:30,T-71,0,1,P-40927,Chung-yong Lee,Chung-yong,Lee,45'+1',45,1,"first half, stoppage time",0,0
G-2634,WC-2010,2010 FIFA Men's World Cup,2010,M-2010-18,Argentina vs South Korea,14777.0,13:30,T-03,1,0,P-29398,Gonzalo Higuaín,Gonzalo,Higuaín,76',76,0,second half,0,0
G-2635,WC-2010,2010 FIFA Men's World Cup,2010,M-2010-18,Argentina vs South Korea,14777.0,13:30,T-03,1,0,P-29398,Gonzalo Higuaín,Gonzalo,Higuaín,80',80,0,second half,0,0
G-2636,WC-2010,2010 FIFA Men's World Cup,2010,M-2010-19,Greece vs Nigeria,14777.0,16:00,T-50,0,1,P-98626,Kalu Uche,Kalu,Uche,16',16,0,first half,0,0
G-2637,WC-2010,2010 FIFA Men's World Cup,2010,M-2010-19,Greece vs Nigeria,14777.0,16:00,T-33,1,0,P-75292,Dimitris Salpingidis,Dimitris,Salpingidis,44',44,0,first half,0,0
G-2638,WC-2010,2010 FIFA Men's World Cup,2010,M-2010-19,Greece vs Nigeria,14777.0,16:00,T-33,1,0,P-05210,Vasilis Torosidis,Vasilis,Torosidis,71',71,0,second half,0,0
G-2639,WC-2010,2010 FIFA Men's World Cup,2010,M-2010-20,France vs Mexico,14777.0,20:30,T-46,0,1,P-36515,Javier Hernández,Javier,Hernández,64',64,0,second half,0,0
G-2640,WC-2010,2010 FIFA Men's World Cup,2010,M-2010-20,France vs Mexico,14777.0,20:30,T-46,0,1,P-88428,Cuauhtémoc Blanco,Cuauhtémoc,Blanco,79',79,0,second half,0,1
G-2641,WC-2010,2010 FIFA Men's World Cup,2010,M-2010-21,Germany vs Serbia,14778.0,13:30,T-66,0,1,P-56515,Milan Jovanović,Milan,Jovanović,38',38,0,first half,0,0
G-2642,WC-2010,2010 FIFA Men's World Cup,2010,M-2010-22,Slovenia vs United States,14778.0,16:00,T-69,1,0,P-20008,Valter Birsa,Valter,Birsa,13',13,0,first half,0,0
G-2643,WC-2010,2010 FIFA Men's World Cup,2010,M-2010-22,Slovenia vs United States,14778.0,16:00,T-69,1,0,P-01012,Zlatan Ljubijankić,Zlatan,Ljubijankić,42',42,0,first half,0,0
G-2644,WC-2010,2010 FIFA Men's World Cup,2010,M-2010-22,Slovenia vs United States,14778.0,16:00,T-83,0,1,P-05728,Landon Donovan,Landon,Donovan,48',48,0,second half,0,0
G-2645,WC-2010,2010 FIFA Men's World Cup,2010,M-2010-22,Slovenia vs United States,14778.0,16:00,T-83,0,1,P-97258,Michael Bradley,Michael,Bradley,82',82,0,second half,0,0
G-2646,WC-2010,2010 FIFA Men's World Cup,2010,M-2010-24,Netherlands vs Japan,14779.0,13:30,T-48,1,0,P-51336,Wesley Sneijder,Wesley,Sneijder,53',53,0,second half,0,0
G-2647,WC-2010,2010 FIFA Men's World Cup,2010,M-2010-25,Ghana vs Australia,14779.0,16:00,T-04,0,1,P-96211,Brett Holman,Brett,Holman,11',11,0,first half,0,0
G-2648,WC-2010,2010 FIFA Men's World Cup,2010,M-2010-25,Ghana vs Australia,14779.0,16:00,T-32,1,0,P-38556,Asamoah Gyan,Asamoah,Gyan,25',25,0,first half,0,1
G-2649,WC-2010,2010 FIFA Men's World Cup,2010,M-2010-26,Cameroon vs Denmark,14779.0,20:30,T-11,1,0,P-61703,Samuel Eto'o,Samuel,Eto'o,10',10,0,first half,0,0
G-2650,WC-2010,2010 FIFA Men's World Cup,2010,M-2010-26,Cameroon vs Denmark,14779.0,20:30,T-22,0,1,P-38862,Nicklas Bendtner,Nicklas,Bendtner,33',33,0,first half,0,0
G-2651,WC-2010,2010 FIFA Men's World Cup,2010,M-2010-26,Cameroon vs Denmark,14779.0,20:30,T-22,0,1,P-80170,Dennis Rommedahl,Dennis,Rommedahl,61',61,0,second half,0,0
G-2652,WC-2010,2010 FIFA Men's World Cup,2010,M-2010-27,Slovakia vs Paraguay,14780.0,13:30,T-55,0,1,P-18210,Enrique Vera,Enrique,Vera,27',27,0,first half,0,0
G-2653,WC-2010,2010 FIFA Men's World Cup,2010,M-2010-27,Slovakia vs Paraguay,14780.0,13:30,T-55,0,1,P-78654,Cristian Riveros,Cristian,Riveros,86',86,0,second half,0,0
G-2654,WC-2010,2010 FIFA Men's World Cup,2010,M-2010-28,Italy vs New Zealand,14780.0,16:00,T-49,0,1,P-90145,Shane Smeltz,Shane,Smeltz,7',7,0,first half,0,0
G-2655,WC-2010,2010 FIFA Men's World Cup,2010,M-2010-28,Italy vs New Zealand,14780.0,16:00,T-41,1,0,P-38599,Vincenzo Iaquinta,Vincenzo,Iaquinta,29',29,0,first half,0,1
G-2656,WC-2010,2010 FIFA Men's World Cup,2010,M-2010-29,Brazil vs Ivory Coast,14780.0,20:30,T-09,1,0,P-98528,Luís Fabiano,Luís,Fabiano,25',25,0,first half,0,0
G-2657,WC-2010,2010 FIFA Men's World Cup,2010,M-2010-29,Brazil vs Ivory Coast,14780.0,20:30,T-09,1,0,P-98528,Luís Fabiano,Luís,Fabiano,50',50,0,second half,0,0
G-2658,WC-2010,2010 FIFA Men's World Cup,2010,M-2010-29,Brazil vs Ivory Coast,14780.0,20:30,T-09,1,0,P-78264,not applicable Elano,not applicable,Elano,62',62,0,second half,0,0
G-2659,WC-2010,2010 FIFA Men's World Cup,2010,M-2010-29,Brazil vs Ivory Coast,14780.0,20:30,T-42,0,1,P-99466,Didier Drogba,Didier,Drogba,79',79,0,second half,0,0
G-2660,WC-2010,2010 FIFA Men's World Cup,2010,M-2010-30,Portugal vs North Korea,14781.0,13:30,T-58,1,0,P-88101,Raul Meireles,Raul,Meireles,29',29,0,first half,0,0
G-2661,WC-2010,2010 FIFA Men's World Cup,2010,M-2010-30,Portugal vs North Korea,14781.0,13:30,T-58,1,0,P-32279,not applicable Simão,not applicable,Simão,53',53,0,second half,0,0
G-2662,WC-2010,2010 FIFA Men's World Cup,2010,M-2010-30,Portugal vs North Korea,14781.0,13:30,T-58,1,0,P-14428,Hugo Almeida,Hugo,Almeida,56',56,0,second half,0,0
G-2663,WC-2010,2010 FIFA Men's World Cup,2010,M-2010-30,Portugal vs North Korea,14781.0,13:30,T-58,1,0,P-21434,not applicable Tiago,not applicable,Tiago,60',60,0,second half,0,0
G-2664,WC-2010,2010 FIFA Men's World Cup,2010,M-2010-30,Portugal vs North Korea,14781.0,13:30,T-58,1,0,P-28404,not applicable Liédson,not applicable,Liédson,81',81,0,second half,0,0
G-2665,WC-2010,2010 FIFA Men's World Cup,2010,M-2010-30,Portugal vs North Korea,14781.0,13:30,T-58,1,0,P-70442,Cristiano Ronaldo,Cristiano,Ronaldo,87',87,0,second half,0,0
G-2666,WC-2010,2010 FIFA Men's World Cup,2010,M-2010-30,Portugal vs North Korea,14781.0,13:30,T-58,1,0,P-21434,not applicable Tiago,not applicable,Tiago,89',89,0,second half,0,0
G-2667,WC-2010,2010 FIFA Men's World Cup,2010,M-2010-31,Chile vs Switzerland,14781.0,16:00,T-13,1,0,P-35574,Mark González,Mark,González,75',75,0,second half,0,0
G-2668,WC-2010,2010 FIFA Men's World Cup,2010,M-2010-32,Spain vs Honduras,14781.0,20:30,T-73,1,0,P-49097,David Villa,David,Villa,17',17,0,first half,0,0
G-2669,WC-2010,2010 FIFA Men's World Cup,2010,M-2010-32,Spain vs Honduras,14781.0,20:30,T-73,1,0,P-49097,David Villa,David,Villa,51',51,0,second half,0,0
G-2670,WC-2010,2010 FIFA Men's World Cup,2010,M-2010-33,France vs South Africa,14782.0,16:00,T-70,0,1,P-61943,Bongani Khumalo,Bongani,Khumalo,20',20,0,first half,0,0
G-2671,WC-2010,2010 FIFA Men's World Cup,2010,M-2010-33,France vs South Africa,14782.0,16:00,T-70,0,1,P-39078,Katlego Mphela,Katlego,Mphela,37',37,0,first half,0,0
G-2672,WC-2010,2010 FIFA Men's World Cup,2010,M-2010-33,France vs South Africa,14782.0,16:00,T-30,1,0,P-18830,Florent Malouda,Florent,Malouda,70',70,0,second half,0,0
G-2673,WC-2010,2010 FIFA Men's World Cup,2010,M-2010-34,Mexico vs Uruguay,14782.0,16:00,T-84,0,1,P-30486,Luis Suárez,Luis,Suárez,43',43,0,first half,0,0
G-2674,WC-2010,2010 FIFA Men's World Cup,2010,M-2010-35,Greece vs Argentina,14782.0,20:30,T-03,0,1,P-39810,Martín Demichelis,Martín,Demichelis,77',77,0,second half,0,0
G-2675,WC-2010,2010 FIFA Men's World Cup,2010,M-2010-35,Greece vs Argentina,14782.0,20:30,T-03,0,1,P-60592,Martín Palermo,Martín,Palermo,89',89,0,second half,0,0
G-2676,WC-2010,2010 FIFA Men's World Cup,2010,M-2010-36,Nigeria vs South Korea,14782.0,20:30,T-50,1,0,P-98626,Kalu Uche,Kalu,Uche,12',12,0,first half,0,0
G-2677,WC-2010,2010 FIFA Men's World Cup,2010,M-2010-36,Nigeria vs South Korea,14782.0,20:30,T-71,0,1,P-07494,Jung-soo Lee,Jung-soo,Lee,38',38,0,first half,0,0
G-2678,WC-2010,2010 FIFA Men's World Cup,2010,M-2010-36,Nigeria vs South Korea,14782.0,20:30,T-71,0,1,P-06608,Chu-young Park,Chu-young,Park,49',49,0,second half,0,0
G-2679,WC-2010,2010 FIFA Men's World Cup,2010,M-2010-36,Nigeria vs South Korea,14782.0,20:30,T-50,1,0,P-98373,not applicable Yakubu,not applicable,Yakubu,69',69,0,second half,0,1
G-2680,WC-2010,2010 FIFA Men's World Cup,2010,M-2010-37,Slovenia vs England,14783.0,16:00,T-28,0,1,P-42890,Jermain Defoe,Jermain,Defoe,23',23,0,first half,0,0
G-2681,WC-2010,2010 FIFA Men's World Cup,2010,M-2010-38,United States vs Algeria,14783.0,16:00,T-83,1,0,P-05728,Landon Donovan,Landon,Donovan,90'+1',90,1,"second half, stoppage time",0,0
G-2682,WC-2010,2010 FIFA Men's World Cup,2010,M-2010-39,Australia vs Serbia,14783.0,20:30,T-04,1,0,P-44926,Tim Cahill,Tim,Cahill,69',69,0,second half,0,0
G-2683,WC-2010,2010 FIFA Men's World Cup,2010,M-2010-39,Australia vs Serbia,14783.0,20:30,T-04,1,0,P-96211,Brett Holman,Brett,Holman,73',73,0,second half,0,0
G-2684,WC-2010,2010 FIFA Men's World Cup,2010,M-2010-39,Australia vs Serbia,14783.0,20:30,T-66,0,1,P-07371,Marko Pantelić,Marko,Pantelić,84',84,0,second half,0,0
G-2685,WC-2010,2010 FIFA Men's World Cup,2010,M-2010-40,Ghana vs Germany,14783.0,20:30,T-31,0,1,P-12818,Mesut Özil,Mesut,Özil,60',60,0,second half,0,0
G-2686,WC-2010,2010 FIFA Men's World Cup,2010,M-2010-42,Slovakia vs Italy,14784.0,16:00,T-68,1,0,P-14764,Róbert Vittek,Róbert,Vittek,25',25,0,first half,0,0
G-2687,WC-2010,2010 FIFA Men's World Cup,2010,M-2010-42,Slovakia vs Italy,14784.0,16:00,T-68,1,0,P-14764,Róbert Vittek,Róbert,Vittek,73',73,0,second half,0,0
G-2688,WC-2010,2010 FIFA Men's World Cup,2010,M-2010-42,Slovakia vs Italy,14784.0,16:00,T-41,0,1,P-75306,Antonio Di Natale,Antonio,Di Natale,81',81,0,second half,0,0
G-2689,WC-2010,2010 FIFA Men's World Cup,2010,M-2010-42,Slovakia vs Italy,14784.0,16:00,T-68,1,0,P-40368,Kamil Kopúnek,Kamil,Kopúnek,89',89,0,second half,0,0
G-2690,WC-2010,2010 FIFA Men's World Cup,2010,M-2010-42,Slovakia vs Italy,14784.0,16:00,T-41,0,1,P-01045,Fabio Quagliarella,Fabio,Quagliarella,90'+2',90,2,"second half, stoppage time",0,0
G-2691,WC-2010,2010 FIFA Men's World Cup,2010,M-2010-43,Cameroon vs Netherlands,14784.0,20:30,T-48,0,1,P-99934,Robin van Persie,Robin,van Persie,36',36,0,first half,0,0
G-2692,WC-2010,2010 FIFA Men's World Cup,2010,M-2010-43,Cameroon vs Netherlands,14784.0,20:30,T-11,1,0,P-61703,Samuel Eto'o,Samuel,Eto'o,65',65,0,second half,0,1
G-2693,WC-2010,2010 FIFA Men's World Cup,2010,M-2010-43,Cameroon vs Netherlands,14784.0,20:30,T-48,0,1,P-64344,Klaas-Jan Huntelaar,Klaas-Jan,Huntelaar,83',83,0,second half,0,0
G-2694,WC-2010,2010 FIFA Men's World Cup,2010,M-2010-44,Denmark vs Japan,14784.0,20:30,T-44,0,1,P-33175,Keisuke Honda,Keisuke,Honda,17',17,0,first half,0,0
G-2695,WC-2010,2010 FIFA Men's World Cup,2010,M-2010-44,Denmark vs Japan,14784.0,20:30,T-44,0,1,P-61292,Yasuhito Endō,Yasuhito,Endō,30',30,0,first half,0,0
G-2696,WC-2010,2010 FIFA Men's World Cup,2010,M-2010-44,Denmark vs Japan,14784.0,20:30,T-22,1,0,P-50534,Jon Dahl Tomasson,Jon Dahl,Tomasson,81',81,0,second half,0,0
G-2697,WC-2010,2010 FIFA Men's World Cup,2010,M-2010-44,Denmark vs Japan,14784.0,20:30,T-44,0,1,P-84807,Shinji Okazaki,Shinji,Okazaki,87',87,0,second half,0,0
G-2698,WC-2010,2010 FIFA Men's World Cup,2010,M-2010-45,North Korea vs Ivory Coast,14785.0,16:00,T-42,0,1,P-44934,Yaya Touré,Yaya,Touré,14',14,0,first half,0,0
G-2699,WC-2010,2010 FIFA Men's World Cup,2010,M-2010-45,North Korea vs Ivory Coast,14785.0,16:00,T-42,0,1,P-55581,not applicable Romaric,not applicable,Romaric,20',20,0,first half,0,0
G-2700,WC-2010,2010 FIFA Men's World Cup,2010,M-2010-45,North Korea vs Ivory Coast,14785.0,16:00,T-42,0,1,P-31976,Salomon Kalou,Salomon,Kalou,82',82,0,second half,0,0
G-2701,WC-2010,2010 FIFA Men's World Cup,2010,M-2010-47,Chile vs Spain,14785.0,20:30,T-73,0,1,P-49097,David Villa,David,Villa,24',24,0,first half,0,0
G-2702,WC-2010,2010 FIFA Men's World Cup,2010,M-2010-47,Chile vs Spain,14785.0,20:30,T-73,0,1,P-56330,Andrés Iniesta,Andrés,Iniesta,37',37,0,first half,0,0
G-2703,WC-2010,2010 FIFA Men's World Cup,2010,M-2010-47,Chile vs Spain,14785.0,20:30,T-13,1,0,P-39840,Rodrigo Millar,Rodrigo,Millar,47',47,0,second half,0,0
G-2704,WC-2010,2010 FIFA Men's World Cup,2010,M-2010-49,Uruguay vs South Korea,14786.0,16:00,T-84,1,0,P-30486,Luis Suárez,Luis,Suárez,8',8,0,first half,0,0
G-2705,WC-2010,2010 FIFA Men's World Cup,2010,M-2010-49,Uruguay vs South Korea,14786.0,16:00,T-71,0,1,P-40927,Chung-yong Lee,Chung-yong,Lee,68',68,0,second half,0,0
G-2706,WC-2010,2010 FIFA Men's World Cup,2010,M-2010-49,Uruguay vs South Korea,14786.0,16:00,T-84,1,0,P-30486,Luis Suárez,Luis,Suárez,80',80,0,second half,0,0
G-2707,WC-2010,2010 FIFA Men's World Cup,2010,M-2010-50,United States vs Ghana,14786.0,20:30,T-32,0,1,P-66316,Kevin-Prince Boateng,Kevin-Prince,Boateng,5',5,0,first half,0,0
G-2708,WC-2010,2010 FIFA Men's World Cup,2010,M-2010-50,United States vs Ghana,14786.0,20:30,T-83,1,0,P-05728,Landon Donovan,Landon,Donovan,62',62,0,second half,0,1
G-2709,WC-2010,2010 FIFA Men's World Cup,2010,M-2010-50,United States vs Ghana,14786.0,20:30,T-32,0,1,P-38556,Asamoah Gyan,Asamoah,Gyan,93',93,0,"extra time, first half",0,0
G-2710,WC-2010,2010 FIFA Men's World Cup,2010,M-2010-51,Germany vs England,14787.0,16:00,T-31,1,0,P-27787,Miroslav Klose,Miroslav,Klose,20',20,0,first half,0,0
G-2711,WC-2010,2010 FIFA Men's World Cup,2010,M-2010-51,Germany vs England,14787.0,16:00,T-31,1,0,P-36287,Lukas Podolski,Lukas,Podolski,32',32,0,first half,0,0
G-2712,WC-2010,2010 FIFA Men's World Cup,2010,M-2010-51,Germany vs England,14787.0,16:00,T-28,0,1,P-41152,Matthew Upson,Matthew,Upson,37',37,0,first half,0,0
G-2713,WC-2010,2010 FIFA Men's World Cup,2010,M-2010-51,Germany vs England,14787.0,16:00,T-31,1,0,P-28154,Thomas Müller,Thomas,Müller,67',67,0,second half,0,0
G-2714,WC-2010,2010 FIFA Men's World Cup,2010,M-2010-51,Germany vs England,14787.0,16:00,T-31,1,0,P-28154,Thomas Müller,Thomas,Müller,70',70,0,second half,0,0
G-2715,WC-2010,2010 FIFA Men's World Cup,2010,M-2010-52,Argentina vs Mexico,14787.0,20:30,T-03,1,0,P-29080,Carlos Tevez,Carlos,Tevez,26',26,0,first half,0,0
G-2716,WC-2010,2010 FIFA Men's World Cup,2010,M-2010-52,Argentina vs Mexico,14787.0,20:30,T-03,1,0,P-29398,Gonzalo Higuaín,Gonzalo,Higuaín,33',33,0,first half,0,0
G-2717,WC-2010,2010 FIFA Men's World Cup,2010,M-2010-52,Argentina vs Mexico,14787.0,20:30,T-03,1,0,P-29080,Carlos Tevez,Carlos,Tevez,52',52,0,second half,0,0
G-2718,WC-2010,2010 FIFA Men's World Cup,2010,M-2010-52,Argentina vs Mexico,14787.0,20:30,T-46,0,1,P-36515,Javier Hernández,Javier,Hernández,71',71,0,second half,0,0
G-2719,WC-2010,2010 FIFA Men's World Cup,2010,M-2010-53,Netherlands vs Slovakia,14788.0,16:00,T-48,1,0,P-23705,Arjen Robben,Arjen,Robben,18',18,0,first half,0,0
G-2720,WC-2010,2010 FIFA Men's World Cup,2010,M-2010-53,Netherlands vs Slovakia,14788.0,16:00,T-48,1,0,P-51336,Wesley Sneijder,Wesley,Sneijder,84',84,0,second half,0,0
G-2721,WC-2010,2010 FIFA Men's World Cup,2010,M-2010-53,Netherlands vs Slovakia,14788.0,16:00,T-68,0,1,P-14764,Róbert Vittek,Róbert,Vittek,90'+4',90,4,"second half, stoppage time",0,1
G-2722,WC-2010,2010 FIFA Men's World Cup,2010,M-2010-54,Brazil vs Chile,14788.0,20:30,T-09,1,0,P-98607,not applicable Juan,not applicable,Juan,35',35,0,first half,0,0
G-2723,WC-2010,2010 FIFA Men's World Cup,2010,M-2010-54,Brazil vs Chile,14788.0,20:30,T-09,1,0,P-98528,Luís Fabiano,Luís,Fabiano,38',38,0,first half,0,0
G-2724,WC-2010,2010 FIFA Men's World Cup,2010,M-2010-54,Brazil vs Chile,14788.0,20:30,T-09,1,0,P-13354,not applicable Robinho,not applicable,Robinho,59',59,0,second half,0,0
G-2725,WC-2010,2010 FIFA Men's World Cup,2010,M-2010-56,Spain vs Portugal,14789.0,20:30,T-73,1,0,P-49097,David Villa,David,Villa,63',63,0,second half,0,0
G-2726,WC-2010,2010 FIFA Men's World Cup,2010,M-2010-57,Netherlands vs Brazil,14792.0,16:00,T-09,0,1,P-13354,not applicable Robinho,not applicable,Robinho,10',10,0,first half,0,0
G-2727,WC-2010,2010 FIFA Men's World Cup,2010,M-2010-57,Netherlands vs Brazil,14792.0,16:00,T-48,1,0,P-51336,Wesley Sneijder,Wesley,Sneijder,53',53,0,second half,0,0
G-2728,WC-2010,2010 FIFA Men's World Cup,2010,M-2010-57,Netherlands vs Brazil,14792.0,16:00,T-48,1,0,P-51336,Wesley Sneijder,Wesley,Sneijder,68',68,0,second half,0,0
G-2729,WC-2010,2010 FIFA Men's World Cup,2010,M-2010-58,Uruguay vs Ghana,14792.0,20:30,T-32,0,1,P-50641,Sulley Muntari,Sulley,Muntari,45'+2',45,2,"first half, stoppage time",0,0
G-2730,WC-2010,2010 FIFA Men's World Cup,2010,M-2010-58,Uruguay vs Ghana,14792.0,20:30,T-84,1,0,P-86087,Diego Forlán,Diego,Forlán,55',55,0,second half,0,0
G-2731,WC-2010,2010 FIFA Men's World Cup,2010,M-2010-59,Argentina vs Germany,14793.0,16:00,T-31,0,1,P-28154,Thomas Müller,Thomas,Müller,3',3,0,first half,0,0
G-2732,WC-2010,2010 FIFA Men's World Cup,2010,M-2010-59,Argentina vs Germany,14793.0,16:00,T-31,0,1,P-27787,Miroslav Klose,Miroslav,Klose,68',68,0,second half,0,0
G-2733,WC-2010,2010 FIFA Men's World Cup,2010,M-2010-59,Argentina vs Germany,14793.0,16:00,T-31,0,1,P-43481,Arne Friedrich,Arne,Friedrich,74',74,0,second half,0,0
G-2734,WC-2010,2010 FIFA Men's World Cup,2010,M-2010-59,Argentina vs Germany,14793.0,16:00,T-31,0,1,P-27787,Miroslav Klose,Miroslav,Klose,89',89,0,second half,0,0
G-2735,WC-2010,2010 FIFA Men's World Cup,2010,M-2010-60,Paraguay vs Spain,14793.0,20:30,T-73,0,1,P-49097,David Villa,David,Villa,83',83,0,second half,0,0
G-2736,WC-2010,2010 FIFA Men's World Cup,2010,M-2010-61,Uruguay vs Netherlands,14796.0,20:30,T-48,0,1,P-21832,Giovanni van Bronckhorst,Giovanni,van Bronckhorst,18',18,0,first half,0,0
G-2737,WC-2010,2010 FIFA Men's World Cup,2010,M-2010-61,Uruguay vs Netherlands,14796.0,20:30,T-84,1,0,P-86087,Diego Forlán,Diego,Forlán,41',41,0,first half,0,0
G-2738,WC-2010,2010 FIFA Men's World Cup,2010,M-2010-61,Uruguay vs Netherlands,14796.0,20:30,T-48,0,1,P-51336,Wesley Sneijder,Wesley,Sneijder,70',70,0,second half,0,0
G-2739,WC-2010,2010 FIFA Men's World Cup,2010,M-2010-61,Uruguay vs Netherlands,14796.0,20:30,T-48,0,1,P-23705,Arjen Robben,Arjen,Robben,73',73,0,second half,0,0
G-2740,WC-2010,2010 FIFA Men's World Cup,2010,M-2010-61,Uruguay vs Netherlands,14796.0,20:30,T-84,1,0,P-41944,Maxi Pereira,Maxi,Pereira,90'+2',90,2,"second half, stoppage time",0,0
G-2741,WC-2010,2010 FIFA Men's World Cup,2010,M-2010-62,Germany vs Spain,14797.0,20:30,T-73,0,1,P-51089,Carles Puyol,Carles,Puyol,73',73,0,second half,0,0
G-2742,WC-2010,2010 FIFA Men's World Cup,2010,M-2010-63,Uruguay vs Germany,14800.0,20:30,T-31,0,1,P-28154,Thomas Müller,Thomas,Müller,19',19,0,first half,0,0
G-2743,WC-2010,2010 FIFA Men's World Cup,2010,M-2010-63,Uruguay vs Germany,14800.0,20:30,T-84,1,0,P-59138,Edinson Cavani,Edinson,Cavani,28',28,0,first half,0,0
G-2744,WC-2010,2010 FIFA Men's World Cup,2010,M-2010-63,Uruguay vs Germany,14800.0,20:30,T-84,1,0,P-86087,Diego Forlán,Diego,Forlán,51',51,0,second half,0,0
G-2745,WC-2010,2010 FIFA Men's World Cup,2010,M-2010-63,Uruguay vs Germany,14800.0,20:30,T-31,0,1,P-50326,Marcell Jansen,Marcell,Jansen,56',56,0,second half,0,0
G-2746,WC-2010,2010 FIFA Men's World Cup,2010,M-2010-63,Uruguay vs Germany,14800.0,20:30,T-31,0,1,P-13029,Sami Khedira,Sami,Khedira,82',82,0,second half,0,0
G-2747,WC-2010,2010 FIFA Men's World Cup,2010,M-2010-64,Netherlands vs Spain,14801.0,20:30,T-73,0,1,P-56330,Andrés Iniesta,Andrés,Iniesta,116',116,0,"extra time, second half",0,0
G-2748,WC-2011,2011 FIFA Women's World Cup,2011,M-2011-01,Nigeria vs France,15151.0,15:00,T-30,0,1,P-89379,Marie-Laure Delie,Marie-Laure,Delie,56',56,0,second half,0,0
G-2749,WC-2011,2011 FIFA Women's World Cup,2011,M-2011-02,Germany vs Canada,15151.0,18:00,T-31,1,0,P-08780,Kerstin Garefrekes,Kerstin,Garefrekes,10',10,0,first half,0,0
G-2750,WC-2011,2011 FIFA Women's World Cup,2011,M-2011-02,Germany vs Canada,15151.0,18:00,T-31,1,0,P-66612,Célia Šašić,Célia,Šašić,42',42,0,first half,0,0
G-2751,WC-2011,2011 FIFA Women's World Cup,2011,M-2011-02,Germany vs Canada,15151.0,18:00,T-12,0,1,P-97813,Christine Sinclair,Christine,Sinclair,82',82,0,second half,0,0
G-2752,WC-2011,2011 FIFA Women's World Cup,2011,M-2011-03,Japan vs New Zealand,15152.0,15:00,T-44,1,0,P-20246,Yūki Ōgimi,Yūki,Ōgimi,6',6,0,first half,0,0
G-2753,WC-2011,2011 FIFA Women's World Cup,2011,M-2011-03,Japan vs New Zealand,15152.0,15:00,T-49,0,1,P-57283,Amber Hearn,Amber,Hearn,12',12,0,first half,0,0
G-2754,WC-2011,2011 FIFA Women's World Cup,2011,M-2011-03,Japan vs New Zealand,15152.0,15:00,T-44,1,0,P-04310,Aya Miyama,Aya,Miyama,68',68,0,second half,0,0
G-2755,WC-2011,2011 FIFA Women's World Cup,2011,M-2011-04,Mexico vs England,15152.0,18:00,T-28,0,1,P-10986,Fara Williams,Fara,Williams,21',21,0,first half,0,0
G-2756,WC-2011,2011 FIFA Women's World Cup,2011,M-2011-04,Mexico vs England,15152.0,18:00,T-46,1,0,P-03700,Mónica Ocampo,Mónica,Ocampo,33',33,0,first half,0,0
G-2757,WC-2011,2011 FIFA Women's World Cup,2011,M-2011-05,Colombia vs Sweden,15153.0,15:00,T-74,0,1,P-49071,Jessica Landström,Jessica,Landström,57',57,0,second half,0,0
G-2758,WC-2011,2011 FIFA Women's World Cup,2011,M-2011-06,United States vs North Korea,15153.0,18:15,T-83,1,0,P-81449,Lauren Holiday,Lauren,Holiday,54',54,0,second half,0,0
G-2759,WC-2011,2011 FIFA Women's World Cup,2011,M-2011-06,United States vs North Korea,15153.0,18:15,T-83,1,0,P-76699,Rachel Buehler,Rachel,Buehler,76',76,0,second half,0,0
G-2760,WC-2011,2011 FIFA Women's World Cup,2011,M-2011-07,Norway vs Equatorial Guinea,15154.0,15:00,T-53,1,0,P-48031,Emilie Haavi,Emilie,Haavi,84',84,0,second half,0,0
G-2761,WC-2011,2011 FIFA Women's World Cup,2011,M-2011-08,Brazil vs Australia,15154.0,18:15,T-09,1,0,P-85281,not applicable Rosana,not applicable,Rosana,54',54,0,second half,0,0
G-2762,WC-2011,2011 FIFA Women's World Cup,2011,M-2011-09,Canada vs France,15155.0,18:00,T-30,0,1,P-23859,Gaëtane Thiney,Gaëtane,Thiney,24',24,0,first half,0,0
G-2763,WC-2011,2011 FIFA Women's World Cup,2011,M-2011-09,Canada vs France,15155.0,18:00,T-30,0,1,P-23859,Gaëtane Thiney,Gaëtane,Thiney,60',60,0,second half,0,0
G-2764,WC-2011,2011 FIFA Women's World Cup,2011,M-2011-09,Canada vs France,15155.0,18:00,T-30,0,1,P-72635,Camille Abily,Camille,Abily,66',66,0,second half,0,0
G-2765,WC-2011,2011 FIFA Women's World Cup,2011,M-2011-09,Canada vs France,15155.0,18:00,T-30,0,1,P-00064,Élodie Thomis,Élodie,Thomis,83',83,0,second half,0,0
G-2766,WC-2011,2011 FIFA Women's World Cup,2011,M-2011-10,Germany vs Nigeria,15155.0,20:45,T-31,1,0,P-47092,Simone Laudehr,Simone,Laudehr,54',54,0,second half,0,0
G-2767,WC-2011,2011 FIFA Women's World Cup,2011,M-2011-11,Japan vs Mexico,15156.0,15:00,T-44,1,0,P-72113,Homare Sawa,Homare,Sawa,13',13,0,first half,0,0
G-2768,WC-2011,2011 FIFA Women's World Cup,2011,M-2011-11,Japan vs Mexico,15156.0,15:00,T-44,1,0,P-86882,Shinobu Ohno,Shinobu,Ohno,15',15,0,first half,0,0
G-2769,WC-2011,2011 FIFA Women's World Cup,2011,M-2011-11,Japan vs Mexico,15156.0,15:00,T-44,1,0,P-72113,Homare Sawa,Homare,Sawa,39',39,0,first half,0,0
G-2770,WC-2011,2011 FIFA Women's World Cup,2011,M-2011-11,Japan vs Mexico,15156.0,15:00,T-44,1,0,P-72113,Homare Sawa,Homare,Sawa,80',80,0,second half,0,0
G-2771,WC-2011,2011 FIFA Women's World Cup,2011,M-2011-12,New Zealand vs England,15156.0,18:15,T-49,1,0,P-24335,Sarah Gregorius,Sarah,Gregorius,18',18,0,first half,0,0
G-2772,WC-2011,2011 FIFA Women's World Cup,2011,M-2011-12,New Zealand vs England,15156.0,18:15,T-28,0,1,P-41187,Jill Scott,Jill,Scott,63',63,0,second half,0,0
G-2773,WC-2011,2011 FIFA Women's World Cup,2011,M-2011-12,New Zealand vs England,15156.0,18:15,T-28,0,1,P-65975,Jessica Clarke,Jessica,Clarke,81',81,0,second half,0,0
G-2774,WC-2011,2011 FIFA Women's World Cup,2011,M-2011-13,North Korea vs Sweden,15157.0,14:00,T-74,0,1,P-71934,Lisa Dahlkvist,Lisa,Dahlkvist,64',64,0,second half,0,0
G-2775,WC-2011,2011 FIFA Women's World Cup,2011,M-2011-14,United States vs Colombia,15157.0,18:00,T-83,1,0,P-54396,Heather O'Reilly,Heather,O'Reilly,12',12,0,first half,0,0
G-2776,WC-2011,2011 FIFA Women's World Cup,2011,M-2011-14,United States vs Colombia,15157.0,18:00,T-83,1,0,P-09273,Megan Rapinoe,Megan,Rapinoe,50',50,0,second half,0,0
G-2777,WC-2011,2011 FIFA Women's World Cup,2011,M-2011-14,United States vs Colombia,15157.0,18:00,T-83,1,0,P-62104,Carli Lloyd,Carli,Lloyd,57',57,0,second half,0,0
G-2778,WC-2011,2011 FIFA Women's World Cup,2011,M-2011-15,Australia vs Equatorial Guinea,15158.0,14:00,T-04,1,0,P-36992,Leena Khamis,Leena,Khamis,8',8,0,first half,0,0
G-2779,WC-2011,2011 FIFA Women's World Cup,2011,M-2011-15,Australia vs Equatorial Guinea,15158.0,14:00,T-29,0,1,P-37720,Genoveva Añonman,Genoveva,Añonman,21',21,0,first half,0,0
G-2780,WC-2011,2011 FIFA Women's World Cup,2011,M-2011-15,Australia vs Equatorial Guinea,15158.0,14:00,T-04,1,0,P-58730,Emily van Egmond,Emily,van Egmond,48',48,0,second half,0,0
G-2781,WC-2011,2011 FIFA Women's World Cup,2011,M-2011-15,Australia vs Equatorial Guinea,15158.0,14:00,T-04,1,0,P-83079,Lisa De Vanna,Lisa,De Vanna,51',51,0,second half,0,0
G-2782,WC-2011,2011 FIFA Women's World Cup,2011,M-2011-15,Australia vs Equatorial Guinea,15158.0,14:00,T-29,0,1,P-37720,Genoveva Añonman,Genoveva,Añonman,83',83,0,second half,0,0
G-2783,WC-2011,2011 FIFA Women's World Cup,2011,M-2011-16,Brazil vs Norway,15158.0,18:15,T-09,1,0,P-07458,not applicable Marta,not applicable,Marta,22',22,0,first half,0,0
G-2784,WC-2011,2011 FIFA Women's World Cup,2011,M-2011-16,Brazil vs Norway,15158.0,18:15,T-09,1,0,P-85281,not applicable Rosana,not applicable,Rosana,46',46,0,second half,0,0
G-2785,WC-2011,2011 FIFA Women's World Cup,2011,M-2011-16,Brazil vs Norway,15158.0,18:15,T-09,1,0,P-07458,not applicable Marta,not applicable,Marta,48',48,0,second half,0,0
G-2786,WC-2011,2011 FIFA Women's World Cup,2011,M-2011-17,England vs Japan,15160.0,18:15,T-28,1,0,P-84864,Ellen White,Ellen,White,15',15,0,first half,0,0
G-2787,WC-2011,2011 FIFA Women's World Cup,2011,M-2011-17,England vs Japan,15160.0,18:15,T-28,1,0,P-38142,Rachel Yankey,Rachel,Yankey,66',66,0,second half,0,0
G-2788,WC-2011,2011 FIFA Women's World Cup,2011,M-2011-18,New Zealand vs Mexico,15160.0,18:15,T-46,0,1,P-40788,Stephany Mayor,Stephany,Mayor,2',2,0,first half,0,0
G-2789,WC-2011,2011 FIFA Women's World Cup,2011,M-2011-18,New Zealand vs Mexico,15160.0,18:15,T-46,0,1,P-92275,Maribel Domínguez,Maribel,Domínguez,29',29,0,first half,0,0
G-2790,WC-2011,2011 FIFA Women's World Cup,2011,M-2011-18,New Zealand vs Mexico,15160.0,18:15,T-49,1,0,P-46683,Rebecca Smith,Rebecca,Smith,90',90,0,second half,0,0
G-2791,WC-2011,2011 FIFA Women's World Cup,2011,M-2011-18,New Zealand vs Mexico,15160.0,18:15,T-49,1,0,P-44115,Hannah Wilkinson,Hannah,Wilkinson,90'+4',90,4,"second half, stoppage time",0,0
G-2792,WC-2011,2011 FIFA Women's World Cup,2011,M-2011-19,Canada vs Nigeria,15160.0,20:45,T-50,0,1,P-55990,Perpetua Nkwocha,Perpetua,Nkwocha,73',73,0,second half,0,0
G-2793,WC-2011,2011 FIFA Women's World Cup,2011,M-2011-20,France vs Germany,15160.0,20:45,T-31,0,1,P-08780,Kerstin Garefrekes,Kerstin,Garefrekes,25',25,0,first half,0,0
G-2794,WC-2011,2011 FIFA Women's World Cup,2011,M-2011-20,France vs Germany,15160.0,20:45,T-31,0,1,P-27479,Inka Grings,Inka,Grings,32',32,0,first half,0,0
G-2795,WC-2011,2011 FIFA Women's World Cup,2011,M-2011-20,France vs Germany,15160.0,20:45,T-30,1,0,P-89379,Marie-Laure Delie,Marie-Laure,Delie,56',56,0,second half,0,0
G-2796,WC-2011,2011 FIFA Women's World Cup,2011,M-2011-20,France vs Germany,15160.0,20:45,T-31,0,1,P-27479,Inka Grings,Inka,Grings,68',68,0,second half,0,1
G-2797,WC-2011,2011 FIFA Women's World Cup,2011,M-2011-20,France vs Germany,15160.0,20:45,T-30,1,0,P-75036,Laura Georges,Laura,Georges,72',72,0,second half,0,0
G-2798,WC-2011,2011 FIFA Women's World Cup,2011,M-2011-20,France vs Germany,15160.0,20:45,T-31,0,1,P-66612,Célia Šašić,Célia,Šašić,89',89,0,second half,0,0
G-2799,WC-2011,2011 FIFA Women's World Cup,2011,M-2011-21,Australia vs Norway,15161.0,18:00,T-53,0,1,P-38110,Elise Thorsnes,Elise,Thorsnes,56',56,0,second half,0,0
G-2800,WC-2011,2011 FIFA Women's World Cup,2011,M-2011-21,Australia vs Norway,15161.0,18:00,T-04,1,0,P-77133,Kyah Simon,Kyah,Simon,57',57,0,second half,0,0
G-2801,WC-2011,2011 FIFA Women's World Cup,2011,M-2011-21,Australia vs Norway,15161.0,18:00,T-04,1,0,P-77133,Kyah Simon,Kyah,Simon,87',87,0,second half,0,0
G-2802,WC-2011,2011 FIFA Women's World Cup,2011,M-2011-22,Equatorial Guinea vs Brazil,15161.0,18:00,T-09,0,1,P-82497,not applicable Érika,not applicable,Érika,49',49,0,second half,0,0
G-2803,WC-2011,2011 FIFA Women's World Cup,2011,M-2011-22,Equatorial Guinea vs Brazil,15161.0,18:00,T-09,0,1,P-93057,not applicable Cristiane,not applicable,Cristiane,54',54,0,second half,0,0
G-2804,WC-2011,2011 FIFA Women's World Cup,2011,M-2011-22,Equatorial Guinea vs Brazil,15161.0,18:00,T-09,0,1,P-93057,not applicable Cristiane,not applicable,Cristiane,90'+3',90,3,"second half, stoppage time",0,1
G-2805,WC-2011,2011 FIFA Women's World Cup,2011,M-2011-24,Sweden vs United States,15161.0,20:45,T-74,1,0,P-71934,Lisa Dahlkvist,Lisa,Dahlkvist,16',16,0,first half,0,1
G-2806,WC-2011,2011 FIFA Women's World Cup,2011,M-2011-24,Sweden vs United States,15161.0,20:45,T-74,1,0,P-72716,Amy LePeilbet,Amy,LePeilbet,35',35,0,first half,1,0
G-2807,WC-2011,2011 FIFA Women's World Cup,2011,M-2011-24,Sweden vs United States,15161.0,20:45,T-83,0,1,P-89236,Abby Wambach,Abby,Wambach,67',67,0,second half,0,0
G-2808,WC-2011,2011 FIFA Women's World Cup,2011,M-2011-25,England vs France,15164.0,18:00,T-28,1,0,P-41187,Jill Scott,Jill,Scott,59',59,0,second half,0,0
G-2809,WC-2011,2011 FIFA Women's World Cup,2011,M-2011-25,England vs France,15164.0,18:00,T-30,0,1,P-81978,Élise Bussaglia,Élise,Bussaglia,88',88,0,second half,0,0
G-2810,WC-2011,2011 FIFA Women's World Cup,2011,M-2011-26,Germany vs Japan,15164.0,20:45,T-44,0,1,P-30837,Karina Maruyama,Karina,Maruyama,108',108,0,"extra time, second half",0,0
G-2811,WC-2011,2011 FIFA Women's World Cup,2011,M-2011-27,Sweden vs Australia,15165.0,13:00,T-74,1,0,P-95194,Therese Sjögran,Therese,Sjögran,11',11,0,first half,0,0
G-2812,WC-2011,2011 FIFA Women's World Cup,2011,M-2011-27,Sweden vs Australia,15165.0,13:00,T-74,1,0,P-71934,Lisa Dahlkvist,Lisa,Dahlkvist,16',16,0,first half,0,0
G-2813,WC-2011,2011 FIFA Women's World Cup,2011,M-2011-27,Sweden vs Australia,15165.0,13:00,T-04,0,1,P-24314,Ellyse Perry,Ellyse,Perry,40',40,0,first half,0,0
G-2814,WC-2011,2011 FIFA Women's World Cup,2011,M-2011-27,Sweden vs Australia,15165.0,13:00,T-74,1,0,P-96721,Lotta Schelin,Lotta,Schelin,52',52,0,second half,0,0
G-2815,WC-2011,2011 FIFA Women's World Cup,2011,M-2011-28,Brazil vs United States,15165.0,17:30,T-83,0,1,P-25746,not applicable Daiane,not applicable,Daiane,2',2,0,first half,1,0
G-2816,WC-2011,2011 FIFA Women's World Cup,2011,M-2011-28,Brazil vs United States,15165.0,17:30,T-09,1,0,P-07458,not applicable Marta,not applicable,Marta,68',68,0,second half,0,1
G-2817,WC-2011,2011 FIFA Women's World Cup,2011,M-2011-28,Brazil vs United States,15165.0,17:30,T-09,1,0,P-07458,not applicable Marta,not applicable,Marta,92',92,0,"extra time, first half",0,0
G-2818,WC-2011,2011 FIFA Women's World Cup,2011,M-2011-28,Brazil vs United States,15165.0,17:30,T-83,0,1,P-89236,Abby Wambach,Abby,Wambach,120'+2',120,2,"extra time, second half, stoppage time",0,0
G-2819,WC-2011,2011 FIFA Women's World Cup,2011,M-2011-29,France vs United States,15168.0,18:00,T-83,0,1,P-81449,Lauren Holiday,Lauren,Holiday,9',9,0,first half,0,0
G-2820,WC-2011,2011 FIFA Women's World Cup,2011,M-2011-29,France vs United States,15168.0,18:00,T-30,1,0,P-25958,Sonia Bompastor,Sonia,Bompastor,55',55,0,second half,0,0
G-2821,WC-2011,2011 FIFA Women's World Cup,2011,M-2011-29,France vs United States,15168.0,18:00,T-83,0,1,P-89236,Abby Wambach,Abby,Wambach,79',79,0,second half,0,0
G-2822,WC-2011,2011 FIFA Women's World Cup,2011,M-2011-29,France vs United States,15168.0,18:00,T-83,0,1,P-37034,Alex Morgan,Alex,Morgan,82',82,0,second half,0,0
G-2823,WC-2011,2011 FIFA Women's World Cup,2011,M-2011-30,Japan vs Sweden,15168.0,20:45,T-74,0,1,P-29677,Josefine Öqvist,Josefine,Öqvist,10',10,0,first half,0,0
G-2824,WC-2011,2011 FIFA Women's World Cup,2011,M-2011-30,Japan vs Sweden,15168.0,20:45,T-44,1,0,P-79593,Nahomi Kawasumi,Nahomi,Kawasumi,19',19,0,first half,0,0
G-2825,WC-2011,2011 FIFA Women's World Cup,2011,M-2011-30,Japan vs Sweden,15168.0,20:45,T-44,1,0,P-72113,Homare Sawa,Homare,Sawa,60',60,0,second half,0,0
G-2826,WC-2011,2011 FIFA Women's World Cup,2011,M-2011-30,Japan vs Sweden,15168.0,20:45,T-44,1,0,P-79593,Nahomi Kawasumi,Nahomi,Kawasumi,64',64,0,second half,0,0
G-2827,WC-2011,2011 FIFA Women's World Cup,2011,M-2011-31,Sweden vs France,15171.0,17:30,T-74,1,0,P-96721,Lotta Schelin,Lotta,Schelin,29',29,0,first half,0,0
G-2828,WC-2011,2011 FIFA Women's World Cup,2011,M-2011-31,Sweden vs France,15171.0,17:30,T-30,0,1,P-00064,Élodie Thomis,Élodie,Thomis,56',56,0,second half,0,0
G-2829,WC-2011,2011 FIFA Women's World Cup,2011,M-2011-31,Sweden vs France,15171.0,17:30,T-74,1,0,P-16359,Marie Hammarström,Marie,Hammarström,82',82,0,second half,0,0
G-2830,WC-2011,2011 FIFA Women's World Cup,2011,M-2011-32,Japan vs United States,15172.0,20:45,T-83,0,1,P-37034,Alex Morgan,Alex,Morgan,69',69,0,second half,0,0
G-2831,WC-2011,2011 FIFA Women's World Cup,2011,M-2011-32,Japan vs United States,15172.0,20:45,T-44,1,0,P-04310,Aya Miyama,Aya,Miyama,81',81,0,second half,0,0
G-2832,WC-2011,2011 FIFA Women's World Cup,2011,M-2011-32,Japan vs United States,15172.0,20:45,T-83,0,1,P-89236,Abby Wambach,Abby,Wambach,104',104,0,"extra time, first half",0,0
G-2833,WC-2011,2011 FIFA Women's World Cup,2011,M-2011-32,Japan vs United States,15172.0,20:45,T-44,1,0,P-72113,Homare Sawa,Homare,Sawa,117',117,0,"extra time, second half",0,0
G-2834,WC-2014,2014 FIFA Men's World Cup,2014,M-2014-01,Brazil vs Croatia,16233.0,17:00,T-18,0,1,P-70650,not applicable Marcelo,not applicable,Marcelo,12',12,0,first half,1,0
G-2835,WC-2014,2014 FIFA Men's World Cup,2014,M-2014-01,Brazil vs Croatia,16233.0,17:00,T-09,1,0,P-87008,not applicable Neymar,not applicable,Neymar,29',29,0,first half,0,0
G-2836,WC-2014,2014 FIFA Men's World Cup,2014,M-2014-01,Brazil vs Croatia,16233.0,17:00,T-09,1,0,P-87008,not applicable Neymar,not applicable,Neymar,71',71,0,second half,0,1
G-2837,WC-2014,2014 FIFA Men's World Cup,2014,M-2014-01,Brazil vs Croatia,16233.0,17:00,T-09,1,0,P-37239,not applicable Oscar,not applicable,Oscar,90'+1',90,1,"second half, stoppage time",0,0
G-2838,WC-2014,2014 FIFA Men's World Cup,2014,M-2014-02,Mexico vs Cameroon,16234.0,13:00,T-46,1,0,P-83642,Oribe Peralta,Oribe,Peralta,61',61,0,second half,0,0
G-2839,WC-2014,2014 FIFA Men's World Cup,2014,M-2014-03,Spain vs Netherlands,16234.0,16:00,T-73,1,0,P-73924,Xabi Alonso,Xabi,Alonso,27',27,0,first half,0,1
G-2840,WC-2014,2014 FIFA Men's World Cup,2014,M-2014-03,Spain vs Netherlands,16234.0,16:00,T-48,0,1,P-99934,Robin van Persie,Robin,van Persie,44',44,0,first half,0,0
G-2841,WC-2014,2014 FIFA Men's World Cup,2014,M-2014-03,Spain vs Netherlands,16234.0,16:00,T-48,0,1,P-23705,Arjen Robben,Arjen,Robben,53',53,0,second half,0,0
G-2842,WC-2014,2014 FIFA Men's World Cup,2014,M-2014-03,Spain vs Netherlands,16234.0,16:00,T-48,0,1,P-70280,Stefan de Vrij,Stefan,de Vrij,64',64,0,second half,0,0
G-2843,WC-2014,2014 FIFA Men's World Cup,2014,M-2014-03,Spain vs Netherlands,16234.0,16:00,T-48,0,1,P-99934,Robin van Persie,Robin,van Persie,72',72,0,second half,0,0
G-2844,WC-2014,2014 FIFA Men's World Cup,2014,M-2014-03,Spain vs Netherlands,16234.0,16:00,T-48,0,1,P-23705,Arjen Robben,Arjen,Robben,80',80,0,second half,0,0
G-2845,WC-2014,2014 FIFA Men's World Cup,2014,M-2014-04,Chile vs Australia,16234.0,18:00,T-13,1,0,P-30014,Alexis Sánchez,Alexis,Sánchez,12',12,0,first half,0,0
G-2846,WC-2014,2014 FIFA Men's World Cup,2014,M-2014-04,Chile vs Australia,16234.0,18:00,T-13,1,0,P-65631,Jorge Valdivia,Jorge,Valdivia,14',14,0,first half,0,0
G-2847,WC-2014,2014 FIFA Men's World Cup,2014,M-2014-04,Chile vs Australia,16234.0,18:00,T-04,0,1,P-44926,Tim Cahill,Tim,Cahill,35',35,0,first half,0,0
G-2848,WC-2014,2014 FIFA Men's World Cup,2014,M-2014-04,Chile vs Australia,16234.0,18:00,T-13,1,0,P-74480,Jean Beausejour,Jean,Beausejour,90'+2',90,2,"second half, stoppage time",0,0
G-2849,WC-2014,2014 FIFA Men's World Cup,2014,M-2014-05,Colombia vs Greece,16235.0,13:00,T-16,1,0,P-95402,Pablo Armero,Pablo,Armero,5',5,0,first half,0,0
G-2850,WC-2014,2014 FIFA Men's World Cup,2014,M-2014-05,Colombia vs Greece,16235.0,13:00,T-16,1,0,P-77705,Teófilo Gutiérrez,Teófilo,Gutiérrez,58',58,0,second half,0,0
G-2851,WC-2014,2014 FIFA Men's World Cup,2014,M-2014-05,Colombia vs Greece,16235.0,13:00,T-16,1,0,P-89392,James Rodríguez,James,Rodríguez,90'+3',90,3,"second half, stoppage time",0,0
G-2852,WC-2014,2014 FIFA Men's World Cup,2014,M-2014-06,Uruguay vs Costa Rica,16235.0,16:00,T-84,1,0,P-59138,Edinson Cavani,Edinson,Cavani,24',24,0,first half,0,1
G-2853,WC-2014,2014 FIFA Men's World Cup,2014,M-2014-06,Uruguay vs Costa Rica,16235.0,16:00,T-17,0,1,P-70812,Joel Campbell,Joel,Campbell,54',54,0,second half,0,0
G-2854,WC-2014,2014 FIFA Men's World Cup,2014,M-2014-06,Uruguay vs Costa Rica,16235.0,16:00,T-17,0,1,P-97912,Óscar Duarte,Óscar,Duarte,57',57,0,second half,0,0
G-2855,WC-2014,2014 FIFA Men's World Cup,2014,M-2014-06,Uruguay vs Costa Rica,16235.0,16:00,T-17,0,1,P-11307,Marco Ureña,Marco,Ureña,84',84,0,second half,0,0
G-2856,WC-2014,2014 FIFA Men's World Cup,2014,M-2014-07,England vs Italy,16235.0,18:00,T-41,0,1,P-37848,Claudio Marchisio,Claudio,Marchisio,35',35,0,first half,0,0
G-2857,WC-2014,2014 FIFA Men's World Cup,2014,M-2014-07,England vs Italy,16235.0,18:00,T-28,1,0,P-06678,Daniel Sturridge,Daniel,Sturridge,37',37,0,first half,0,0
G-2858,WC-2014,2014 FIFA Men's World Cup,2014,M-2014-07,England vs Italy,16235.0,18:00,T-41,0,1,P-16785,Mario Balotelli,Mario,Balotelli,50',50,0,second half,0,0
G-2859,WC-2014,2014 FIFA Men's World Cup,2014,M-2014-08,Ivory Coast vs Japan,16235.0,22:00,T-44,0,1,P-33175,Keisuke Honda,Keisuke,Honda,16',16,0,first half,0,0
G-2860,WC-2014,2014 FIFA Men's World Cup,2014,M-2014-08,Ivory Coast vs Japan,16235.0,22:00,T-42,1,0,P-84532,Wilfried Bony,Wilfried,Bony,64',64,0,second half,0,0
G-2861,WC-2014,2014 FIFA Men's World Cup,2014,M-2014-08,Ivory Coast vs Japan,16235.0,22:00,T-42,1,0,P-33586,not applicable Gervinho,not applicable,Gervinho,66',66,0,second half,0,0
G-2862,WC-2014,2014 FIFA Men's World Cup,2014,M-2014-09,Switzerland vs Ecuador,16236.0,13:00,T-25,0,1,P-75912,Enner Valencia,Enner,Valencia,22',22,0,first half,0,0
G-2863,WC-2014,2014 FIFA Men's World Cup,2014,M-2014-09,Switzerland vs Ecuador,16236.0,13:00,T-75,1,0,P-51579,Admir Mehmedi,Admir,Mehmedi,48',48,0,second half,0,0
G-2864,WC-2014,2014 FIFA Men's World Cup,2014,M-2014-09,Switzerland vs Ecuador,16236.0,13:00,T-75,1,0,P-07180,Haris Seferovic,Haris,Seferovic,90'+3',90,3,"second half, stoppage time",0,0
G-2865,WC-2014,2014 FIFA Men's World Cup,2014,M-2014-10,France vs Honduras,16236.0,16:00,T-30,1,0,P-35408,Karim Benzema,Karim,Benzema,45',45,0,first half,0,1
G-2866,WC-2014,2014 FIFA Men's World Cup,2014,M-2014-10,France vs Honduras,16236.0,16:00,T-30,1,0,P-93059,Noel Valladares,Noel,Valladares,48',48,0,second half,1,0
G-2867,WC-2014,2014 FIFA Men's World Cup,2014,M-2014-10,France vs Honduras,16236.0,16:00,T-30,1,0,P-35408,Karim Benzema,Karim,Benzema,72',72,0,second half,0,0
G-2868,WC-2014,2014 FIFA Men's World Cup,2014,M-2014-11,Argentina vs Bosnia and Herzegovina,16236.0,19:00,T-03,1,0,P-96934,Sead Kolašinac,Sead,Kolašinac,3',3,0,first half,1,0
G-2869,WC-2014,2014 FIFA Men's World Cup,2014,M-2014-11,Argentina vs Bosnia and Herzegovina,16236.0,19:00,T-03,1,0,P-14758,Lionel Messi,Lionel,Messi,65',65,0,second half,0,0
G-2870,WC-2014,2014 FIFA Men's World Cup,2014,M-2014-11,Argentina vs Bosnia and Herzegovina,16236.0,19:00,T-08,0,1,P-43723,Vedad Ibišević,Vedad,Ibišević,85',85,0,second half,0,0
G-2871,WC-2014,2014 FIFA Men's World Cup,2014,M-2014-12,Germany vs Portugal,16237.0,13:00,T-31,1,0,P-28154,Thomas Müller,Thomas,Müller,12',12,0,first half,0,1
G-2872,WC-2014,2014 FIFA Men's World Cup,2014,M-2014-12,Germany vs Portugal,16237.0,13:00,T-31,1,0,P-81447,Mats Hummels,Mats,Hummels,32',32,0,first half,0,0
G-2873,WC-2014,2014 FIFA Men's World Cup,2014,M-2014-12,Germany vs Portugal,16237.0,13:00,T-31,1,0,P-28154,Thomas Müller,Thomas,Müller,45'+1',45,1,"first half, stoppage time",0,0
G-2874,WC-2014,2014 FIFA Men's World Cup,2014,M-2014-12,Germany vs Portugal,16237.0,13:00,T-31,1,0,P-28154,Thomas Müller,Thomas,Müller,78',78,0,second half,0,0
G-2875,WC-2014,2014 FIFA Men's World Cup,2014,M-2014-14,Ghana vs United States,16237.0,19:00,T-83,0,1,P-18672,Clint Dempsey,Clint,Dempsey,1',1,0,first half,0,0
G-2876,WC-2014,2014 FIFA Men's World Cup,2014,M-2014-14,Ghana vs United States,16237.0,19:00,T-32,1,0,P-01945,André Ayew,André,Ayew,82',82,0,second half,0,0
G-2877,WC-2014,2014 FIFA Men's World Cup,2014,M-2014-14,Ghana vs United States,16237.0,19:00,T-83,0,1,P-41262,John Brooks,John,Brooks,86',86,0,second half,0,0
G-2878,WC-2014,2014 FIFA Men's World Cup,2014,M-2014-15,Belgium vs Algeria,16238.0,13:00,T-01,0,1,P-12165,Sofiane Feghouli,Sofiane,Feghouli,25',25,0,first half,0,1
G-2879,WC-2014,2014 FIFA Men's World Cup,2014,M-2014-15,Belgium vs Algeria,16238.0,13:00,T-06,1,0,P-63363,Marouane Fellaini,Marouane,Fellaini,70',70,0,second half,0,0
G-2880,WC-2014,2014 FIFA Men's World Cup,2014,M-2014-15,Belgium vs Algeria,16238.0,13:00,T-06,1,0,P-84852,Dries Mertens,Dries,Mertens,80',80,0,second half,0,0
G-2881,WC-2014,2014 FIFA Men's World Cup,2014,M-2014-17,Russia vs South Korea,16238.0,18:00,T-71,0,1,P-71308,Keun-ho Lee,Keun-ho,Lee,68',68,0,second half,0,0
G-2882,WC-2014,2014 FIFA Men's World Cup,2014,M-2014-17,Russia vs South Korea,16238.0,18:00,T-62,1,0,P-89971,Aleksandr Kerzhakov,Aleksandr,Kerzhakov,74',74,0,second half,0,0
G-2883,WC-2014,2014 FIFA Men's World Cup,2014,M-2014-18,Australia vs Netherlands,16239.0,13:00,T-48,0,1,P-23705,Arjen Robben,Arjen,Robben,20',20,0,first half,0,0
G-2884,WC-2014,2014 FIFA Men's World Cup,2014,M-2014-18,Australia vs Netherlands,16239.0,13:00,T-04,1,0,P-44926,Tim Cahill,Tim,Cahill,21',21,0,first half,0,0
G-2885,WC-2014,2014 FIFA Men's World Cup,2014,M-2014-18,Australia vs Netherlands,16239.0,13:00,T-04,1,0,P-37275,Mile Jedinak,Mile,Jedinak,54',54,0,second half,0,1
G-2886,WC-2014,2014 FIFA Men's World Cup,2014,M-2014-18,Australia vs Netherlands,16239.0,13:00,T-48,0,1,P-99934,Robin van Persie,Robin,van Persie,58',58,0,second half,0,0
G-2887,WC-2014,2014 FIFA Men's World Cup,2014,M-2014-18,Australia vs Netherlands,16239.0,13:00,T-48,0,1,P-27540,Memphis Depay,Memphis,Depay,68',68,0,second half,0,0
G-2888,WC-2014,2014 FIFA Men's World Cup,2014,M-2014-19,Spain vs Chile,16239.0,16:00,T-13,0,1,P-36808,Eduardo Vargas,Eduardo,Vargas,20',20,0,first half,0,0
G-2889,WC-2014,2014 FIFA Men's World Cup,2014,M-2014-19,Spain vs Chile,16239.0,16:00,T-13,0,1,P-22391,Charles Aránguiz,Charles,Aránguiz,43',43,0,first half,0,0
G-2890,WC-2014,2014 FIFA Men's World Cup,2014,M-2014-20,Cameroon vs Croatia,16239.0,18:00,T-18,0,1,P-13265,Ivica Olić,Ivica,Olić,11',11,0,first half,0,0
G-2891,WC-2014,2014 FIFA Men's World Cup,2014,M-2014-20,Cameroon vs Croatia,16239.0,18:00,T-18,0,1,P-93884,Ivan Perišić,Ivan,Perišić,48',48,0,second half,0,0
G-2892,WC-2014,2014 FIFA Men's World Cup,2014,M-2014-20,Cameroon vs Croatia,16239.0,18:00,T-18,0,1,P-25745,Mario Mandžukić,Mario,Mandžukić,61',61,0,second half,0,0
G-2893,WC-2014,2014 FIFA Men's World Cup,2014,M-2014-20,Cameroon vs Croatia,16239.0,18:00,T-18,0,1,P-25745,Mario Mandžukić,Mario,Mandžukić,73',73,0,second half,0,0
G-2894,WC-2014,2014 FIFA Men's World Cup,2014,M-2014-21,Colombia vs Ivory Coast,16240.0,13:00,T-16,1,0,P-89392,James Rodríguez,James,Rodríguez,64',64,0,second half,0,0
G-2895,WC-2014,2014 FIFA Men's World Cup,2014,M-2014-21,Colombia vs Ivory Coast,16240.0,13:00,T-16,1,0,P-14499,Juan Fernando Quintero,Juan Fernando,Quintero,70',70,0,second half,0,0
G-2896,WC-2014,2014 FIFA Men's World Cup,2014,M-2014-21,Colombia vs Ivory Coast,16240.0,13:00,T-42,0,1,P-33586,not applicable Gervinho,not applicable,Gervinho,73',73,0,second half,0,0
G-2897,WC-2014,2014 FIFA Men's World Cup,2014,M-2014-22,Uruguay vs England,16240.0,16:00,T-84,1,0,P-30486,Luis Suárez,Luis,Suárez,39',39,0,first half,0,0
G-2898,WC-2014,2014 FIFA Men's World Cup,2014,M-2014-22,Uruguay vs England,16240.0,16:00,T-28,0,1,P-99967,Wayne Rooney,Wayne,Rooney,75',75,0,second half,0,0
G-2899,WC-2014,2014 FIFA Men's World Cup,2014,M-2014-22,Uruguay vs England,16240.0,16:00,T-84,1,0,P-30486,Luis Suárez,Luis,Suárez,85',85,0,second half,0,0
G-2900,WC-2014,2014 FIFA Men's World Cup,2014,M-2014-24,Italy vs Costa Rica,16241.0,13:00,T-17,0,1,P-99590,Bryan Ruiz,Bryan,Ruiz,44',44,0,first half,0,0
G-2901,WC-2014,2014 FIFA Men's World Cup,2014,M-2014-25,Switzerland vs France,16241.0,16:00,T-30,0,1,P-89750,Olivier Giroud,Olivier,Giroud,17',17,0,first half,0,0
G-2902,WC-2014,2014 FIFA Men's World Cup,2014,M-2014-25,Switzerland vs France,16241.0,16:00,T-30,0,1,P-04964,Blaise Matuidi,Blaise,Matuidi,18',18,0,first half,0,0
G-2903,WC-2014,2014 FIFA Men's World Cup,2014,M-2014-25,Switzerland vs France,16241.0,16:00,T-30,0,1,P-84312,Mathieu Valbuena,Mathieu,Valbuena,40',40,0,first half,0,0
G-2904,WC-2014,2014 FIFA Men's World Cup,2014,M-2014-25,Switzerland vs France,16241.0,16:00,T-30,0,1,P-35408,Karim Benzema,Karim,Benzema,67',67,0,second half,0,0
G-2905,WC-2014,2014 FIFA Men's World Cup,2014,M-2014-25,Switzerland vs France,16241.0,16:00,T-30,0,1,P-07870,Moussa Sissoko,Moussa,Sissoko,73',73,0,second half,0,0
G-2906,WC-2014,2014 FIFA Men's World Cup,2014,M-2014-25,Switzerland vs France,16241.0,16:00,T-75,1,0,P-35818,Blerim Džemaili,Blerim,Džemaili,81',81,0,second half,0,0
G-2907,WC-2014,2014 FIFA Men's World Cup,2014,M-2014-25,Switzerland vs France,16241.0,16:00,T-75,1,0,P-77224,Granit Xhaka,Granit,Xhaka,87',87,0,second half,0,0
G-2908,WC-2014,2014 FIFA Men's World Cup,2014,M-2014-26,Honduras vs Ecuador,16241.0,19:00,T-35,1,0,P-38682,Carlo Costly,Carlo,Costly,31',31,0,first half,0,0
G-2909,WC-2014,2014 FIFA Men's World Cup,2014,M-2014-26,Honduras vs Ecuador,16241.0,19:00,T-25,0,1,P-75912,Enner Valencia,Enner,Valencia,34',34,0,first half,0,0
G-2910,WC-2014,2014 FIFA Men's World Cup,2014,M-2014-26,Honduras vs Ecuador,16241.0,19:00,T-25,0,1,P-75912,Enner Valencia,Enner,Valencia,65',65,0,second half,0,0
G-2911,WC-2014,2014 FIFA Men's World Cup,2014,M-2014-27,Argentina vs Iran,16242.0,13:00,T-03,1,0,P-14758,Lionel Messi,Lionel,Messi,90'+1',90,1,"second half, stoppage time",0,0
G-2912,WC-2014,2014 FIFA Men's World Cup,2014,M-2014-28,Germany vs Ghana,16242.0,16:00,T-31,1,0,P-63673,Mario Götze,Mario,Götze,51',51,0,second half,0,0
G-2913,WC-2014,2014 FIFA Men's World Cup,2014,M-2014-28,Germany vs Ghana,16242.0,16:00,T-32,0,1,P-01945,André Ayew,André,Ayew,54',54,0,second half,0,0
G-2914,WC-2014,2014 FIFA Men's World Cup,2014,M-2014-28,Germany vs Ghana,16242.0,16:00,T-32,0,1,P-38556,Asamoah Gyan,Asamoah,Gyan,63',63,0,second half,0,0
G-2915,WC-2014,2014 FIFA Men's World Cup,2014,M-2014-28,Germany vs Ghana,16242.0,16:00,T-31,1,0,P-27787,Miroslav Klose,Miroslav,Klose,71',71,0,second half,0,0
G-2916,WC-2014,2014 FIFA Men's World Cup,2014,M-2014-29,Nigeria vs Bosnia and Herzegovina,16242.0,18:00,T-50,1,0,P-70006,Peter Odemwingie,Peter,Odemwingie,29',29,0,first half,0,0
G-2917,WC-2014,2014 FIFA Men's World Cup,2014,M-2014-30,Belgium vs Russia,16243.0,13:00,T-06,1,0,P-77619,Divock Origi,Divock,Origi,88',88,0,second half,0,0
G-2918,WC-2014,2014 FIFA Men's World Cup,2014,M-2014-31,South Korea vs Algeria,16243.0,16:00,T-01,0,1,P-59199,Islam Slimani,Islam,Slimani,26',26,0,first half,0,0
G-2919,WC-2014,2014 FIFA Men's World Cup,2014,M-2014-31,South Korea vs Algeria,16243.0,16:00,T-01,0,1,P-19453,Rafik Halliche,Rafik,Halliche,28',28,0,first half,0,0
G-2920,WC-2014,2014 FIFA Men's World Cup,2014,M-2014-31,South Korea vs Algeria,16243.0,16:00,T-01,0,1,P-59147,Abdelmoumene Djabou,Abdelmoumene,Djabou,38',38,0,first half,0,0
G-2921,WC-2014,2014 FIFA Men's World Cup,2014,M-2014-31,South Korea vs Algeria,16243.0,16:00,T-71,1,0,P-77335,Heung-min Son,Heung-min,Son,50',50,0,second half,0,0
G-2922,WC-2014,2014 FIFA Men's World Cup,2014,M-2014-31,South Korea vs Algeria,16243.0,16:00,T-01,0,1,P-24983,Yacine Brahimi,Yacine,Brahimi,62',62,0,second half,0,0
G-2923,WC-2014,2014 FIFA Men's World Cup,2014,M-2014-31,South Korea vs Algeria,16243.0,16:00,T-71,1,0,P-47440,Ja-cheol Koo,Ja-cheol,Koo,72',72,0,second half,0,0
G-2924,WC-2014,2014 FIFA Men's World Cup,2014,M-2014-32,United States vs Portugal,16243.0,18:00,T-58,0,1,P-78296,not applicable Nani,not applicable,Nani,5',5,0,first half,0,0
G-2925,WC-2014,2014 FIFA Men's World Cup,2014,M-2014-32,United States vs Portugal,16243.0,18:00,T-83,1,0,P-10072,Jermaine Jones,Jermaine,Jones,64',64,0,second half,0,0
G-2926,WC-2014,2014 FIFA Men's World Cup,2014,M-2014-32,United States vs Portugal,16243.0,18:00,T-83,1,0,P-18672,Clint Dempsey,Clint,Dempsey,81',81,0,second half,0,0
G-2927,WC-2014,2014 FIFA Men's World Cup,2014,M-2014-32,United States vs Portugal,16243.0,18:00,T-58,0,1,P-25600,Silvestre Varela,Silvestre,Varela,90'+5',90,5,"second half, stoppage time",0,0
G-2928,WC-2014,2014 FIFA Men's World Cup,2014,M-2014-33,Australia vs Spain,16244.0,13:00,T-73,0,1,P-49097,David Villa,David,Villa,36',36,0,first half,0,0
G-2929,WC-2014,2014 FIFA Men's World Cup,2014,M-2014-33,Australia vs Spain,16244.0,13:00,T-73,0,1,P-71661,Fernando Torres,Fernando,Torres,69',69,0,second half,0,0
G-2930,WC-2014,2014 FIFA Men's World Cup,2014,M-2014-33,Australia vs Spain,16244.0,13:00,T-73,0,1,P-47597,Juan Mata,Juan,Mata,82',82,0,second half,0,0
G-2931,WC-2014,2014 FIFA Men's World Cup,2014,M-2014-34,Netherlands vs Chile,16244.0,13:00,T-48,1,0,P-20877,Leroy Fer,Leroy,Fer,77',77,0,second half,0,0
G-2932,WC-2014,2014 FIFA Men's World Cup,2014,M-2014-34,Netherlands vs Chile,16244.0,13:00,T-48,1,0,P-27540,Memphis Depay,Memphis,Depay,90'+2',90,2,"second half, stoppage time",0,0
G-2933,WC-2014,2014 FIFA Men's World Cup,2014,M-2014-35,Cameroon vs Brazil,16244.0,17:00,T-09,0,1,P-87008,not applicable Neymar,not applicable,Neymar,17',17,0,first half,0,0
G-2934,WC-2014,2014 FIFA Men's World Cup,2014,M-2014-35,Cameroon vs Brazil,16244.0,17:00,T-11,1,0,P-47974,Joël Matip,Joël,Matip,26',26,0,first half,0,0
G-2935,WC-2014,2014 FIFA Men's World Cup,2014,M-2014-35,Cameroon vs Brazil,16244.0,17:00,T-09,0,1,P-87008,not applicable Neymar,not applicable,Neymar,35',35,0,first half,0,0
G-2936,WC-2014,2014 FIFA Men's World Cup,2014,M-2014-35,Cameroon vs Brazil,16244.0,17:00,T-09,0,1,P-54042,not applicable Fred,not applicable,Fred,49',49,0,second half,0,0
G-2937,WC-2014,2014 FIFA Men's World Cup,2014,M-2014-35,Cameroon vs Brazil,16244.0,17:00,T-09,0,1,P-41758,not applicable Fernandinho,not applicable,Fernandinho,84',84,0,second half,0,0
G-2938,WC-2014,2014 FIFA Men's World Cup,2014,M-2014-36,Croatia vs Mexico,16244.0,17:00,T-46,0,1,P-44763,Rafael Márquez,Rafael,Márquez,72',72,0,second half,0,0
G-2939,WC-2014,2014 FIFA Men's World Cup,2014,M-2014-36,Croatia vs Mexico,16244.0,17:00,T-46,0,1,P-40312,Andrés Guardado,Andrés,Guardado,75',75,0,second half,0,0
G-2940,WC-2014,2014 FIFA Men's World Cup,2014,M-2014-36,Croatia vs Mexico,16244.0,17:00,T-46,0,1,P-36515,Javier Hernández,Javier,Hernández,82',82,0,second half,0,0
G-2941,WC-2014,2014 FIFA Men's World Cup,2014,M-2014-36,Croatia vs Mexico,16244.0,17:00,T-18,1,0,P-93884,Ivan Perišić,Ivan,Perišić,87',87,0,second half,0,0
G-2942,WC-2014,2014 FIFA Men's World Cup,2014,M-2014-38,Italy vs Uruguay,16245.0,13:00,T-84,0,1,P-78440,Diego Godín,Diego,Godín,81',81,0,second half,0,0
G-2943,WC-2014,2014 FIFA Men's World Cup,2014,M-2014-39,Japan vs Colombia,16245.0,16:00,T-16,0,1,P-83216,Juan Cuadrado,Juan,Cuadrado,17',17,0,first half,0,1
G-2944,WC-2014,2014 FIFA Men's World Cup,2014,M-2014-39,Japan vs Colombia,16245.0,16:00,T-44,1,0,P-84807,Shinji Okazaki,Shinji,Okazaki,45'+1',45,1,"first half, stoppage time",0,0
G-2945,WC-2014,2014 FIFA Men's World Cup,2014,M-2014-39,Japan vs Colombia,16245.0,16:00,T-16,0,1,P-01068,Jackson Martínez,Jackson,Martínez,55',55,0,second half,0,0
G-2946,WC-2014,2014 FIFA Men's World Cup,2014,M-2014-39,Japan vs Colombia,16245.0,16:00,T-16,0,1,P-01068,Jackson Martínez,Jackson,Martínez,82',82,0,second half,0,0
G-2947,WC-2014,2014 FIFA Men's World Cup,2014,M-2014-39,Japan vs Colombia,16245.0,16:00,T-16,0,1,P-89392,James Rodríguez,James,Rodríguez,90',90,0,second half,0,0
G-2948,WC-2014,2014 FIFA Men's World Cup,2014,M-2014-40,Greece vs Ivory Coast,16245.0,17:00,T-33,1,0,P-30845,Andreas Samaris,Andreas,Samaris,42',42,0,first half,0,0
G-2949,WC-2014,2014 FIFA Men's World Cup,2014,M-2014-40,Greece vs Ivory Coast,16245.0,17:00,T-42,0,1,P-84532,Wilfried Bony,Wilfried,Bony,74',74,0,second half,0,0
G-2950,WC-2014,2014 FIFA Men's World Cup,2014,M-2014-40,Greece vs Ivory Coast,16245.0,17:00,T-33,1,0,P-58348,Georgios Samaras,Georgios,Samaras,90'+3',90,3,"second half, stoppage time",0,1
G-2951,WC-2014,2014 FIFA Men's World Cup,2014,M-2014-41,Bosnia and Herzegovina vs Iran,16246.0,13:00,T-08,1,0,P-31839,Edin Džeko,Edin,Džeko,23',23,0,first half,0,0
G-2952,WC-2014,2014 FIFA Men's World Cup,2014,M-2014-41,Bosnia and Herzegovina vs Iran,16246.0,13:00,T-08,1,0,P-19478,Miralem Pjanić,Miralem,Pjanić,59',59,0,second half,0,0
G-2953,WC-2014,2014 FIFA Men's World Cup,2014,M-2014-41,Bosnia and Herzegovina vs Iran,16246.0,13:00,T-38,0,1,P-85324,Reza Ghoochannejhad,Reza,Ghoochannejhad,82',82,0,second half,0,0
G-2954,WC-2014,2014 FIFA Men's World Cup,2014,M-2014-41,Bosnia and Herzegovina vs Iran,16246.0,13:00,T-08,1,0,P-35118,Avdija Vršajević,Avdija,Vršajević,83',83,0,second half,0,0
G-2955,WC-2014,2014 FIFA Men's World Cup,2014,M-2014-42,Nigeria vs Argentina,16246.0,13:00,T-03,0,1,P-14758,Lionel Messi,Lionel,Messi,3',3,0,first half,0,0
G-2956,WC-2014,2014 FIFA Men's World Cup,2014,M-2014-42,Nigeria vs Argentina,16246.0,13:00,T-50,1,0,P-19591,Ahmed Musa,Ahmed,Musa,4',4,0,first half,0,0
G-2957,WC-2014,2014 FIFA Men's World Cup,2014,M-2014-42,Nigeria vs Argentina,16246.0,13:00,T-03,0,1,P-14758,Lionel Messi,Lionel,Messi,45'+1',45,1,"first half, stoppage time",0,0
G-2958,WC-2014,2014 FIFA Men's World Cup,2014,M-2014-42,Nigeria vs Argentina,16246.0,13:00,T-50,1,0,P-19591,Ahmed Musa,Ahmed,Musa,47',47,0,second half,0,0
G-2959,WC-2014,2014 FIFA Men's World Cup,2014,M-2014-42,Nigeria vs Argentina,16246.0,13:00,T-03,0,1,P-18222,Marcos Rojo,Marcos,Rojo,50',50,0,second half,0,0
G-2960,WC-2014,2014 FIFA Men's World Cup,2014,M-2014-43,Honduras vs Switzerland,16246.0,16:00,T-75,0,1,P-39460,Xherdan Shaqiri,Xherdan,Shaqiri,6',6,0,first half,0,0
G-2961,WC-2014,2014 FIFA Men's World Cup,2014,M-2014-43,Honduras vs Switzerland,16246.0,16:00,T-75,0,1,P-39460,Xherdan Shaqiri,Xherdan,Shaqiri,31',31,0,first half,0,0
G-2962,WC-2014,2014 FIFA Men's World Cup,2014,M-2014-43,Honduras vs Switzerland,16246.0,16:00,T-75,0,1,P-39460,Xherdan Shaqiri,Xherdan,Shaqiri,71',71,0,second half,0,0
G-2963,WC-2014,2014 FIFA Men's World Cup,2014,M-2014-45,Portugal vs Ghana,16247.0,13:00,T-58,1,0,P-06024,John Boye,John,Boye,31',31,0,first half,1,0
G-2964,WC-2014,2014 FIFA Men's World Cup,2014,M-2014-45,Portugal vs Ghana,16247.0,13:00,T-32,0,1,P-38556,Asamoah Gyan,Asamoah,Gyan,57',57,0,second half,0,0
G-2965,WC-2014,2014 FIFA Men's World Cup,2014,M-2014-45,Portugal vs Ghana,16247.0,13:00,T-58,1,0,P-70442,Cristiano Ronaldo,Cristiano,Ronaldo,80',80,0,second half,0,0
G-2966,WC-2014,2014 FIFA Men's World Cup,2014,M-2014-46,United States vs Germany,16247.0,13:00,T-31,0,1,P-28154,Thomas Müller,Thomas,Müller,55',55,0,second half,0,0
G-2967,WC-2014,2014 FIFA Men's World Cup,2014,M-2014-47,Algeria vs Russia,16247.0,17:00,T-62,0,1,P-67113,Aleksandr Kokorin,Aleksandr,Kokorin,6',6,0,first half,0,0
G-2968,WC-2014,2014 FIFA Men's World Cup,2014,M-2014-47,Algeria vs Russia,16247.0,17:00,T-01,1,0,P-59199,Islam Slimani,Islam,Slimani,60',60,0,second half,0,0
G-2969,WC-2014,2014 FIFA Men's World Cup,2014,M-2014-48,South Korea vs Belgium,16247.0,17:00,T-06,0,1,P-64049,Jan Vertonghen,Jan,Vertonghen,78',78,0,second half,0,0
G-2970,WC-2014,2014 FIFA Men's World Cup,2014,M-2014-49,Brazil vs Chile,16249.0,13:00,T-09,1,0,P-87449,David Luiz,David,Luiz,18',18,0,first half,0,0
G-2971,WC-2014,2014 FIFA Men's World Cup,2014,M-2014-49,Brazil vs Chile,16249.0,13:00,T-13,0,1,P-30014,Alexis Sánchez,Alexis,Sánchez,32',32,0,first half,0,0
G-2972,WC-2014,2014 FIFA Men's World Cup,2014,M-2014-50,Colombia vs Uruguay,16249.0,17:00,T-16,1,0,P-89392,James Rodríguez,James,Rodríguez,28',28,0,first half,0,0
G-2973,WC-2014,2014 FIFA Men's World Cup,2014,M-2014-50,Colombia vs Uruguay,16249.0,17:00,T-16,1,0,P-89392,James Rodríguez,James,Rodríguez,50',50,0,second half,0,0
G-2974,WC-2014,2014 FIFA Men's World Cup,2014,M-2014-51,Netherlands vs Mexico,16250.0,13:00,T-46,0,1,P-77047,Giovani dos Santos,Giovani,dos Santos,48',48,0,second half,0,0
G-2975,WC-2014,2014 FIFA Men's World Cup,2014,M-2014-51,Netherlands vs Mexico,16250.0,13:00,T-48,1,0,P-51336,Wesley Sneijder,Wesley,Sneijder,88',88,0,second half,0,0
G-2976,WC-2014,2014 FIFA Men's World Cup,2014,M-2014-51,Netherlands vs Mexico,16250.0,13:00,T-48,1,0,P-64344,Klaas-Jan Huntelaar,Klaas-Jan,Huntelaar,90'+4',90,4,"second half, stoppage time",0,1
G-2977,WC-2014,2014 FIFA Men's World Cup,2014,M-2014-52,Costa Rica vs Greece,16250.0,17:00,T-17,1,0,P-99590,Bryan Ruiz,Bryan,Ruiz,52',52,0,second half,0,0
G-2978,WC-2014,2014 FIFA Men's World Cup,2014,M-2014-52,Costa Rica vs Greece,16250.0,17:00,T-33,0,1,P-11436,Sokratis Papastathopoulos,Sokratis,Papastathopoulos,90'+1',90,1,"second half, stoppage time",0,0
G-2979,WC-2014,2014 FIFA Men's World Cup,2014,M-2014-53,France vs Nigeria,16251.0,13:00,T-30,1,0,P-17509,Paul Pogba,Paul,Pogba,79',79,0,second half,0,0
G-2980,WC-2014,2014 FIFA Men's World Cup,2014,M-2014-53,France vs Nigeria,16251.0,13:00,T-30,1,0,P-64104,Joseph Yobo,Joseph,Yobo,90'+2',90,2,"second half, stoppage time",1,0
G-2981,WC-2014,2014 FIFA Men's World Cup,2014,M-2014-54,Germany vs Algeria,16251.0,17:00,T-31,1,0,P-46979,André Schürrle,André,Schürrle,92',92,0,"extra time, first half",0,0
G-2982,WC-2014,2014 FIFA Men's World Cup,2014,M-2014-54,Germany vs Algeria,16251.0,17:00,T-31,1,0,P-12818,Mesut Özil,Mesut,Özil,120',120,0,"extra time, second half",0,0
G-2983,WC-2014,2014 FIFA Men's World Cup,2014,M-2014-54,Germany vs Algeria,16251.0,17:00,T-01,0,1,P-59147,Abdelmoumene Djabou,Abdelmoumene,Djabou,120'+1',120,1,"extra time, second half, stoppage time",0,0
G-2984,WC-2014,2014 FIFA Men's World Cup,2014,M-2014-55,Argentina vs Switzerland,16252.0,13:00,T-03,1,0,P-42113,Ángel Di María,Ángel,Di María,118',118,0,"extra time, second half",0,0
G-2985,WC-2014,2014 FIFA Men's World Cup,2014,M-2014-56,Belgium vs United States,16252.0,17:00,T-06,1,0,P-48955,Kevin De Bruyne,Kevin,De Bruyne,93',93,0,"extra time, first half",0,0
G-2986,WC-2014,2014 FIFA Men's World Cup,2014,M-2014-56,Belgium vs United States,16252.0,17:00,T-06,1,0,P-72637,Romelu Lukaku,Romelu,Lukaku,105',105,0,"extra time, first half",0,0
G-2987,WC-2014,2014 FIFA Men's World Cup,2014,M-2014-56,Belgium vs United States,16252.0,17:00,T-83,0,1,P-91438,Julian Green,Julian,Green,107',107,0,"extra time, second half",0,0
G-2988,WC-2014,2014 FIFA Men's World Cup,2014,M-2014-57,France vs Germany,16255.0,13:00,T-31,0,1,P-81447,Mats Hummels,Mats,Hummels,13',13,0,first half,0,0
G-2989,WC-2014,2014 FIFA Men's World Cup,2014,M-2014-58,Brazil vs Colombia,16255.0,17:00,T-09,1,0,P-32798,Thiago Silva,Thiago,Silva,7',7,0,first half,0,0
G-2990,WC-2014,2014 FIFA Men's World Cup,2014,M-2014-58,Brazil vs Colombia,16255.0,17:00,T-09,1,0,P-87449,David Luiz,David,Luiz,69',69,0,second half,0,0
G-2991,WC-2014,2014 FIFA Men's World Cup,2014,M-2014-58,Brazil vs Colombia,16255.0,17:00,T-16,0,1,P-89392,James Rodríguez,James,Rodríguez,80',80,0,second half,0,1
G-2992,WC-2014,2014 FIFA Men's World Cup,2014,M-2014-59,Argentina vs Belgium,16256.0,13:00,T-03,1,0,P-29398,Gonzalo Higuaín,Gonzalo,Higuaín,8',8,0,first half,0,0
G-2993,WC-2014,2014 FIFA Men's World Cup,2014,M-2014-61,Brazil vs Germany,16259.0,17:00,T-31,0,1,P-28154,Thomas Müller,Thomas,Müller,11',11,0,first half,0,0
G-2994,WC-2014,2014 FIFA Men's World Cup,2014,M-2014-61,Brazil vs Germany,16259.0,17:00,T-31,0,1,P-27787,Miroslav Klose,Miroslav,Klose,23',23,0,first half,0,0
G-2995,WC-2014,2014 FIFA Men's World Cup,2014,M-2014-61,Brazil vs Germany,16259.0,17:00,T-31,0,1,P-39356,Toni Kroos,Toni,Kroos,24',24,0,first half,0,0
G-2996,WC-2014,2014 FIFA Men's World Cup,2014,M-2014-61,Brazil vs Germany,16259.0,17:00,T-31,0,1,P-39356,Toni Kroos,Toni,Kroos,26',26,0,first half,0,0
G-2997,WC-2014,2014 FIFA Men's World Cup,2014,M-2014-61,Brazil vs Germany,16259.0,17:00,T-31,0,1,P-13029,Sami Khedira,Sami,Khedira,29',29,0,first half,0,0
G-2998,WC-2014,2014 FIFA Men's World Cup,2014,M-2014-61,Brazil vs Germany,16259.0,17:00,T-31,0,1,P-46979,André Schürrle,André,Schürrle,69',69,0,second half,0,0
G-2999,WC-2014,2014 FIFA Men's World Cup,2014,M-2014-61,Brazil vs Germany,16259.0,17:00,T-31,0,1,P-46979,André Schürrle,André,Schürrle,79',79,0,second half,0,0
G-3000,WC-2014,2014 FIFA Men's World Cup,2014,M-2014-61,Brazil vs Germany,16259.0,17:00,T-09,1,0,P-37239,not applicable Oscar,not applicable,Oscar,90',90,0,second half,0,0
G-3001,WC-2014,2014 FIFA Men's World Cup,2014,M-2014-63,Brazil vs Netherlands,16263.0,17:00,T-48,0,1,P-99934,Robin van Persie,Robin,van Persie,3',3,0,first half,0,1
G-3002,WC-2014,2014 FIFA Men's World Cup,2014,M-2014-63,Brazil vs Netherlands,16263.0,17:00,T-48,0,1,P-39861,Daley Blind,Daley,Blind,17',17,0,first half,0,0
G-3003,WC-2014,2014 FIFA Men's World Cup,2014,M-2014-63,Brazil vs Netherlands,16263.0,17:00,T-48,0,1,P-85698,Georginio Wijnaldum,Georginio,Wijnaldum,90'+1',90,1,"second half, stoppage time",0,0
G-3004,WC-2014,2014 FIFA Men's World Cup,2014,M-2014-64,Germany vs Argentina,16264.0,16:00,T-31,1,0,P-63673,Mario Götze,Mario,Götze,113',113,0,"extra time, second half",0,0
G-3005,WC-2015,2015 FIFA Women's World Cup,2015,M-2015-01,Canada vs China,16592.0,16:00,T-12,1,0,P-97813,Christine Sinclair,Christine,Sinclair,90'+2',90,2,"second half, stoppage time",0,1
G-3006,WC-2015,2015 FIFA Women's World Cup,2015,M-2015-02,New Zealand vs Netherlands,16592.0,19:00,T-48,0,1,P-00336,Lieke Martens,Lieke,Martens,33',33,0,first half,0,0
G-3007,WC-2015,2015 FIFA Women's World Cup,2015,M-2015-03,Norway vs Thailand,16593.0,13:00,T-53,1,0,P-29694,Trine Rønning,Trine,Rønning,15',15,0,first half,0,0
G-3008,WC-2015,2015 FIFA Women's World Cup,2015,M-2015-03,Norway vs Thailand,16593.0,13:00,T-53,1,0,P-09212,Isabell Herlovsen,Isabell,Herlovsen,29',29,0,first half,0,0
G-3009,WC-2015,2015 FIFA Women's World Cup,2015,M-2015-03,Norway vs Thailand,16593.0,13:00,T-53,1,0,P-09212,Isabell Herlovsen,Isabell,Herlovsen,34',34,0,first half,0,0
G-3010,WC-2015,2015 FIFA Women's World Cup,2015,M-2015-03,Norway vs Thailand,16593.0,13:00,T-53,1,0,P-20831,Ada Hegerberg,Ada,Hegerberg,68',68,0,second half,0,0
G-3011,WC-2015,2015 FIFA Women's World Cup,2015,M-2015-04,Germany vs Ivory Coast,16593.0,16:00,T-31,1,0,P-66612,Célia Šašić,Célia,Šašić,3',3,0,first half,0,0
G-3012,WC-2015,2015 FIFA Women's World Cup,2015,M-2015-04,Germany vs Ivory Coast,16593.0,16:00,T-31,1,0,P-66612,Célia Šašić,Célia,Šašić,14',14,0,first half,0,0
G-3013,WC-2015,2015 FIFA Women's World Cup,2015,M-2015-04,Germany vs Ivory Coast,16593.0,16:00,T-31,1,0,P-30564,Anja Mittag,Anja,Mittag,29',29,0,first half,0,0
G-3014,WC-2015,2015 FIFA Women's World Cup,2015,M-2015-04,Germany vs Ivory Coast,16593.0,16:00,T-31,1,0,P-66612,Célia Šašić,Célia,Šašić,31',31,0,first half,0,0
G-3015,WC-2015,2015 FIFA Women's World Cup,2015,M-2015-04,Germany vs Ivory Coast,16593.0,16:00,T-31,1,0,P-30564,Anja Mittag,Anja,Mittag,35',35,0,first half,0,0
G-3016,WC-2015,2015 FIFA Women's World Cup,2015,M-2015-04,Germany vs Ivory Coast,16593.0,16:00,T-31,1,0,P-30564,Anja Mittag,Anja,Mittag,64',64,0,second half,0,0
G-3017,WC-2015,2015 FIFA Women's World Cup,2015,M-2015-04,Germany vs Ivory Coast,16593.0,16:00,T-31,1,0,P-47092,Simone Laudehr,Simone,Laudehr,71',71,0,second half,0,0
G-3018,WC-2015,2015 FIFA Women's World Cup,2015,M-2015-04,Germany vs Ivory Coast,16593.0,16:00,T-31,1,0,P-29896,Sara Däbritz,Sara,Däbritz,75',75,0,second half,0,0
G-3019,WC-2015,2015 FIFA Women's World Cup,2015,M-2015-04,Germany vs Ivory Coast,16593.0,16:00,T-31,1,0,P-39260,Melanie Behringer,Melanie,Behringer,79',79,0,second half,0,0
G-3020,WC-2015,2015 FIFA Women's World Cup,2015,M-2015-04,Germany vs Ivory Coast,16593.0,16:00,T-31,1,0,P-80216,Alexandra Popp,Alexandra,Popp,85',85,0,second half,0,0
G-3021,WC-2015,2015 FIFA Women's World Cup,2015,M-2015-05,Sweden vs Nigeria,16594.0,15:00,T-74,1,0,P-67645,Desire Oparanozie,Desire,Oparanozie,21',21,0,first half,1,0
G-3022,WC-2015,2015 FIFA Women's World Cup,2015,M-2015-05,Sweden vs Nigeria,16594.0,15:00,T-74,1,0,P-52228,Nilla Fischer,Nilla,Fischer,31',31,0,first half,0,0
G-3023,WC-2015,2015 FIFA Women's World Cup,2015,M-2015-05,Sweden vs Nigeria,16594.0,15:00,T-50,0,1,P-22604,Ngozi Okobi-Okeoghene,Ngozi,Okobi-Okeoghene,50',50,0,second half,0,0
G-3024,WC-2015,2015 FIFA Women's World Cup,2015,M-2015-05,Sweden vs Nigeria,16594.0,15:00,T-50,0,1,P-59598,Asisat Oshoala,Asisat,Oshoala,53',53,0,second half,0,0
G-3025,WC-2015,2015 FIFA Women's World Cup,2015,M-2015-05,Sweden vs Nigeria,16594.0,15:00,T-74,1,0,P-10056,Linda Sembrant,Linda,Sembrant,60',60,0,second half,0,0
G-3026,WC-2015,2015 FIFA Women's World Cup,2015,M-2015-05,Sweden vs Nigeria,16594.0,15:00,T-50,0,1,P-86061,Francisca Ordega,Francisca,Ordega,87',87,0,second half,0,0
G-3027,WC-2015,2015 FIFA Women's World Cup,2015,M-2015-06,Cameroon vs Ecuador,16594.0,16:00,T-11,1,0,P-43002,Madeleine Ngono Mani,Madeleine,Ngono Mani,34',34,0,first half,0,0
G-3028,WC-2015,2015 FIFA Women's World Cup,2015,M-2015-06,Cameroon vs Ecuador,16594.0,16:00,T-11,1,0,P-18928,Gaëlle Enganamouit,Gaëlle,Enganamouit,36',36,0,first half,0,0
G-3029,WC-2015,2015 FIFA Women's World Cup,2015,M-2015-06,Cameroon vs Ecuador,16594.0,16:00,T-11,1,0,P-22573,Christine Manie,Christine,Manie,44',44,0,first half,0,1
G-3030,WC-2015,2015 FIFA Women's World Cup,2015,M-2015-06,Cameroon vs Ecuador,16594.0,16:00,T-11,1,0,P-18928,Gaëlle Enganamouit,Gaëlle,Enganamouit,73',73,0,second half,0,0
G-3031,WC-2015,2015 FIFA Women's World Cup,2015,M-2015-06,Cameroon vs Ecuador,16594.0,16:00,T-11,1,0,P-24905,Gabrielle Onguéné,Gabrielle,Onguéné,79',79,0,second half,0,1
G-3032,WC-2015,2015 FIFA Women's World Cup,2015,M-2015-06,Cameroon vs Ecuador,16594.0,16:00,T-11,1,0,P-18928,Gaëlle Enganamouit,Gaëlle,Enganamouit,90'+4',90,4,"second half, stoppage time",0,1
G-3033,WC-2015,2015 FIFA Women's World Cup,2015,M-2015-07,United States vs Australia,16594.0,18:30,T-83,1,0,P-09273,Megan Rapinoe,Megan,Rapinoe,12',12,0,first half,0,0
G-3034,WC-2015,2015 FIFA Women's World Cup,2015,M-2015-07,United States vs Australia,16594.0,18:30,T-04,0,1,P-83079,Lisa De Vanna,Lisa,De Vanna,27',27,0,first half,0,0
G-3035,WC-2015,2015 FIFA Women's World Cup,2015,M-2015-07,United States vs Australia,16594.0,18:30,T-83,1,0,P-79931,Christen Press,Christen,Press,61',61,0,second half,0,0
G-3036,WC-2015,2015 FIFA Women's World Cup,2015,M-2015-07,United States vs Australia,16594.0,18:30,T-83,1,0,P-09273,Megan Rapinoe,Megan,Rapinoe,78',78,0,second half,0,0
G-3037,WC-2015,2015 FIFA Women's World Cup,2015,M-2015-08,Japan vs Switzerland,16594.0,19:00,T-44,1,0,P-04310,Aya Miyama,Aya,Miyama,29',29,0,first half,0,1
G-3038,WC-2015,2015 FIFA Women's World Cup,2015,M-2015-09,France vs England,16595.0,14:00,T-30,1,0,P-70239,Eugénie Le Sommer,Eugénie,Le Sommer,29',29,0,first half,0,0
G-3039,WC-2015,2015 FIFA Women's World Cup,2015,M-2015-10,Spain vs Costa Rica,16595.0,16:00,T-73,1,0,P-10289,Vicky Losada,Vicky,Losada,13',13,0,first half,0,0
G-3040,WC-2015,2015 FIFA Women's World Cup,2015,M-2015-10,Spain vs Costa Rica,16595.0,16:00,T-17,0,1,P-08309,Raquel Rodríguez,Raquel,Rodríguez,14',14,0,first half,0,0
G-3041,WC-2015,2015 FIFA Women's World Cup,2015,M-2015-11,Colombia vs Mexico,16595.0,17:00,T-46,0,1,P-32979,Verónica Pérez,Verónica,Pérez,36',36,0,first half,0,0
G-3042,WC-2015,2015 FIFA Women's World Cup,2015,M-2015-11,Colombia vs Mexico,16595.0,17:00,T-16,1,0,P-24999,Daniela Montoya,Daniela,Montoya,82',82,0,second half,0,0
G-3043,WC-2015,2015 FIFA Women's World Cup,2015,M-2015-12,Brazil vs South Korea,16595.0,19:00,T-09,1,0,P-19610,not applicable Formiga,not applicable,Formiga,33',33,0,first half,0,0
G-3044,WC-2015,2015 FIFA Women's World Cup,2015,M-2015-12,Brazil vs South Korea,16595.0,19:00,T-09,1,0,P-07458,not applicable Marta,not applicable,Marta,53',53,0,second half,0,1
G-3045,WC-2015,2015 FIFA Women's World Cup,2015,M-2015-13,China vs Netherlands,16597.0,16:00,T-14,1,0,P-59654,Lisi Wang,Lisi,Wang,90'+1',90,1,"second half, stoppage time",0,0
G-3046,WC-2015,2015 FIFA Women's World Cup,2015,M-2015-14,Germany vs Norway,16597.0,16:00,T-31,1,0,P-30564,Anja Mittag,Anja,Mittag,6',6,0,first half,0,0
G-3047,WC-2015,2015 FIFA Women's World Cup,2015,M-2015-14,Germany vs Norway,16597.0,16:00,T-53,0,1,P-74073,Maren Mjelde,Maren,Mjelde,61',61,0,second half,0,0
G-3048,WC-2015,2015 FIFA Women's World Cup,2015,M-2015-16,Ivory Coast vs Thailand,16597.0,19:00,T-42,1,0,P-26065,Ange N'Guessan,Ange,N'Guessan,4',4,0,first half,0,0
G-3049,WC-2015,2015 FIFA Women's World Cup,2015,M-2015-16,Ivory Coast vs Thailand,16597.0,19:00,T-76,0,1,P-42972,Srimanee Orathai,Srimanee,Orathai,26',26,0,first half,0,0
G-3050,WC-2015,2015 FIFA Women's World Cup,2015,M-2015-16,Ivory Coast vs Thailand,16597.0,19:00,T-76,0,1,P-42972,Srimanee Orathai,Srimanee,Orathai,45'+3',45,3,"first half, stoppage time",0,0
G-3051,WC-2015,2015 FIFA Women's World Cup,2015,M-2015-16,Ivory Coast vs Thailand,16597.0,19:00,T-76,0,1,P-34796,Chawong Thanatta,Chawong,Thanatta,75',75,0,second half,0,0
G-3052,WC-2015,2015 FIFA Women's World Cup,2015,M-2015-16,Ivory Coast vs Thailand,16597.0,19:00,T-42,1,0,P-06222,Josée Nahi,Josée,Nahi,88',88,0,second half,0,0
G-3053,WC-2015,2015 FIFA Women's World Cup,2015,M-2015-17,Switzerland vs Ecuador,16598.0,16:00,T-75,1,0,P-18236,Angie Ponce,Angie,Ponce,24',24,0,first half,1,0
G-3054,WC-2015,2015 FIFA Women's World Cup,2015,M-2015-17,Switzerland vs Ecuador,16598.0,16:00,T-75,1,0,P-25824,Eseosa Aigbogun,Eseosa,Aigbogun,45'+2',45,2,"first half, stoppage time",0,0
G-3055,WC-2015,2015 FIFA Women's World Cup,2015,M-2015-17,Switzerland vs Ecuador,16598.0,16:00,T-75,1,0,P-28291,Fabienne Humm,Fabienne,Humm,47',47,0,second half,0,0
G-3056,WC-2015,2015 FIFA Women's World Cup,2015,M-2015-17,Switzerland vs Ecuador,16598.0,16:00,T-75,1,0,P-28291,Fabienne Humm,Fabienne,Humm,49',49,0,second half,0,0
G-3057,WC-2015,2015 FIFA Women's World Cup,2015,M-2015-17,Switzerland vs Ecuador,16598.0,16:00,T-75,1,0,P-28291,Fabienne Humm,Fabienne,Humm,52',52,0,second half,0,0
G-3058,WC-2015,2015 FIFA Women's World Cup,2015,M-2015-17,Switzerland vs Ecuador,16598.0,16:00,T-75,1,0,P-61487,Ramona Bachmann,Ramona,Bachmann,60',60,0,second half,0,1
G-3059,WC-2015,2015 FIFA Women's World Cup,2015,M-2015-17,Switzerland vs Ecuador,16598.0,16:00,T-75,1,0,P-61487,Ramona Bachmann,Ramona,Bachmann,61',61,0,second half,0,0
G-3060,WC-2015,2015 FIFA Women's World Cup,2015,M-2015-17,Switzerland vs Ecuador,16598.0,16:00,T-25,0,1,P-18236,Angie Ponce,Angie,Ponce,64',64,0,second half,0,1
G-3061,WC-2015,2015 FIFA Women's World Cup,2015,M-2015-17,Switzerland vs Ecuador,16598.0,16:00,T-75,1,0,P-18236,Angie Ponce,Angie,Ponce,71',71,0,second half,1,0
G-3062,WC-2015,2015 FIFA Women's World Cup,2015,M-2015-17,Switzerland vs Ecuador,16598.0,16:00,T-75,1,0,P-15441,Martina Moser,Martina,Moser,76',76,0,second half,0,0
G-3063,WC-2015,2015 FIFA Women's World Cup,2015,M-2015-17,Switzerland vs Ecuador,16598.0,16:00,T-75,1,0,P-61487,Ramona Bachmann,Ramona,Bachmann,81',81,0,second half,0,0
G-3064,WC-2015,2015 FIFA Women's World Cup,2015,M-2015-18,Australia vs Nigeria,16598.0,16:00,T-04,1,0,P-77133,Kyah Simon,Kyah,Simon,29',29,0,first half,0,0
G-3065,WC-2015,2015 FIFA Women's World Cup,2015,M-2015-18,Australia vs Nigeria,16598.0,16:00,T-04,1,0,P-77133,Kyah Simon,Kyah,Simon,68',68,0,second half,0,0
G-3066,WC-2015,2015 FIFA Women's World Cup,2015,M-2015-19,Japan vs Cameroon,16598.0,19:00,T-44,1,0,P-75658,Aya Sameshima,Aya,Sameshima,6',6,0,first half,0,0
G-3067,WC-2015,2015 FIFA Women's World Cup,2015,M-2015-19,Japan vs Cameroon,16598.0,19:00,T-44,1,0,P-34571,Yuika Sugasawa,Yuika,Sugasawa,17',17,0,first half,0,0
G-3068,WC-2015,2015 FIFA Women's World Cup,2015,M-2015-19,Japan vs Cameroon,16598.0,19:00,T-11,0,1,P-69986,Ajara Nchout,Ajara,Nchout,90',90,0,second half,0,0
G-3069,WC-2015,2015 FIFA Women's World Cup,2015,M-2015-21,France vs Colombia,16599.0,14:00,T-16,0,1,P-24913,Lady Andrade,Lady,Andrade,19',19,0,first half,0,0
G-3070,WC-2015,2015 FIFA Women's World Cup,2015,M-2015-21,France vs Colombia,16599.0,14:00,T-16,0,1,P-76437,Catalina Usme,Catalina,Usme,90'+3',90,3,"second half, stoppage time",0,0
G-3071,WC-2015,2015 FIFA Women's World Cup,2015,M-2015-22,Brazil vs Spain,16599.0,16:00,T-09,1,0,P-91993,Andressa Alves,Andressa,Alves,44',44,0,first half,0,0
G-3072,WC-2015,2015 FIFA Women's World Cup,2015,M-2015-23,England vs Mexico,16599.0,17:00,T-28,1,0,P-61922,Fran Kirby,Fran,Kirby,71',71,0,second half,0,0
G-3073,WC-2015,2015 FIFA Women's World Cup,2015,M-2015-23,England vs Mexico,16599.0,17:00,T-28,1,0,P-34666,Karen Carney,Karen,Carney,82',82,0,second half,0,0
G-3074,WC-2015,2015 FIFA Women's World Cup,2015,M-2015-23,England vs Mexico,16599.0,17:00,T-46,0,1,P-33442,Fabiola Ibarra,Fabiola,Ibarra,90'+1',90,1,"second half, stoppage time",0,0
G-3075,WC-2015,2015 FIFA Women's World Cup,2015,M-2015-24,South Korea vs Costa Rica,16599.0,19:00,T-17,0,1,P-83648,Melissa Herrera,Melissa,Herrera,17',17,0,first half,0,0
G-3076,WC-2015,2015 FIFA Women's World Cup,2015,M-2015-24,South Korea vs Costa Rica,16599.0,19:00,T-71,1,0,P-08264,So-yun Ji,So-yun,Ji,21',21,0,first half,0,1
G-3077,WC-2015,2015 FIFA Women's World Cup,2015,M-2015-24,South Korea vs Costa Rica,16599.0,19:00,T-71,1,0,P-83266,Ga-eul Jeon,Ga-eul,Jeon,25',25,0,first half,0,0
G-3078,WC-2015,2015 FIFA Women's World Cup,2015,M-2015-24,South Korea vs Costa Rica,16599.0,19:00,T-17,0,1,P-87850,Karla Villalobos,Karla,Villalobos,89',89,0,second half,0,0
G-3079,WC-2015,2015 FIFA Women's World Cup,2015,M-2015-25,Thailand vs Germany,16601.0,15:00,T-31,0,1,P-17418,Melanie Leupolz,Melanie,Leupolz,24',24,0,first half,0,0
G-3080,WC-2015,2015 FIFA Women's World Cup,2015,M-2015-25,Thailand vs Germany,16601.0,15:00,T-31,0,1,P-27184,Lena Petermann,Lena,Petermann,56',56,0,second half,0,0
G-3081,WC-2015,2015 FIFA Women's World Cup,2015,M-2015-25,Thailand vs Germany,16601.0,15:00,T-31,0,1,P-27184,Lena Petermann,Lena,Petermann,58',58,0,second half,0,0
G-3082,WC-2015,2015 FIFA Women's World Cup,2015,M-2015-25,Thailand vs Germany,16601.0,15:00,T-31,0,1,P-29896,Sara Däbritz,Sara,Däbritz,73',73,0,second half,0,0
G-3083,WC-2015,2015 FIFA Women's World Cup,2015,M-2015-26,Ivory Coast vs Norway,16601.0,17:00,T-53,0,1,P-20831,Ada Hegerberg,Ada,Hegerberg,6',6,0,first half,0,0
G-3084,WC-2015,2015 FIFA Women's World Cup,2015,M-2015-26,Ivory Coast vs Norway,16601.0,17:00,T-53,0,1,P-20831,Ada Hegerberg,Ada,Hegerberg,62',62,0,second half,0,0
G-3085,WC-2015,2015 FIFA Women's World Cup,2015,M-2015-26,Ivory Coast vs Norway,16601.0,17:00,T-53,0,1,P-70069,Solveig Gulbrandsen,Solveig,Gulbrandsen,67',67,0,second half,0,0
G-3086,WC-2015,2015 FIFA Women's World Cup,2015,M-2015-26,Ivory Coast vs Norway,16601.0,17:00,T-42,1,0,P-26065,Ange N'Guessan,Ange,N'Guessan,71',71,0,second half,0,0
G-3087,WC-2015,2015 FIFA Women's World Cup,2015,M-2015-27,China vs New Zealand,16601.0,18:30,T-49,0,1,P-44826,Rebekah Stott,Rebekah,Stott,28',28,0,first half,0,0
G-3088,WC-2015,2015 FIFA Women's World Cup,2015,M-2015-27,China vs New Zealand,16601.0,18:30,T-14,1,0,P-59654,Lisi Wang,Lisi,Wang,41',41,0,first half,0,1
G-3089,WC-2015,2015 FIFA Women's World Cup,2015,M-2015-27,China vs New Zealand,16601.0,18:30,T-14,1,0,P-40014,Shanshan Wang,Shanshan,Wang,60',60,0,second half,0,0
G-3090,WC-2015,2015 FIFA Women's World Cup,2015,M-2015-27,China vs New Zealand,16601.0,18:30,T-49,0,1,P-44115,Hannah Wilkinson,Hannah,Wilkinson,64',64,0,second half,0,0
G-3091,WC-2015,2015 FIFA Women's World Cup,2015,M-2015-28,Netherlands vs Canada,16601.0,19:30,T-12,0,1,P-67881,Ashley Lawrence,Ashley,Lawrence,10',10,0,first half,0,0
G-3092,WC-2015,2015 FIFA Women's World Cup,2015,M-2015-28,Netherlands vs Canada,16601.0,19:30,T-48,1,0,P-98141,Kirsten van de Ven,Kirsten,van de Ven,87',87,0,second half,0,0
G-3093,WC-2015,2015 FIFA Women's World Cup,2015,M-2015-29,Switzerland vs Cameroon,16602.0,15:00,T-75,1,0,P-96874,Ana-Maria Crnogorčević,Ana-Maria,Crnogorčević,24',24,0,first half,0,0
G-3094,WC-2015,2015 FIFA Women's World Cup,2015,M-2015-29,Switzerland vs Cameroon,16602.0,15:00,T-11,0,1,P-24905,Gabrielle Onguéné,Gabrielle,Onguéné,47',47,0,second half,0,0
G-3095,WC-2015,2015 FIFA Women's World Cup,2015,M-2015-29,Switzerland vs Cameroon,16602.0,15:00,T-11,0,1,P-43002,Madeleine Ngono Mani,Madeleine,Ngono Mani,62',62,0,second half,0,0
G-3096,WC-2015,2015 FIFA Women's World Cup,2015,M-2015-30,Ecuador vs Japan,16602.0,16:00,T-44,0,1,P-20246,Yūki Ōgimi,Yūki,Ōgimi,5',5,0,first half,0,0
G-3097,WC-2015,2015 FIFA Women's World Cup,2015,M-2015-31,Nigeria vs United States,16602.0,17:00,T-83,0,1,P-89236,Abby Wambach,Abby,Wambach,45',45,0,first half,0,0
G-3098,WC-2015,2015 FIFA Women's World Cup,2015,M-2015-32,Australia vs Sweden,16602.0,18:00,T-04,1,0,P-83079,Lisa De Vanna,Lisa,De Vanna,5',5,0,first half,0,0
G-3099,WC-2015,2015 FIFA Women's World Cup,2015,M-2015-32,Australia vs Sweden,16602.0,18:00,T-74,0,1,P-27729,Sofia Jakobsson,Sofia,Jakobsson,15',15,0,first half,0,0
G-3100,WC-2015,2015 FIFA Women's World Cup,2015,M-2015-33,England vs Colombia,16603.0,16:00,T-28,1,0,P-34666,Karen Carney,Karen,Carney,15',15,0,first half,0,0
G-3101,WC-2015,2015 FIFA Women's World Cup,2015,M-2015-33,England vs Colombia,16603.0,16:00,T-28,1,0,P-10986,Fara Williams,Fara,Williams,38',38,0,first half,0,1
G-3102,WC-2015,2015 FIFA Women's World Cup,2015,M-2015-33,England vs Colombia,16603.0,16:00,T-16,0,1,P-24913,Lady Andrade,Lady,Andrade,90'+4',90,4,"second half, stoppage time",0,0
G-3103,WC-2015,2015 FIFA Women's World Cup,2015,M-2015-34,Mexico vs France,16603.0,16:00,T-30,0,1,P-89379,Marie-Laure Delie,Marie-Laure,Delie,1',1,0,first half,0,0
G-3104,WC-2015,2015 FIFA Women's World Cup,2015,M-2015-34,Mexico vs France,16603.0,16:00,T-30,0,1,P-13965,Jenny Ruiz,Jenny,Ruiz,9',9,0,first half,1,0
G-3105,WC-2015,2015 FIFA Women's World Cup,2015,M-2015-34,Mexico vs France,16603.0,16:00,T-30,0,1,P-70239,Eugénie Le Sommer,Eugénie,Le Sommer,13',13,0,first half,0,0
G-3106,WC-2015,2015 FIFA Women's World Cup,2015,M-2015-34,Mexico vs France,16603.0,16:00,T-30,0,1,P-70239,Eugénie Le Sommer,Eugénie,Le Sommer,36',36,0,first half,0,0
G-3107,WC-2015,2015 FIFA Women's World Cup,2015,M-2015-34,Mexico vs France,16603.0,16:00,T-30,0,1,P-64050,Amandine Henry,Amandine,Henry,80',80,0,second half,0,0
G-3108,WC-2015,2015 FIFA Women's World Cup,2015,M-2015-35,South Korea vs Spain,16603.0,19:00,T-73,0,1,P-37281,Verónica Boquete,Verónica,Boquete,29',29,0,first half,0,0
G-3109,WC-2015,2015 FIFA Women's World Cup,2015,M-2015-35,South Korea vs Spain,16603.0,19:00,T-71,1,0,P-35864,So-hyun Cho,So-hyun,Cho,53',53,0,second half,0,0
G-3110,WC-2015,2015 FIFA Women's World Cup,2015,M-2015-35,South Korea vs Spain,16603.0,19:00,T-71,1,0,P-78430,Soo-yun Kim,Soo-yun,Kim,78',78,0,second half,0,0
G-3111,WC-2015,2015 FIFA Women's World Cup,2015,M-2015-36,Costa Rica vs Brazil,16603.0,20:00,T-09,0,1,P-11773,not applicable Raquel,not applicable,Raquel,83',83,0,second half,0,0
G-3112,WC-2015,2015 FIFA Women's World Cup,2015,M-2015-37,Germany vs Sweden,16606.0,16:00,T-31,1,0,P-30564,Anja Mittag,Anja,Mittag,24',24,0,first half,0,0
G-3113,WC-2015,2015 FIFA Women's World Cup,2015,M-2015-37,Germany vs Sweden,16606.0,16:00,T-31,1,0,P-66612,Célia Šašić,Célia,Šašić,36',36,0,first half,0,1
G-3114,WC-2015,2015 FIFA Women's World Cup,2015,M-2015-37,Germany vs Sweden,16606.0,16:00,T-31,1,0,P-66612,Célia Šašić,Célia,Šašić,78',78,0,second half,0,0
G-3115,WC-2015,2015 FIFA Women's World Cup,2015,M-2015-37,Germany vs Sweden,16606.0,16:00,T-74,0,1,P-10056,Linda Sembrant,Linda,Sembrant,82',82,0,second half,0,0
G-3116,WC-2015,2015 FIFA Women's World Cup,2015,M-2015-37,Germany vs Sweden,16606.0,16:00,T-31,1,0,P-84273,Dzsenifer Marozsán,Dzsenifer,Marozsán,88',88,0,second half,0,0
G-3117,WC-2015,2015 FIFA Women's World Cup,2015,M-2015-38,China vs Cameroon,16606.0,17:30,T-14,1,0,P-40014,Shanshan Wang,Shanshan,Wang,12',12,0,first half,0,0
G-3118,WC-2015,2015 FIFA Women's World Cup,2015,M-2015-39,Brazil vs Australia,16607.0,14:00,T-04,0,1,P-77133,Kyah Simon,Kyah,Simon,80',80,0,second half,0,0
G-3119,WC-2015,2015 FIFA Women's World Cup,2015,M-2015-40,France vs South Korea,16607.0,16:00,T-30,1,0,P-89379,Marie-Laure Delie,Marie-Laure,Delie,4',4,0,first half,0,0
G-3120,WC-2015,2015 FIFA Women's World Cup,2015,M-2015-40,France vs South Korea,16607.0,16:00,T-30,1,0,P-00064,Élodie Thomis,Élodie,Thomis,8',8,0,first half,0,0
G-3121,WC-2015,2015 FIFA Women's World Cup,2015,M-2015-40,France vs South Korea,16607.0,16:00,T-30,1,0,P-89379,Marie-Laure Delie,Marie-Laure,Delie,48',48,0,second half,0,0
G-3122,WC-2015,2015 FIFA Women's World Cup,2015,M-2015-41,Canada vs Switzerland,16607.0,16:30,T-12,1,0,P-31118,Josée Bélanger,Josée,Bélanger,52',52,0,second half,0,0
G-3123,WC-2015,2015 FIFA Women's World Cup,2015,M-2015-42,Norway vs England,16608.0,17:00,T-53,1,0,P-70069,Solveig Gulbrandsen,Solveig,Gulbrandsen,54',54,0,second half,0,0
G-3124,WC-2015,2015 FIFA Women's World Cup,2015,M-2015-42,Norway vs England,16608.0,17:00,T-28,0,1,P-30706,Steph Houghton,Steph,Houghton,61',61,0,second half,0,0
G-3125,WC-2015,2015 FIFA Women's World Cup,2015,M-2015-42,Norway vs England,16608.0,17:00,T-28,0,1,P-23779,Lucy Bronze,Lucy,Bronze,76',76,0,second half,0,0
G-3126,WC-2015,2015 FIFA Women's World Cup,2015,M-2015-43,United States vs Colombia,16608.0,18:00,T-83,1,0,P-37034,Alex Morgan,Alex,Morgan,53',53,0,second half,0,0
G-3127,WC-2015,2015 FIFA Women's World Cup,2015,M-2015-43,United States vs Colombia,16608.0,18:00,T-83,1,0,P-62104,Carli Lloyd,Carli,Lloyd,66',66,0,second half,0,1
G-3128,WC-2015,2015 FIFA Women's World Cup,2015,M-2015-44,Japan vs Netherlands,16609.0,19:00,T-44,1,0,P-66148,Saori Ariyoshi,Saori,Ariyoshi,10',10,0,first half,0,0
G-3129,WC-2015,2015 FIFA Women's World Cup,2015,M-2015-44,Japan vs Netherlands,16609.0,19:00,T-44,1,0,P-99210,Mizuho Sakaguchi,Mizuho,Sakaguchi,78',78,0,second half,0,0
G-3130,WC-2015,2015 FIFA Women's World Cup,2015,M-2015-44,Japan vs Netherlands,16609.0,19:00,T-48,0,1,P-98141,Kirsten van de Ven,Kirsten,van de Ven,90'+2',90,2,"second half, stoppage time",0,0
G-3131,WC-2015,2015 FIFA Women's World Cup,2015,M-2015-45,Germany vs France,16612.0,16:00,T-30,0,1,P-63892,Louisa Nécib,Louisa,Nécib,64',64,0,second half,0,0
G-3132,WC-2015,2015 FIFA Women's World Cup,2015,M-2015-45,Germany vs France,16612.0,16:00,T-31,1,0,P-66612,Célia Šašić,Célia,Šašić,84',84,0,second half,0,1
G-3133,WC-2015,2015 FIFA Women's World Cup,2015,M-2015-46,China vs United States,16612.0,19:30,T-83,0,1,P-62104,Carli Lloyd,Carli,Lloyd,51',51,0,second half,0,0
G-3134,WC-2015,2015 FIFA Women's World Cup,2015,M-2015-47,Australia vs Japan,16613.0,14:00,T-44,0,1,P-26643,Mana Iwabuchi,Mana,Iwabuchi,87',87,0,second half,0,0
G-3135,WC-2015,2015 FIFA Women's World Cup,2015,M-2015-48,England vs Canada,16613.0,16:30,T-28,1,0,P-57382,Jodie Taylor,Jodie,Taylor,11',11,0,first half,0,0
G-3136,WC-2015,2015 FIFA Women's World Cup,2015,M-2015-48,England vs Canada,16613.0,16:30,T-28,1,0,P-23779,Lucy Bronze,Lucy,Bronze,14',14,0,first half,0,0
G-3137,WC-2015,2015 FIFA Women's World Cup,2015,M-2015-48,England vs Canada,16613.0,16:30,T-12,0,1,P-97813,Christine Sinclair,Christine,Sinclair,42',42,0,first half,0,0
G-3138,WC-2015,2015 FIFA Women's World Cup,2015,M-2015-49,United States vs Germany,16616.0,19:00,T-83,1,0,P-62104,Carli Lloyd,Carli,Lloyd,69',69,0,second half,0,1
G-3139,WC-2015,2015 FIFA Women's World Cup,2015,M-2015-49,United States vs Germany,16616.0,19:00,T-83,1,0,P-72568,Kelley O'Hara,Kelley,O'Hara,84',84,0,second half,0,0
G-3140,WC-2015,2015 FIFA Women's World Cup,2015,M-2015-50,Japan vs England,16617.0,17:00,T-44,1,0,P-04310,Aya Miyama,Aya,Miyama,33',33,0,first half,0,1
G-3141,WC-2015,2015 FIFA Women's World Cup,2015,M-2015-50,Japan vs England,16617.0,17:00,T-28,0,1,P-10986,Fara Williams,Fara,Williams,40',40,0,first half,0,1
G-3142,WC-2015,2015 FIFA Women's World Cup,2015,M-2015-50,Japan vs England,16617.0,17:00,T-44,1,0,P-69145,Laura Bassett,Laura,Bassett,90'+2',90,2,"second half, stoppage time",1,0
G-3143,WC-2015,2015 FIFA Women's World Cup,2015,M-2015-51,Germany vs England,16620.0,14:00,T-28,0,1,P-10986,Fara Williams,Fara,Williams,108',108,0,"extra time, second half",0,1
G-3144,WC-2015,2015 FIFA Women's World Cup,2015,M-2015-52,United States vs Japan,16621.0,16:00,T-83,1,0,P-62104,Carli Lloyd,Carli,Lloyd,3',3,0,first half,0,0
G-3145,WC-2015,2015 FIFA Women's World Cup,2015,M-2015-52,United States vs Japan,16621.0,16:00,T-83,1,0,P-62104,Carli Lloyd,Carli,Lloyd,5',5,0,first half,0,0
G-3146,WC-2015,2015 FIFA Women's World Cup,2015,M-2015-52,United States vs Japan,16621.0,16:00,T-83,1,0,P-81449,Lauren Holiday,Lauren,Holiday,14',14,0,first half,0,0
G-3147,WC-2015,2015 FIFA Women's World Cup,2015,M-2015-52,United States vs Japan,16621.0,16:00,T-83,1,0,P-62104,Carli Lloyd,Carli,Lloyd,16',16,0,first half,0,0
G-3148,WC-2015,2015 FIFA Women's World Cup,2015,M-2015-52,United States vs Japan,16621.0,16:00,T-44,0,1,P-20246,Yūki Ōgimi,Yūki,Ōgimi,27',27,0,first half,0,0
G-3149,WC-2015,2015 FIFA Women's World Cup,2015,M-2015-52,United States vs Japan,16621.0,16:00,T-44,0,1,P-65433,Julie Ertz,Julie,Ertz,52',52,0,second half,1,0
G-3150,WC-2015,2015 FIFA Women's World Cup,2015,M-2015-52,United States vs Japan,16621.0,16:00,T-83,1,0,P-35525,Tobin Heath,Tobin,Heath,54',54,0,second half,0,0
G-3151,WC-2018,2018 FIFA Men's World Cup,2018,M-2018-01,Russia vs Saudi Arabia,17696.0,18:00,T-62,1,0,P-20571,Yury Gazinsky,Yury,Gazinsky,12',12,0,first half,0,0
G-3152,WC-2018,2018 FIFA Men's World Cup,2018,M-2018-01,Russia vs Saudi Arabia,17696.0,18:00,T-62,1,0,P-43675,Denis Cheryshev,Denis,Cheryshev,43',43,0,first half,0,0
G-3153,WC-2018,2018 FIFA Men's World Cup,2018,M-2018-01,Russia vs Saudi Arabia,17696.0,18:00,T-62,1,0,P-37840,Artem Dzyuba,Artem,Dzyuba,71',71,0,second half,0,0
G-3154,WC-2018,2018 FIFA Men's World Cup,2018,M-2018-01,Russia vs Saudi Arabia,17696.0,18:00,T-62,1,0,P-43675,Denis Cheryshev,Denis,Cheryshev,90'+1',90,1,"second half, stoppage time",0,0
G-3155,WC-2018,2018 FIFA Men's World Cup,2018,M-2018-01,Russia vs Saudi Arabia,17696.0,18:00,T-62,1,0,P-22778,Aleksandr Golovin,Aleksandr,Golovin,90'+4',90,4,"second half, stoppage time",0,0
G-3156,WC-2018,2018 FIFA Men's World Cup,2018,M-2018-02,Egypt vs Uruguay,17697.0,17:00,T-84,0,1,P-65659,José Giménez,José,Giménez,89',89,0,second half,0,0
G-3157,WC-2018,2018 FIFA Men's World Cup,2018,M-2018-03,Morocco vs Iran,17697.0,18:00,T-38,0,1,P-60872,Aziz Bouhaddouz,Aziz,Bouhaddouz,90'+5',90,5,"second half, stoppage time",1,0
G-3158,WC-2018,2018 FIFA Men's World Cup,2018,M-2018-04,Portugal vs Spain,17697.0,21:00,T-58,1,0,P-70442,Cristiano Ronaldo,Cristiano,Ronaldo,4',4,0,first half,0,1
G-3159,WC-2018,2018 FIFA Men's World Cup,2018,M-2018-04,Portugal vs Spain,17697.0,21:00,T-73,0,1,P-02231,Diego Costa,Diego,Costa,24',24,0,first half,0,0
G-3160,WC-2018,2018 FIFA Men's World Cup,2018,M-2018-04,Portugal vs Spain,17697.0,21:00,T-58,1,0,P-70442,Cristiano Ronaldo,Cristiano,Ronaldo,44',44,0,first half,0,0
G-3161,WC-2018,2018 FIFA Men's World Cup,2018,M-2018-04,Portugal vs Spain,17697.0,21:00,T-73,0,1,P-02231,Diego Costa,Diego,Costa,55',55,0,second half,0,0
G-3162,WC-2018,2018 FIFA Men's World Cup,2018,M-2018-04,Portugal vs Spain,17697.0,21:00,T-73,0,1,P-15848,not applicable Nacho,not applicable,Nacho,58',58,0,second half,0,0
G-3163,WC-2018,2018 FIFA Men's World Cup,2018,M-2018-04,Portugal vs Spain,17697.0,21:00,T-58,1,0,P-70442,Cristiano Ronaldo,Cristiano,Ronaldo,88',88,0,second half,0,0
G-3164,WC-2018,2018 FIFA Men's World Cup,2018,M-2018-05,France vs Australia,17698.0,13:00,T-30,1,0,P-90908,Antoine Griezmann,Antoine,Griezmann,58',58,0,second half,0,1
G-3165,WC-2018,2018 FIFA Men's World Cup,2018,M-2018-05,France vs Australia,17698.0,13:00,T-04,0,1,P-37275,Mile Jedinak,Mile,Jedinak,62',62,0,second half,0,1
G-3166,WC-2018,2018 FIFA Men's World Cup,2018,M-2018-05,France vs Australia,17698.0,13:00,T-30,1,0,P-51118,Aziz Behich,Aziz,Behich,81',81,0,second half,1,0
G-3167,WC-2018,2018 FIFA Men's World Cup,2018,M-2018-06,Argentina vs Iceland,17698.0,16:00,T-03,1,0,P-36870,Sergio Agüero,Sergio,Agüero,19',19,0,first half,0,0
G-3168,WC-2018,2018 FIFA Men's World Cup,2018,M-2018-06,Argentina vs Iceland,17698.0,16:00,T-37,0,1,P-70085,Alfreð Finnbogason,Alfreð,Finnbogason,23',23,0,first half,0,0
G-3169,WC-2018,2018 FIFA Men's World Cup,2018,M-2018-07,Peru vs Denmark,17698.0,19:00,T-22,0,1,P-08442,Yussuf Poulsen,Yussuf,Poulsen,59',59,0,second half,0,0
G-3170,WC-2018,2018 FIFA Men's World Cup,2018,M-2018-08,Croatia vs Nigeria,17698.0,21:00,T-18,1,0,P-62455,Peter Etebo,Peter,Etebo,32',32,0,first half,1,0
G-3171,WC-2018,2018 FIFA Men's World Cup,2018,M-2018-08,Croatia vs Nigeria,17698.0,21:00,T-18,1,0,P-29491,Luka Modrić,Luka,Modrić,71',71,0,second half,0,1
G-3172,WC-2018,2018 FIFA Men's World Cup,2018,M-2018-09,Costa Rica vs Serbia,17699.0,16:00,T-66,0,1,P-33059,Aleksandar Kolarov,Aleksandar,Kolarov,56',56,0,second half,0,0
G-3173,WC-2018,2018 FIFA Men's World Cup,2018,M-2018-10,Germany vs Mexico,17699.0,18:00,T-46,0,1,P-24705,Hirving Lozano,Hirving,Lozano,35',35,0,first half,0,0
G-3174,WC-2018,2018 FIFA Men's World Cup,2018,M-2018-11,Brazil vs Switzerland,17699.0,21:00,T-09,1,0,P-37171,Philippe Coutinho,Philippe,Coutinho,20',20,0,first half,0,0
G-3175,WC-2018,2018 FIFA Men's World Cup,2018,M-2018-11,Brazil vs Switzerland,17699.0,21:00,T-75,0,1,P-71840,Steven Zuber,Steven,Zuber,50',50,0,second half,0,0
G-3176,WC-2018,2018 FIFA Men's World Cup,2018,M-2018-12,Sweden vs South Korea,17700.0,15:00,T-74,1,0,P-34998,Andreas Granqvist,Andreas,Granqvist,65',65,0,second half,0,1
G-3177,WC-2018,2018 FIFA Men's World Cup,2018,M-2018-13,Belgium vs Panama,17700.0,18:00,T-06,1,0,P-84852,Dries Mertens,Dries,Mertens,47',47,0,second half,0,0
G-3178,WC-2018,2018 FIFA Men's World Cup,2018,M-2018-13,Belgium vs Panama,17700.0,18:00,T-06,1,0,P-72637,Romelu Lukaku,Romelu,Lukaku,69',69,0,second half,0,0
G-3179,WC-2018,2018 FIFA Men's World Cup,2018,M-2018-13,Belgium vs Panama,17700.0,18:00,T-06,1,0,P-72637,Romelu Lukaku,Romelu,Lukaku,75',75,0,second half,0,0
G-3180,WC-2018,2018 FIFA Men's World Cup,2018,M-2018-14,Tunisia vs England,17700.0,21:00,T-28,0,1,P-58924,Harry Kane,Harry,Kane,11',11,0,first half,0,0
G-3181,WC-2018,2018 FIFA Men's World Cup,2018,M-2018-14,Tunisia vs England,17700.0,21:00,T-79,1,0,P-90867,Ferjani Sassi,Ferjani,Sassi,35',35,0,first half,0,1
G-3182,WC-2018,2018 FIFA Men's World Cup,2018,M-2018-14,Tunisia vs England,17700.0,21:00,T-28,0,1,P-58924,Harry Kane,Harry,Kane,90'+1',90,1,"second half, stoppage time",0,0
G-3183,WC-2018,2018 FIFA Men's World Cup,2018,M-2018-15,Colombia vs Japan,17701.0,15:00,T-44,0,1,P-36964,Shinji Kagawa,Shinji,Kagawa,6',6,0,first half,0,1
G-3184,WC-2018,2018 FIFA Men's World Cup,2018,M-2018-15,Colombia vs Japan,17701.0,15:00,T-16,1,0,P-14499,Juan Fernando Quintero,Juan Fernando,Quintero,39',39,0,first half,0,0
G-3185,WC-2018,2018 FIFA Men's World Cup,2018,M-2018-15,Colombia vs Japan,17701.0,15:00,T-44,0,1,P-23371,Yuya Osako,Yuya,Osako,73',73,0,second half,0,0
G-3186,WC-2018,2018 FIFA Men's World Cup,2018,M-2018-16,Poland vs Senegal,17701.0,18:00,T-65,0,1,P-40820,Thiago Cionek,Thiago,Cionek,37',37,0,first half,1,0
G-3187,WC-2018,2018 FIFA Men's World Cup,2018,M-2018-16,Poland vs Senegal,17701.0,18:00,T-65,0,1,P-23774,M'Baye Niang,M'Baye,Niang,60',60,0,second half,0,0
G-3188,WC-2018,2018 FIFA Men's World Cup,2018,M-2018-16,Poland vs Senegal,17701.0,18:00,T-57,1,0,P-45449,Grzegorz Krychowiak,Grzegorz,Krychowiak,86',86,0,second half,0,0
G-3189,WC-2018,2018 FIFA Men's World Cup,2018,M-2018-17,Russia vs Egypt,17701.0,21:00,T-62,1,0,P-44093,Ahmed Fathy,Ahmed,Fathy,47',47,0,second half,1,0
G-3190,WC-2018,2018 FIFA Men's World Cup,2018,M-2018-17,Russia vs Egypt,17701.0,21:00,T-62,1,0,P-43675,Denis Cheryshev,Denis,Cheryshev,59',59,0,second half,0,0
G-3191,WC-2018,2018 FIFA Men's World Cup,2018,M-2018-17,Russia vs Egypt,17701.0,21:00,T-62,1,0,P-37840,Artem Dzyuba,Artem,Dzyuba,62',62,0,second half,0,0
G-3192,WC-2018,2018 FIFA Men's World Cup,2018,M-2018-17,Russia vs Egypt,17701.0,21:00,T-26,0,1,P-75890,Mohamed Salah,Mohamed,Salah,73',73,0,second half,0,1
G-3193,WC-2018,2018 FIFA Men's World Cup,2018,M-2018-18,Portugal vs Morocco,17702.0,15:00,T-58,1,0,P-70442,Cristiano Ronaldo,Cristiano,Ronaldo,4',4,0,first half,0,0
G-3194,WC-2018,2018 FIFA Men's World Cup,2018,M-2018-19,Uruguay vs Saudi Arabia,17702.0,18:00,T-84,1,0,P-30486,Luis Suárez,Luis,Suárez,23',23,0,first half,0,0
G-3195,WC-2018,2018 FIFA Men's World Cup,2018,M-2018-20,Iran vs Spain,17702.0,21:00,T-73,0,1,P-02231,Diego Costa,Diego,Costa,54',54,0,second half,0,0
G-3196,WC-2018,2018 FIFA Men's World Cup,2018,M-2018-21,Denmark vs Australia,17703.0,16:00,T-22,1,0,P-50104,Christian Eriksen,Christian,Eriksen,7',7,0,first half,0,0
G-3197,WC-2018,2018 FIFA Men's World Cup,2018,M-2018-21,Denmark vs Australia,17703.0,16:00,T-04,0,1,P-37275,Mile Jedinak,Mile,Jedinak,38',38,0,first half,0,1
G-3198,WC-2018,2018 FIFA Men's World Cup,2018,M-2018-22,France vs Peru,17703.0,20:00,T-30,1,0,P-64077,Kylian Mbappé,Kylian,Mbappé,34',34,0,first half,0,0
G-3199,WC-2018,2018 FIFA Men's World Cup,2018,M-2018-23,Argentina vs Croatia,17703.0,21:00,T-18,0,1,P-44463,Ante Rebić,Ante,Rebić,53',53,0,second half,0,0
G-3200,WC-2018,2018 FIFA Men's World Cup,2018,M-2018-23,Argentina vs Croatia,17703.0,21:00,T-18,0,1,P-29491,Luka Modrić,Luka,Modrić,80',80,0,second half,0,0
G-3201,WC-2018,2018 FIFA Men's World Cup,2018,M-2018-23,Argentina vs Croatia,17703.0,21:00,T-18,0,1,P-65979,Ivan Rakitić,Ivan,Rakitić,90'+1',90,1,"second half, stoppage time",0,0
G-3202,WC-2018,2018 FIFA Men's World Cup,2018,M-2018-24,Brazil vs Costa Rica,17704.0,15:00,T-09,1,0,P-37171,Philippe Coutinho,Philippe,Coutinho,90'+1',90,1,"second half, stoppage time",0,0
G-3203,WC-2018,2018 FIFA Men's World Cup,2018,M-2018-24,Brazil vs Costa Rica,17704.0,15:00,T-09,1,0,P-87008,not applicable Neymar,not applicable,Neymar,90'+7',90,7,"second half, stoppage time",0,0
G-3204,WC-2018,2018 FIFA Men's World Cup,2018,M-2018-25,Nigeria vs Iceland,17704.0,18:00,T-50,1,0,P-19591,Ahmed Musa,Ahmed,Musa,49',49,0,second half,0,0
G-3205,WC-2018,2018 FIFA Men's World Cup,2018,M-2018-25,Nigeria vs Iceland,17704.0,18:00,T-50,1,0,P-19591,Ahmed Musa,Ahmed,Musa,75',75,0,second half,0,0
G-3206,WC-2018,2018 FIFA Men's World Cup,2018,M-2018-26,Serbia vs Switzerland,17704.0,20:00,T-66,1,0,P-85696,Aleksandar Mitrović,Aleksandar,Mitrović,5',5,0,first half,0,0
G-3207,WC-2018,2018 FIFA Men's World Cup,2018,M-2018-26,Serbia vs Switzerland,17704.0,20:00,T-75,0,1,P-77224,Granit Xhaka,Granit,Xhaka,52',52,0,second half,0,0
G-3208,WC-2018,2018 FIFA Men's World Cup,2018,M-2018-26,Serbia vs Switzerland,17704.0,20:00,T-75,0,1,P-39460,Xherdan Shaqiri,Xherdan,Shaqiri,90',90,0,second half,0,0
G-3209,WC-2018,2018 FIFA Men's World Cup,2018,M-2018-27,Belgium vs Tunisia,17705.0,15:00,T-06,1,0,P-72011,Eden Hazard,Eden,Hazard,6',6,0,first half,0,1
G-3210,WC-2018,2018 FIFA Men's World Cup,2018,M-2018-27,Belgium vs Tunisia,17705.0,15:00,T-06,1,0,P-72637,Romelu Lukaku,Romelu,Lukaku,16',16,0,first half,0,0
G-3211,WC-2018,2018 FIFA Men's World Cup,2018,M-2018-27,Belgium vs Tunisia,17705.0,15:00,T-79,0,1,P-11879,Dylan Bronn,Dylan,Bronn,18',18,0,first half,0,0
G-3212,WC-2018,2018 FIFA Men's World Cup,2018,M-2018-27,Belgium vs Tunisia,17705.0,15:00,T-06,1,0,P-72637,Romelu Lukaku,Romelu,Lukaku,45'+3',45,3,"first half, stoppage time",0,0
G-3213,WC-2018,2018 FIFA Men's World Cup,2018,M-2018-27,Belgium vs Tunisia,17705.0,15:00,T-06,1,0,P-72011,Eden Hazard,Eden,Hazard,51',51,0,second half,0,0
G-3214,WC-2018,2018 FIFA Men's World Cup,2018,M-2018-27,Belgium vs Tunisia,17705.0,15:00,T-06,1,0,P-13975,Michy Batshuayi,Michy,Batshuayi,90',90,0,second half,0,0
G-3215,WC-2018,2018 FIFA Men's World Cup,2018,M-2018-27,Belgium vs Tunisia,17705.0,15:00,T-79,0,1,P-42223,Wahbi Khazri,Wahbi,Khazri,90'+3',90,3,"second half, stoppage time",0,0
G-3216,WC-2018,2018 FIFA Men's World Cup,2018,M-2018-28,South Korea vs Mexico,17705.0,18:00,T-46,0,1,P-68042,Carlos Vela,Carlos,Vela,26',26,0,first half,0,1
G-3217,WC-2018,2018 FIFA Men's World Cup,2018,M-2018-28,South Korea vs Mexico,17705.0,18:00,T-46,0,1,P-36515,Javier Hernández,Javier,Hernández,66',66,0,second half,0,0
G-3218,WC-2018,2018 FIFA Men's World Cup,2018,M-2018-28,South Korea vs Mexico,17705.0,18:00,T-71,1,0,P-77335,Heung-min Son,Heung-min,Son,90'+3',90,3,"second half, stoppage time",0,0
G-3219,WC-2018,2018 FIFA Men's World Cup,2018,M-2018-29,Germany vs Sweden,17705.0,21:00,T-74,0,1,P-10221,Ola Toivonen,Ola,Toivonen,32',32,0,first half,0,0
G-3220,WC-2018,2018 FIFA Men's World Cup,2018,M-2018-29,Germany vs Sweden,17705.0,21:00,T-31,1,0,P-94447,Marco Reus,Marco,Reus,48',48,0,second half,0,0
G-3221,WC-2018,2018 FIFA Men's World Cup,2018,M-2018-29,Germany vs Sweden,17705.0,21:00,T-31,1,0,P-39356,Toni Kroos,Toni,Kroos,90'+5',90,5,"second half, stoppage time",0,0
G-3222,WC-2018,2018 FIFA Men's World Cup,2018,M-2018-30,England vs Panama,17706.0,15:00,T-28,1,0,P-92628,John Stones,John,Stones,8',8,0,first half,0,0
G-3223,WC-2018,2018 FIFA Men's World Cup,2018,M-2018-30,England vs Panama,17706.0,15:00,T-28,1,0,P-58924,Harry Kane,Harry,Kane,22',22,0,first half,0,1
G-3224,WC-2018,2018 FIFA Men's World Cup,2018,M-2018-30,England vs Panama,17706.0,15:00,T-28,1,0,P-63620,Jesse Lingard,Jesse,Lingard,36',36,0,first half,0,0
G-3225,WC-2018,2018 FIFA Men's World Cup,2018,M-2018-30,England vs Panama,17706.0,15:00,T-28,1,0,P-92628,John Stones,John,Stones,40',40,0,first half,0,0
G-3226,WC-2018,2018 FIFA Men's World Cup,2018,M-2018-30,England vs Panama,17706.0,15:00,T-28,1,0,P-58924,Harry Kane,Harry,Kane,45'+1',45,1,"first half, stoppage time",0,1
G-3227,WC-2018,2018 FIFA Men's World Cup,2018,M-2018-30,England vs Panama,17706.0,15:00,T-28,1,0,P-58924,Harry Kane,Harry,Kane,62',62,0,second half,0,0
G-3228,WC-2018,2018 FIFA Men's World Cup,2018,M-2018-30,England vs Panama,17706.0,15:00,T-54,0,1,P-76368,Felipe Baloy,Felipe,Baloy,78',78,0,second half,0,0
G-3229,WC-2018,2018 FIFA Men's World Cup,2018,M-2018-31,Japan vs Senegal,17706.0,20:00,T-65,0,1,P-79299,Sadio Mané,Sadio,Mané,11',11,0,first half,0,0
G-3230,WC-2018,2018 FIFA Men's World Cup,2018,M-2018-31,Japan vs Senegal,17706.0,20:00,T-44,1,0,P-89984,Takashi Inui,Takashi,Inui,34',34,0,first half,0,0
G-3231,WC-2018,2018 FIFA Men's World Cup,2018,M-2018-31,Japan vs Senegal,17706.0,20:00,T-65,0,1,P-57411,Moussa Wagué,Moussa,Wagué,71',71,0,second half,0,0
G-3232,WC-2018,2018 FIFA Men's World Cup,2018,M-2018-31,Japan vs Senegal,17706.0,20:00,T-44,1,0,P-33175,Keisuke Honda,Keisuke,Honda,78',78,0,second half,0,0
G-3233,WC-2018,2018 FIFA Men's World Cup,2018,M-2018-32,Poland vs Colombia,17706.0,21:00,T-16,0,1,P-43196,Yerry Mina,Yerry,Mina,40',40,0,first half,0,0
G-3234,WC-2018,2018 FIFA Men's World Cup,2018,M-2018-32,Poland vs Colombia,17706.0,21:00,T-16,0,1,P-74655,Radamel Falcao,Radamel,Falcao,70',70,0,second half,0,0
G-3235,WC-2018,2018 FIFA Men's World Cup,2018,M-2018-32,Poland vs Colombia,17706.0,21:00,T-16,0,1,P-83216,Juan Cuadrado,Juan,Cuadrado,75',75,0,second half,0,0
G-3236,WC-2018,2018 FIFA Men's World Cup,2018,M-2018-33,Saudi Arabia vs Egypt,17707.0,17:00,T-26,0,1,P-75890,Mohamed Salah,Mohamed,Salah,22',22,0,first half,0,0
G-3237,WC-2018,2018 FIFA Men's World Cup,2018,M-2018-33,Saudi Arabia vs Egypt,17707.0,17:00,T-63,1,0,P-93688,Salman Al-Faraj,Salman,Al-Faraj,45'+6',45,6,"first half, stoppage time",0,1
G-3238,WC-2018,2018 FIFA Men's World Cup,2018,M-2018-33,Saudi Arabia vs Egypt,17707.0,17:00,T-63,1,0,P-70583,Salem Al-Dawsari,Salem,Al-Dawsari,90'+5',90,5,"second half, stoppage time",0,0
G-3239,WC-2018,2018 FIFA Men's World Cup,2018,M-2018-34,Uruguay vs Russia,17707.0,18:00,T-84,1,0,P-30486,Luis Suárez,Luis,Suárez,10',10,0,first half,0,0
G-3240,WC-2018,2018 FIFA Men's World Cup,2018,M-2018-34,Uruguay vs Russia,17707.0,18:00,T-84,1,0,P-43675,Denis Cheryshev,Denis,Cheryshev,23',23,0,first half,1,0
G-3241,WC-2018,2018 FIFA Men's World Cup,2018,M-2018-34,Uruguay vs Russia,17707.0,18:00,T-84,1,0,P-59138,Edinson Cavani,Edinson,Cavani,90',90,0,second half,0,0
G-3242,WC-2018,2018 FIFA Men's World Cup,2018,M-2018-35,Spain vs Morocco,17707.0,20:00,T-47,0,1,P-15199,Khalid Boutaïb,Khalid,Boutaïb,14',14,0,first half,0,0
G-3243,WC-2018,2018 FIFA Men's World Cup,2018,M-2018-35,Spain vs Morocco,17707.0,20:00,T-73,1,0,P-52418,not applicable Isco,not applicable,Isco,19',19,0,first half,0,0
G-3244,WC-2018,2018 FIFA Men's World Cup,2018,M-2018-35,Spain vs Morocco,17707.0,20:00,T-47,0,1,P-42517,Youssef En-Nesyri,Youssef,En-Nesyri,81',81,0,second half,0,0
G-3245,WC-2018,2018 FIFA Men's World Cup,2018,M-2018-35,Spain vs Morocco,17707.0,20:00,T-73,1,0,P-60554,Iago Aspas,Iago,Aspas,90'+1',90,1,"second half, stoppage time",0,0
G-3246,WC-2018,2018 FIFA Men's World Cup,2018,M-2018-36,Iran vs Portugal,17707.0,21:00,T-58,0,1,P-95670,Ricardo Quaresma,Ricardo,Quaresma,45',45,0,first half,0,0
G-3247,WC-2018,2018 FIFA Men's World Cup,2018,M-2018-36,Iran vs Portugal,17707.0,21:00,T-38,1,0,P-53957,Karim Ansarifard,Karim,Ansarifard,90'+3',90,3,"second half, stoppage time",0,1
G-3248,WC-2018,2018 FIFA Men's World Cup,2018,M-2018-37,Australia vs Peru,17708.0,17:00,T-56,0,1,P-39610,André Carrillo,André,Carrillo,18',18,0,first half,0,0
G-3249,WC-2018,2018 FIFA Men's World Cup,2018,M-2018-37,Australia vs Peru,17708.0,17:00,T-56,0,1,P-29117,Paolo Guerrero,Paolo,Guerrero,50',50,0,second half,0,0
G-3250,WC-2018,2018 FIFA Men's World Cup,2018,M-2018-39,Iceland vs Croatia,17708.0,21:00,T-18,0,1,P-77789,Milan Badelj,Milan,Badelj,53',53,0,second half,0,0
G-3251,WC-2018,2018 FIFA Men's World Cup,2018,M-2018-39,Iceland vs Croatia,17708.0,21:00,T-37,1,0,P-83367,Gylfi Sigurðsson,Gylfi,Sigurðsson,76',76,0,second half,0,1
G-3252,WC-2018,2018 FIFA Men's World Cup,2018,M-2018-39,Iceland vs Croatia,17708.0,21:00,T-18,0,1,P-93884,Ivan Perišić,Ivan,Perišić,90',90,0,second half,0,0
G-3253,WC-2018,2018 FIFA Men's World Cup,2018,M-2018-40,Nigeria vs Argentina,17708.0,21:00,T-03,0,1,P-14758,Lionel Messi,Lionel,Messi,14',14,0,first half,0,0
G-3254,WC-2018,2018 FIFA Men's World Cup,2018,M-2018-40,Nigeria vs Argentina,17708.0,21:00,T-50,1,0,P-26900,Victor Moses,Victor,Moses,51',51,0,second half,0,1
G-3255,WC-2018,2018 FIFA Men's World Cup,2018,M-2018-40,Nigeria vs Argentina,17708.0,21:00,T-03,0,1,P-18222,Marcos Rojo,Marcos,Rojo,86',86,0,second half,0,0
G-3256,WC-2018,2018 FIFA Men's World Cup,2018,M-2018-41,South Korea vs Germany,17709.0,17:00,T-71,1,0,P-07259,Young-gwon Kim,Young-gwon,Kim,90'+2',90,2,"second half, stoppage time",0,0
G-3257,WC-2018,2018 FIFA Men's World Cup,2018,M-2018-41,South Korea vs Germany,17709.0,17:00,T-71,1,0,P-77335,Heung-min Son,Heung-min,Son,90'+6',90,6,"second half, stoppage time",0,0
G-3258,WC-2018,2018 FIFA Men's World Cup,2018,M-2018-42,Mexico vs Sweden,17709.0,19:00,T-74,0,1,P-30993,Ludwig Augustinsson,Ludwig,Augustinsson,50',50,0,second half,0,0
G-3259,WC-2018,2018 FIFA Men's World Cup,2018,M-2018-42,Mexico vs Sweden,17709.0,19:00,T-74,0,1,P-34998,Andreas Granqvist,Andreas,Granqvist,62',62,0,second half,0,1
G-3260,WC-2018,2018 FIFA Men's World Cup,2018,M-2018-42,Mexico vs Sweden,17709.0,19:00,T-74,0,1,P-26546,Edson Álvarez,Edson,Álvarez,74',74,0,second half,1,0
G-3261,WC-2018,2018 FIFA Men's World Cup,2018,M-2018-43,Serbia vs Brazil,17709.0,21:00,T-09,0,1,P-54013,not applicable Paulinho,not applicable,Paulinho,36',36,0,first half,0,0
G-3262,WC-2018,2018 FIFA Men's World Cup,2018,M-2018-43,Serbia vs Brazil,17709.0,21:00,T-09,0,1,P-32798,Thiago Silva,Thiago,Silva,68',68,0,second half,0,0
G-3263,WC-2018,2018 FIFA Men's World Cup,2018,M-2018-44,Switzerland vs Costa Rica,17709.0,21:00,T-75,1,0,P-35818,Blerim Džemaili,Blerim,Džemaili,31',31,0,first half,0,0
G-3264,WC-2018,2018 FIFA Men's World Cup,2018,M-2018-44,Switzerland vs Costa Rica,17709.0,21:00,T-17,0,1,P-37984,Kendall Waston,Kendall,Waston,56',56,0,second half,0,0
G-3265,WC-2018,2018 FIFA Men's World Cup,2018,M-2018-44,Switzerland vs Costa Rica,17709.0,21:00,T-75,1,0,P-07453,Josip Drmić,Josip,Drmić,88',88,0,second half,0,0
G-3266,WC-2018,2018 FIFA Men's World Cup,2018,M-2018-44,Switzerland vs Costa Rica,17709.0,21:00,T-17,0,1,P-63312,Yann Sommer,Yann,Sommer,90'+3',90,3,"second half, stoppage time",1,0
G-3267,WC-2018,2018 FIFA Men's World Cup,2018,M-2018-45,Japan vs Poland,17710.0,17:00,T-57,0,1,P-10172,Jan Bednarek,Jan,Bednarek,59',59,0,second half,0,0
G-3268,WC-2018,2018 FIFA Men's World Cup,2018,M-2018-46,Senegal vs Colombia,17710.0,18:00,T-16,0,1,P-43196,Yerry Mina,Yerry,Mina,74',74,0,second half,0,0
G-3269,WC-2018,2018 FIFA Men's World Cup,2018,M-2018-47,England vs Belgium,17710.0,20:00,T-06,0,1,P-15896,Adnan Januzaj,Adnan,Januzaj,51',51,0,second half,0,0
G-3270,WC-2018,2018 FIFA Men's World Cup,2018,M-2018-48,Panama vs Tunisia,17710.0,21:00,T-54,1,0,P-81706,Yassine Meriah,Yassine,Meriah,33',33,0,first half,1,0
G-3271,WC-2018,2018 FIFA Men's World Cup,2018,M-2018-48,Panama vs Tunisia,17710.0,21:00,T-79,0,1,P-94563,Fakhreddine Ben Youssef,Fakhreddine,Ben Youssef,51',51,0,second half,0,0
G-3272,WC-2018,2018 FIFA Men's World Cup,2018,M-2018-48,Panama vs Tunisia,17710.0,21:00,T-79,0,1,P-42223,Wahbi Khazri,Wahbi,Khazri,66',66,0,second half,0,0
G-3273,WC-2018,2018 FIFA Men's World Cup,2018,M-2018-49,France vs Argentina,17712.0,17:00,T-30,1,0,P-90908,Antoine Griezmann,Antoine,Griezmann,13',13,0,first half,0,1
G-3274,WC-2018,2018 FIFA Men's World Cup,2018,M-2018-49,France vs Argentina,17712.0,17:00,T-03,0,1,P-42113,Ángel Di María,Ángel,Di María,41',41,0,first half,0,0
G-3275,WC-2018,2018 FIFA Men's World Cup,2018,M-2018-49,France vs Argentina,17712.0,17:00,T-03,0,1,P-32508,Gabriel Mercado,Gabriel,Mercado,48',48,0,second half,0,0
G-3276,WC-2018,2018 FIFA Men's World Cup,2018,M-2018-49,France vs Argentina,17712.0,17:00,T-30,1,0,P-60652,Benjamin Pavard,Benjamin,Pavard,57',57,0,second half,0,0
G-3277,WC-2018,2018 FIFA Men's World Cup,2018,M-2018-49,France vs Argentina,17712.0,17:00,T-30,1,0,P-64077,Kylian Mbappé,Kylian,Mbappé,64',64,0,second half,0,0
G-3278,WC-2018,2018 FIFA Men's World Cup,2018,M-2018-49,France vs Argentina,17712.0,17:00,T-30,1,0,P-64077,Kylian Mbappé,Kylian,Mbappé,68',68,0,second half,0,0
G-3279,WC-2018,2018 FIFA Men's World Cup,2018,M-2018-49,France vs Argentina,17712.0,17:00,T-03,0,1,P-36870,Sergio Agüero,Sergio,Agüero,90'+3',90,3,"second half, stoppage time",0,0
G-3280,WC-2018,2018 FIFA Men's World Cup,2018,M-2018-50,Uruguay vs Portugal,17712.0,21:00,T-84,1,0,P-59138,Edinson Cavani,Edinson,Cavani,7',7,0,first half,0,0
G-3281,WC-2018,2018 FIFA Men's World Cup,2018,M-2018-50,Uruguay vs Portugal,17712.0,21:00,T-58,0,1,P-81972,not applicable Pepe,not applicable,Pepe,55',55,0,second half,0,0
G-3282,WC-2018,2018 FIFA Men's World Cup,2018,M-2018-50,Uruguay vs Portugal,17712.0,21:00,T-84,1,0,P-59138,Edinson Cavani,Edinson,Cavani,62',62,0,second half,0,0
G-3283,WC-2018,2018 FIFA Men's World Cup,2018,M-2018-51,Spain vs Russia,17713.0,17:00,T-73,1,0,P-79763,Sergei Ignashevich,Sergei,Ignashevich,12',12,0,first half,1,0
G-3284,WC-2018,2018 FIFA Men's World Cup,2018,M-2018-51,Spain vs Russia,17713.0,17:00,T-62,0,1,P-37840,Artem Dzyuba,Artem,Dzyuba,41',41,0,first half,0,1
G-3285,WC-2018,2018 FIFA Men's World Cup,2018,M-2018-52,Croatia vs Denmark,17713.0,21:00,T-22,0,1,P-61976,Mathias Jørgensen,Mathias,Jørgensen,1',1,0,first half,0,0
G-3286,WC-2018,2018 FIFA Men's World Cup,2018,M-2018-52,Croatia vs Denmark,17713.0,21:00,T-18,1,0,P-25745,Mario Mandžukić,Mario,Mandžukić,4',4,0,first half,0,0
G-3287,WC-2018,2018 FIFA Men's World Cup,2018,M-2018-53,Brazil vs Mexico,17714.0,18:00,T-09,1,0,P-87008,not applicable Neymar,not applicable,Neymar,51',51,0,second half,0,0
G-3288,WC-2018,2018 FIFA Men's World Cup,2018,M-2018-53,Brazil vs Mexico,17714.0,18:00,T-09,1,0,P-37877,Roberto Firmino,Roberto,Firmino,88',88,0,second half,0,0
G-3289,WC-2018,2018 FIFA Men's World Cup,2018,M-2018-54,Belgium vs Japan,17714.0,21:00,T-44,0,1,P-54138,Genki Haraguchi,Genki,Haraguchi,48',48,0,second half,0,0
G-3290,WC-2018,2018 FIFA Men's World Cup,2018,M-2018-54,Belgium vs Japan,17714.0,21:00,T-44,0,1,P-89984,Takashi Inui,Takashi,Inui,52',52,0,second half,0,0
G-3291,WC-2018,2018 FIFA Men's World Cup,2018,M-2018-54,Belgium vs Japan,17714.0,21:00,T-06,1,0,P-64049,Jan Vertonghen,Jan,Vertonghen,69',69,0,second half,0,0
G-3292,WC-2018,2018 FIFA Men's World Cup,2018,M-2018-54,Belgium vs Japan,17714.0,21:00,T-06,1,0,P-63363,Marouane Fellaini,Marouane,Fellaini,74',74,0,second half,0,0
G-3293,WC-2018,2018 FIFA Men's World Cup,2018,M-2018-54,Belgium vs Japan,17714.0,21:00,T-06,1,0,P-69919,Nacer Chadli,Nacer,Chadli,90'+4',90,4,"second half, stoppage time",0,0
G-3294,WC-2018,2018 FIFA Men's World Cup,2018,M-2018-55,Sweden vs Switzerland,17715.0,17:00,T-74,1,0,P-04686,Emil Forsberg,Emil,Forsberg,66',66,0,second half,0,0
G-3295,WC-2018,2018 FIFA Men's World Cup,2018,M-2018-56,Colombia vs England,17715.0,21:00,T-28,0,1,P-58924,Harry Kane,Harry,Kane,57',57,0,second half,0,1
G-3296,WC-2018,2018 FIFA Men's World Cup,2018,M-2018-56,Colombia vs England,17715.0,21:00,T-16,1,0,P-43196,Yerry Mina,Yerry,Mina,90'+3',90,3,"second half, stoppage time",0,0
G-3297,WC-2018,2018 FIFA Men's World Cup,2018,M-2018-57,Uruguay vs France,17718.0,17:00,T-30,0,1,P-42326,Raphaël Varane,Raphaël,Varane,40',40,0,first half,0,0
G-3298,WC-2018,2018 FIFA Men's World Cup,2018,M-2018-57,Uruguay vs France,17718.0,17:00,T-30,0,1,P-90908,Antoine Griezmann,Antoine,Griezmann,61',61,0,second half,0,0
G-3299,WC-2018,2018 FIFA Men's World Cup,2018,M-2018-58,Brazil vs Belgium,17718.0,21:00,T-06,0,1,P-41758,not applicable Fernandinho,not applicable,Fernandinho,13',13,0,first half,1,0
G-3300,WC-2018,2018 FIFA Men's World Cup,2018,M-2018-58,Brazil vs Belgium,17718.0,21:00,T-06,0,1,P-48955,Kevin De Bruyne,Kevin,De Bruyne,31',31,0,first half,0,0
G-3301,WC-2018,2018 FIFA Men's World Cup,2018,M-2018-58,Brazil vs Belgium,17718.0,21:00,T-09,1,0,P-49997,Renato Augusto,Renato,Augusto,76',76,0,second half,0,0
G-3302,WC-2018,2018 FIFA Men's World Cup,2018,M-2018-59,Sweden vs England,17719.0,18:00,T-28,0,1,P-02465,Harry Maguire,Harry,Maguire,30',30,0,first half,0,0
G-3303,WC-2018,2018 FIFA Men's World Cup,2018,M-2018-59,Sweden vs England,17719.0,18:00,T-28,0,1,P-83363,Dele Alli,Dele,Alli,59',59,0,second half,0,0
G-3304,WC-2018,2018 FIFA Men's World Cup,2018,M-2018-60,Russia vs Croatia,17719.0,21:00,T-62,1,0,P-43675,Denis Cheryshev,Denis,Cheryshev,31',31,0,first half,0,0
G-3305,WC-2018,2018 FIFA Men's World Cup,2018,M-2018-60,Russia vs Croatia,17719.0,21:00,T-18,0,1,P-65182,Andrej Kramarić,Andrej,Kramarić,39',39,0,first half,0,0
G-3306,WC-2018,2018 FIFA Men's World Cup,2018,M-2018-60,Russia vs Croatia,17719.0,21:00,T-18,0,1,P-91294,Domagoj Vida,Domagoj,Vida,101',101,0,"extra time, first half",0,0
G-3307,WC-2018,2018 FIFA Men's World Cup,2018,M-2018-60,Russia vs Croatia,17719.0,21:00,T-62,1,0,P-17872,Mário Fernandes,Mário,Fernandes,115',115,0,"extra time, second half",0,0
G-3308,WC-2018,2018 FIFA Men's World Cup,2018,M-2018-61,France vs Belgium,17722.0,21:00,T-30,1,0,P-67297,Samuel Umtiti,Samuel,Umtiti,51',51,0,second half,0,0
G-3309,WC-2018,2018 FIFA Men's World Cup,2018,M-2018-62,Croatia vs England,17723.0,21:00,T-28,0,1,P-25937,Kieran Trippier,Kieran,Trippier,5',5,0,first half,0,0
G-3310,WC-2018,2018 FIFA Men's World Cup,2018,M-2018-62,Croatia vs England,17723.0,21:00,T-18,1,0,P-93884,Ivan Perišić,Ivan,Perišić,68',68,0,second half,0,0
G-3311,WC-2018,2018 FIFA Men's World Cup,2018,M-2018-62,Croatia vs England,17723.0,21:00,T-18,1,0,P-25745,Mario Mandžukić,Mario,Mandžukić,109',109,0,"extra time, second half",0,0
G-3312,WC-2018,2018 FIFA Men's World Cup,2018,M-2018-63,Belgium vs England,17726.0,17:00,T-06,1,0,P-22930,Thomas Meunier,Thomas,Meunier,4',4,0,first half,0,0
G-3313,WC-2018,2018 FIFA Men's World Cup,2018,M-2018-63,Belgium vs England,17726.0,17:00,T-06,1,0,P-72011,Eden Hazard,Eden,Hazard,82',82,0,second half,0,0
G-3314,WC-2018,2018 FIFA Men's World Cup,2018,M-2018-64,France vs Croatia,17727.0,18:00,T-30,1,0,P-25745,Mario Mandžukić,Mario,Mandžukić,18',18,0,first half,1,0
G-3315,WC-2018,2018 FIFA Men's World Cup,2018,M-2018-64,France vs Croatia,17727.0,18:00,T-18,0,1,P-93884,Ivan Perišić,Ivan,Perišić,28',28,0,first half,0,0
G-3316,WC-2018,2018 FIFA Men's World Cup,2018,M-2018-64,France vs Croatia,17727.0,18:00,T-30,1,0,P-90908,Antoine Griezmann,Antoine,Griezmann,38',38,0,first half,0,1
G-3317,WC-2018,2018 FIFA Men's World Cup,2018,M-2018-64,France vs Croatia,17727.0,18:00,T-30,1,0,P-17509,Paul Pogba,Paul,Pogba,59',59,0,second half,0,0
G-3318,WC-2018,2018 FIFA Men's World Cup,2018,M-2018-64,France vs Croatia,17727.0,18:00,T-30,1,0,P-64077,Kylian Mbappé,Kylian,Mbappé,65',65,0,second half,0,0
G-3319,WC-2018,2018 FIFA Men's World Cup,2018,M-2018-64,France vs Croatia,17727.0,18:00,T-18,0,1,P-25745,Mario Mandžukić,Mario,Mandžukić,69',69,0,second half,0,0
G-3320,WC-2019,2019 FIFA Women's World Cup,2019,M-2019-01,France vs South Korea,18054.0,21:00,T-30,1,0,P-70239,Eugénie Le Sommer,Eugénie,Le Sommer,9',9,0,first half,0,0
G-3321,WC-2019,2019 FIFA Women's World Cup,2019,M-2019-01,France vs South Korea,18054.0,21:00,T-30,1,0,P-32017,Wendie Renard,Wendie,Renard,35',35,0,first half,0,0
G-3322,WC-2019,2019 FIFA Women's World Cup,2019,M-2019-01,France vs South Korea,18054.0,21:00,T-30,1,0,P-32017,Wendie Renard,Wendie,Renard,45'+2',45,2,"first half, stoppage time",0,0
G-3323,WC-2019,2019 FIFA Women's World Cup,2019,M-2019-01,France vs South Korea,18054.0,21:00,T-30,1,0,P-64050,Amandine Henry,Amandine,Henry,85',85,0,second half,0,0
G-3324,WC-2019,2019 FIFA Women's World Cup,2019,M-2019-02,Germany vs China,18055.0,15:00,T-31,1,0,P-91637,Giulia Gwinn,Giulia,Gwinn,66',66,0,second half,0,0
G-3325,WC-2019,2019 FIFA Women's World Cup,2019,M-2019-03,Spain vs South Africa,18055.0,18:00,T-70,0,1,P-46109,Thembi Kgatlana,Thembi,Kgatlana,25',25,0,first half,0,0
G-3326,WC-2019,2019 FIFA Women's World Cup,2019,M-2019-03,Spain vs South Africa,18055.0,18:00,T-73,1,0,P-90837,Jennifer Hermoso,Jennifer,Hermoso,69' (penalty.),69,0,second half,0,1
G-3327,WC-2019,2019 FIFA Women's World Cup,2019,M-2019-03,Spain vs South Africa,18055.0,18:00,T-73,1,0,P-90837,Jennifer Hermoso,Jennifer,Hermoso,82' (penalty.),82,0,second half,0,1
G-3328,WC-2019,2019 FIFA Women's World Cup,2019,M-2019-03,Spain vs South Africa,18055.0,18:00,T-73,1,0,P-22924,Lucía García,Lucía,García,89',89,0,second half,0,0
G-3329,WC-2019,2019 FIFA Women's World Cup,2019,M-2019-04,Norway vs Nigeria,18055.0,21:00,T-53,1,0,P-77652,Guro Reiten,Guro,Reiten,17',17,0,first half,0,0
G-3330,WC-2019,2019 FIFA Women's World Cup,2019,M-2019-04,Norway vs Nigeria,18055.0,21:00,T-53,1,0,P-67898,Lisa-Marie Karlseng Utland,Lisa-Marie Karlseng,Utland,34',34,0,first half,0,0
G-3331,WC-2019,2019 FIFA Women's World Cup,2019,M-2019-04,Norway vs Nigeria,18055.0,21:00,T-53,1,0,P-23374,Osinachi Ohale,Osinachi,Ohale,37',37,0,first half,1,0
G-3332,WC-2019,2019 FIFA Women's World Cup,2019,M-2019-05,Australia vs Italy,18056.0,13:00,T-04,1,0,P-76435,Sam Kerr,Sam,Kerr,22',22,0,first half,0,0
G-3333,WC-2019,2019 FIFA Women's World Cup,2019,M-2019-05,Australia vs Italy,18056.0,13:00,T-41,0,1,P-47343,Barbara Bonansea,Barbara,Bonansea,56',56,0,second half,0,0
G-3334,WC-2019,2019 FIFA Women's World Cup,2019,M-2019-05,Australia vs Italy,18056.0,13:00,T-41,0,1,P-47343,Barbara Bonansea,Barbara,Bonansea,90'+5',90,5,"second half, stoppage time",0,0
G-3335,WC-2019,2019 FIFA Women's World Cup,2019,M-2019-06,Brazil vs Jamaica,18056.0,15:30,T-09,1,0,P-93057,not applicable Cristiane,not applicable,Cristiane,15',15,0,first half,0,0
G-3336,WC-2019,2019 FIFA Women's World Cup,2019,M-2019-06,Brazil vs Jamaica,18056.0,15:30,T-09,1,0,P-93057,not applicable Cristiane,not applicable,Cristiane,50',50,0,second half,0,0
G-3337,WC-2019,2019 FIFA Women's World Cup,2019,M-2019-06,Brazil vs Jamaica,18056.0,15:30,T-09,1,0,P-93057,not applicable Cristiane,not applicable,Cristiane,64',64,0,second half,0,0
G-3338,WC-2019,2019 FIFA Women's World Cup,2019,M-2019-07,England vs Scotland,18056.0,18:00,T-28,1,0,P-62542,Nikita Parris,Nikita,Parris,14',14,0,first half,0,1
G-3339,WC-2019,2019 FIFA Women's World Cup,2019,M-2019-07,England vs Scotland,18056.0,18:00,T-28,1,0,P-84864,Ellen White,Ellen,White,40',40,0,first half,0,0
G-3340,WC-2019,2019 FIFA Women's World Cup,2019,M-2019-07,England vs Scotland,18056.0,18:00,T-64,0,1,P-91406,Claire Emslie,Claire,Emslie,79',79,0,second half,0,0
G-3341,WC-2019,2019 FIFA Women's World Cup,2019,M-2019-09,Canada vs Cameroon,18057.0,21:00,T-12,1,0,P-60142,Kadeisha Buchanan,Kadeisha,Buchanan,45',45,0,first half,0,0
G-3342,WC-2019,2019 FIFA Women's World Cup,2019,M-2019-10,New Zealand vs Netherlands,18058.0,15:00,T-48,0,1,P-52476,Jill Roord,Jill,Roord,90'+2',90,2,"second half, stoppage time",0,0
G-3343,WC-2019,2019 FIFA Women's World Cup,2019,M-2019-11,Chile vs Sweden,18058.0,18:00,T-74,0,1,P-90086,Kosovare Asllani,Kosovare,Asllani,83',83,0,second half,0,0
G-3344,WC-2019,2019 FIFA Women's World Cup,2019,M-2019-11,Chile vs Sweden,18058.0,18:00,T-74,0,1,P-93553,Madelen Janogy,Madelen,Janogy,90'+4',90,4,"second half, stoppage time",0,0
G-3345,WC-2019,2019 FIFA Women's World Cup,2019,M-2019-12,United States vs Thailand,18058.0,21:00,T-83,1,0,P-37034,Alex Morgan,Alex,Morgan,12',12,0,first half,0,0
G-3346,WC-2019,2019 FIFA Women's World Cup,2019,M-2019-12,United States vs Thailand,18058.0,21:00,T-83,1,0,P-65982,Rose Lavelle,Rose,Lavelle,20',20,0,first half,0,0
G-3347,WC-2019,2019 FIFA Women's World Cup,2019,M-2019-12,United States vs Thailand,18058.0,21:00,T-83,1,0,P-46428,Lindsey Horan,Lindsey,Horan,32',32,0,first half,0,0
G-3348,WC-2019,2019 FIFA Women's World Cup,2019,M-2019-12,United States vs Thailand,18058.0,21:00,T-83,1,0,P-59472,Sam Mewis,Sam,Mewis,50',50,0,second half,0,0
G-3349,WC-2019,2019 FIFA Women's World Cup,2019,M-2019-12,United States vs Thailand,18058.0,21:00,T-83,1,0,P-37034,Alex Morgan,Alex,Morgan,53',53,0,second half,0,0
G-3350,WC-2019,2019 FIFA Women's World Cup,2019,M-2019-12,United States vs Thailand,18058.0,21:00,T-83,1,0,P-59472,Sam Mewis,Sam,Mewis,54',54,0,second half,0,0
G-3351,WC-2019,2019 FIFA Women's World Cup,2019,M-2019-12,United States vs Thailand,18058.0,21:00,T-83,1,0,P-65982,Rose Lavelle,Rose,Lavelle,56',56,0,second half,0,0
G-3352,WC-2019,2019 FIFA Women's World Cup,2019,M-2019-12,United States vs Thailand,18058.0,21:00,T-83,1,0,P-37034,Alex Morgan,Alex,Morgan,74',74,0,second half,0,0
G-3353,WC-2019,2019 FIFA Women's World Cup,2019,M-2019-12,United States vs Thailand,18058.0,21:00,T-83,1,0,P-09273,Megan Rapinoe,Megan,Rapinoe,79',79,0,second half,0,0
G-3354,WC-2019,2019 FIFA Women's World Cup,2019,M-2019-12,United States vs Thailand,18058.0,21:00,T-83,1,0,P-37034,Alex Morgan,Alex,Morgan,81',81,0,second half,0,0
G-3355,WC-2019,2019 FIFA Women's World Cup,2019,M-2019-12,United States vs Thailand,18058.0,21:00,T-83,1,0,P-06125,Mallory Pugh,Mallory,Pugh,85',85,0,second half,0,0
G-3356,WC-2019,2019 FIFA Women's World Cup,2019,M-2019-12,United States vs Thailand,18058.0,21:00,T-83,1,0,P-37034,Alex Morgan,Alex,Morgan,87',87,0,second half,0,0
G-3357,WC-2019,2019 FIFA Women's World Cup,2019,M-2019-12,United States vs Thailand,18058.0,21:00,T-83,1,0,P-62104,Carli Lloyd,Carli,Lloyd,90'+2',90,2,"second half, stoppage time",0,0
G-3358,WC-2019,2019 FIFA Women's World Cup,2019,M-2019-13,Nigeria vs South Korea,18059.0,15:00,T-50,1,0,P-11539,Do-yeon Kim,Do-yeon,Kim,29',29,0,first half,1,0
G-3359,WC-2019,2019 FIFA Women's World Cup,2019,M-2019-13,Nigeria vs South Korea,18059.0,15:00,T-50,1,0,P-59598,Asisat Oshoala,Asisat,Oshoala,75',75,0,second half,0,0
G-3360,WC-2019,2019 FIFA Women's World Cup,2019,M-2019-14,Germany vs Spain,18059.0,18:00,T-31,1,0,P-29896,Sara Däbritz,Sara,Däbritz,42',42,0,first half,0,0
G-3361,WC-2019,2019 FIFA Women's World Cup,2019,M-2019-15,France vs Norway,18059.0,21:00,T-30,1,0,P-44380,Valérie Gauvin,Valérie,Gauvin,46',46,0,second half,0,0
G-3362,WC-2019,2019 FIFA Women's World Cup,2019,M-2019-15,France vs Norway,18059.0,21:00,T-53,0,1,P-32017,Wendie Renard,Wendie,Renard,54',54,0,second half,1,0
G-3363,WC-2019,2019 FIFA Women's World Cup,2019,M-2019-15,France vs Norway,18059.0,21:00,T-30,1,0,P-70239,Eugénie Le Sommer,Eugénie,Le Sommer,72',72,0,second half,0,1
G-3364,WC-2019,2019 FIFA Women's World Cup,2019,M-2019-16,Australia vs Brazil,18060.0,18:00,T-09,0,1,P-07458,not applicable Marta,not applicable,Marta,27',27,0,first half,0,1
G-3365,WC-2019,2019 FIFA Women's World Cup,2019,M-2019-16,Australia vs Brazil,18060.0,18:00,T-09,0,1,P-93057,not applicable Cristiane,not applicable,Cristiane,38',38,0,first half,0,0
G-3366,WC-2019,2019 FIFA Women's World Cup,2019,M-2019-16,Australia vs Brazil,18060.0,18:00,T-04,1,0,P-87785,Caitlin Foord,Caitlin,Foord,45'+1',45,1,"first half, stoppage time",0,0
G-3367,WC-2019,2019 FIFA Women's World Cup,2019,M-2019-16,Australia vs Brazil,18060.0,18:00,T-04,1,0,P-36494,Chloe Logarzo,Chloe,Logarzo,58',58,0,second half,0,0
G-3368,WC-2019,2019 FIFA Women's World Cup,2019,M-2019-16,Australia vs Brazil,18060.0,18:00,T-04,1,0,P-83758,not applicable Mônica,not applicable,Mônica,66',66,0,second half,1,0
G-3369,WC-2019,2019 FIFA Women's World Cup,2019,M-2019-17,South Africa vs China,18060.0,21:00,T-14,0,1,P-33435,Ying Li,Ying,Li,40',40,0,first half,0,0
G-3370,WC-2019,2019 FIFA Women's World Cup,2019,M-2019-18,Japan vs Scotland,18061.0,15:00,T-44,1,0,P-26643,Mana Iwabuchi,Mana,Iwabuchi,23',23,0,first half,0,0
G-3371,WC-2019,2019 FIFA Women's World Cup,2019,M-2019-18,Japan vs Scotland,18061.0,15:00,T-44,1,0,P-34571,Yuika Sugasawa,Yuika,Sugasawa,37',37,0,first half,0,1
G-3372,WC-2019,2019 FIFA Women's World Cup,2019,M-2019-18,Japan vs Scotland,18061.0,15:00,T-64,0,1,P-90678,Lana Clelland,Lana,Clelland,88',88,0,second half,0,0
G-3373,WC-2019,2019 FIFA Women's World Cup,2019,M-2019-19,Jamaica vs Italy,18061.0,18:00,T-41,0,1,P-49416,Cristiana Girelli,Cristiana,Girelli,12',12,0,first half,0,1
G-3374,WC-2019,2019 FIFA Women's World Cup,2019,M-2019-19,Jamaica vs Italy,18061.0,18:00,T-41,0,1,P-49416,Cristiana Girelli,Cristiana,Girelli,25',25,0,first half,0,0
G-3375,WC-2019,2019 FIFA Women's World Cup,2019,M-2019-19,Jamaica vs Italy,18061.0,18:00,T-41,0,1,P-49416,Cristiana Girelli,Cristiana,Girelli,46',46,0,second half,0,0
G-3376,WC-2019,2019 FIFA Women's World Cup,2019,M-2019-19,Jamaica vs Italy,18061.0,18:00,T-41,0,1,P-33581,Aurora Galli,Aurora,Galli,71',71,0,second half,0,0
G-3377,WC-2019,2019 FIFA Women's World Cup,2019,M-2019-19,Jamaica vs Italy,18061.0,18:00,T-41,0,1,P-33581,Aurora Galli,Aurora,Galli,81',81,0,second half,0,0
G-3378,WC-2019,2019 FIFA Women's World Cup,2019,M-2019-20,England vs Argentina,18061.0,21:00,T-28,1,0,P-57382,Jodie Taylor,Jodie,Taylor,62',62,0,second half,0,0
G-3379,WC-2019,2019 FIFA Women's World Cup,2019,M-2019-21,Netherlands vs Cameroon,18062.0,15:00,T-48,1,0,P-69967,Vivianne Miedema,Vivianne,Miedema,41',41,0,first half,0,0
G-3380,WC-2019,2019 FIFA Women's World Cup,2019,M-2019-21,Netherlands vs Cameroon,18062.0,15:00,T-11,0,1,P-24905,Gabrielle Onguéné,Gabrielle,Onguéné,43',43,0,first half,0,0
G-3381,WC-2019,2019 FIFA Women's World Cup,2019,M-2019-21,Netherlands vs Cameroon,18062.0,15:00,T-48,1,0,P-94893,Dominique Bloodworth,Dominique,Bloodworth,48',48,0,second half,0,0
G-3382,WC-2019,2019 FIFA Women's World Cup,2019,M-2019-21,Netherlands vs Cameroon,18062.0,15:00,T-48,1,0,P-69967,Vivianne Miedema,Vivianne,Miedema,85',85,0,second half,0,0
G-3383,WC-2019,2019 FIFA Women's World Cup,2019,M-2019-22,Canada vs New Zealand,18062.0,21:00,T-12,1,0,P-03895,Jessie Fleming,Jessie,Fleming,48',48,0,second half,0,0
G-3384,WC-2019,2019 FIFA Women's World Cup,2019,M-2019-22,Canada vs New Zealand,18062.0,21:00,T-12,1,0,P-26193,Nichelle Prince,Nichelle,Prince,79',79,0,second half,0,0
G-3385,WC-2019,2019 FIFA Women's World Cup,2019,M-2019-23,Sweden vs Thailand,18063.0,15:00,T-74,1,0,P-10056,Linda Sembrant,Linda,Sembrant,6',6,0,first half,0,0
G-3386,WC-2019,2019 FIFA Women's World Cup,2019,M-2019-23,Sweden vs Thailand,18063.0,15:00,T-74,1,0,P-90086,Kosovare Asllani,Kosovare,Asllani,19',19,0,first half,0,0
G-3387,WC-2019,2019 FIFA Women's World Cup,2019,M-2019-23,Sweden vs Thailand,18063.0,15:00,T-74,1,0,P-99138,Fridolina Rolfö,Fridolina,Rolfö,42',42,0,first half,0,0
G-3388,WC-2019,2019 FIFA Women's World Cup,2019,M-2019-23,Sweden vs Thailand,18063.0,15:00,T-74,1,0,P-48545,Lina Hurtig,Lina,Hurtig,81',81,0,second half,0,0
G-3389,WC-2019,2019 FIFA Women's World Cup,2019,M-2019-23,Sweden vs Thailand,18063.0,15:00,T-76,0,1,P-88523,Sungngoen Kanjana,Sungngoen,Kanjana,90'+1',90,1,"second half, stoppage time",0,0
G-3390,WC-2019,2019 FIFA Women's World Cup,2019,M-2019-23,Sweden vs Thailand,18063.0,15:00,T-74,1,0,P-76903,Elin Rubensson,Elin,Rubensson,90'+6',90,6,"second half, stoppage time",0,1
G-3391,WC-2019,2019 FIFA Women's World Cup,2019,M-2019-24,United States vs Chile,18063.0,18:00,T-83,1,0,P-62104,Carli Lloyd,Carli,Lloyd,11',11,0,first half,0,0
G-3392,WC-2019,2019 FIFA Women's World Cup,2019,M-2019-24,United States vs Chile,18063.0,18:00,T-83,1,0,P-65433,Julie Ertz,Julie,Ertz,26',26,0,first half,0,0
G-3393,WC-2019,2019 FIFA Women's World Cup,2019,M-2019-24,United States vs Chile,18063.0,18:00,T-83,1,0,P-62104,Carli Lloyd,Carli,Lloyd,35',35,0,first half,0,0
G-3394,WC-2019,2019 FIFA Women's World Cup,2019,M-2019-26,South Africa vs Germany,18064.0,18:00,T-31,0,1,P-17418,Melanie Leupolz,Melanie,Leupolz,14',14,0,first half,0,0
G-3395,WC-2019,2019 FIFA Women's World Cup,2019,M-2019-26,South Africa vs Germany,18064.0,18:00,T-31,0,1,P-29896,Sara Däbritz,Sara,Däbritz,29',29,0,first half,0,0
G-3396,WC-2019,2019 FIFA Women's World Cup,2019,M-2019-26,South Africa vs Germany,18064.0,18:00,T-31,0,1,P-80216,Alexandra Popp,Alexandra,Popp,40',40,0,first half,0,0
G-3397,WC-2019,2019 FIFA Women's World Cup,2019,M-2019-26,South Africa vs Germany,18064.0,18:00,T-31,0,1,P-83353,Lina Magull,Lina,Magull,58',58,0,second half,0,0
G-3398,WC-2019,2019 FIFA Women's World Cup,2019,M-2019-27,Nigeria vs France,18064.0,21:00,T-30,0,1,P-32017,Wendie Renard,Wendie,Renard,79',79,0,second half,0,1
G-3399,WC-2019,2019 FIFA Women's World Cup,2019,M-2019-28,South Korea vs Norway,18064.0,21:00,T-53,0,1,P-22811,Caroline Graham Hansen,Caroline Graham,Hansen,5' (penalty.),5,0,first half,0,1
G-3400,WC-2019,2019 FIFA Women's World Cup,2019,M-2019-28,South Korea vs Norway,18064.0,21:00,T-53,0,1,P-09212,Isabell Herlovsen,Isabell,Herlovsen,51' (penalty.),51,0,second half,0,1
G-3401,WC-2019,2019 FIFA Women's World Cup,2019,M-2019-28,South Korea vs Norway,18064.0,21:00,T-71,1,0,P-56762,Min-ji Yeo,Min-ji,Yeo,78',78,0,second half,0,0
G-3402,WC-2019,2019 FIFA Women's World Cup,2019,M-2019-29,Italy vs Brazil,18065.0,21:00,T-09,0,1,P-07458,not applicable Marta,not applicable,Marta,74',74,0,second half,0,1
G-3403,WC-2019,2019 FIFA Women's World Cup,2019,M-2019-30,Jamaica vs Australia,18065.0,21:00,T-04,0,1,P-76435,Sam Kerr,Sam,Kerr,11',11,0,first half,0,0
G-3404,WC-2019,2019 FIFA Women's World Cup,2019,M-2019-30,Jamaica vs Australia,18065.0,21:00,T-04,0,1,P-76435,Sam Kerr,Sam,Kerr,42',42,0,first half,0,0
G-3405,WC-2019,2019 FIFA Women's World Cup,2019,M-2019-30,Jamaica vs Australia,18065.0,21:00,T-43,1,0,P-24113,Havana Solaun,Havana,Solaun,49',49,0,second half,0,0
G-3406,WC-2019,2019 FIFA Women's World Cup,2019,M-2019-30,Jamaica vs Australia,18065.0,21:00,T-04,0,1,P-76435,Sam Kerr,Sam,Kerr,69',69,0,second half,0,0
G-3407,WC-2019,2019 FIFA Women's World Cup,2019,M-2019-30,Jamaica vs Australia,18065.0,21:00,T-04,0,1,P-76435,Sam Kerr,Sam,Kerr,83',83,0,second half,0,0
G-3408,WC-2019,2019 FIFA Women's World Cup,2019,M-2019-31,Japan vs England,18066.0,21:00,T-28,0,1,P-84864,Ellen White,Ellen,White,14',14,0,first half,0,0
G-3409,WC-2019,2019 FIFA Women's World Cup,2019,M-2019-31,Japan vs England,18066.0,21:00,T-28,0,1,P-84864,Ellen White,Ellen,White,84',84,0,second half,0,0
G-3410,WC-2019,2019 FIFA Women's World Cup,2019,M-2019-32,Scotland vs Argentina,18066.0,21:00,T-64,1,0,P-07522,Kim Little,Kim,Little,19',19,0,first half,0,0
G-3411,WC-2019,2019 FIFA Women's World Cup,2019,M-2019-32,Scotland vs Argentina,18066.0,21:00,T-64,1,0,P-86688,Jen Beattie,Jen,Beattie,49',49,0,second half,0,0
G-3412,WC-2019,2019 FIFA Women's World Cup,2019,M-2019-32,Scotland vs Argentina,18066.0,21:00,T-64,1,0,P-39315,Erin Cuthbert,Erin,Cuthbert,69',69,0,second half,0,0
G-3413,WC-2019,2019 FIFA Women's World Cup,2019,M-2019-32,Scotland vs Argentina,18066.0,21:00,T-03,0,1,P-38768,Milagros Menéndez,Milagros,Menéndez,74',74,0,second half,0,0
G-3414,WC-2019,2019 FIFA Women's World Cup,2019,M-2019-32,Scotland vs Argentina,18066.0,21:00,T-03,0,1,P-76817,Lee Alexander,Lee,Alexander,79',79,0,second half,1,0
G-3415,WC-2019,2019 FIFA Women's World Cup,2019,M-2019-32,Scotland vs Argentina,18066.0,21:00,T-03,0,1,P-15565,Florencia Bonsegundo,Florencia,Bonsegundo,90'+4',90,4,"second half, stoppage time",0,1
G-3416,WC-2019,2019 FIFA Women's World Cup,2019,M-2019-33,Cameroon vs New Zealand,18067.0,18:00,T-11,1,0,P-69986,Ajara Nchout,Ajara,Nchout,57',57,0,second half,0,0
G-3417,WC-2019,2019 FIFA Women's World Cup,2019,M-2019-33,Cameroon vs New Zealand,18067.0,18:00,T-49,0,1,P-59141,Aurelle Awona,Aurelle,Awona,80',80,0,second half,1,0
G-3418,WC-2019,2019 FIFA Women's World Cup,2019,M-2019-33,Cameroon vs New Zealand,18067.0,18:00,T-11,1,0,P-69986,Ajara Nchout,Ajara,Nchout,90'+5',90,5,"second half, stoppage time",0,0
G-3419,WC-2019,2019 FIFA Women's World Cup,2019,M-2019-34,Netherlands vs Canada,18067.0,18:00,T-48,1,0,P-53833,Anouk Dekker,Anouk,Dekker,54',54,0,second half,0,0
G-3420,WC-2019,2019 FIFA Women's World Cup,2019,M-2019-34,Netherlands vs Canada,18067.0,18:00,T-12,0,1,P-97813,Christine Sinclair,Christine,Sinclair,60',60,0,second half,0,0
G-3421,WC-2019,2019 FIFA Women's World Cup,2019,M-2019-34,Netherlands vs Canada,18067.0,18:00,T-48,1,0,P-82354,Lineth Beerensteyn,Lineth,Beerensteyn,75',75,0,second half,0,0
G-3422,WC-2019,2019 FIFA Women's World Cup,2019,M-2019-35,Sweden vs United States,18067.0,21:00,T-83,0,1,P-46428,Lindsey Horan,Lindsey,Horan,3',3,0,first half,0,0
G-3423,WC-2019,2019 FIFA Women's World Cup,2019,M-2019-35,Sweden vs United States,18067.0,21:00,T-83,0,1,P-07053,Jonna Andersson,Jonna,Andersson,50',50,0,second half,1,0
G-3424,WC-2019,2019 FIFA Women's World Cup,2019,M-2019-36,Thailand vs Chile,18067.0,21:00,T-13,0,1,P-87745,Boonsing Waraporn,Boonsing,Waraporn,48',48,0,second half,1,0
G-3425,WC-2019,2019 FIFA Women's World Cup,2019,M-2019-36,Thailand vs Chile,18067.0,21:00,T-13,0,1,P-93835,María José Urrutia,María José,Urrutia,80',80,0,second half,0,0
G-3426,WC-2019,2019 FIFA Women's World Cup,2019,M-2019-37,Germany vs Nigeria,18069.0,17:30,T-31,1,0,P-80216,Alexandra Popp,Alexandra,Popp,20',20,0,first half,0,0
G-3427,WC-2019,2019 FIFA Women's World Cup,2019,M-2019-37,Germany vs Nigeria,18069.0,17:30,T-31,1,0,P-29896,Sara Däbritz,Sara,Däbritz,27',27,0,first half,0,1
G-3428,WC-2019,2019 FIFA Women's World Cup,2019,M-2019-37,Germany vs Nigeria,18069.0,17:30,T-31,1,0,P-25269,Lea Schüller,Lea,Schüller,82',82,0,second half,0,0
G-3429,WC-2019,2019 FIFA Women's World Cup,2019,M-2019-38,Norway vs Australia,18069.0,21:00,T-53,1,0,P-09212,Isabell Herlovsen,Isabell,Herlovsen,31',31,0,first half,0,0
G-3430,WC-2019,2019 FIFA Women's World Cup,2019,M-2019-38,Norway vs Australia,18069.0,21:00,T-04,0,1,P-81723,Elise Kellond-Knight,Elise,Kellond-Knight,83',83,0,second half,0,0
G-3431,WC-2019,2019 FIFA Women's World Cup,2019,M-2019-39,England vs Cameroon,18070.0,17:30,T-28,1,0,P-30706,Steph Houghton,Steph,Houghton,14',14,0,first half,0,0
G-3432,WC-2019,2019 FIFA Women's World Cup,2019,M-2019-39,England vs Cameroon,18070.0,17:30,T-28,1,0,P-84864,Ellen White,Ellen,White,45'+4',45,4,"first half, stoppage time",0,0
G-3433,WC-2019,2019 FIFA Women's World Cup,2019,M-2019-39,England vs Cameroon,18070.0,17:30,T-28,1,0,P-38788,Alex Greenwood,Alex,Greenwood,58',58,0,second half,0,0
G-3434,WC-2019,2019 FIFA Women's World Cup,2019,M-2019-40,France vs Brazil,18070.0,21:00,T-30,1,0,P-44380,Valérie Gauvin,Valérie,Gauvin,52',52,0,second half,0,0
G-3435,WC-2019,2019 FIFA Women's World Cup,2019,M-2019-40,France vs Brazil,18070.0,21:00,T-09,0,1,P-62964,not applicable Thaisa,not applicable,Thaisa,63',63,0,second half,0,0
G-3436,WC-2019,2019 FIFA Women's World Cup,2019,M-2019-40,France vs Brazil,18070.0,21:00,T-30,1,0,P-64050,Amandine Henry,Amandine,Henry,107',107,0,"extra time, second half",0,0
G-3437,WC-2019,2019 FIFA Women's World Cup,2019,M-2019-41,Spain vs United States,18071.0,18:00,T-83,0,1,P-09273,Megan Rapinoe,Megan,Rapinoe,7',7,0,first half,0,1
G-3438,WC-2019,2019 FIFA Women's World Cup,2019,M-2019-41,Spain vs United States,18071.0,18:00,T-73,1,0,P-90837,Jennifer Hermoso,Jennifer,Hermoso,9',9,0,first half,0,0
G-3439,WC-2019,2019 FIFA Women's World Cup,2019,M-2019-41,Spain vs United States,18071.0,18:00,T-83,0,1,P-09273,Megan Rapinoe,Megan,Rapinoe,75',75,0,second half,0,1
G-3440,WC-2019,2019 FIFA Women's World Cup,2019,M-2019-42,Sweden vs Canada,18071.0,21:00,T-74,1,0,P-62190,Stina Blackstenius,Stina,Blackstenius,55',55,0,second half,0,0
G-3441,WC-2019,2019 FIFA Women's World Cup,2019,M-2019-43,Italy vs China,18072.0,18:00,T-41,1,0,P-21343,Valentina Giacinti,Valentina,Giacinti,15',15,0,first half,0,0
G-3442,WC-2019,2019 FIFA Women's World Cup,2019,M-2019-43,Italy vs China,18072.0,18:00,T-41,1,0,P-33581,Aurora Galli,Aurora,Galli,49',49,0,second half,0,0
G-3443,WC-2019,2019 FIFA Women's World Cup,2019,M-2019-44,Netherlands vs Japan,18072.0,21:00,T-48,1,0,P-00336,Lieke Martens,Lieke,Martens,17',17,0,first half,0,0
G-3444,WC-2019,2019 FIFA Women's World Cup,2019,M-2019-44,Netherlands vs Japan,18072.0,21:00,T-44,0,1,P-12315,Yui Hasegawa,Yui,Hasegawa,43',43,0,first half,0,0
G-3445,WC-2019,2019 FIFA Women's World Cup,2019,M-2019-44,Netherlands vs Japan,18072.0,21:00,T-48,1,0,P-00336,Lieke Martens,Lieke,Martens,90',90,0,second half,0,1
G-3446,WC-2019,2019 FIFA Women's World Cup,2019,M-2019-45,Norway vs England,18074.0,21:00,T-28,0,1,P-41187,Jill Scott,Jill,Scott,3',3,0,first half,0,0
G-3447,WC-2019,2019 FIFA Women's World Cup,2019,M-2019-45,Norway vs England,18074.0,21:00,T-28,0,1,P-84864,Ellen White,Ellen,White,40',40,0,first half,0,0
G-3448,WC-2019,2019 FIFA Women's World Cup,2019,M-2019-45,Norway vs England,18074.0,21:00,T-28,0,1,P-23779,Lucy Bronze,Lucy,Bronze,57',57,0,second half,0,0
G-3449,WC-2019,2019 FIFA Women's World Cup,2019,M-2019-46,France vs United States,18075.0,21:00,T-83,0,1,P-09273,Megan Rapinoe,Megan,Rapinoe,5',5,0,first half,0,0
G-3450,WC-2019,2019 FIFA Women's World Cup,2019,M-2019-46,France vs United States,18075.0,21:00,T-83,0,1,P-09273,Megan Rapinoe,Megan,Rapinoe,65',65,0,second half,0,0
G-3451,WC-2019,2019 FIFA Women's World Cup,2019,M-2019-46,France vs United States,18075.0,21:00,T-30,1,0,P-32017,Wendie Renard,Wendie,Renard,81',81,0,second half,0,0
G-3452,WC-2019,2019 FIFA Women's World Cup,2019,M-2019-47,Italy vs Netherlands,18076.0,15:00,T-48,0,1,P-69967,Vivianne Miedema,Vivianne,Miedema,70',70,0,second half,0,0
G-3453,WC-2019,2019 FIFA Women's World Cup,2019,M-2019-47,Italy vs Netherlands,18076.0,15:00,T-48,0,1,P-13594,Stefanie van der Gragt,Stefanie,van der Gragt,80',80,0,second half,0,0
G-3454,WC-2019,2019 FIFA Women's World Cup,2019,M-2019-48,Germany vs Sweden,18076.0,18:30,T-31,1,0,P-83353,Lina Magull,Lina,Magull,16',16,0,first half,0,0
G-3455,WC-2019,2019 FIFA Women's World Cup,2019,M-2019-48,Germany vs Sweden,18076.0,18:30,T-74,0,1,P-27729,Sofia Jakobsson,Sofia,Jakobsson,22',22,0,first half,0,0
G-3456,WC-2019,2019 FIFA Women's World Cup,2019,M-2019-48,Germany vs Sweden,18076.0,18:30,T-74,0,1,P-62190,Stina Blackstenius,Stina,Blackstenius,48',48,0,second half,0,0
G-3457,WC-2019,2019 FIFA Women's World Cup,2019,M-2019-49,England vs United States,18079.0,21:00,T-83,0,1,P-79931,Christen Press,Christen,Press,10',10,0,first half,0,0
G-3458,WC-2019,2019 FIFA Women's World Cup,2019,M-2019-49,England vs United States,18079.0,21:00,T-28,1,0,P-84864,Ellen White,Ellen,White,19',19,0,first half,0,0
G-3459,WC-2019,2019 FIFA Women's World Cup,2019,M-2019-49,England vs United States,18079.0,21:00,T-83,0,1,P-37034,Alex Morgan,Alex,Morgan,31',31,0,first half,0,0
G-3460,WC-2019,2019 FIFA Women's World Cup,2019,M-2019-50,Netherlands vs Sweden,18080.0,21:00,T-48,1,0,P-96101,Jackie Groenen,Jackie,Groenen,99',99,0,"extra time, first half",0,0
G-3461,WC-2019,2019 FIFA Women's World Cup,2019,M-2019-51,England vs Sweden,18083.0,17:00,T-74,0,1,P-90086,Kosovare Asllani,Kosovare,Asllani,11',11,0,first half,0,0
G-3462,WC-2019,2019 FIFA Women's World Cup,2019,M-2019-51,England vs Sweden,18083.0,17:00,T-74,0,1,P-27729,Sofia Jakobsson,Sofia,Jakobsson,22',22,0,first half,0,0
G-3463,WC-2019,2019 FIFA Women's World Cup,2019,M-2019-51,England vs Sweden,18083.0,17:00,T-28,1,0,P-61922,Fran Kirby,Fran,Kirby,31',31,0,first half,0,0
G-3464,WC-2019,2019 FIFA Women's World Cup,2019,M-2019-52,United States vs Netherlands,18084.0,17:00,T-83,1,0,P-09273,Megan Rapinoe,Megan,Rapinoe,61',61,0,second half,0,1
G-3465,WC-2019,2019 FIFA Women's World Cup,2019,M-2019-52,United States vs Netherlands,18084.0,17:00,T-83,1,0,P-65982,Rose Lavelle,Rose,Lavelle,69',69,0,second half,0,0
G-3466,WC-2022,2022 FIFA Men's World Cup,2022,M-2022-01,Qatar vs Ecuador,19316.0,19:00,T-25,0,1,P-75912,Enner Valencia,Enner,Valencia,16',16,0,first half,0,1
G-3467,WC-2022,2022 FIFA Men's World Cup,2022,M-2022-01,Qatar vs Ecuador,19316.0,19:00,T-25,0,1,P-75912,Enner Valencia,Enner,Valencia,31',31,0,first half,0,0
G-3468,WC-2022,2022 FIFA Men's World Cup,2022,M-2022-02,England vs Iran,19317.0,16:00,T-28,1,0,P-15674,Jude Bellingham,Jude,Bellingham,35',35,0,first half,0,0
G-3469,WC-2022,2022 FIFA Men's World Cup,2022,M-2022-02,England vs Iran,19317.0,16:00,T-28,1,0,P-76842,Bukayo Saka,Bukayo,Saka,43',43,0,first half,0,0
G-3470,WC-2022,2022 FIFA Men's World Cup,2022,M-2022-02,England vs Iran,19317.0,16:00,T-28,1,0,P-21553,Raheem Sterling,Raheem,Sterling,45'+1',45,1,"first half, stoppage time",0,0
G-3471,WC-2022,2022 FIFA Men's World Cup,2022,M-2022-02,England vs Iran,19317.0,16:00,T-28,1,0,P-76842,Bukayo Saka,Bukayo,Saka,62',62,0,second half,0,0
G-3472,WC-2022,2022 FIFA Men's World Cup,2022,M-2022-02,England vs Iran,19317.0,16:00,T-38,0,1,P-85860,Mehdi Taremi,Mehdi,Taremi,65',65,0,second half,0,0
G-3473,WC-2022,2022 FIFA Men's World Cup,2022,M-2022-02,England vs Iran,19317.0,16:00,T-28,1,0,P-59837,Marcus Rashford,Marcus,Rashford,71',71,0,second half,0,0
G-3474,WC-2022,2022 FIFA Men's World Cup,2022,M-2022-02,England vs Iran,19317.0,16:00,T-28,1,0,P-21153,Jack Grealish,Jack,Grealish,90',90,0,second half,0,0
G-3475,WC-2022,2022 FIFA Men's World Cup,2022,M-2022-02,England vs Iran,19317.0,16:00,T-38,0,1,P-85860,Mehdi Taremi,Mehdi,Taremi,90'+13',90,13,"second half, stoppage time",0,1
G-3476,WC-2022,2022 FIFA Men's World Cup,2022,M-2022-03,Senegal vs Netherlands,19317.0,19:00,T-48,0,1,P-28911,Cody Gakpo,Cody,Gakpo,84',84,0,second half,0,0
G-3477,WC-2022,2022 FIFA Men's World Cup,2022,M-2022-03,Senegal vs Netherlands,19317.0,19:00,T-48,0,1,P-42078,Davy Klaassen,Davy,Klaassen,90'+9',90,9,"second half, stoppage time",0,0
G-3478,WC-2022,2022 FIFA Men's World Cup,2022,M-2022-04,United States vs Wales,19317.0,22:00,T-83,1,0,P-30252,Timothy Weah,Timothy,Weah,36',36,0,first half,0,0
G-3479,WC-2022,2022 FIFA Men's World Cup,2022,M-2022-04,United States vs Wales,19317.0,22:00,T-85,0,1,P-63927,Gareth Bale,Gareth,Bale,82',82,0,second half,0,1
G-3480,WC-2022,2022 FIFA Men's World Cup,2022,M-2022-05,Argentina vs Saudi Arabia,19318.0,13:00,T-03,1,0,P-14758,Lionel Messi,Lionel,Messi,10',10,0,first half,0,1
G-3481,WC-2022,2022 FIFA Men's World Cup,2022,M-2022-05,Argentina vs Saudi Arabia,19318.0,13:00,T-63,0,1,P-37308,Saleh Al-Shehri,Saleh,Al-Shehri,48',48,0,second half,0,0
G-3482,WC-2022,2022 FIFA Men's World Cup,2022,M-2022-05,Argentina vs Saudi Arabia,19318.0,13:00,T-63,0,1,P-70583,Salem Al-Dawsari,Salem,Al-Dawsari,53',53,0,second half,0,0
G-3483,WC-2022,2022 FIFA Men's World Cup,2022,M-2022-08,France vs Australia,19318.0,22:00,T-04,0,1,P-82010,Craig Goodwin,Craig,Goodwin,9',9,0,first half,0,0
G-3484,WC-2022,2022 FIFA Men's World Cup,2022,M-2022-08,France vs Australia,19318.0,22:00,T-30,1,0,P-57401,Adrien Rabiot,Adrien,Rabiot,27',27,0,first half,0,0
G-3485,WC-2022,2022 FIFA Men's World Cup,2022,M-2022-08,France vs Australia,19318.0,22:00,T-30,1,0,P-89750,Olivier Giroud,Olivier,Giroud,32',32,0,first half,0,0
G-3486,WC-2022,2022 FIFA Men's World Cup,2022,M-2022-08,France vs Australia,19318.0,22:00,T-30,1,0,P-64077,Kylian Mbappé,Kylian,Mbappé,68',68,0,second half,0,0
G-3487,WC-2022,2022 FIFA Men's World Cup,2022,M-2022-08,France vs Australia,19318.0,22:00,T-30,1,0,P-89750,Olivier Giroud,Olivier,Giroud,71',71,0,second half,0,0
G-3488,WC-2022,2022 FIFA Men's World Cup,2022,M-2022-10,Germany vs Japan,19319.0,16:00,T-31,1,0,P-08896,İlkay Gündoğan,İlkay,Gündoğan,33',33,0,first half,0,1
G-3489,WC-2022,2022 FIFA Men's World Cup,2022,M-2022-10,Germany vs Japan,19319.0,16:00,T-44,0,1,P-58907,Ritsu Dōan,Ritsu,Dōan,75',75,0,second half,0,0
G-3490,WC-2022,2022 FIFA Men's World Cup,2022,M-2022-10,Germany vs Japan,19319.0,16:00,T-44,0,1,P-46913,Takuma Asano,Takuma,Asano,83',83,0,second half,0,0
G-3491,WC-2022,2022 FIFA Men's World Cup,2022,M-2022-11,Spain vs Costa Rica,19319.0,19:00,T-73,1,0,P-40007,Dani Olmo,Dani,Olmo,11',11,0,first half,0,0
G-3492,WC-2022,2022 FIFA Men's World Cup,2022,M-2022-11,Spain vs Costa Rica,19319.0,19:00,T-73,1,0,P-09400,Marco Asensio,Marco,Asensio,21',21,0,first half,0,0
G-3493,WC-2022,2022 FIFA Men's World Cup,2022,M-2022-11,Spain vs Costa Rica,19319.0,19:00,T-73,1,0,P-31301,Ferran Torres,Ferran,Torres,31',31,0,first half,0,1
G-3494,WC-2022,2022 FIFA Men's World Cup,2022,M-2022-11,Spain vs Costa Rica,19319.0,19:00,T-73,1,0,P-31301,Ferran Torres,Ferran,Torres,54',54,0,second half,0,0
G-3495,WC-2022,2022 FIFA Men's World Cup,2022,M-2022-11,Spain vs Costa Rica,19319.0,19:00,T-73,1,0,P-88433,not applicable Gavi,not applicable,Gavi,74',74,0,second half,0,0
G-3496,WC-2022,2022 FIFA Men's World Cup,2022,M-2022-11,Spain vs Costa Rica,19319.0,19:00,T-73,1,0,P-30405,Carlos Soler,Carlos,Soler,90',90,0,second half,0,0
G-3497,WC-2022,2022 FIFA Men's World Cup,2022,M-2022-11,Spain vs Costa Rica,19319.0,19:00,T-73,1,0,P-29274,Álvaro Morata,Álvaro,Morata,90'+2',90,2,"second half, stoppage time",0,0
G-3498,WC-2022,2022 FIFA Men's World Cup,2022,M-2022-12,Belgium vs Canada,19319.0,22:00,T-06,1,0,P-13975,Michy Batshuayi,Michy,Batshuayi,44',44,0,first half,0,0
G-3499,WC-2022,2022 FIFA Men's World Cup,2022,M-2022-13,Switzerland vs Cameroon,19320.0,13:00,T-75,1,0,P-19075,Breel Embolo,Breel,Embolo,48',48,0,second half,0,0
G-3500,WC-2022,2022 FIFA Men's World Cup,2022,M-2022-15,Portugal vs Ghana,19320.0,19:00,T-58,1,0,P-70442,Cristiano Ronaldo,Cristiano,Ronaldo,65',65,0,second half,0,1
G-3501,WC-2022,2022 FIFA Men's World Cup,2022,M-2022-15,Portugal vs Ghana,19320.0,19:00,T-32,0,1,P-01945,André Ayew,André,Ayew,73',73,0,second half,0,0
G-3502,WC-2022,2022 FIFA Men's World Cup,2022,M-2022-15,Portugal vs Ghana,19320.0,19:00,T-58,1,0,P-17931,João Félix,João,Félix,78',78,0,second half,0,0
G-3503,WC-2022,2022 FIFA Men's World Cup,2022,M-2022-15,Portugal vs Ghana,19320.0,19:00,T-58,1,0,P-27349,Rafael Leão,Rafael,Leão,80',80,0,second half,0,0
G-3504,WC-2022,2022 FIFA Men's World Cup,2022,M-2022-15,Portugal vs Ghana,19320.0,19:00,T-32,0,1,P-72363,Osman Bukari,Osman,Bukari,89',89,0,second half,0,0
G-3505,WC-2022,2022 FIFA Men's World Cup,2022,M-2022-16,Brazil vs Serbia,19320.0,22:00,T-09,1,0,P-68016,not applicable Richarlison,not applicable,Richarlison,62',62,0,second half,0,0
G-3506,WC-2022,2022 FIFA Men's World Cup,2022,M-2022-16,Brazil vs Serbia,19320.0,22:00,T-09,1,0,P-68016,not applicable Richarlison,not applicable,Richarlison,73',73,0,second half,0,0
G-3507,WC-2022,2022 FIFA Men's World Cup,2022,M-2022-17,Wales vs Iran,19321.0,13:00,T-38,0,1,P-98747,Rouzbeh Cheshmi,Rouzbeh,Cheshmi,90'+8',90,8,"second half, stoppage time",0,0
G-3508,WC-2022,2022 FIFA Men's World Cup,2022,M-2022-17,Wales vs Iran,19321.0,13:00,T-38,0,1,P-47137,Ramin Rezaeian,Ramin,Rezaeian,90'+11',90,11,"second half, stoppage time",0,0
G-3509,WC-2022,2022 FIFA Men's World Cup,2022,M-2022-18,Qatar vs Senegal,19321.0,16:00,T-65,0,1,P-33622,Boulaye Dia,Boulaye,Dia,41',41,0,first half,0,0
G-3510,WC-2022,2022 FIFA Men's World Cup,2022,M-2022-18,Qatar vs Senegal,19321.0,16:00,T-65,0,1,P-27280,Famara Diédhiou,Famara,Diédhiou,48',48,0,second half,0,0
G-3511,WC-2022,2022 FIFA Men's World Cup,2022,M-2022-18,Qatar vs Senegal,19321.0,16:00,T-59,1,0,P-17048,Mohammed Muntari,Mohammed,Muntari,78',78,0,second half,0,0
G-3512,WC-2022,2022 FIFA Men's World Cup,2022,M-2022-18,Qatar vs Senegal,19321.0,16:00,T-65,0,1,P-88928,Bamba Dieng,Bamba,Dieng,84',84,0,second half,0,0
G-3513,WC-2022,2022 FIFA Men's World Cup,2022,M-2022-19,Netherlands vs Ecuador,19321.0,19:00,T-48,1,0,P-28911,Cody Gakpo,Cody,Gakpo,6',6,0,first half,0,0
G-3514,WC-2022,2022 FIFA Men's World Cup,2022,M-2022-19,Netherlands vs Ecuador,19321.0,19:00,T-25,0,1,P-75912,Enner Valencia,Enner,Valencia,49',49,0,second half,0,0
G-3515,WC-2022,2022 FIFA Men's World Cup,2022,M-2022-21,Tunisia vs Australia,19322.0,13:00,T-04,0,1,P-91029,Mitchell Duke,Mitchell,Duke,23',23,0,first half,0,0
G-3516,WC-2022,2022 FIFA Men's World Cup,2022,M-2022-22,Poland vs Saudi Arabia,19322.0,16:00,T-57,1,0,P-32165,Piotr Zieliński,Piotr,Zieliński,39',39,0,first half,0,0
G-3517,WC-2022,2022 FIFA Men's World Cup,2022,M-2022-22,Poland vs Saudi Arabia,19322.0,16:00,T-57,1,0,P-00549,Robert Lewandowski,Robert,Lewandowski,82',82,0,second half,0,0
G-3518,WC-2022,2022 FIFA Men's World Cup,2022,M-2022-23,France vs Denmark,19322.0,19:00,T-30,1,0,P-64077,Kylian Mbappé,Kylian,Mbappé,61',61,0,second half,0,0
G-3519,WC-2022,2022 FIFA Men's World Cup,2022,M-2022-23,France vs Denmark,19322.0,19:00,T-22,0,1,P-18923,Andreas Christensen,Andreas,Christensen,68',68,0,second half,0,0
G-3520,WC-2022,2022 FIFA Men's World Cup,2022,M-2022-23,France vs Denmark,19322.0,19:00,T-30,1,0,P-64077,Kylian Mbappé,Kylian,Mbappé,86',86,0,second half,0,0
G-3521,WC-2022,2022 FIFA Men's World Cup,2022,M-2022-24,Argentina vs Mexico,19322.0,22:00,T-03,1,0,P-14758,Lionel Messi,Lionel,Messi,64',64,0,second half,0,0
G-3522,WC-2022,2022 FIFA Men's World Cup,2022,M-2022-24,Argentina vs Mexico,19322.0,22:00,T-03,1,0,P-10739,Enzo Fernández,Enzo,Fernández,87',87,0,second half,0,0
G-3523,WC-2022,2022 FIFA Men's World Cup,2022,M-2022-25,Japan vs Costa Rica,19323.0,13:00,T-17,0,1,P-80986,Keysher Fuller,Keysher,Fuller,81',81,0,second half,0,0
G-3524,WC-2022,2022 FIFA Men's World Cup,2022,M-2022-26,Belgium vs Morocco,19323.0,16:00,T-47,0,1,P-26068,Romain Saïss,Romain,Saïss,73',73,0,second half,0,0
G-3525,WC-2022,2022 FIFA Men's World Cup,2022,M-2022-26,Belgium vs Morocco,19323.0,16:00,T-47,0,1,P-48295,Zakaria Aboukhlal,Zakaria,Aboukhlal,90'+2',90,2,"second half, stoppage time",0,0
G-3526,WC-2022,2022 FIFA Men's World Cup,2022,M-2022-27,Croatia vs Canada,19323.0,19:00,T-12,0,1,P-46358,Alphonso Davies,Alphonso,Davies,2',2,0,first half,0,0
G-3527,WC-2022,2022 FIFA Men's World Cup,2022,M-2022-27,Croatia vs Canada,19323.0,19:00,T-18,1,0,P-65182,Andrej Kramarić,Andrej,Kramarić,36',36,0,first half,0,0
G-3528,WC-2022,2022 FIFA Men's World Cup,2022,M-2022-27,Croatia vs Canada,19323.0,19:00,T-18,1,0,P-31643,Marko Livaja,Marko,Livaja,44',44,0,first half,0,0
G-3529,WC-2022,2022 FIFA Men's World Cup,2022,M-2022-27,Croatia vs Canada,19323.0,19:00,T-18,1,0,P-65182,Andrej Kramarić,Andrej,Kramarić,70',70,0,second half,0,0
G-3530,WC-2022,2022 FIFA Men's World Cup,2022,M-2022-27,Croatia vs Canada,19323.0,19:00,T-18,1,0,P-64353,Lovro Majer,Lovro,Majer,90'+4',90,4,"second half, stoppage time",0,0
G-3531,WC-2022,2022 FIFA Men's World Cup,2022,M-2022-28,Spain vs Germany,19323.0,22:00,T-73,1,0,P-29274,Álvaro Morata,Álvaro,Morata,62',62,0,second half,0,0
G-3532,WC-2022,2022 FIFA Men's World Cup,2022,M-2022-28,Spain vs Germany,19323.0,22:00,T-31,0,1,P-46246,Niclas Füllkrug,Niclas,Füllkrug,83',83,0,second half,0,0
G-3533,WC-2022,2022 FIFA Men's World Cup,2022,M-2022-29,Cameroon vs Serbia,19324.0,13:00,T-11,1,0,P-59303,Jean-Charles Castelletto,Jean-Charles,Castelletto,29',29,0,first half,0,0
G-3534,WC-2022,2022 FIFA Men's World Cup,2022,M-2022-29,Cameroon vs Serbia,19324.0,13:00,T-66,0,1,P-98435,Strahinja Pavlović,Strahinja,Pavlović,45'+1',45,1,"first half, stoppage time",0,0
G-3535,WC-2022,2022 FIFA Men's World Cup,2022,M-2022-29,Cameroon vs Serbia,19324.0,13:00,T-66,0,1,P-27744,Sergej Milinković-Savić,Sergej,Milinković-Savić,45'+3',45,3,"first half, stoppage time",0,0
G-3536,WC-2022,2022 FIFA Men's World Cup,2022,M-2022-29,Cameroon vs Serbia,19324.0,13:00,T-66,0,1,P-85696,Aleksandar Mitrović,Aleksandar,Mitrović,53',53,0,second half,0,0
G-3537,WC-2022,2022 FIFA Men's World Cup,2022,M-2022-29,Cameroon vs Serbia,19324.0,13:00,T-11,1,0,P-53452,Vincent Aboubakar,Vincent,Aboubakar,63',63,0,second half,0,0
G-3538,WC-2022,2022 FIFA Men's World Cup,2022,M-2022-29,Cameroon vs Serbia,19324.0,13:00,T-11,1,0,P-06117,Eric Maxim Choupo-Moting,Eric Maxim,Choupo-Moting,66',66,0,second half,0,0
G-3539,WC-2022,2022 FIFA Men's World Cup,2022,M-2022-30,South Korea vs Ghana,19324.0,16:00,T-32,0,1,P-50142,Mohammed Salisu,Mohammed,Salisu,24',24,0,first half,0,0
G-3540,WC-2022,2022 FIFA Men's World Cup,2022,M-2022-30,South Korea vs Ghana,19324.0,16:00,T-32,0,1,P-23821,Mohammed Kudus,Mohammed,Kudus,34',34,0,first half,0,0
G-3541,WC-2022,2022 FIFA Men's World Cup,2022,M-2022-30,South Korea vs Ghana,19324.0,16:00,T-71,1,0,P-87169,Cho Gue-sung,Cho,Gue-sung,58',58,0,second half,0,0
G-3542,WC-2022,2022 FIFA Men's World Cup,2022,M-2022-30,South Korea vs Ghana,19324.0,16:00,T-71,1,0,P-87169,Cho Gue-sung,Cho,Gue-sung,61',61,0,second half,0,0
G-3543,WC-2022,2022 FIFA Men's World Cup,2022,M-2022-30,South Korea vs Ghana,19324.0,16:00,T-32,0,1,P-23821,Mohammed Kudus,Mohammed,Kudus,68',68,0,second half,0,0
G-3544,WC-2022,2022 FIFA Men's World Cup,2022,M-2022-31,Brazil vs Switzerland,19324.0,19:00,T-09,1,0,P-02305,not applicable Casemiro,not applicable,Casemiro,83',83,0,second half,0,0
G-3545,WC-2022,2022 FIFA Men's World Cup,2022,M-2022-32,Portugal vs Uruguay,19324.0,22:00,T-58,1,0,P-39584,Bruno Fernandes,Bruno,Fernandes,54',54,0,second half,0,0
G-3546,WC-2022,2022 FIFA Men's World Cup,2022,M-2022-32,Portugal vs Uruguay,19324.0,22:00,T-58,1,0,P-39584,Bruno Fernandes,Bruno,Fernandes,90'+3',90,3,"second half, stoppage time",0,1
G-3547,WC-2022,2022 FIFA Men's World Cup,2022,M-2022-33,Ecuador vs Senegal,19325.0,18:00,T-65,0,1,P-37935,Ismaïla Sarr,Ismaïla,Sarr,44',44,0,first half,0,1
G-3548,WC-2022,2022 FIFA Men's World Cup,2022,M-2022-33,Ecuador vs Senegal,19325.0,18:00,T-25,1,0,P-82216,Moisés Caicedo,Moisés,Caicedo,67',67,0,second half,0,0
G-3549,WC-2022,2022 FIFA Men's World Cup,2022,M-2022-33,Ecuador vs Senegal,19325.0,18:00,T-65,0,1,P-47321,Kalidou Koulibaly,Kalidou,Koulibaly,70',70,0,second half,0,0
G-3550,WC-2022,2022 FIFA Men's World Cup,2022,M-2022-34,Netherlands vs Qatar,19325.0,18:00,T-48,1,0,P-28911,Cody Gakpo,Cody,Gakpo,26',26,0,first half,0,0
G-3551,WC-2022,2022 FIFA Men's World Cup,2022,M-2022-34,Netherlands vs Qatar,19325.0,18:00,T-48,1,0,P-17688,Frenkie de Jong,Frenkie,de Jong,49',49,0,second half,0,0
G-3552,WC-2022,2022 FIFA Men's World Cup,2022,M-2022-35,Iran vs United States,19325.0,22:00,T-83,0,1,P-11737,Christian Pulisic,Christian,Pulisic,38',38,0,first half,0,0
G-3553,WC-2022,2022 FIFA Men's World Cup,2022,M-2022-36,Wales vs England,19325.0,22:00,T-28,0,1,P-59837,Marcus Rashford,Marcus,Rashford,50',50,0,second half,0,0
G-3554,WC-2022,2022 FIFA Men's World Cup,2022,M-2022-36,Wales vs England,19325.0,22:00,T-28,0,1,P-10501,Phil Foden,Phil,Foden,51',51,0,second half,0,0
G-3555,WC-2022,2022 FIFA Men's World Cup,2022,M-2022-36,Wales vs England,19325.0,22:00,T-28,0,1,P-59837,Marcus Rashford,Marcus,Rashford,68',68,0,second half,0,0
G-3556,WC-2022,2022 FIFA Men's World Cup,2022,M-2022-37,Australia vs Denmark,19326.0,18:00,T-04,1,0,P-35837,Mathew Leckie,Mathew,Leckie,60',60,0,second half,0,0
G-3557,WC-2022,2022 FIFA Men's World Cup,2022,M-2022-38,Tunisia vs France,19326.0,18:00,T-79,1,0,P-42223,Wahbi Khazri,Wahbi,Khazri,58',58,0,second half,0,0
G-3558,WC-2022,2022 FIFA Men's World Cup,2022,M-2022-39,Poland vs Argentina,19326.0,22:00,T-03,0,1,P-71343,Alexis Mac Allister,Alexis,Mac Allister,46',46,0,second half,0,0
G-3559,WC-2022,2022 FIFA Men's World Cup,2022,M-2022-39,Poland vs Argentina,19326.0,22:00,T-03,0,1,P-19776,Julián Álvarez,Julián,Álvarez,67',67,0,second half,0,0
G-3560,WC-2022,2022 FIFA Men's World Cup,2022,M-2022-40,Saudi Arabia vs Mexico,19326.0,22:00,T-46,0,1,P-49482,Henry Martín,Henry,Martín,47',47,0,second half,0,0
G-3561,WC-2022,2022 FIFA Men's World Cup,2022,M-2022-40,Saudi Arabia vs Mexico,19326.0,22:00,T-46,0,1,P-49806,Luis Chávez,Luis,Chávez,52',52,0,second half,0,0
G-3562,WC-2022,2022 FIFA Men's World Cup,2022,M-2022-40,Saudi Arabia vs Mexico,19326.0,22:00,T-63,1,0,P-70583,Salem Al-Dawsari,Salem,Al-Dawsari,90'+5',90,5,"second half, stoppage time",0,0
G-3563,WC-2022,2022 FIFA Men's World Cup,2022,M-2022-41,Canada vs Morocco,19327.0,18:00,T-47,0,1,P-70715,Hakim Ziyech,Hakim,Ziyech,4',4,0,first half,0,0
G-3564,WC-2022,2022 FIFA Men's World Cup,2022,M-2022-41,Canada vs Morocco,19327.0,18:00,T-47,0,1,P-42517,Youssef En-Nesyri,Youssef,En-Nesyri,23',23,0,first half,0,0
G-3565,WC-2022,2022 FIFA Men's World Cup,2022,M-2022-41,Canada vs Morocco,19327.0,18:00,T-12,1,0,P-47490,Nayef Aguerd,Nayef,Aguerd,40',40,0,first half,1,0
G-3566,WC-2022,2022 FIFA Men's World Cup,2022,M-2022-43,Costa Rica vs Germany,19327.0,22:00,T-31,0,1,P-75989,Serge Gnabry,Serge,Gnabry,10',10,0,first half,0,0
G-3567,WC-2022,2022 FIFA Men's World Cup,2022,M-2022-43,Costa Rica vs Germany,19327.0,22:00,T-17,1,0,P-24978,Yeltsin Tejeda,Yeltsin,Tejeda,58',58,0,second half,0,0
G-3568,WC-2022,2022 FIFA Men's World Cup,2022,M-2022-43,Costa Rica vs Germany,19327.0,22:00,T-17,1,0,P-65777,Juan Pablo Vargas,Juan Pablo,Vargas,70',70,0,second half,0,0
G-3569,WC-2022,2022 FIFA Men's World Cup,2022,M-2022-43,Costa Rica vs Germany,19327.0,22:00,T-31,0,1,P-77743,Kai Havertz,Kai,Havertz,73',73,0,second half,0,0
G-3570,WC-2022,2022 FIFA Men's World Cup,2022,M-2022-43,Costa Rica vs Germany,19327.0,22:00,T-31,0,1,P-77743,Kai Havertz,Kai,Havertz,85',85,0,second half,0,0
G-3571,WC-2022,2022 FIFA Men's World Cup,2022,M-2022-43,Costa Rica vs Germany,19327.0,22:00,T-31,0,1,P-46246,Niclas Füllkrug,Niclas,Füllkrug,89',89,0,second half,0,0
G-3572,WC-2022,2022 FIFA Men's World Cup,2022,M-2022-44,Japan vs Spain,19327.0,22:00,T-73,0,1,P-29274,Álvaro Morata,Álvaro,Morata,11',11,0,first half,0,0
G-3573,WC-2022,2022 FIFA Men's World Cup,2022,M-2022-44,Japan vs Spain,19327.0,22:00,T-44,1,0,P-58907,Ritsu Dōan,Ritsu,Dōan,48',48,0,second half,0,0
G-3574,WC-2022,2022 FIFA Men's World Cup,2022,M-2022-44,Japan vs Spain,19327.0,22:00,T-44,1,0,P-82447,Ao Tanaka,Ao,Tanaka,51',51,0,second half,0,0
G-3575,WC-2022,2022 FIFA Men's World Cup,2022,M-2022-45,Ghana vs Uruguay,19328.0,18:00,T-84,0,1,P-62594,Giorgian De Arrascaeta,Giorgian,De Arrascaeta,26',26,0,first half,0,0
G-3576,WC-2022,2022 FIFA Men's World Cup,2022,M-2022-45,Ghana vs Uruguay,19328.0,18:00,T-84,0,1,P-62594,Giorgian De Arrascaeta,Giorgian,De Arrascaeta,32',32,0,first half,0,0
G-3577,WC-2022,2022 FIFA Men's World Cup,2022,M-2022-46,South Korea vs Portugal,19328.0,18:00,T-58,0,1,P-05304,Ricardo Horta,Ricardo,Horta,5',5,0,first half,0,0
G-3578,WC-2022,2022 FIFA Men's World Cup,2022,M-2022-46,South Korea vs Portugal,19328.0,18:00,T-71,1,0,P-07259,Young-gwon Kim,Young-gwon,Kim,27',27,0,first half,0,0
G-3579,WC-2022,2022 FIFA Men's World Cup,2022,M-2022-46,South Korea vs Portugal,19328.0,18:00,T-71,1,0,P-58692,Hee-chan Hwang,Hee-chan,Hwang,90'+1',90,1,"second half, stoppage time",0,0
G-3580,WC-2022,2022 FIFA Men's World Cup,2022,M-2022-47,Cameroon vs Brazil,19328.0,22:00,T-11,1,0,P-53452,Vincent Aboubakar,Vincent,Aboubakar,90'+2',90,2,"second half, stoppage time",0,0
G-3581,WC-2022,2022 FIFA Men's World Cup,2022,M-2022-48,Serbia vs Switzerland,19328.0,22:00,T-75,0,1,P-39460,Xherdan Shaqiri,Xherdan,Shaqiri,20',20,0,first half,0,0
G-3582,WC-2022,2022 FIFA Men's World Cup,2022,M-2022-48,Serbia vs Switzerland,19328.0,22:00,T-66,1,0,P-85696,Aleksandar Mitrović,Aleksandar,Mitrović,26',26,0,first half,0,0
G-3583,WC-2022,2022 FIFA Men's World Cup,2022,M-2022-48,Serbia vs Switzerland,19328.0,22:00,T-66,1,0,P-63293,Dušan Vlahović,Dušan,Vlahović,35',35,0,first half,0,0
G-3584,WC-2022,2022 FIFA Men's World Cup,2022,M-2022-48,Serbia vs Switzerland,19328.0,22:00,T-75,0,1,P-19075,Breel Embolo,Breel,Embolo,44',44,0,first half,0,0
G-3585,WC-2022,2022 FIFA Men's World Cup,2022,M-2022-48,Serbia vs Switzerland,19328.0,22:00,T-75,0,1,P-68060,Remo Freuler,Remo,Freuler,48',48,0,second half,0,0
G-3586,WC-2022,2022 FIFA Men's World Cup,2022,M-2022-49,Netherlands vs United States,19329.0,18:00,T-48,1,0,P-27540,Memphis Depay,Memphis,Depay,10',10,0,first half,0,0
G-3587,WC-2022,2022 FIFA Men's World Cup,2022,M-2022-49,Netherlands vs United States,19329.0,18:00,T-48,1,0,P-39861,Daley Blind,Daley,Blind,45'+1',45,1,"first half, stoppage time",0,0
G-3588,WC-2022,2022 FIFA Men's World Cup,2022,M-2022-49,Netherlands vs United States,19329.0,18:00,T-83,0,1,P-68131,Haji Wright,Haji,Wright,76',76,0,second half,0,0
G-3589,WC-2022,2022 FIFA Men's World Cup,2022,M-2022-49,Netherlands vs United States,19329.0,18:00,T-48,1,0,P-97615,Denzel Dumfries,Denzel,Dumfries,81',81,0,second half,0,0
G-3590,WC-2022,2022 FIFA Men's World Cup,2022,M-2022-50,Argentina vs Australia,19329.0,22:00,T-03,1,0,P-14758,Lionel Messi,Lionel,Messi,35',35,0,first half,0,0
G-3591,WC-2022,2022 FIFA Men's World Cup,2022,M-2022-50,Argentina vs Australia,19329.0,22:00,T-03,1,0,P-19776,Julián Álvarez,Julián,Álvarez,57',57,0,second half,0,0
G-3592,WC-2022,2022 FIFA Men's World Cup,2022,M-2022-50,Argentina vs Australia,19329.0,22:00,T-04,0,1,P-10739,Enzo Fernández,Enzo,Fernández,77',77,0,second half,1,0
G-3593,WC-2022,2022 FIFA Men's World Cup,2022,M-2022-51,France vs Poland,19330.0,18:00,T-30,1,0,P-89750,Olivier Giroud,Olivier,Giroud,44',44,0,first half,0,0
G-3594,WC-2022,2022 FIFA Men's World Cup,2022,M-2022-51,France vs Poland,19330.0,18:00,T-30,1,0,P-64077,Kylian Mbappé,Kylian,Mbappé,74',74,0,second half,0,0
G-3595,WC-2022,2022 FIFA Men's World Cup,2022,M-2022-51,France vs Poland,19330.0,18:00,T-30,1,0,P-64077,Kylian Mbappé,Kylian,Mbappé,90'+1',90,1,"second half, stoppage time",0,0
G-3596,WC-2022,2022 FIFA Men's World Cup,2022,M-2022-51,France vs Poland,19330.0,18:00,T-57,0,1,P-00549,Robert Lewandowski,Robert,Lewandowski,90'+9',90,9,"second half, stoppage time",0,1
G-3597,WC-2022,2022 FIFA Men's World Cup,2022,M-2022-52,England vs Senegal,19330.0,22:00,T-28,1,0,P-08169,Jordan Henderson,Jordan,Henderson,38',38,0,first half,0,0
G-3598,WC-2022,2022 FIFA Men's World Cup,2022,M-2022-52,England vs Senegal,19330.0,22:00,T-28,1,0,P-58924,Harry Kane,Harry,Kane,45'+3',45,3,"first half, stoppage time",0,0
G-3599,WC-2022,2022 FIFA Men's World Cup,2022,M-2022-52,England vs Senegal,19330.0,22:00,T-28,1,0,P-76842,Bukayo Saka,Bukayo,Saka,57',57,0,second half,0,0
G-3600,WC-2022,2022 FIFA Men's World Cup,2022,M-2022-53,Japan vs Croatia,19331.0,18:00,T-44,1,0,P-30206,Daizen Maeda,Daizen,Maeda,43',43,0,first half,0,0
G-3601,WC-2022,2022 FIFA Men's World Cup,2022,M-2022-53,Japan vs Croatia,19331.0,18:00,T-18,0,1,P-93884,Ivan Perišić,Ivan,Perišić,55',55,0,second half,0,0
G-3602,WC-2022,2022 FIFA Men's World Cup,2022,M-2022-54,Brazil vs South Korea,19331.0,22:00,T-09,1,0,P-92812,Vinícius Júnior,Vinícius,Júnior,7',7,0,first half,0,0
G-3603,WC-2022,2022 FIFA Men's World Cup,2022,M-2022-54,Brazil vs South Korea,19331.0,22:00,T-09,1,0,P-87008,not applicable Neymar,not applicable,Neymar,13',13,0,first half,0,1
G-3604,WC-2022,2022 FIFA Men's World Cup,2022,M-2022-54,Brazil vs South Korea,19331.0,22:00,T-09,1,0,P-68016,not applicable Richarlison,not applicable,Richarlison,29',29,0,first half,0,0
G-3605,WC-2022,2022 FIFA Men's World Cup,2022,M-2022-54,Brazil vs South Korea,19331.0,22:00,T-09,1,0,P-05164,Lucas Paquetá,Lucas,Paquetá,36',36,0,first half,0,0
G-3606,WC-2022,2022 FIFA Men's World Cup,2022,M-2022-54,Brazil vs South Korea,19331.0,22:00,T-71,0,1,P-32599,Paik Seung-ho,Paik,Seung-ho,76',76,0,second half,0,0
G-3607,WC-2022,2022 FIFA Men's World Cup,2022,M-2022-56,Portugal vs Switzerland,19332.0,22:00,T-58,1,0,P-41647,Gonçalo Ramos,Gonçalo,Ramos,17',17,0,first half,0,0
G-3608,WC-2022,2022 FIFA Men's World Cup,2022,M-2022-56,Portugal vs Switzerland,19332.0,22:00,T-58,1,0,P-81972,not applicable Pepe,not applicable,Pepe,33',33,0,first half,0,0
G-3609,WC-2022,2022 FIFA Men's World Cup,2022,M-2022-56,Portugal vs Switzerland,19332.0,22:00,T-58,1,0,P-41647,Gonçalo Ramos,Gonçalo,Ramos,51',51,0,second half,0,0
G-3610,WC-2022,2022 FIFA Men's World Cup,2022,M-2022-56,Portugal vs Switzerland,19332.0,22:00,T-58,1,0,P-67578,Raphaël Guerreiro,Raphaël,Guerreiro,55',55,0,second half,0,0
G-3611,WC-2022,2022 FIFA Men's World Cup,2022,M-2022-56,Portugal vs Switzerland,19332.0,22:00,T-75,0,1,P-23925,Manuel Akanji,Manuel,Akanji,58',58,0,second half,0,0
G-3612,WC-2022,2022 FIFA Men's World Cup,2022,M-2022-56,Portugal vs Switzerland,19332.0,22:00,T-58,1,0,P-41647,Gonçalo Ramos,Gonçalo,Ramos,67',67,0,second half,0,0
G-3613,WC-2022,2022 FIFA Men's World Cup,2022,M-2022-56,Portugal vs Switzerland,19332.0,22:00,T-58,1,0,P-27349,Rafael Leão,Rafael,Leão,90'+2',90,2,"second half, stoppage time",0,0
G-3614,WC-2022,2022 FIFA Men's World Cup,2022,M-2022-57,Croatia vs Brazil,19335.0,18:00,T-09,0,1,P-87008,not applicable Neymar,not applicable,Neymar,105'+1',105,1,"extra time, first half, stoppage time",0,0
G-3615,WC-2022,2022 FIFA Men's World Cup,2022,M-2022-57,Croatia vs Brazil,19335.0,18:00,T-18,1,0,P-46461,Bruno Petković,Bruno,Petković,117',117,0,"extra time, second half",0,0
G-3616,WC-2022,2022 FIFA Men's World Cup,2022,M-2022-58,Netherlands vs Argentina,19335.0,22:00,T-03,0,1,P-84430,Nahuel Molina,Nahuel,Molina,35',35,0,first half,0,0
G-3617,WC-2022,2022 FIFA Men's World Cup,2022,M-2022-58,Netherlands vs Argentina,19335.0,22:00,T-03,0,1,P-14758,Lionel Messi,Lionel,Messi,73',73,0,second half,0,1
G-3618,WC-2022,2022 FIFA Men's World Cup,2022,M-2022-58,Netherlands vs Argentina,19335.0,22:00,T-48,1,0,P-95036,Wout Weghorst,Wout,Weghorst,83',83,0,second half,0,0
G-3619,WC-2022,2022 FIFA Men's World Cup,2022,M-2022-58,Netherlands vs Argentina,19335.0,22:00,T-48,1,0,P-95036,Wout Weghorst,Wout,Weghorst,90'+11',90,11,"second half, stoppage time",0,0
G-3620,WC-2022,2022 FIFA Men's World Cup,2022,M-2022-59,Morocco vs Portugal,19336.0,18:00,T-47,1,0,P-42517,Youssef En-Nesyri,Youssef,En-Nesyri,42',42,0,first half,0,0
G-3621,WC-2022,2022 FIFA Men's World Cup,2022,M-2022-60,England vs France,19336.0,22:00,T-30,0,1,P-54517,Aurélien Tchouaméni,Aurélien,Tchouaméni,17',17,0,first half,0,0
G-3622,WC-2022,2022 FIFA Men's World Cup,2022,M-2022-60,England vs France,19336.0,22:00,T-28,1,0,P-58924,Harry Kane,Harry,Kane,54',54,0,second half,0,1
G-3623,WC-2022,2022 FIFA Men's World Cup,2022,M-2022-60,England vs France,19336.0,22:00,T-30,0,1,P-89750,Olivier Giroud,Olivier,Giroud,78',78,0,second half,0,0
G-3624,WC-2022,2022 FIFA Men's World Cup,2022,M-2022-61,Argentina vs Croatia,19339.0,22:00,T-03,1,0,P-14758,Lionel Messi,Lionel,Messi,34',34,0,first half,0,1
G-3625,WC-2022,2022 FIFA Men's World Cup,2022,M-2022-61,Argentina vs Croatia,19339.0,22:00,T-03,1,0,P-19776,Julián Álvarez,Julián,Álvarez,39',39,0,first half,0,0
G-3626,WC-2022,2022 FIFA Men's World Cup,2022,M-2022-61,Argentina vs Croatia,19339.0,22:00,T-03,1,0,P-19776,Julián Álvarez,Julián,Álvarez,69',69,0,second half,0,0
G-3627,WC-2022,2022 FIFA Men's World Cup,2022,M-2022-62,France vs Morocco,19340.0,22:00,T-30,1,0,P-09867,Théo Hernandez,Théo,Hernandez,5',5,0,first half,0,0
G-3628,WC-2022,2022 FIFA Men's World Cup,2022,M-2022-62,France vs Morocco,19340.0,22:00,T-30,1,0,P-92987,Randal Kolo Muani,Randal,Kolo Muani,79',79,0,second half,0,0
G-3629,WC-2022,2022 FIFA Men's World Cup,2022,M-2022-63,Croatia vs Morocco,19343.0,18:00,T-18,1,0,P-58420,Joško Gvardiol,Joško,Gvardiol,7',7,0,first half,0,0
G-3630,WC-2022,2022 FIFA Men's World Cup,2022,M-2022-63,Croatia vs Morocco,19343.0,18:00,T-47,0,1,P-52013,Achraf Dari,Achraf,Dari,9',9,0,first half,0,0
G-3631,WC-2022,2022 FIFA Men's World Cup,2022,M-2022-63,Croatia vs Morocco,19343.0,18:00,T-18,1,0,P-26942,Mislav Oršić,Mislav,Oršić,42',42,0,first half,0,0
G-3632,WC-2022,2022 FIFA Men's World Cup,2022,M-2022-64,Argentina vs France,19344.0,18:00,T-03,1,0,P-14758,Lionel Messi,Lionel,Messi,23',23,0,first half,0,1
G-3633,WC-2022,2022 FIFA Men's World Cup,2022,M-2022-64,Argentina vs France,19344.0,18:00,T-03,1,0,P-42113,Ángel Di María,Ángel,Di María,36',36,0,first half,0,0
G-3634,WC-2022,2022 FIFA Men's World Cup,2022,M-2022-64,Argentina vs France,19344.0,18:00,T-30,0,1,P-64077,Kylian Mbappé,Kylian,Mbappé,80',80,0,second half,0,1
G-3635,WC-2022,2022 FIFA Men's World Cup,2022,M-2022-64,Argentina vs France,19344.0,18:00,T-30,0,1,P-64077,Kylian Mbappé,Kylian,Mbappé,81',81,0,second half,0,0
G-3636,WC-2022,2022 FIFA Men's World Cup,2022,M-2022-64,Argentina vs France,19344.0,18:00,T-03,1,0,P-14758,Lionel Messi,Lionel,Messi,108',108,0,"extra time, second half",0,0
G-3637,WC-2022,2022 FIFA Men's World Cup,2022,M-2022-64,Argentina vs France,19344.0,18:00,T-30,0,1,P-64077,Kylian Mbappé,Kylian,Mbappé,118',118,0,"extra time, second half",0,1
