team_norm,year,ranking_score
bahamas,1993,0.0
barbados,1993,0.0
lebanon,1993,0.0
estonia,1993,0.0
myanmar,1993,0.0
luxembourg,1993,0.0
hong kong,1993,0.0
togo,1993,0.0
faroe islands,1993,0.0
nepal,1993,0.0
antigua and barbuda,1993,0.0
suriname,1993,0.0
sudan,1993,0.0
guatemala,1993,0.0
san marino,1993,0.0
croatia,1993,0.0
liberia,1993,0.0
fiji,1993,0.0
bangladesh,1993,0.0
indonesia,1993,0.0
latvia,1993,0.0
mozambique,1993,0.0
gambia,1993,0.0
jordan,1993,0.0
trinidad and tobago,1993,0.0
madagascar,1993,0.0
ukraine,1993,0.0
yemen,1993,0.0
albania,1993,0.0
venezuela,1993,0.0
puerto rico,1993,0.0
uganda,1993,0.0
ethiopia,1993,0.0
oman,1993,0.0
tanzania,1993,0.0
swaziland,1993,0.0
india,1993,0.0
burundi,1993,0.0
angola,1993,0.0
congo,1993,0.0
south africa,1993,0.0
sri lanka,1993,0.0
laos,1993,0.0
netherlands antilles,1993,0.0
libya,1993,0.0
dominican republic,1993,0.0
cayman islands,1993,0.0
nicaragua,1993,0.0
namibia,1993,0.0
seychelles,1993,0.0
central african republic,1993,0.0
cuba,1993,0.0
liechtenstein,1993,0.0
chinese taipei,1993,0.0
equatorial guinea,1993,0.0
philippines,1993,0.0
vanuatu,1993,0.0
aruba,1993,0.0
chad,1993,0.0
st kitts and nevis,1993,0.0
lithuania,1993,0.0
brunei darussalam,1993,0.0
slovakia,1993,0.0
solomon islands,1993,0.0
maldives,1993,0.0
st vincent and the grenadines,1993,0.0
benin,1993,0.0
guinea-bissau,1993,0.0
panama,1993,0.0
mauritius,1993,0.0
slovenia,1993,0.0
vietnam,1993,0.0
guyana,1993,0.0
burkina faso,1993,0.0
belarus,1993,0.0
st lucia,1993,0.0
botswana,1993,0.0
tahiti,1993,0.0
pakistan,1993,0.0
grenada,1993,0.0
mauritania,1993,0.0
haiti,1993,0.0
cape verde islands,1993,0.0
lesotho,1993,0.0
macau,1993,0.0
bermuda,1993,0.0
syria,1993,0.0
united states,1993,0.0
cameroon,1993,0.0
scotland,1993,0.0
belgium,1993,0.0
egypt,1993,0.0
zambia,1993,0.0
poland,1993,0.0
wales,1993,0.0
morocco,1993,0.0
bulgaria,1993,0.0
tunisia,1993,0.0
ivory coast,1993,0.0
greece,1993,0.0
algeria,1993,0.0
austria,1993,0.0
ghana,1993,0.0
saudi arabia,1993,0.0
portugal,1993,0.0
northern ireland,1993,0.0
rcs,1993,0.0
uruguay,1993,0.0
malta,1993,0.0
germany,1993,0.0
italy,1993,0.0
brazil,1993,0.0
norway,1993,0.0
spain,1993,0.0
denmark,1993,0.0
netherlands,1993,0.0
argentina,1993,0.0
sweden,1993,0.0
republic of ireland,1993,0.0
england,1993,0.0
switzerland,1993,0.0
romania,1993,0.0
russia,1993,0.0
france,1993,0.0
mexico,1993,0.0
nigeria,1993,0.0
honduras,1993,0.0
colombia,1993,0.0
costa rica,1993,0.0
kuwait,1993,0.0
iraq,1993,0.0
el salvador,1993,0.0
malawi,1993,0.0
yugoslavia,1993,0.0
thailand,1993,0.0
mali,1993,0.0
zaire,1993,0.0
guinea,1993,0.0
cyprus,1993,0.0
kenya,1993,0.0
singapore,1993,0.0
sierra leone,1993,0.0
new zealand,1993,0.0
bahrain,1993,0.0
malaysia,1993,0.0
jamaica,1993,0.0
south korea,1993,0.0
peru,1993,0.0
korea dpr,1993,0.0
niger,1993,0.0
japan,1993,0.0
paraguay,1993,0.0
canada,1993,0.0
finland,1993,0.0
zimbabwe,1993,0.0
iceland,1993,0.0
australia,1993,0.0
hungary,1993,0.0
united arab emirates,1993,0.0
ecuador,1993,0.0
china pr,1993,0.0
qatar,1993,0.0
chile,1993,0.0
gabon,1993,0.0
senegal,1993,0.0
israel,1993,0.0
bolivia,1993,0.0
iran,1993,0.0
turkey,1993,0.0
guinea-bissau,1994,0.0
sudan,1994,0.0
gambia,1994,0.0
moldova,1994,0.0
estonia,1994,0.0
fiji,1994,0.0
belarus,1994,0.0
namibia,1994,0.0
haiti,1994,0.0
swaziland,1994,0.0
burundi,1994,0.0
liberia,1994,0.0
luxembourg,1994,0.0
lebanon,1994,0.0
bangladesh,1994,0.0
san marino,1994,0.0
ethiopia,1994,0.0
faroe islands,1994,0.0
myanmar,1994,0.0
congo,1994,0.0
suriname,1994,0.0
puerto rico,1994,0.0
uganda,1994,0.0
indonesia,1994,0.0
mozambique,1994,0.0
singapore,1994,0.0
jamaica,1994,0.0
burkina faso,1994,0.0
hong kong,1994,0.0
new zealand,1994,0.0
albania,1994,0.0
yugoslavia,1994,0.0
bermuda,1994,0.0
yemen,1994,0.0
syria,1994,0.0
angola,1994,0.0
barbados,1994,0.0
turkmenistan,1994,0.0
india,1994,0.0
venezuela,1994,0.0
madagascar,1994,0.0
jordan,1994,0.0
lesotho,1994,0.0
st lucia,1994,0.0
mauritania,1994,0.0
maldives,1994,0.0
solomon islands,1994,0.0
dominican republic,1994,0.0
brunei darussalam,1994,0.0
kyrgyz republic,1994,0.0
libya,1994,0.0
nicaragua,1994,0.0
djibouti,1994,0.0
chinese taipei,1994,0.0
philippines,1994,0.0
vanuatu,1994,0.0
aruba,1994,0.0
central african republic,1994,0.0
seychelles,1994,0.0
cuba,1994,0.0
st kitts and nevis,1994,0.0
macau,1994,0.0
georgia,1994,0.0
equatorial guinea,1994,0.0
cape verde islands,1994,0.0
antigua and barbuda,1994,0.0
laos,1994,0.0
pakistan,1994,0.0
nepal,1994,0.0
sri lanka,1994,0.0
panama,1994,0.0
armenia,1994,0.0
grenada,1994,0.0
benin,1994,0.0
st vincent and the grenadines,1994,0.0
botswana,1994,0.0
mauritius,1994,0.0
azerbaijan,1994,0.0
tahiti,1994,0.0
guatemala,1994,0.0
cayman islands,1994,0.0
vietnam,1994,0.0
netherlands antilles,1994,0.0
kazakhstan,1994,0.0
guyana,1994,0.0
tajikistan,1994,0.0
liechtenstein,1994,0.0
somalia,1994,0.0
chad,1994,0.0
trinidad and tobago,1994,0.0
malaysia,1994,0.0
belgium,1994,0.0
ivory coast,1994,0.0
ghana,1994,0.0
saudi arabia,1994,0.0
greece,1994,0.0
poland,1994,0.0
tunisia,1994,0.0
cameroon,1994,0.0
scotland,1994,0.0
morocco,1994,0.0
czech republic,1994,0.0
south korea,1994,0.0
japan,1994,0.0
uruguay,1994,0.0
finland,1994,0.0
iceland,1994,0.0
china pr,1994,0.0
wales,1994,0.0
israel,1994,0.0
egypt,1994,0.0
slovakia,1994,0.0
zambia,1994,0.0
france,1994,0.0
fyr macedonia,1994,0.0
brazil,1994,0.0
spain,1994,0.0
sweden,1994,0.0
italy,1994,0.0
germany,1994,0.0
netherlands,1994,0.0
switzerland,1994,0.0
norway,1994,0.0
republic of ireland,1994,0.0
argentina,1994,0.0
romania,1994,0.0
nigeria,1994,0.0
russia,1994,0.0
denmark,1994,0.0
mexico,1994,0.0
bulgaria,1994,0.0
colombia,1994,0.0
england,1994,0.0
portugal,1994,0.0
bolivia,1994,0.0
united states,1994,0.0
united arab emirates,1994,0.0
niger,1994,0.0
oman,1994,0.0
peru,1994,0.0
bahrain,1994,0.0
tanzania,1994,0.0
iran,1994,0.0
sierra leone,1994,0.0
ukraine,1994,0.0
uzbekistan,1994,0.0
malta,1994,0.0
el salvador,1994,0.0
slovenia,1994,0.0
malawi,1994,0.0
kenya,1994,0.0
korea dpr,1994,0.0
thailand,1994,0.0
togo,1994,0.0
paraguay,1994,0.0
northern ireland,1994,0.0
latvia,1994,0.0
zaire,1994,0.0
iraq,1994,0.0
guinea,1994,0.0
cyprus,1994,0.0
turkey,1994,0.0
austria,1994,0.0
senegal,1994,0.0
zimbabwe,1994,0.0
mali,1994,0.0
honduras,1994,0.0
kuwait,1994,0.0
ecuador,1994,0.0
south africa,1994,0.0
chile,1994,0.0
australia,1994,0.0
lithuania,1994,0.0
qatar,1994,0.0
hungary,1994,0.0
croatia,1994,0.0
canada,1994,0.0
gabon,1994,0.0
costa rica,1994,0.0
algeria,1994,0.0
equatorial guinea,1995,0.0
suriname,1995,0.0
guinea-bissau,1995,0.0
congo,1995,0.0
faroe islands,1995,0.0
india,1995,0.0
vietnam,1995,0.0
yemen,1995,0.0
netherlands antilles,1995,0.0
lebanon,1995,0.0
venezuela,1995,0.0
puerto rico,1995,0.0
estonia,1995,0.0
indonesia,1995,0.0
cayman islands,1995,0.0
madagascar,1995,0.0
turkmenistan,1995,0.0
korea dpr,1995,0.0
sri lanka,1995,0.0
panama,1995,0.0
namibia,1995,0.0
malaysia,1995,0.0
st lucia,1995,0.0
fyr macedonia,1995,0.0
syria,1995,0.0
st vincent and the grenadines,1995,0.0
cuba,1995,0.0
uzbekistan,1995,0.0
oman,1995,0.0
bahrain,1995,0.0
luxembourg,1995,0.0
burkina faso,1995,0.0
myanmar,1995,0.0
new zealand,1995,0.0
singapore,1995,0.0
ethiopia,1995,0.0
kenya,1995,0.0
iran,1995,0.0
moldova,1995,0.0
iraq,1995,0.0
hong kong,1995,0.0
gambia,1995,0.0
armenia,1995,0.0
barbados,1995,0.0
antigua and barbuda,1995,0.0
dominican republic,1995,0.0
fiji,1995,0.0
somalia,1995,0.0
philippines,1995,0.0
brunei darussalam,1995,0.0
rwanda,1995,0.0
maldives,1995,0.0
solomon islands,1995,0.0
aruba,1995,0.0
kyrgyz republic,1995,0.0
belize,1995,0.0
nicaragua,1995,0.0
libya,1995,0.0
seychelles,1995,0.0
djibouti,1995,0.0
chinese taipei,1995,0.0
vanuatu,1995,0.0
chad,1995,0.0
central african republic,1995,0.0
niger,1995,0.0
cambodia,1995,0.0
tajikistan,1995,0.0
kazakhstan,1995,0.0
guyana,1995,0.0
benin,1995,0.0
bermuda,1995,0.0
grenada,1995,0.0
azerbaijan,1995,0.0
jordan,1995,0.0
cape verde islands,1995,0.0
guatemala,1995,0.0
burundi,1995,0.0
nepal,1995,0.0
swaziland,1995,0.0
bangladesh,1995,0.0
lesotho,1995,0.0
san marino,1995,0.0
laos,1995,0.0
haiti,1995,0.0
mauritius,1995,0.0
botswana,1995,0.0
tahiti,1995,0.0
liechtenstein,1995,0.0
dominica,1995,0.0
pakistan,1995,0.0
st kitts and nevis,1995,0.0
macau,1995,0.0
togo,1995,0.0
malta,1995,0.0
belgium,1995,0.0
zambia,1995,0.0
scotland,1995,0.0
nigeria,1995,0.0
republic of ireland,1995,0.0
ghana,1995,0.0
turkey,1995,0.0
japan,1995,0.0
uruguay,1995,0.0
poland,1995,0.0
greece,1995,0.0
slovakia,1995,0.0
chile,1995,0.0
cameroon,1995,0.0
morocco,1995,0.0
austria,1995,0.0
south africa,1995,0.0
croatia,1995,0.0
israel,1995,0.0
tunisia,1995,0.0
lithuania,1995,0.0
england,1995,0.0
united states,1995,0.0
albania,1995,0.0
brazil,1995,0.0
germany,1995,0.0
italy,1995,0.0
spain,1995,0.0
russia,1995,0.0
netherlands,1995,0.0
argentina,1995,0.0
france,1995,0.0
denmark,1995,0.0
norway,1995,0.0
romania,1995,0.0
mexico,1995,0.0
sweden,1995,0.0
czech republic,1995,0.0
colombia,1995,0.0
portugal,1995,0.0
bulgaria,1995,0.0
switzerland,1995,0.0
ivory coast,1995,0.0
finland,1995,0.0
egypt,1995,0.0
south korea,1995,0.0
tanzania,1995,0.0
slovenia,1995,0.0
ukraine,1995,0.0
cyprus,1995,0.0
uganda,1995,0.0
united arab emirates,1995,0.0
mozambique,1995,0.0
thailand,1995,0.0
costa rica,1995,0.0
peru,1995,0.0
georgia,1995,0.0
yugoslavia,1995,0.0
el salvador,1995,0.0
qatar,1995,0.0
kuwait,1995,0.0
mauritania,1995,0.0
sudan,1995,0.0
liberia,1995,0.0
belarus,1995,0.0
northern ireland,1995,0.0
angola,1995,0.0
zaire,1995,0.0
malawi,1995,0.0
senegal,1995,0.0
gabon,1995,0.0
algeria,1995,0.0
honduras,1995,0.0
iceland,1995,0.0
australia,1995,0.0
mali,1995,0.0
saudi arabia,1995,0.0
ecuador,1995,0.0
jamaica,1995,0.0
bolivia,1995,0.0
sierra leone,1995,0.0
zimbabwe,1995,0.0
latvia,1995,0.0
china pr,1995,0.0
wales,1995,0.0
hungary,1995,0.0
guinea,1995,0.0
paraguay,1995,0.0
canada,1995,0.0
trinidad and tobago,1995,0.0
gambia,1996,0.0
malta,1996,0.0
luxembourg,1996,0.0
hong kong,1996,0.0
azerbaijan,1996,0.0
sri lanka,1996,0.0
grenada,1996,0.0
niger,1996,0.0
yemen,1996,0.0
suriname,1996,0.0
new zealand,1996,0.0
guinea-bissau,1996,0.0
st lucia,1996,0.0
faroe islands,1996,0.0
bangladesh,1996,0.0
burundi,1996,0.0
dominica,1996,0.0
st kitts and nevis,1996,0.0
madagascar,1996,0.0
dominican republic,1996,0.0
india,1996,0.0
uzbekistan,1996,0.0
bahrain,1996,0.0
lebanon,1996,0.0
turkmenistan,1996,0.0
iraq,1996,0.0
vietnam,1996,0.0
congo,1996,0.0
panama,1996,0.0
estonia,1996,0.0
namibia,1996,0.0
myanmar,1996,0.0
guatemala,1996,0.0
armenia,1996,0.0
burkina faso,1996,0.0
ethiopia,1996,0.0
barbados,1996,0.0
venezuela,1996,0.0
kenya,1996,0.0
mauritania,1996,0.0
haiti,1996,0.0
syria,1996,0.0
albania,1996,0.0
moldova,1996,0.0
indonesia,1996,0.0
netherlands antilles,1996,0.0
san marino,1996,0.0
korea dpr,1996,0.0
solomon islands,1996,0.0
macau,1996,0.0
pakistan,1996,0.0
chinese taipei,1996,0.0
seychelles,1996,0.0
maldives,1996,0.0
samoa,1996,0.0
somalia,1996,0.0
nicaragua,1996,0.0
brunei darussalam,1996,0.0
vanuatu,1996,0.0
belize,1996,0.0
central african republic,1996,0.0
libya,1996,0.0
djibouti,1996,0.0
cambodia,1996,0.0
andorra,1996,0.0
chad,1996,0.0
malaysia,1996,0.0
guam,1996,0.0
aruba,1996,0.0
papua new guinea,1996,0.0
kyrgyz republic,1996,0.0
bermuda,1996,0.0
antigua and barbuda,1996,0.0
jordan,1996,0.0
laos,1996,0.0
cayman islands,1996,0.0
puerto rico,1996,0.0
mauritius,1996,0.0
nepal,1996,0.0
bosnia and herzegovina,1996,0.0
guyana,1996,0.0
liechtenstein,1996,0.0
cape verde islands,1996,0.0
kazakhstan,1996,0.0
fiji,1996,0.0
tahiti,1996,0.0
rwanda,1996,0.0
swaziland,1996,0.0
botswana,1996,0.0
lesotho,1996,0.0
tajikistan,1996,0.0
tonga,1996,0.0
philippines,1996,0.0
benin,1996,0.0
cook islands,1996,0.0
georgia,1996,0.0
st vincent and the grenadines,1996,0.0
ghana,1996,0.0
chile,1996,0.0
morocco,1996,0.0
egypt,1996,0.0
scotland,1996,0.0
slovakia,1996,0.0
turkey,1996,0.0
jamaica,1996,0.0
ecuador,1996,0.0
tunisia,1996,0.0
austria,1996,0.0
republic of ireland,1996,0.0
saudi arabia,1996,0.0
paraguay,1996,0.0
bolivia,1996,0.0
canada,1996,0.0
trinidad and tobago,1996,0.0
belgium,1996,0.0
uruguay,1996,0.0
south korea,1996,0.0
greece,1996,0.0
honduras,1996,0.0
argentina,1996,0.0
zambia,1996,0.0
liberia,1996,0.0
brazil,1996,0.0
germany,1996,0.0
france,1996,0.0
colombia,1996,0.0
czech republic,1996,0.0
denmark,1996,0.0
russia,1996,0.0
spain,1996,0.0
japan,1996,0.0
netherlands,1996,0.0
mexico,1996,0.0
england,1996,0.0
portugal,1996,0.0
norway,1996,0.0
bulgaria,1996,0.0
romania,1996,0.0
sweden,1996,0.0
united states,1996,0.0
south africa,1996,0.0
italy,1996,0.0
gabon,1996,0.0
croatia,1996,0.0
lithuania,1996,0.0
guinea,1996,0.0
sudan,1996,0.0
hungary,1996,0.0
china pr,1996,0.0
slovenia,1996,0.0
cyprus,1996,0.0
finland,1996,0.0
wales,1996,0.0
uganda,1996,0.0
costa rica,1996,0.0
latvia,1996,0.0
sierra leone,1996,0.0
mozambique,1996,0.0
fyr macedonia,1996,0.0
togo,1996,0.0
malawi,1996,0.0
tanzania,1996,0.0
belarus,1996,0.0
oman,1996,0.0
switzerland,1996,0.0
iran,1996,0.0
zimbabwe,1996,0.0
singapore,1996,0.0
qatar,1996,0.0
angola,1996,0.0
australia,1996,0.0
ivory coast,1996,0.0
israel,1996,0.0
poland,1996,0.0
peru,1996,0.0
yugoslavia,1996,0.0
cameroon,1996,0.0
thailand,1996,0.0
senegal,1996,0.0
algeria,1996,0.0
iceland,1996,0.0
united arab emirates,1996,0.0
kuwait,1996,0.0
nigeria,1996,0.0
northern ireland,1996,0.0
el salvador,1996,0.0
zaire,1996,0.0
mali,1996,0.0
cuba,1996,0.0
ukraine,1996,0.0
solomon islands,1997,0.0
azerbaijan,1997,0.0
jordan,1997,0.0
haiti,1997,0.0
ethiopia,1997,0.0
st kitts and nevis,1997,0.0
yemen,1997,0.0
hong kong,1997,0.0
moldova,1997,0.0
benin,1997,0.0
malta,1997,0.0
turkmenistan,1997,0.0
mauritania,1997,0.0
sri lanka,1997,0.0
luxembourg,1997,0.0
dominica,1997,0.0
kyrgyz republic,1997,0.0
bangladesh,1997,0.0
st lucia,1997,0.0
gambia,1997,0.0
st vincent and the grenadines,1997,0.0
bosnia and herzegovina,1997,0.0
new zealand,1997,0.0
laos,1997,0.0
estonia,1997,0.0
congo,1997,0.0
wales,1997,0.0
singapore,1997,0.0
vietnam,1997,0.0
armenia,1997,0.0
burkina faso,1997,0.0
kazakhstan,1997,0.0
sudan,1997,0.0
uganda,1997,0.0
belarus,1997,0.0
grenada,1997,0.0
india,1997,0.0
barbados,1997,0.0
myanmar,1997,0.0
venezuela,1997,0.0
albania,1997,0.0
faroe islands,1997,0.0
tajikistan,1997,0.0
panama,1997,0.0
bahrain,1997,0.0
dominican republic,1997,0.0
guyana,1997,0.0
fiji,1997,0.0
san marino,1997,0.0
tonga,1997,0.0
philippines,1997,0.0
bermuda,1997,0.0
aruba,1997,0.0
brunei darussalam,1997,0.0
belize,1997,0.0
british virgin islands,1997,0.0
seychelles,1997,0.0
rwanda,1997,0.0
nicaragua,1997,0.0
chad,1997,0.0
andorra,1997,0.0
vanuatu,1997,0.0
somalia,1997,0.0
central african republic,1997,0.0
djibouti,1997,0.0
anguilla,1997,0.0
guam,1997,0.0
syria,1997,0.0
samoa,1997,0.0
cape verde islands,1997,0.0
cambodia,1997,0.0
puerto rico,1997,0.0
libya,1997,0.0
guinea-bissau,1997,0.0
lesotho,1997,0.0
niger,1997,0.0
mauritius,1997,0.0
burundi,1997,0.0
pakistan,1997,0.0
chinese taipei,1997,0.0
nepal,1997,0.0
netherlands antilles,1997,0.0
macau,1997,0.0
liechtenstein,1997,0.0
antigua and barbuda,1997,0.0
maldives,1997,0.0
tahiti,1997,0.0
botswana,1997,0.0
madagascar,1997,0.0
cayman islands,1997,0.0
swaziland,1997,0.0
korea dpr,1997,0.0
papua new guinea,1997,0.0
suriname,1997,0.0
malawi,1997,0.0
cook islands,1997,0.0
slovenia,1997,0.0
united states,1997,0.0
south korea,1997,0.0
ecuador,1997,0.0
paraguay,1997,0.0
portugal,1997,0.0
south africa,1997,0.0
egypt,1997,0.0
saudi arabia,1997,0.0
slovakia,1997,0.0
austria,1997,0.0
australia,1997,0.0
scotland,1997,0.0
peru,1997,0.0
jamaica,1997,0.0
uruguay,1997,0.0
belgium,1997,0.0
greece,1997,0.0
turkey,1997,0.0
kuwait,1997,0.0
lithuania,1997,0.0
bulgaria,1997,0.0
bolivia,1997,0.0
tunisia,1997,0.0
netherlands,1997,0.0
brazil,1997,0.0
germany,1997,0.0
czech republic,1997,0.0
england,1997,0.0
mexico,1997,0.0
france,1997,0.0
romania,1997,0.0
denmark,1997,0.0
italy,1997,0.0
colombia,1997,0.0
spain,1997,0.0
russia,1997,0.0
norway,1997,0.0
japan,1997,0.0
morocco,1997,0.0
chile,1997,0.0
argentina,1997,0.0
sweden,1997,0.0
croatia,1997,0.0
yugoslavia,1997,0.0
zambia,1997,0.0
iran,1997,0.0
republic of ireland,1997,0.0
tanzania,1997,0.0
ukraine,1997,0.0
latvia,1997,0.0
zaire,1997,0.0
hungary,1997,0.0
togo,1997,0.0
uzbekistan,1997,0.0
mali,1997,0.0
oman,1997,0.0
cyprus,1997,0.0
sierra leone,1997,0.0
zimbabwe,1997,0.0
senegal,1997,0.0
malaysia,1997,0.0
cuba,1997,0.0
kenya,1997,0.0
lebanon,1997,0.0
indonesia,1997,0.0
fyr macedonia,1997,0.0
northern ireland,1997,0.0
liberia,1997,0.0
poland,1997,0.0
namibia,1997,0.0
honduras,1997,0.0
guatemala,1997,0.0
nigeria,1997,0.0
iceland,1997,0.0
costa rica,1997,0.0
ivory coast,1997,0.0
cameroon,1997,0.0
thailand,1997,0.0
china pr,1997,0.0
trinidad and tobago,1997,0.0
angola,1997,0.0
algeria,1997,0.0
finland,1997,0.0
ghana,1997,0.0
united arab emirates,1997,0.0
qatar,1997,0.0
israel,1997,0.0
iraq,1997,0.0
mozambique,1997,0.0
canada,1997,0.0
georgia,1997,0.0
el salvador,1997,0.0
gabon,1997,0.0
switzerland,1997,0.0
guinea,1997,0.0
gambia,1998,0.0
solomon islands,1998,0.0
venezuela,1998,0.0
malta,1998,0.0
panama,1998,0.0
st kitts and nevis,1998,0.0
dominica,1998,0.0
benin,1998,0.0
sri lanka,1998,0.0
hong kong,1998,0.0
burundi,1998,0.0
st vincent and the grenadines,1998,0.0
st lucia,1998,0.0
lesotho,1998,0.0
mauritania,1998,0.0
luxembourg,1998,0.0
laos,1998,0.0
ethiopia,1998,0.0
yemen,1998,0.0
libya,1998,0.0
jordan,1998,0.0
antigua and barbuda,1998,0.0
faroe islands,1998,0.0
kazakhstan,1998,0.0
tahiti,1998,0.0
mauritius,1998,0.0
new zealand,1998,0.0
belarus,1998,0.0
uganda,1998,0.0
albania,1998,0.0
cuba,1998,0.0
liberia,1998,0.0
haiti,1998,0.0
india,1998,0.0
sierra leone,1998,0.0
congo,1998,0.0
malaysia,1998,0.0
sudan,1998,0.0
myanmar,1998,0.0
moldova,1998,0.0
grenada,1998,0.0
tanzania,1998,0.0
bahrain,1998,0.0
tajikistan,1998,0.0
barbados,1998,0.0
turkmenistan,1998,0.0
fiji,1998,0.0
swaziland,1998,0.0
anguilla,1998,0.0
kyrgyz republic,1998,0.0
chad,1998,0.0
san marino,1998,0.0
aruba,1998,0.0
seychelles,1998,0.0
puerto rico,1998,0.0
brunei darussalam,1998,0.0
palestine,1998,0.0
bermuda,1998,0.0
belize,1998,0.0
british virgin islands,1998,0.0
nicaragua,1998,0.0
guam,1998,0.0
eritrea,1998,0.0
somalia,1998,0.0
djibouti,1998,0.0
central african republic,1998,0.0
american samoa,1998,0.0
são tomé e príncipe,1998,0.0
equatorial guinea,1998,0.0
mongolia,1998,0.0
canada,1998,0.0
vanuatu,1998,0.0
nepal,1998,0.0
philippines,1998,0.0
macau,1998,0.0
dominican republic,1998,0.0
cayman islands,1998,0.0
niger,1998,0.0
botswana,1998,0.0
netherlands antilles,1998,0.0
bangladesh,1998,0.0
korea dpr,1998,0.0
liechtenstein,1998,0.0
suriname,1998,0.0
guyana,1998,0.0
madagascar,1998,0.0
cambodia,1998,0.0
samoa,1998,0.0
guinea-bissau,1998,0.0
maldives,1998,0.0
cape verde islands,1998,0.0
pakistan,1998,0.0
chinese taipei,1998,0.0
rwanda,1998,0.0
andorra,1998,0.0
papua new guinea,1998,0.0
cook islands,1998,0.0
tonga,1998,0.0
armenia,1998,0.0
mexico,1998,0.0
vietnam,1998,0.0
iran,1998,0.0
egypt,1998,0.0
zambia,1998,0.0
saudi arabia,1998,0.0
poland,1998,0.0
slovakia,1998,0.0
jamaica,1998,0.0
colombia,1998,0.0
belgium,1998,0.0
portugal,1998,0.0
china pr,1998,0.0
scotland,1998,0.0
australia,1998,0.0
russia,1998,0.0
cameroon,1998,0.0
united arab emirates,1998,0.0
israel,1998,0.0
ivory coast,1998,0.0
thailand,1998,0.0
hungary,1998,0.0
ukraine,1998,0.0
paraguay,1998,0.0
ghana,1998,0.0
kuwait,1998,0.0
austria,1998,0.0
azerbaijan,1998,0.0
brazil,1998,0.0
france,1998,0.0
germany,1998,0.0
croatia,1998,0.0
argentina,1998,0.0
yugoslavia,1998,0.0
italy,1998,0.0
czech republic,1998,0.0
england,1998,0.0
netherlands,1998,0.0
romania,1998,0.0
morocco,1998,0.0
norway,1998,0.0
spain,1998,0.0
chile,1998,0.0
south korea,1998,0.0
sweden,1998,0.0
denmark,1998,0.0
japan,1998,0.0
tunisia,1998,0.0
united states,1998,0.0
bulgaria,1998,0.0
south africa,1998,0.0
trinidad and tobago,1998,0.0
latvia,1998,0.0
cyprus,1998,0.0
guinea,1998,0.0
mozambique,1998,0.0
singapore,1998,0.0
gabon,1998,0.0
switzerland,1998,0.0
syria,1998,0.0
lebanon,1998,0.0
northern ireland,1998,0.0
indonesia,1998,0.0
slovenia,1998,0.0
malawi,1998,0.0
estonia,1998,0.0
honduras,1998,0.0
el salvador,1998,0.0
kenya,1998,0.0
iraq,1998,0.0
senegal,1998,0.0
bosnia and herzegovina,1998,0.0
angola,1998,0.0
uruguay,1998,0.0
burkina faso,1998,0.0
wales,1998,0.0
guatemala,1998,0.0
zimbabwe,1998,0.0
greece,1998,0.0
lithuania,1998,0.0
finland,1998,0.0
republic of ireland,1998,0.0
turkey,1998,0.0
oman,1998,0.0
fyr macedonia,1998,0.0
qatar,1998,0.0
bolivia,1998,0.0
zaire,1998,0.0
georgia,1998,0.0
iceland,1998,0.0
nigeria,1998,0.0
uzbekistan,1998,0.0
costa rica,1998,0.0
togo,1998,0.0
namibia,1998,0.0
mali,1998,0.0
algeria,1998,0.0
peru,1998,0.0
ecuador,1998,0.0
zaire,1999,0.0
turkmenistan,1999,0.0
bangladesh,1999,0.0
libya,1999,0.0
sudan,1999,0.0
burundi,1999,0.0
madagascar,1999,0.0
fiji,1999,0.0
bahrain,1999,0.0
st kitts and nevis,1999,0.0
panama,1999,0.0
dominica,1999,0.0
benin,1999,0.0
st vincent and the grenadines,1999,0.0
ethiopia,1999,0.0
maldives,1999,0.0
solomon islands,1999,0.0
andorra,1999,0.0
rwanda,1999,0.0
antigua and barbuda,1999,0.0
cayman islands,1999,0.0
san marino,1999,0.0
tahiti,1999,0.0
tanzania,1999,0.0
malta,1999,0.0
liechtenstein,1999,0.0
gambia,1999,0.0
singapore,1999,0.0
liberia,1999,0.0
india,1999,0.0
qatar,1999,0.0
uganda,1999,0.0
syria,1999,0.0
venezuela,1999,0.0
lebanon,1999,0.0
faroe islands,1999,0.0
barbados,1999,0.0
malawi,1999,0.0
jordan,1999,0.0
malaysia,1999,0.0
mauritius,1999,0.0
tajikistan,1999,0.0
sierra leone,1999,0.0
grenada,1999,0.0
hong kong,1999,0.0
kazakhstan,1999,0.0
luxembourg,1999,0.0
swaziland,1999,0.0
st lucia,1999,0.0
cape verde islands,1999,0.0
lesotho,1999,0.0
philippines,1999,0.0
cook islands,1999,0.0
papua new guinea,1999,0.0
vanuatu,1999,0.0
brunei darussalam,1999,0.0
puerto rico,1999,0.0
são tomé e príncipe,1999,0.0
equatorial guinea,1999,0.0
bahamas,1999,0.0
belize,1999,0.0
samoa,1999,0.0
aruba,1999,0.0
nicaragua,1999,0.0
us virgin islands,1999,0.0
djibouti,1999,0.0
turks and caicos islands,1999,0.0
somalia,1999,0.0
mongolia,1999,0.0
american samoa,1999,0.0
guam,1999,0.0
montserrat,1999,0.0
anguilla,1999,0.0
seychelles,1999,0.0
sri lanka,1999,0.0
pakistan,1999,0.0
kenya,1999,0.0
dominican republic,1999,0.0
laos,1999,0.0
nepal,1999,0.0
yemen,1999,0.0
kyrgyz republic,1999,0.0
mauritania,1999,0.0
british virgin islands,1999,0.0
suriname,1999,0.0
bermuda,1999,0.0
niger,1999,0.0
tonga,1999,0.0
botswana,1999,0.0
netherlands antilles,1999,0.0
cambodia,1999,0.0
eritrea,1999,0.0
palestine,1999,0.0
guyana,1999,0.0
korea dpr,1999,0.0
guinea-bissau,1999,0.0
chinese taipei,1999,0.0
central african republic,1999,0.0
macau,1999,0.0
chad,1999,0.0
vietnam,1999,0.0
myanmar,1999,0.0
new zealand,1999,0.0
ukraine,1999,0.0
austria,1999,0.0
turkey,1999,0.0
south africa,1999,0.0
tunisia,1999,0.0
poland,1999,0.0
belgium,1999,0.0
greece,1999,0.0
republic of ireland,1999,0.0
zambia,1999,0.0
bulgaria,1999,0.0
egypt,1999,0.0
saudi arabia,1999,0.0
slovenia,1999,0.0
jamaica,1999,0.0
peru,1999,0.0
iceland,1999,0.0
trinidad and tobago,1999,0.0
hungary,1999,0.0
uruguay,1999,0.0
switzerland,1999,0.0
israel,1999,0.0
colombia,1999,0.0
morocco,1999,0.0
chile,1999,0.0
brazil,1999,0.0
czech republic,1999,0.0
france,1999,0.0
spain,1999,0.0
germany,1999,0.0
argentina,1999,0.0
norway,1999,0.0
romania,1999,0.0
croatia,1999,0.0
mexico,1999,0.0
ghana,1999,0.0
denmark,1999,0.0
yugoslavia,1999,0.0
italy,1999,0.0
portugal,1999,0.0
sweden,1999,0.0
paraguay,1999,0.0
russia,1999,0.0
netherlands,1999,0.0
scotland,1999,0.0
slovakia,1999,0.0
united states,1999,0.0
england,1999,0.0
iran,1999,0.0
mozambique,1999,0.0
south korea,1999,0.0
iraq,1999,0.0
senegal,1999,0.0
namibia,1999,0.0
canada,1999,0.0
kuwait,1999,0.0
albania,1999,0.0
northern ireland,1999,0.0
armenia,1999,0.0
algeria,1999,0.0
lithuania,1999,0.0
cuba,1999,0.0
china pr,1999,0.0
indonesia,1999,0.0
guinea,1999,0.0
oman,1999,0.0
moldova,1999,0.0
congo,1999,0.0
belarus,1999,0.0
el salvador,1999,0.0
azerbaijan,1999,0.0
wales,1999,0.0
haiti,1999,0.0
australia,1999,0.0
nigeria,1999,0.0
togo,1999,0.0
gabon,1999,0.0
bosnia and herzegovina,1999,0.0
angola,1999,0.0
ivory coast,1999,0.0
united arab emirates,1999,0.0
uzbekistan,1999,0.0
finland,1999,0.0
japan,1999,0.0
congo dr,1999,0.0
thailand,1999,0.0
bolivia,1999,0.0
latvia,1999,0.0
cameroon,1999,0.0
costa rica,1999,0.0
cyprus,1999,0.0
mali,1999,0.0
burkina faso,1999,0.0
estonia,1999,0.0
honduras,1999,0.0
guatemala,1999,0.0
zimbabwe,1999,0.0
georgia,1999,0.0
ecuador,1999,0.0
fyr macedonia,1999,0.0
luxembourg,2000,0.0
tahiti,2000,0.0
sudan,2000,0.0
ethiopia,2000,0.0
tajikistan,2000,0.0
st lucia,2000,0.0
lesotho,2000,0.0
swaziland,2000,0.0
bahrain,2000,0.0
tanzania,2000,0.0
bangladesh,2000,0.0
korea dpr,2000,0.0
grenada,2000,0.0
antigua and barbuda,2000,0.0
andorra,2000,0.0
st kitts and nevis,2000,0.0
liechtenstein,2000,0.0
benin,2000,0.0
sri lanka,2000,0.0
botswana,2000,0.0
solomon islands,2000,0.0
fiji,2000,0.0
sierra leone,2000,0.0
jordan,2000,0.0
st vincent and the grenadines,2000,0.0
dominica,2000,0.0
oman,2000,0.0
malaysia,2000,0.0
kenya,2000,0.0
wales,2000,0.0
lebanon,2000,0.0
venezuela,2000,0.0
mozambique,2000,0.0
malawi,2000,0.0
madagascar,2000,0.0
rwanda,2000,0.0
azerbaijan,2000,0.0
faroe islands,2000,0.0
mauritius,2000,0.0
malta,2000,0.0
kazakhstan,2000,0.0
panama,2000,0.0
india,2000,0.0
hong kong,2000,0.0
myanmar,2000,0.0
turkmenistan,2000,0.0
burundi,2000,0.0
libya,2000,0.0
bermuda,2000,0.0
bahamas,2000,0.0
gambia,2000,0.0
guyana,2000,0.0
aruba,2000,0.0
tonga,2000,0.0
belize,2000,0.0
equatorial guinea,2000,0.0
seychelles,2000,0.0
djibouti,2000,0.0
pakistan,2000,0.0
nicaragua,2000,0.0
papua new guinea,2000,0.0
niger,2000,0.0
brunei darussalam,2000,0.0
puerto rico,2000,0.0
mongolia,2000,0.0
anguilla,2000,0.0
us virgin islands,2000,0.0
guam,2000,0.0
turks and caicos islands,2000,0.0
bhutan,2000,0.0
montserrat,2000,0.0
american samoa,2000,0.0
barbados,2000,0.0
somalia,2000,0.0
maldives,2000,0.0
são tomé e príncipe,2000,0.0
philippines,2000,0.0
cape verde islands,2000,0.0
dominican republic,2000,0.0
eritrea,2000,0.0
cayman islands,2000,0.0
yemen,2000,0.0
mauritania,2000,0.0
chinese taipei,2000,0.0
chad,2000,0.0
suriname,2000,0.0
laos,2000,0.0
macau,2000,0.0
nepal,2000,0.0
san marino,2000,0.0
cambodia,2000,0.0
cook islands,2000,0.0
palestine,2000,0.0
british virgin islands,2000,0.0
samoa,2000,0.0
kyrgyz republic,2000,0.0
netherlands antilles,2000,0.0
central african republic,2000,0.0
guinea-bissau,2000,0.0
vanuatu,2000,0.0
uganda,2000,0.0
qatar,2000,0.0
singapore,2000,0.0
morocco,2000,0.0
trinidad and tobago,2000,0.0
turkey,2000,0.0
republic of ireland,2000,0.0
uruguay,2000,0.0
egypt,2000,0.0
ukraine,2000,0.0
slovenia,2000,0.0
saudi arabia,2000,0.0
iran,2000,0.0
japan,2000,0.0
cameroon,2000,0.0
south korea,2000,0.0
israel,2000,0.0
greece,2000,0.0
poland,2000,0.0
austria,2000,0.0
peru,2000,0.0
honduras,2000,0.0
hungary,2000,0.0
jamaica,2000,0.0
belgium,2000,0.0
tunisia,2000,0.0
scotland,2000,0.0
slovakia,2000,0.0
france,2000,0.0
argentina,2000,0.0
italy,2000,0.0
czech republic,2000,0.0
portugal,2000,0.0
spain,2000,0.0
netherlands,2000,0.0
yugoslavia,2000,0.0
paraguay,2000,0.0
germany,2000,0.0
zambia,2000,0.0
mexico,2000,0.0
norway,2000,0.0
colombia,2000,0.0
united states,2000,0.0
england,2000,0.0
croatia,2000,0.0
chile,2000,0.0
south africa,2000,0.0
russia,2000,0.0
denmark,2000,0.0
sweden,2000,0.0
romania,2000,0.0
iceland,2000,0.0
brazil,2000,0.0
nigeria,2000,0.0
iraq,2000,0.0
guinea,2000,0.0
togo,2000,0.0
algeria,2000,0.0
el salvador,2000,0.0
haiti,2000,0.0
lithuania,2000,0.0
congo,2000,0.0
namibia,2000,0.0
gabon,2000,0.0
bosnia and herzegovina,2000,0.0
armenia,2000,0.0
latvia,2000,0.0
northern ireland,2000,0.0
moldova,2000,0.0
liberia,2000,0.0
belarus,2000,0.0
indonesia,2000,0.0
mali,2000,0.0
vietnam,2000,0.0
syria,2000,0.0
ivory coast,2000,0.0
new zealand,2000,0.0
cuba,2000,0.0
senegal,2000,0.0
china pr,2000,0.0
fyr macedonia,2000,0.0
ecuador,2000,0.0
angola,2000,0.0
guatemala,2000,0.0
ghana,2000,0.0
switzerland,2000,0.0
finland,2000,0.0
thailand,2000,0.0
cyprus,2000,0.0
canada,2000,0.0
united arab emirates,2000,0.0
costa rica,2000,0.0
bulgaria,2000,0.0
bolivia,2000,0.0
australia,2000,0.0
albania,2000,0.0
uzbekistan,2000,0.0
congo dr,2000,0.0
kuwait,2000,0.0
zimbabwe,2000,0.0
estonia,2000,0.0
georgia,2000,0.0
burkina faso,2000,0.0
burundi,2001,0.0
malta,2001,0.0
swaziland,2001,0.0
grenada,2001,0.0
solomon islands,2001,0.0
yemen,2001,0.0
korea dpr,2001,0.0
hong kong,2001,0.0
sierra leone,2001,0.0
andorra,2001,0.0
myanmar,2001,0.0
luxembourg,2001,0.0
sri lanka,2001,0.0
rwanda,2001,0.0
palestine,2001,0.0
bangladesh,2001,0.0
maldives,2001,0.0
gambia,2001,0.0
tanzania,2001,0.0
liechtenstein,2001,0.0
st lucia,2001,0.0
suriname,2001,0.0
st kitts and nevis,2001,0.0
vietnam,2001,0.0
tahiti,2001,0.0
benin,2001,0.0
latvia,2001,0.0
barbados,2001,0.0
guinea,2001,0.0
panama,2001,0.0
bahrain,2001,0.0
malaysia,2001,0.0
mali,2001,0.0
azerbaijan,2001,0.0
turkmenistan,2001,0.0
mozambique,2001,0.0
singapore,2001,0.0
faroe islands,2001,0.0
sudan,2001,0.0
uganda,2001,0.0
malawi,2001,0.0
india,2001,0.0
madagascar,2001,0.0
fiji,2001,0.0
mauritius,2001,0.0
st vincent and the grenadines,2001,0.0
lesotho,2001,0.0
libya,2001,0.0
botswana,2001,0.0
guyana,2001,0.0
ethiopia,2001,0.0
netherlands antilles,2001,0.0
bahamas,2001,0.0
aruba,2001,0.0
são tomé e príncipe,2001,0.0
mongolia,2001,0.0
nicaragua,2001,0.0
brunei darussalam,2001,0.0
equatorial guinea,2001,0.0
niger,2001,0.0
seychelles,2001,0.0
central african republic,2001,0.0
djibouti,2001,0.0
puerto rico,2001,0.0
papua new guinea,2001,0.0
somalia,2001,0.0
us virgin islands,2001,0.0
guam,2001,0.0
turks and caicos islands,2001,0.0
american samoa,2001,0.0
bhutan,2001,0.0
montserrat,2001,0.0
kenya,2001,0.0
anguilla,2001,0.0
tajikistan,2001,0.0
pakistan,2001,0.0
cook islands,2001,0.0
nepal,2001,0.0
antigua and barbuda,2001,0.0
san marino,2001,0.0
cape verde islands,2001,0.0
dominican republic,2001,0.0
dominica,2001,0.0
laos,2001,0.0
british virgin islands,2001,0.0
kyrgyz republic,2001,0.0
cayman islands,2001,0.0
macau,2001,0.0
bermuda,2001,0.0
vanuatu,2001,0.0
cambodia,2001,0.0
chinese taipei,2001,0.0
eritrea,2001,0.0
samoa,2001,0.0
tonga,2001,0.0
guinea-bissau,2001,0.0
philippines,2001,0.0
chad,2001,0.0
mauritania,2001,0.0
belize,2001,0.0
moldova,2001,0.0
gabon,2001,0.0
namibia,2001,0.0
tunisia,2001,0.0
iran,2001,0.0
costa rica,2001,0.0
saudi arabia,2001,0.0
trinidad and tobago,2001,0.0
poland,2001,0.0
japan,2001,0.0
south africa,2001,0.0
morocco,2001,0.0
ecuador,2001,0.0
cameroon,2001,0.0
chile,2001,0.0
nigeria,2001,0.0
egypt,2001,0.0
south korea,2001,0.0
peru,2001,0.0
ivory coast,2001,0.0
ukraine,2001,0.0
finland,2001,0.0
slovakia,2001,0.0
australia,2001,0.0
honduras,2001,0.0
norway,2001,0.0
slovenia,2001,0.0
united states,2001,0.0
argentina,2001,0.0
brazil,2001,0.0
portugal,2001,0.0
colombia,2001,0.0
italy,2001,0.0
spain,2001,0.0
netherlands,2001,0.0
mexico,2001,0.0
england,2001,0.0
yugoslavia,2001,0.0
israel,2001,0.0
germany,2001,0.0
czech republic,2001,0.0
romania,2001,0.0
sweden,2001,0.0
republic of ireland,2001,0.0
denmark,2001,0.0
croatia,2001,0.0
belgium,2001,0.0
russia,2001,0.0
uruguay,2001,0.0
turkey,2001,0.0
paraguay,2001,0.0
scotland,2001,0.0
france,2001,0.0
iceland,2001,0.0
cyprus,2001,0.0
qatar,2001,0.0
venezuela,2001,0.0
haiti,2001,0.0
estonia,2001,0.0
new zealand,2001,0.0
belarus,2001,0.0
el salvador,2001,0.0
indonesia,2001,0.0
fyr macedonia,2001,0.0
burkina faso,2001,0.0
syria,2001,0.0
canada,2001,0.0
lebanon,2001,0.0
congo,2001,0.0
armenia,2001,0.0
albania,2001,0.0
lithuania,2001,0.0
kazakhstan,2001,0.0
jordan,2001,0.0
wales,2001,0.0
bulgaria,2001,0.0
oman,2001,0.0
congo dr,2001,0.0
northern ireland,2001,0.0
algeria,2001,0.0
cuba,2001,0.0
china pr,2001,0.0
angola,2001,0.0
austria,2001,0.0
greece,2001,0.0
georgia,2001,0.0
ghana,2001,0.0
thailand,2001,0.0
uzbekistan,2001,0.0
switzerland,2001,0.0
zambia,2001,0.0
united arab emirates,2001,0.0
jamaica,2001,0.0
senegal,2001,0.0
liberia,2001,0.0
iraq,2001,0.0
togo,2001,0.0
bolivia,2001,0.0
kuwait,2001,0.0
zimbabwe,2001,0.0
guatemala,2001,0.0
hungary,2001,0.0
bosnia and herzegovina,2001,0.0
yugoslavia,2002,0.0
andorra,2002,0.0
botswana,2002,0.0
burundi,2002,0.0
rwanda,2002,0.0
sierra leone,2002,0.0
lesotho,2002,0.0
grenada,2002,0.0
hong kong,2002,0.0
turkmenistan,2002,0.0
ethiopia,2002,0.0
st vincent and the grenadines,2002,0.0
fiji,2002,0.0
suriname,2002,0.0
solomon islands,2002,0.0
gambia,2002,0.0
yemen,2002,0.0
benin,2002,0.0
liechtenstein,2002,0.0
luxembourg,2002,0.0
dominican republic,2002,0.0
panama,2002,0.0
sri lanka,2002,0.0
malaysia,2002,0.0
swaziland,2002,0.0
mauritius,2002,0.0
palestine,2002,0.0
libya,2002,0.0
bahrain,2002,0.0
sudan,2002,0.0
armenia,2002,0.0
vietnam,2002,0.0
st kitts and nevis,2002,0.0
indonesia,2002,0.0
moldova,2002,0.0
st lucia,2002,0.0
india,2002,0.0
azerbaijan,2002,0.0
tahiti,2002,0.0
kazakhstan,2002,0.0
singapore,2002,0.0
lebanon,2002,0.0
guinea,2002,0.0
gabon,2002,0.0
malta,2002,0.0
namibia,2002,0.0
korea dpr,2002,0.0
mozambique,2002,0.0
faroe islands,2002,0.0
maldives,2002,0.0
montserrat,2002,0.0
cape verde islands,2002,0.0
philippines,2002,0.0
cook islands,2002,0.0
guinea-bissau,2002,0.0
niger,2002,0.0
seychelles,2002,0.0
nicaragua,2002,0.0
bahamas,2002,0.0
macau,2002,0.0
aruba,2002,0.0
somalia,2002,0.0
mauritania,2002,0.0
são tomé e príncipe,2002,0.0
mongolia,2002,0.0
brunei darussalam,2002,0.0
djibouti,2002,0.0
anguilla,2002,0.0
us virgin islands,2002,0.0
puerto rico,2002,0.0
bhutan,2002,0.0
guam,2002,0.0
american samoa,2002,0.0
turks and caicos islands,2002,0.0
equatorial guinea,2002,0.0
tanzania,2002,0.0
central african republic,2002,0.0
netherlands antilles,2002,0.0
antigua and barbuda,2002,0.0
vanuatu,2002,0.0
eritrea,2002,0.0
belize,2002,0.0
bangladesh,2002,0.0
san marino,2002,0.0
british virgin islands,2002,0.0
myanmar,2002,0.0
samoa,2002,0.0
cayman islands,2002,0.0
pakistan,2002,0.0
nepal,2002,0.0
papua new guinea,2002,0.0
tajikistan,2002,0.0
guyana,2002,0.0
laos,2002,0.0
kyrgyz republic,2002,0.0
bermuda,2002,0.0
chad,2002,0.0
dominica,2002,0.0
tonga,2002,0.0
cambodia,2002,0.0
chinese taipei,2002,0.0
uganda,2002,0.0
northern ireland,2002,0.0
lithuania,2002,0.0
senegal,2002,0.0
uruguay,2002,0.0
nigeria,2002,0.0
south africa,2002,0.0
ecuador,2002,0.0
croatia,2002,0.0
iran,2002,0.0
poland,2002,0.0
morocco,2002,0.0
slovenia,2002,0.0
colombia,2002,0.0
saudi arabia,2002,0.0
egypt,2002,0.0
honduras,2002,0.0
tunisia,2002,0.0
bulgaria,2002,0.0
finland,2002,0.0
switzerland,2002,0.0
ukraine,2002,0.0
israel,2002,0.0
trinidad and tobago,2002,0.0
norway,2002,0.0
sweden,2002,0.0
romania,2002,0.0
russia,2002,0.0
brazil,2002,0.0
france,2002,0.0
spain,2002,0.0
germany,2002,0.0
argentina,2002,0.0
netherlands,2002,0.0
england,2002,0.0
mexico,2002,0.0
turkey,2002,0.0
united states,2002,0.0
greece,2002,0.0
portugal,2002,0.0
italy,2002,0.0
republic of ireland,2002,0.0
czech republic,2002,0.0
cameroon,2002,0.0
belgium,2002,0.0
paraguay,2002,0.0
serbia and montenegro,2002,0.0
south korea,2002,0.0
costa rica,2002,0.0
japan,2002,0.0
denmark,2002,0.0
new zealand,2002,0.0
madagascar,2002,0.0
jamaica,2002,0.0
guatemala,2002,0.0
latvia,2002,0.0
cyprus,2002,0.0
kenya,2002,0.0
peru,2002,0.0
kuwait,2002,0.0
chile,2002,0.0
fyr macedonia,2002,0.0
togo,2002,0.0
australia,2002,0.0
jordan,2002,0.0
liberia,2002,0.0
georgia,2002,0.0
syria,2002,0.0
bolivia,2002,0.0
albania,2002,0.0
el salvador,2002,0.0
malawi,2002,0.0
oman,2002,0.0
congo,2002,0.0
uzbekistan,2002,0.0
barbados,2002,0.0
united arab emirates,2002,0.0
angola,2002,0.0
bosnia and herzegovina,2002,0.0
belarus,2002,0.0
burkina faso,2002,0.0
wales,2002,0.0
iraq,2002,0.0
austria,2002,0.0
slovakia,2002,0.0
hungary,2002,0.0
zimbabwe,2002,0.0
scotland,2002,0.0
estonia,2002,0.0
ghana,2002,0.0
qatar,2002,0.0
iceland,2002,0.0
ivory coast,2002,0.0
china pr,2002,0.0
haiti,2002,0.0
cuba,2002,0.0
canada,2002,0.0
venezuela,2002,0.0
mali,2002,0.0
zambia,2002,0.0
thailand,2002,0.0
congo dr,2002,0.0
algeria,2002,0.0
myanmar,2003,0.0
yemen,2003,0.0
tahiti,2003,0.0
st kitts and nevis,2003,0.0
sri lanka,2003,0.0
kazakhstan,2003,0.0
tajikistan,2003,0.0
gambia,2003,0.0
palestine,2003,0.0
maldives,2003,0.0
chad,2003,0.0
cape verde islands,2003,0.0
namibia,2003,0.0
burundi,2003,0.0
sierra leone,2003,0.0
andorra,2003,0.0
liechtenstein,2003,0.0
fiji,2003,0.0
chinese taipei,2003,0.0
bangladesh,2003,0.0
ethiopia,2003,0.0
hong kong,2003,0.0
st lucia,2003,0.0
singapore,2003,0.0
mozambique,2003,0.0
luxembourg,2003,0.0
moldova,2003,0.0
congo,2003,0.0
rwanda,2003,0.0
liberia,2003,0.0
gabon,2003,0.0
botswana,2003,0.0
armenia,2003,0.0
swaziland,2003,0.0
lebanon,2003,0.0
malta,2003,0.0
malaysia,2003,0.0
madagascar,2003,0.0
azerbaijan,2003,0.0
lesotho,2003,0.0
benin,2003,0.0
northern ireland,2003,0.0
mauritius,2003,0.0
barbados,2003,0.0
panama,2003,0.0
faroe islands,2003,0.0
india,2003,0.0
korea dpr,2003,0.0
grenada,2003,0.0
mongolia,2003,0.0
solomon islands,2003,0.0
macau,2003,0.0
dominica,2003,0.0
guinea-bissau,2003,0.0
bhutan,2003,0.0
netherlands antilles,2003,0.0
philippines,2003,0.0
cook islands,2003,0.0
somalia,2003,0.0
são tomé e príncipe,2003,0.0
bahamas,2003,0.0
bermuda,2003,0.0
brunei darussalam,2003,0.0
afghanistan,2003,0.0
djibouti,2003,0.0
anguilla,2003,0.0
us virgin islands,2003,0.0
puerto rico,2003,0.0
guam,2003,0.0
american samoa,2003,0.0
turks and caicos islands,2003,0.0
montserrat,2003,0.0
malawi,2003,0.0
aruba,2003,0.0
eritrea,2003,0.0
guyana,2003,0.0
tonga,2003,0.0
kyrgyz republic,2003,0.0
suriname,2003,0.0
tanzania,2003,0.0
vanuatu,2003,0.0
equatorial guinea,2003,0.0
san marino,2003,0.0
seychelles,2003,0.0
niger,2003,0.0
mauritania,2003,0.0
nepal,2003,0.0
cayman islands,2003,0.0
laos,2003,0.0
st vincent and the grenadines,2003,0.0
antigua and barbuda,2003,0.0
dominican republic,2003,0.0
papua new guinea,2003,0.0
nicaragua,2003,0.0
belize,2003,0.0
british virgin islands,2003,0.0
samoa,2003,0.0
central african republic,2003,0.0
cambodia,2003,0.0
pakistan,2003,0.0
sudan,2003,0.0
uganda,2003,0.0
brazil,2003,0.0
iran,2003,0.0
japan,2003,0.0
greece,2003,0.0
slovenia,2003,0.0
egypt,2003,0.0
senegal,2003,0.0
bulgaria,2003,0.0
nigeria,2003,0.0
south africa,2003,0.0
ecuador,2003,0.0
saudi arabia,2003,0.0
morocco,2003,0.0
finland,2003,0.0
serbia and montenegro,2003,0.0
norway,2003,0.0
iraq,2003,0.0
switzerland,2003,0.0
tunisia,2003,0.0
jamaica,2003,0.0
jordan,2003,0.0
kuwait,2003,0.0
honduras,2003,0.0
colombia,2003,0.0
slovakia,2003,0.0
poland,2003,0.0
paraguay,2003,0.0
lithuania,2003,0.0
france,2003,0.0
spain,2003,0.0
netherlands,2003,0.0
argentina,2003,0.0
czech republic,2003,0.0
mexico,2003,0.0
england,2003,0.0
turkey,2003,0.0
italy,2003,0.0
russia,2003,0.0
united states,2003,0.0
denmark,2003,0.0
cameroon,2003,0.0
republic of ireland,2003,0.0
belgium,2003,0.0
portugal,2003,0.0
costa rica,2003,0.0
sweden,2003,0.0
croatia,2003,0.0
uruguay,2003,0.0
south korea,2003,0.0
germany,2003,0.0
israel,2003,0.0
romania,2003,0.0
zimbabwe,2003,0.0
chile,2003,0.0
uzbekistan,2003,0.0
australia,2003,0.0
angola,2003,0.0
libya,2003,0.0
syria,2003,0.0
china pr,2003,0.0
canada,2003,0.0
new zealand,2003,0.0
albania,2003,0.0
burkina faso,2003,0.0
belarus,2003,0.0
fyr macedonia,2003,0.0
georgia,2003,0.0
togo,2003,0.0
el salvador,2003,0.0
haiti,2003,0.0
cyprus,2003,0.0
vietnam,2003,0.0
bolivia,2003,0.0
turkmenistan,2003,0.0
latvia,2003,0.0
indonesia,2003,0.0
ghana,2003,0.0
guinea,2003,0.0
united arab emirates,2003,0.0
guatemala,2003,0.0
mali,2003,0.0
congo dr,2003,0.0
venezuela,2003,0.0
iceland,2003,0.0
bosnia and herzegovina,2003,0.0
ukraine,2003,0.0
thailand,2003,0.0
algeria,2003,0.0
oman,2003,0.0
bahrain,2003,0.0
scotland,2003,0.0
wales,2003,0.0
austria,2003,0.0
zambia,2003,0.0
estonia,2003,0.0
ivory coast,2003,0.0
trinidad and tobago,2003,0.0
hungary,2003,0.0
kenya,2003,0.0
peru,2003,0.0
cuba,2003,0.0
qatar,2003,0.0
maldives,2004,0.0
faroe islands,2004,0.0
india,2004,0.0
hong kong,2004,0.0
malta,2004,0.0
fiji,2004,0.0
tajikistan,2004,0.0
st vincent and the grenadines,2004,0.0
andorra,2004,0.0
sri lanka,2004,0.0
burundi,2004,0.0
liechtenstein,2004,0.0
vanuatu,2004,0.0
grenada,2004,0.0
lesotho,2004,0.0
myanmar,2004,0.0
madagascar,2004,0.0
kazakhstan,2004,0.0
suriname,2004,0.0
kyrgyz republic,2004,0.0
ethiopia,2004,0.0
mauritius,2004,0.0
solomon islands,2004,0.0
lebanon,2004,0.0
palestine,2004,0.0
antigua and barbuda,2004,0.0
el salvador,2004,0.0
northern ireland,2004,0.0
cyprus,2004,0.0
uganda,2004,0.0
malawi,2004,0.0
gabon,2004,0.0
singapore,2004,0.0
azerbaijan,2004,0.0
st lucia,2004,0.0
moldova,2004,0.0
sudan,2004,0.0
congo,2004,0.0
st kitts and nevis,2004,0.0
armenia,2004,0.0
malaysia,2004,0.0
barbados,2004,0.0
benin,2004,0.0
liberia,2004,0.0
tahiti,2004,0.0
yemen,2004,0.0
mozambique,2004,0.0
swaziland,2004,0.0
cape verde islands,2004,0.0
gambia,2004,0.0
samoa,2004,0.0
luxembourg,2004,0.0
cambodia,2004,0.0
mongolia,2004,0.0
new caledonia,2004,0.0
bhutan,2004,0.0
macau,2004,0.0
philippines,2004,0.0
guinea-bissau,2004,0.0
cook islands,2004,0.0
bahamas,2004,0.0
somalia,2004,0.0
tonga,2004,0.0
puerto rico,2004,0.0
us virgin islands,2004,0.0
anguilla,2004,0.0
aruba,2004,0.0
brunei darussalam,2004,0.0
afghanistan,2004,0.0
djibouti,2004,0.0
montserrat,2004,0.0
turks and caicos islands,2004,0.0
american samoa,2004,0.0
georgia,2004,0.0
são tomé e príncipe,2004,0.0
chinese taipei,2004,0.0
guyana,2004,0.0
central african republic,2004,0.0
bermuda,2004,0.0
nicaragua,2004,0.0
namibia,2004,0.0
sierra leone,2004,0.0
papua new guinea,2004,0.0
laos,2004,0.0
netherlands antilles,2004,0.0
san marino,2004,0.0
dominica,2004,0.0
british virgin islands,2004,0.0
belize,2004,0.0
bangladesh,2004,0.0
eritrea,2004,0.0
dominican republic,2004,0.0
equatorial guinea,2004,0.0
tanzania,2004,0.0
niger,2004,0.0
seychelles,2004,0.0
mauritania,2004,0.0
cayman islands,2004,0.0
nepal,2004,0.0
pakistan,2004,0.0
chad,2004,0.0
vietnam,2004,0.0
guam,2004,0.0
lithuania,2004,0.0
costa rica,2004,0.0
saudi arabia,2004,0.0
romania,2004,0.0
paraguay,2004,0.0
senegal,2004,0.0
russia,2004,0.0
morocco,2004,0.0
egypt,2004,0.0
tunisia,2004,0.0
norway,2004,0.0
colombia,2004,0.0
bulgaria,2004,0.0
ecuador,2004,0.0
ivory coast,2004,0.0
jordan,2004,0.0
slovenia,2004,0.0
finland,2004,0.0
iraq,2004,0.0
belgium,2004,0.0
serbia and montenegro,2004,0.0
uzbekistan,2004,0.0
israel,2004,0.0
south africa,2004,0.0
jamaica,2004,0.0
poland,2004,0.0
croatia,2004,0.0
brazil,2004,0.0
france,2004,0.0
argentina,2004,0.0
czech republic,2004,0.0
spain,2004,0.0
netherlands,2004,0.0
mexico,2004,0.0
england,2004,0.0
portugal,2004,0.0
italy,2004,0.0
cameroon,2004,0.0
united states,2004,0.0
sweden,2004,0.0
denmark,2004,0.0
turkey,2004,0.0
uruguay,2004,0.0
japan,2004,0.0
greece,2004,0.0
germany,2004,0.0
iran,2004,0.0
nigeria,2004,0.0
south korea,2004,0.0
republic of ireland,2004,0.0
bahrain,2004,0.0
botswana,2004,0.0
mali,2004,0.0
bosnia and herzegovina,2004,0.0
thailand,2004,0.0
estonia,2004,0.0
united arab emirates,2004,0.0
austria,2004,0.0
burkina faso,2004,0.0
syria,2004,0.0
scotland,2004,0.0
guinea,2004,0.0
switzerland,2004,0.0
congo dr,2004,0.0
togo,2004,0.0
indonesia,2004,0.0
fyr macedonia,2004,0.0
iceland,2004,0.0
bolivia,2004,0.0
new zealand,2004,0.0
korea dpr,2004,0.0
haiti,2004,0.0
turkmenistan,2004,0.0
rwanda,2004,0.0
panama,2004,0.0
canada,2004,0.0
ghana,2004,0.0
albania,2004,0.0
kenya,2004,0.0
cuba,2004,0.0
slovakia,2004,0.0
china pr,2004,0.0
kuwait,2004,0.0
oman,2004,0.0
ukraine,2004,0.0
australia,2004,0.0
zimbabwe,2004,0.0
libya,2004,0.0
venezuela,2004,0.0
trinidad and tobago,2004,0.0
honduras,2004,0.0
latvia,2004,0.0
hungary,2004,0.0
algeria,2004,0.0
angola,2004,0.0
guatemala,2004,0.0
zambia,2004,0.0
chile,2004,0.0
wales,2004,0.0
peru,2004,0.0
qatar,2004,0.0
belarus,2004,0.0
yemen,2005,0.0
kazakhstan,2005,0.0
palestine,2005,0.0
liberia,2005,0.0
mozambique,2005,0.0
swaziland,2005,0.0
maldives,2005,0.0
faroe islands,2005,0.0
suriname,2005,0.0
fiji,2005,0.0
solomon islands,2005,0.0
lesotho,2005,0.0
tahiti,2005,0.0
mauritius,2005,0.0
sri lanka,2005,0.0
vanuatu,2005,0.0
myanmar,2005,0.0
burundi,2005,0.0
madagascar,2005,0.0
luxembourg,2005,0.0
grenada,2005,0.0
st vincent and the grenadines,2005,0.0
tajikistan,2005,0.0
st kitts and nevis,2005,0.0
hong kong,2005,0.0
india,2005,0.0
nicaragua,2005,0.0
georgia,2005,0.0
malawi,2005,0.0
moldova,2005,0.0
armenia,2005,0.0
indonesia,2005,0.0
congo,2005,0.0
thailand,2005,0.0
ethiopia,2005,0.0
benin,2005,0.0
st lucia,2005,0.0
azerbaijan,2005,0.0
turkmenistan,2005,0.0
malta,2005,0.0
cape verde islands,2005,0.0
vietnam,2005,0.0
new zealand,2005,0.0
liechtenstein,2005,0.0
malaysia,2005,0.0
el salvador,2005,0.0
lebanon,2005,0.0
andorra,2005,0.0
barbados,2005,0.0
antigua and barbuda,2005,0.0
american samoa,2005,0.0
chinese taipei,2005,0.0
somalia,2005,0.0
tonga,2005,0.0
guinea-bissau,2005,0.0
new caledonia,2005,0.0
cambodia,2005,0.0
afghanistan,2005,0.0
bhutan,2005,0.0
philippines,2005,0.0
macau,2005,0.0
bahamas,2005,0.0
central african republic,2005,0.0
cook islands,2005,0.0
us virgin islands,2005,0.0
são tomé e príncipe,2005,0.0
anguilla,2005,0.0
brunei darussalam,2005,0.0
aruba,2005,0.0
djibouti,2005,0.0
montserrat,2005,0.0
turks and caicos islands,2005,0.0
guam,2005,0.0
gabon,2005,0.0
puerto rico,2005,0.0
samoa,2005,0.0
cayman islands,2005,0.0
belize,2005,0.0
kyrgyz republic,2005,0.0
pakistan,2005,0.0
chad,2005,0.0
bangladesh,2005,0.0
namibia,2005,0.0
bermuda,2005,0.0
sierra leone,2005,0.0
gambia,2005,0.0
tanzania,2005,0.0
papua new guinea,2005,0.0
guyana,2005,0.0
netherlands antilles,2005,0.0
eritrea,2005,0.0
laos,2005,0.0
british virgin islands,2005,0.0
dominica,2005,0.0
equatorial guinea,2005,0.0
dominican republic,2005,0.0
nepal,2005,0.0
seychelles,2005,0.0
niger,2005,0.0
mauritania,2005,0.0
mongolia,2005,0.0
san marino,2005,0.0
northern ireland,2005,0.0
uganda,2005,0.0
botswana,2005,0.0
tunisia,2005,0.0
south korea,2005,0.0
senegal,2005,0.0
paraguay,2005,0.0
egypt,2005,0.0
saudi arabia,2005,0.0
russia,2005,0.0
switzerland,2005,0.0
morocco,2005,0.0
ecuador,2005,0.0
romania,2005,0.0
norway,2005,0.0
ukraine,2005,0.0
honduras,2005,0.0
ivory coast,2005,0.0
jamaica,2005,0.0
israel,2005,0.0
slovakia,2005,0.0
finland,2005,0.0
serbia and montenegro,2005,0.0
serbia,2005,0.0
australia,2005,0.0
bulgaria,2005,0.0
south africa,2005,0.0
nigeria,2005,0.0
republic of ireland,2005,0.0
czech republic,2005,0.0
netherlands,2005,0.0
argentina,2005,0.0
france,2005,0.0
spain,2005,0.0
mexico,2005,0.0
united states,2005,0.0
england,2005,0.0
portugal,2005,0.0
turkey,2005,0.0
colombia,2005,0.0
italy,2005,0.0
sweden,2005,0.0
japan,2005,0.0
germany,2005,0.0
greece,2005,0.0
uruguay,2005,0.0
iran,2005,0.0
croatia,2005,0.0
costa rica,2005,0.0
poland,2005,0.0
cameroon,2005,0.0
denmark,2005,0.0
trinidad and tobago,2005,0.0
brazil,2005,0.0
bahrain,2005,0.0
guinea,2005,0.0
algeria,2005,0.0
libya,2005,0.0
albania,2005,0.0
korea dpr,2005,0.0
canada,2005,0.0
united arab emirates,2005,0.0
jordan,2005,0.0
fyr macedonia,2005,0.0
ghana,2005,0.0
panama,2005,0.0
kenya,2005,0.0
oman,2005,0.0
singapore,2005,0.0
sudan,2005,0.0
iceland,2005,0.0
qatar,2005,0.0
cyprus,2005,0.0
bolivia,2005,0.0
haiti,2005,0.0
syria,2005,0.0
lithuania,2005,0.0
rwanda,2005,0.0
congo dr,2005,0.0
burkina faso,2005,0.0
cuba,2005,0.0
estonia,2005,0.0
zimbabwe,2005,0.0
iraq,2005,0.0
belgium,2005,0.0
guatemala,2005,0.0
togo,2005,0.0
zambia,2005,0.0
scotland,2005,0.0
angola,2005,0.0
belarus,2005,0.0
mali,2005,0.0
uzbekistan,2005,0.0
bosnia and herzegovina,2005,0.0
chile,2005,0.0
kuwait,2005,0.0
china pr,2005,0.0
wales,2005,0.0
austria,2005,0.0
hungary,2005,0.0
slovenia,2005,0.0
venezuela,2005,0.0
peru,2005,0.0
latvia,2005,0.0
serbia and montenegro,2006,0.0
yemen,2006,0.0
mauritania,2006,0.0
gambia,2006,0.0
kazakhstan,2006,0.0
dominican republic,2006,0.0
thailand,2006,0.0
mauritius,2006,0.0
kyrgyz republic,2006,0.0
eritrea,2006,0.0
chad,2006,0.0
swaziland,2006,0.0
bangladesh,2006,0.0
sri lanka,2006,0.0
bahamas,2006,0.0
niger,2006,0.0
sierra leone,2006,0.0
fiji,2006,0.0
laos,2006,0.0
malaysia,2006,0.0
indonesia,2006,0.0
myanmar,2006,0.0
st kitts and nevis,2006,0.0
antigua and barbuda,2006,0.0
bermuda,2006,0.0
seychelles,2006,0.0
turkmenistan,2006,0.0
botswana,2006,0.0
equatorial guinea,2006,0.0
tanzania,2006,0.0
singapore,2006,0.0
syria,2006,0.0
korea dpr,2006,0.0
benin,2006,0.0
liberia,2006,0.0
namibia,2006,0.0
hong kong,2006,0.0
burundi,2006,0.0
malta,2006,0.0
sudan,2006,0.0
rwanda,2006,0.0
suriname,2006,0.0
armenia,2006,0.0
tajikistan,2006,0.0
azerbaijan,2006,0.0
lebanon,2006,0.0
kenya,2006,0.0
palestine,2006,0.0
mozambique,2006,0.0
new zealand,2006,0.0
el salvador,2006,0.0
faroe islands,2006,0.0
maldives,2006,0.0
samoa,2006,0.0
tonga,2006,0.0
cayman islands,2006,0.0
british virgin islands,2006,0.0
guinea-bissau,2006,0.0
bhutan,2006,0.0
somalia,2006,0.0
san marino,2006,0.0
puerto rico,2006,0.0
anguilla,2006,0.0
luxembourg,2006,0.0
cook islands,2006,0.0
belize,2006,0.0
djibouti,2006,0.0
são tomé e príncipe,2006,0.0
aruba,2006,0.0
us virgin islands,2006,0.0
montserrat,2006,0.0
guam,2006,0.0
american samoa,2006,0.0
comoros,2006,0.0
estonia,2006,0.0
timor-leste,2006,0.0
macau,2006,0.0
madagascar,2006,0.0
dominica,2006,0.0
liechtenstein,2006,0.0
st lucia,2006,0.0
lesotho,2006,0.0
solomon islands,2006,0.0
grenada,2006,0.0
andorra,2006,0.0
pakistan,2006,0.0
chinese taipei,2006,0.0
vanuatu,2006,0.0
nicaragua,2006,0.0
turks and caicos islands,2006,0.0
nepal,2006,0.0
philippines,2006,0.0
vietnam,2006,0.0
tahiti,2006,0.0
cambodia,2006,0.0
brunei darussalam,2006,0.0
new caledonia,2006,0.0
netherlands antilles,2006,0.0
papua new guinea,2006,0.0
central african republic,2006,0.0
afghanistan,2006,0.0
mongolia,2006,0.0
india,2006,0.0
guatemala,2006,0.0
malawi,2006,0.0
uganda,2006,0.0
ghana,2006,0.0
uruguay,2006,0.0
ecuador,2006,0.0
united states,2006,0.0
tunisia,2006,0.0
serbia,2006,0.0
colombia,2006,0.0
paraguay,2006,0.0
mali,2006,0.0
slovakia,2006,0.0
egypt,2006,0.0
iran,2006,0.0
morocco,2006,0.0
senegal,2006,0.0
chile,2006,0.0
bulgaria,2006,0.0
israel,2006,0.0
uzbekistan,2006,0.0
cuba,2006,0.0
japan,2006,0.0
northern ireland,2006,0.0
republic of ireland,2006,0.0
australia,2006,0.0
norway,2006,0.0
turkey,2006,0.0
poland,2006,0.0
italy,2006,0.0
argentina,2006,0.0
france,2006,0.0
england,2006,0.0
germany,2006,0.0
netherlands,2006,0.0
portugal,2006,0.0
nigeria,2006,0.0
czech republic,2006,0.0
cameroon,2006,0.0
scotland,2006,0.0
spain,2006,0.0
sweden,2006,0.0
croatia,2006,0.0
greece,2006,0.0
switzerland,2006,0.0
ivory coast,2006,0.0
romania,2006,0.0
mexico,2006,0.0
denmark,2006,0.0
russia,2006,0.0
guinea,2006,0.0
ukraine,2006,0.0
south korea,2006,0.0
brazil,2006,0.0
belgium,2006,0.0
panama,2006,0.0
canada,2006,0.0
iraq,2006,0.0
china pr,2006,0.0
st vincent and the grenadines,2006,0.0
moldova,2006,0.0
albania,2006,0.0
united arab emirates,2006,0.0
finland,2006,0.0
latvia,2006,0.0
algeria,2006,0.0
trinidad and tobago,2006,0.0
iceland,2006,0.0
georgia,2006,0.0
jordan,2006,0.0
gabon,2006,0.0
bahrain,2006,0.0
barbados,2006,0.0
libya,2006,0.0
guyana,2006,0.0
bolivia,2006,0.0
haiti,2006,0.0
ethiopia,2006,0.0
kuwait,2006,0.0
congo,2006,0.0
slovenia,2006,0.0
cape verde islands,2006,0.0
angola,2006,0.0
honduras,2006,0.0
jamaica,2006,0.0
qatar,2006,0.0
bosnia and herzegovina,2006,0.0
togo,2006,0.0
burkina faso,2006,0.0
zambia,2006,0.0
hungary,2006,0.0
saudi arabia,2006,0.0
fyr macedonia,2006,0.0
congo dr,2006,0.0
austria,2006,0.0
cyprus,2006,0.0
wales,2006,0.0
venezuela,2006,0.0
oman,2006,0.0
zimbabwe,2006,0.0
belarus,2006,0.0
lithuania,2006,0.0
costa rica,2006,0.0
south africa,2006,0.0
peru,2006,0.0
são tomé e príncipe,2007,0.0
vanuatu,2007,0.0
eritrea,2007,0.0
indonesia,2007,0.0
lebanon,2007,0.0
el salvador,2007,0.0
malta,2007,0.0
tajikistan,2007,0.0
malawi,2007,0.0
kyrgyz republic,2007,0.0
chad,2007,0.0
bermuda,2007,0.0
india,2007,0.0
yemen,2007,0.0
liberia,2007,0.0
samoa,2007,0.0
swaziland,2007,0.0
luxembourg,2007,0.0
madagascar,2007,0.0
maldives,2007,0.0
antigua and barbuda,2007,0.0
suriname,2007,0.0
vietnam,2007,0.0
fiji,2007,0.0
guatemala,2007,0.0
barbados,2007,0.0
lesotho,2007,0.0
syria,2007,0.0
bolivia,2007,0.0
burundi,2007,0.0
kenya,2007,0.0
cape verde islands,2007,0.0
kazakhstan,2007,0.0
burkina faso,2007,0.0
namibia,2007,0.0
korea dpr,2007,0.0
azerbaijan,2007,0.0
gambia,2007,0.0
new caledonia,2007,0.0
kuwait,2007,0.0
jordan,2007,0.0
thailand,2007,0.0
liechtenstein,2007,0.0
solomon islands,2007,0.0
estonia,2007,0.0
hong kong,2007,0.0
singapore,2007,0.0
turkmenistan,2007,0.0
guyana,2007,0.0
mauritania,2007,0.0
niger,2007,0.0
turks and caicos islands,2007,0.0
myanmar,2007,0.0
nepal,2007,0.0
comoros,2007,0.0
brunei darussalam,2007,0.0
dominica,2007,0.0
macau,2007,0.0
afghanistan,2007,0.0
cayman islands,2007,0.0
british virgin islands,2007,0.0
faroe islands,2007,0.0
somalia,2007,0.0
netherlands antilles,2007,0.0
puerto rico,2007,0.0
bhutan,2007,0.0
anguilla,2007,0.0
cook islands,2007,0.0
american samoa,2007,0.0
guam,2007,0.0
belize,2007,0.0
timor-leste,2007,0.0
aruba,2007,0.0
us virgin islands,2007,0.0
ethiopia,2007,0.0
san marino,2007,0.0
papua new guinea,2007,0.0
cambodia,2007,0.0
central african republic,2007,0.0
mauritius,2007,0.0
malaysia,2007,0.0
st kitts and nevis,2007,0.0
nicaragua,2007,0.0
tahiti,2007,0.0
seychelles,2007,0.0
pakistan,2007,0.0
palestine,2007,0.0
dominican republic,2007,0.0
sri lanka,2007,0.0
bangladesh,2007,0.0
chinese taipei,2007,0.0
tonga,2007,0.0
guinea-bissau,2007,0.0
montenegro,2007,0.0
djibouti,2007,0.0
bahamas,2007,0.0
andorra,2007,0.0
laos,2007,0.0
grenada,2007,0.0
mongolia,2007,0.0
philippines,2007,0.0
st lucia,2007,0.0
sierra leone,2007,0.0
montserrat,2007,0.0
botswana,2007,0.0
bahrain,2007,0.0
serbia,2007,0.0
uruguay,2007,0.0
norway,2007,0.0
ukraine,2007,0.0
denmark,2007,0.0
northern ireland,2007,0.0
guinea,2007,0.0
japan,2007,0.0
republic of ireland,2007,0.0
finland,2007,0.0
israel,2007,0.0
ivory coast,2007,0.0
morocco,2007,0.0
egypt,2007,0.0
iran,2007,0.0
south korea,2007,0.0
ghana,2007,0.0
switzerland,2007,0.0
chile,2007,0.0
mali,2007,0.0
tunisia,2007,0.0
australia,2007,0.0
senegal,2007,0.0
belgium,2007,0.0
cameroon,2007,0.0
russia,2007,0.0
argentina,2007,0.0
brazil,2007,0.0
italy,2007,0.0
spain,2007,0.0
germany,2007,0.0
czech republic,2007,0.0
france,2007,0.0
portugal,2007,0.0
netherlands,2007,0.0
croatia,2007,0.0
sweden,2007,0.0
greece,2007,0.0
romania,2007,0.0
scotland,2007,0.0
mexico,2007,0.0
turkey,2007,0.0
colombia,2007,0.0
bulgaria,2007,0.0
united states,2007,0.0
nigeria,2007,0.0
paraguay,2007,0.0
poland,2007,0.0
england,2007,0.0
hungary,2007,0.0
gabon,2007,0.0
moldova,2007,0.0
albania,2007,0.0
trinidad and tobago,2007,0.0
china pr,2007,0.0
slovenia,2007,0.0
oman,2007,0.0
equatorial guinea,2007,0.0
latvia,2007,0.0
qatar,2007,0.0
zimbabwe,2007,0.0
tanzania,2007,0.0
algeria,2007,0.0
iceland,2007,0.0
sudan,2007,0.0
armenia,2007,0.0
austria,2007,0.0
libya,2007,0.0
new zealand,2007,0.0
benin,2007,0.0
jamaica,2007,0.0
rwanda,2007,0.0
united arab emirates,2007,0.0
bosnia and herzegovina,2007,0.0
congo,2007,0.0
georgia,2007,0.0
st vincent and the grenadines,2007,0.0
uganda,2007,0.0
south africa,2007,0.0
slovakia,2007,0.0
canada,2007,0.0
ecuador,2007,0.0
wales,2007,0.0
fyr macedonia,2007,0.0
lithuania,2007,0.0
belarus,2007,0.0
saudi arabia,2007,0.0
venezuela,2007,0.0
peru,2007,0.0
honduras,2007,0.0
zambia,2007,0.0
cyprus,2007,0.0
panama,2007,0.0
iraq,2007,0.0
haiti,2007,0.0
costa rica,2007,0.0
cuba,2007,0.0
togo,2007,0.0
angola,2007,0.0
congo dr,2007,0.0
mozambique,2007,0.0
uzbekistan,2007,0.0
indonesia,2008,0.0
singapore,2008,0.0
st vincent and the grenadines,2008,0.0
azerbaijan,2008,0.0
madagascar,2008,0.0
burundi,2008,0.0
kazakhstan,2008,0.0
swaziland,2008,0.0
liberia,2008,0.0
vanuatu,2008,0.0
malta,2008,0.0
india,2008,0.0
niger,2008,0.0
yemen,2008,0.0
tajikistan,2008,0.0
turkmenistan,2008,0.0
liechtenstein,2008,0.0
lebanon,2008,0.0
hong kong,2008,0.0
st kitts and nevis,2008,0.0
netherlands antilles,2008,0.0
puerto rico,2008,0.0
guyana,2008,0.0
fiji,2008,0.0
suriname,2008,0.0
maldives,2008,0.0
cape verde islands,2008,0.0
georgia,2008,0.0
guatemala,2008,0.0
united arab emirates,2008,0.0
el salvador,2008,0.0
montenegro,2008,0.0
korea dpr,2008,0.0
armenia,2008,0.0
namibia,2008,0.0
sierra leone,2008,0.0
botswana,2008,0.0
grenada,2008,0.0
estonia,2008,0.0
chad,2008,0.0
luxembourg,2008,0.0
barbados,2008,0.0
equatorial guinea,2008,0.0
jordan,2008,0.0
bermuda,2008,0.0
thailand,2008,0.0
kuwait,2008,0.0
antigua and barbuda,2008,0.0
new caledonia,2008,0.0
vietnam,2008,0.0
brunei darussalam,2008,0.0
myanmar,2008,0.0
guinea-bissau,2008,0.0
bhutan,2008,0.0
djibouti,2008,0.0
tahiti,2008,0.0
tonga,2008,0.0
dominica,2008,0.0
mongolia,2008,0.0
aruba,2008,0.0
andorra,2008,0.0
us virgin islands,2008,0.0
dominican republic,2008,0.0
macau,2008,0.0
comoros,2008,0.0
central african republic,2008,0.0
somalia,2008,0.0
san marino,2008,0.0
anguilla,2008,0.0
guam,2008,0.0
montserrat,2008,0.0
cook islands,2008,0.0
american samoa,2008,0.0
syria,2008,0.0
timor-leste,2008,0.0
faroe islands,2008,0.0
afghanistan,2008,0.0
nicaragua,2008,0.0
mauritania,2008,0.0
kyrgyz republic,2008,0.0
philippines,2008,0.0
lesotho,2008,0.0
eritrea,2008,0.0
solomon islands,2008,0.0
sri lanka,2008,0.0
pakistan,2008,0.0
seychelles,2008,0.0
chinese taipei,2008,0.0
turks and caicos islands,2008,0.0
laos,2008,0.0
bahamas,2008,0.0
mauritius,2008,0.0
cayman islands,2008,0.0
belize,2008,0.0
nepal,2008,0.0
bangladesh,2008,0.0
st lucia,2008,0.0
samoa,2008,0.0
cambodia,2008,0.0
palestine,2008,0.0
british virgin islands,2008,0.0
malaysia,2008,0.0
papua new guinea,2008,0.0
ethiopia,2008,0.0
haiti,2008,0.0
bulgaria,2008,0.0
australia,2008,0.0
ivory coast,2008,0.0
serbia,2008,0.0
chile,2008,0.0
sweden,2008,0.0
scotland,2008,0.0
poland,2008,0.0
japan,2008,0.0
ecuador,2008,0.0
ghana,2008,0.0
denmark,2008,0.0
guinea,2008,0.0
honduras,2008,0.0
morocco,2008,0.0
south korea,2008,0.0
iran,2008,0.0
slovakia,2008,0.0
mali,2008,0.0
tunisia,2008,0.0
hungary,2008,0.0
saudi arabia,2008,0.0
republic of ireland,2008,0.0
colombia,2008,0.0
switzerland,2008,0.0
united states,2008,0.0
malawi,2008,0.0
spain,2008,0.0
germany,2008,0.0
netherlands,2008,0.0
italy,2008,0.0
brazil,2008,0.0
argentina,2008,0.0
croatia,2008,0.0
england,2008,0.0
russia,2008,0.0
uruguay,2008,0.0
turkey,2008,0.0
portugal,2008,0.0
france,2008,0.0
cameroon,2008,0.0
ukraine,2008,0.0
egypt,2008,0.0
paraguay,2008,0.0
israel,2008,0.0
nigeria,2008,0.0
greece,2008,0.0
romania,2008,0.0
czech republic,2008,0.0
senegal,2008,0.0
mexico,2008,0.0
northern ireland,2008,0.0
cuba,2008,0.0
bahrain,2008,0.0
albania,2008,0.0
libya,2008,0.0
iceland,2008,0.0
qatar,2008,0.0
belarus,2008,0.0
new zealand,2008,0.0
togo,2008,0.0
panama,2008,0.0
gambia,2008,0.0
canada,2008,0.0
congo dr,2008,0.0
austria,2008,0.0
sudan,2008,0.0
cyprus,2008,0.0
mozambique,2008,0.0
oman,2008,0.0
moldova,2008,0.0
zimbabwe,2008,0.0
tanzania,2008,0.0
china pr,2008,0.0
lithuania,2008,0.0
rwanda,2008,0.0
trinidad and tobago,2008,0.0
benin,2008,0.0
costa rica,2008,0.0
belgium,2008,0.0
finland,2008,0.0
fyr macedonia,2008,0.0
slovenia,2008,0.0
bolivia,2008,0.0
norway,2008,0.0
south africa,2008,0.0
bosnia and herzegovina,2008,0.0
burkina faso,2008,0.0
gabon,2008,0.0
algeria,2008,0.0
wales,2008,0.0
jamaica,2008,0.0
latvia,2008,0.0
congo,2008,0.0
kenya,2008,0.0
angola,2008,0.0
uganda,2008,0.0
uzbekistan,2008,0.0
iraq,2008,0.0
zambia,2008,0.0
peru,2008,0.0
venezuela,2008,0.0
turkmenistan,2009,0.0
nicaragua,2009,0.0
india,2009,0.0
swaziland,2009,0.0
equatorial guinea,2009,0.0
maldives,2009,0.0
sierra leone,2009,0.0
grenada,2009,0.0
myanmar,2009,0.0
bermuda,2009,0.0
lebanon,2009,0.0
suriname,2009,0.0
chad,2009,0.0
malta,2009,0.0
new caledonia,2009,0.0
bangladesh,2009,0.0
lesotho,2009,0.0
sri lanka,2009,0.0
st vincent and the grenadines,2009,0.0
nepal,2009,0.0
liechtenstein,2009,0.0
hong kong,2009,0.0
fiji,2009,0.0
congo dr,2009,0.0
antigua and barbuda,2009,0.0
vanuatu,2009,0.0
sudan,2009,0.0
zimbabwe,2009,0.0
singapore,2009,0.0
jordan,2009,0.0
united arab emirates,2009,0.0
namibia,2009,0.0
azerbaijan,2009,0.0
libya,2009,0.0
gambia,2009,0.0
faroe islands,2009,0.0
botswana,2009,0.0
cuba,2009,0.0
indonesia,2009,0.0
guatemala,2009,0.0
ethiopia,2009,0.0
vietnam,2009,0.0
georgia,2009,0.0
kazakhstan,2009,0.0
burundi,2009,0.0
guyana,2009,0.0
luxembourg,2009,0.0
barbados,2009,0.0
yemen,2009,0.0
st kitts and nevis,2009,0.0
samoa,2009,0.0
madagascar,2009,0.0
macau,2009,0.0
tonga,2009,0.0
djibouti,2009,0.0
dominican republic,2009,0.0
brunei darussalam,2009,0.0
british virgin islands,2009,0.0
afghanistan,2009,0.0
tahiti,2009,0.0
guinea-bissau,2009,0.0
bhutan,2009,0.0
st lucia,2009,0.0
dominica,2009,0.0
us virgin islands,2009,0.0
timor-leste,2009,0.0
central african republic,2009,0.0
andorra,2009,0.0
san marino,2009,0.0
anguilla,2009,0.0
montserrat,2009,0.0
american samoa,2009,0.0
papua new guinea,2009,0.0
tanzania,2009,0.0
aruba,2009,0.0
cook islands,2009,0.0
guam,2009,0.0
cayman islands,2009,0.0
kyrgyz republic,2009,0.0
malaysia,2009,0.0
liberia,2009,0.0
chinese taipei,2009,0.0
eritrea,2009,0.0
niger,2009,0.0
puerto rico,2009,0.0
tajikistan,2009,0.0
philippines,2009,0.0
netherlands antilles,2009,0.0
mauritania,2009,0.0
somalia,2009,0.0
mongolia,2009,0.0
solomon islands,2009,0.0
palestine,2009,0.0
belize,2009,0.0
cambodia,2009,0.0
comoros,2009,0.0
turks and caicos islands,2009,0.0
seychelles,2009,0.0
laos,2009,0.0
bahamas,2009,0.0
mauritius,2009,0.0
pakistan,2009,0.0
thailand,2009,0.0
kuwait,2009,0.0
rwanda,2009,0.0
denmark,2009,0.0
paraguay,2009,0.0
bulgaria,2009,0.0
slovenia,2009,0.0
norway,2009,0.0
slovakia,2009,0.0
ghana,2009,0.0
republic of ireland,2009,0.0
romania,2009,0.0
ecuador,2009,0.0
israel,2009,0.0
honduras,2009,0.0
northern ireland,2009,0.0
turkey,2009,0.0
sweden,2009,0.0
japan,2009,0.0
costa rica,2009,0.0
latvia,2009,0.0
scotland,2009,0.0
mali,2009,0.0
gabon,2009,0.0
burkina faso,2009,0.0
colombia,2009,0.0
venezuela,2009,0.0
algeria,2009,0.0
egypt,2009,0.0
brazil,2009,0.0
netherlands,2009,0.0
italy,2009,0.0
portugal,2009,0.0
germany,2009,0.0
france,2009,0.0
argentina,2009,0.0
england,2009,0.0
croatia,2009,0.0
cameroon,2009,0.0
czech republic,2009,0.0
russia,2009,0.0
united states,2009,0.0
chile,2009,0.0
ivory coast,2009,0.0
mexico,2009,0.0
switzerland,2009,0.0
serbia,2009,0.0
uruguay,2009,0.0
australia,2009,0.0
nigeria,2009,0.0
ukraine,2009,0.0
greece,2009,0.0
bosnia and herzegovina,2009,0.0
spain,2009,0.0
tunisia,2009,0.0
jamaica,2009,0.0
new zealand,2009,0.0
trinidad and tobago,2009,0.0
zambia,2009,0.0
south africa,2009,0.0
qatar,2009,0.0
korea dpr,2009,0.0
iraq,2009,0.0
south korea,2009,0.0
haiti,2009,0.0
belarus,2009,0.0
syria,2009,0.0
china pr,2009,0.0
moldova,2009,0.0
angola,2009,0.0
albania,2009,0.0
cape verde islands,2009,0.0
kenya,2009,0.0
malawi,2009,0.0
armenia,2009,0.0
congo,2009,0.0
estonia,2009,0.0
iceland,2009,0.0
oman,2009,0.0
senegal,2009,0.0
wales,2009,0.0
el salvador,2009,0.0
finland,2009,0.0
bolivia,2009,0.0
canada,2009,0.0
poland,2009,0.0
benin,2009,0.0
bahrain,2009,0.0
austria,2009,0.0
lithuania,2009,0.0
saudi arabia,2009,0.0
iran,2009,0.0
hungary,2009,0.0
belgium,2009,0.0
fyr macedonia,2009,0.0
uganda,2009,0.0
montenegro,2009,0.0
guinea,2009,0.0
mozambique,2009,0.0
uzbekistan,2009,0.0
panama,2009,0.0
peru,2009,0.0
cyprus,2009,0.0
morocco,2009,0.0
togo,2009,0.0
singapore,2010,0.0
rwanda,2010,0.0
puerto rico,2010,0.0
luxembourg,2010,0.0
turkmenistan,2010,0.0
faroe islands,2010,0.0
vietnam,2010,0.0
kazakhstan,2010,0.0
namibia,2010,0.0
chad,2010,0.0
guinea-bissau,2010,0.0
india,2010,0.0
malaysia,2010,0.0
tajikistan,2010,0.0
hong kong,2010,0.0
liechtenstein,2010,0.0
philippines,2010,0.0
myanmar,2010,0.0
netherlands antilles,2010,0.0
fiji,2010,0.0
chinese taipei,2010,0.0
st vincent and the grenadines,2010,0.0
barbados,2010,0.0
antigua and barbuda,2010,0.0
dominica,2010,0.0
lebanon,2010,0.0
syria,2010,0.0
korea dpr,2010,0.0
guyana,2010,0.0
uzbekistan,2010,0.0
central african republic,2010,0.0
qatar,2010,0.0
wales,2010,0.0
iceland,2010,0.0
suriname,2010,0.0
tanzania,2010,0.0
el salvador,2010,0.0
zimbabwe,2010,0.0
guatemala,2010,0.0
thailand,2010,0.0
kenya,2010,0.0
st kitts and nevis,2010,0.0
congo,2010,0.0
ethiopia,2010,0.0
sierra leone,2010,0.0
yemen,2010,0.0
indonesia,2010,0.0
burundi,2010,0.0
congo dr,2010,0.0
madagascar,2010,0.0
st lucia,2010,0.0
cayman islands,2010,0.0
comoros,2010,0.0
turks and caicos islands,2010,0.0
cook islands,2010,0.0
guam,2010,0.0
tonga,2010,0.0
mauritius,2010,0.0
djibouti,2010,0.0
macau,2010,0.0
bahamas,2010,0.0
afghanistan,2010,0.0
samoa,2010,0.0
seychelles,2010,0.0
brunei darussalam,2010,0.0
aruba,2010,0.0
us virgin islands,2010,0.0
timor-leste,2010,0.0
andorra,2010,0.0
american samoa,2010,0.0
anguilla,2010,0.0
montserrat,2010,0.0
papua new guinea,2010,0.0
united arab emirates,2010,0.0
bhutan,2010,0.0
tahiti,2010,0.0
somalia,2010,0.0
mongolia,2010,0.0
nicaragua,2010,0.0
bangladesh,2010,0.0
liberia,2010,0.0
swaziland,2010,0.0
maldives,2010,0.0
sri lanka,2010,0.0
malta,2010,0.0
equatorial guinea,2010,0.0
cambodia,2010,0.0
vanuatu,2010,0.0
dominican republic,2010,0.0
laos,2010,0.0
lesotho,2010,0.0
pakistan,2010,0.0
nepal,2010,0.0
belize,2010,0.0
kyrgyz republic,2010,0.0
bermuda,2010,0.0
british virgin islands,2010,0.0
palestine,2010,0.0
solomon islands,2010,0.0
eritrea,2010,0.0
mauritania,2010,0.0
new caledonia,2010,0.0
jordan,2010,0.0
san marino,2010,0.0
kuwait,2010,0.0
mexico,2010,0.0
denmark,2010,0.0
japan,2010,0.0
czech republic,2010,0.0
turkey,2010,0.0
nigeria,2010,0.0
sweden,2010,0.0
ukraine,2010,0.0
algeria,2010,0.0
republic of ireland,2010,0.0
australia,2010,0.0
cameroon,2010,0.0
gabon,2010,0.0
south korea,2010,0.0
burkina faso,2010,0.0
hungary,2010,0.0
northern ireland,2010,0.0
bosnia and herzegovina,2010,0.0
tunisia,2010,0.0
guinea,2010,0.0
austria,2010,0.0
colombia,2010,0.0
belarus,2010,0.0
bulgaria,2010,0.0
montenegro,2010,0.0
serbia,2010,0.0
spain,2010,0.0
netherlands,2010,0.0
germany,2010,0.0
brazil,2010,0.0
argentina,2010,0.0
england,2010,0.0
uruguay,2010,0.0
portugal,2010,0.0
egypt,2010,0.0
croatia,2010,0.0
paraguay,2010,0.0
greece,2010,0.0
russia,2010,0.0
italy,2010,0.0
chile,2010,0.0
ghana,2010,0.0
slovenia,2010,0.0
france,2010,0.0
united states,2010,0.0
slovakia,2010,0.0
ivory coast,2010,0.0
switzerland,2010,0.0
norway,2010,0.0
israel,2010,0.0
togo,2010,0.0
scotland,2010,0.0
saudi arabia,2010,0.0
uganda,2010,0.0
estonia,2010,0.0
finland,2010,0.0
moldova,2010,0.0
canada,2010,0.0
malawi,2010,0.0
china pr,2010,0.0
south africa,2010,0.0
trinidad and tobago,2010,0.0
morocco,2010,0.0
haiti,2010,0.0
sudan,2010,0.0
bahrain,2010,0.0
grenada,2010,0.0
niger,2010,0.0
mozambique,2010,0.0
bolivia,2010,0.0
azerbaijan,2010,0.0
oman,2010,0.0
iraq,2010,0.0
gambia,2010,0.0
cyprus,2010,0.0
latvia,2010,0.0
angola,2010,0.0
zambia,2010,0.0
fyr macedonia,2010,0.0
ecuador,2010,0.0
lithuania,2010,0.0
romania,2010,0.0
belgium,2010,0.0
jamaica,2010,0.0
honduras,2010,0.0
armenia,2010,0.0
venezuela,2010,0.0
cuba,2010,0.0
new zealand,2010,0.0
botswana,2010,0.0
albania,2010,0.0
panama,2010,0.0
poland,2010,0.0
georgia,2010,0.0
libya,2010,0.0
benin,2010,0.0
cape verde islands,2010,0.0
costa rica,2010,0.0
peru,2010,0.0
mali,2010,0.0
iran,2010,0.0
senegal,2010,0.0
tajikistan,2011,208.36
belize,2011,193.86
burundi,2011,203.06
kazakhstan,2011,220.32
nicaragua,2011,140.59
moldova,2011,229.47
ethiopia,2011,230.41
grenada,2011,241.39
congo,2011,244.79
tanzania,2011,224.01
indonesia,2011,189.05
bahamas,2011,140.5
st vincent and the grenadines,2011,170.01
singapore,2011,165.19
turkmenistan,2011,163.79
lesotho,2011,160.47
malaysia,2011,154.22
samoa,2011,148.75
equatorial guinea,2011,147.91
yemen,2011,145.63
curaçao,2011,145.9
nepal,2011,143.97
liechtenstein,2011,245.81
chad,2011,187.54
dominican republic,2011,246.62
new zealand,2011,271.14
central african republic,2011,250.75
bermuda,2011,310.29
bolivia,2011,309.09
puerto rico,2011,308.91
korea dpr,2011,305.97
lebanon,2011,305.36
azerbaijan,2011,299.65
sudan,2011,297.13
syria,2011,290.67
cuba,2011,290.01
united arab emirates,2011,249.83
st kitts and nevis,2011,285.34
gambia,2011,284.52
kenya,2011,269.0
namibia,2011,264.15
thailand,2011,261.63
liberia,2011,258.03
benin,2011,256.56
congo dr,2011,253.55
suriname,2011,254.13
cyprus,2011,253.28
luxembourg,2011,251.78
faroe islands,2011,285.14
malta,2011,139.72
san marino,2011,0.0
palestine,2011,137.38
american samoa,2011,60.71
comoros,2011,54.96
seychelles,2011,52.54
somalia,2011,47.2
eritrea,2011,45.49
kyrgyz republic,2011,41.9
guam,2011,35.85
papua new guinea,2011,34.0
mauritius,2011,32.35
cook islands,2011,27.91
st lucia,2011,65.19
são tomé e príncipe,2011,26.66
djibouti,2011,24.91
british virgin islands,2011,23.12
turks and caicos islands,2011,12.75
anguilla,2011,8.8
bhutan,2011,6.07
brunei darussalam,2011,6.07
mauritania,2011,4.3
timor-leste,2011,1.7
andorra,2011,0.0
montserrat,2011,0.0
macau,2011,25.72
tahiti,2011,73.34
cayman islands,2011,73.99
sri lanka,2011,75.43
philippines,2011,135.95
madagascar,2011,134.87
fiji,2011,133.45
india,2011,131.37
guinea-bissau,2011,120.65
aruba,2011,119.8
barbados,2011,119.16
new caledonia,2011,116.16
chinese taipei,2011,114.43
mongolia,2011,105.6
hong kong,2011,105.22
cambodia,2011,101.38
dominica,2011,100.36
myanmar,2011,98.99
maldives,2011,98.44
laos,2011,95.93
vanuatu,2011,95.79
tonga,2011,87.55
afghanistan,2011,85.32
us virgin islands,2011,81.62
pakistan,2011,75.9
solomon islands,2011,74.62
swaziland,2011,74.74
bangladesh,2011,137.58
mozambique,2011,321.66
rwanda,2011,314.05
fyr macedonia,2011,333.36
turkey,2011,768.93
ghana,2011,760.55
algeria,2011,757.94
egypt,2011,755.22
south korea,2011,752.49
czech republic,2011,749.02
united states,2011,720.85
peru,2011,711.61
colombia,2011,709.19
hungary,2011,665.37
serbia,2011,775.06
israel,2011,665.19
slovakia,2011,648.47
belgium,2011,646.84
ecuador,2011,633.97
nigeria,2011,627.48
senegal,2011,624.65
iran,2011,615.55
armenia,2011,612.06
scotland,2011,599.48
wales,2011,590.66
panama,2011,589.43
venezuela,2011,661.13
slovenia,2011,779.5
norway,2011,788.29
paraguay,2011,794.66
spain,2011,1563.83
netherlands,2011,1365.43
germany,2011,1345.21
uruguay,2011,1309.23
england,2011,1173.37
brazil,2011,1142.6
portugal,2011,1100.38
croatia,2011,1091.15
italy,2011,1082.35
argentina,2011,1067.03
denmark,2011,1035.14
russia,2011,970.7
chile,2011,970.35
greece,2011,963.61
france,2011,914.52
ivory coast,2011,911.87
switzerland,2011,897.84
sweden,2011,891.16
japan,2011,884.18
bosnia and herzegovina,2011,868.57
mexico,2011,866.49
republic of ireland,2011,863.85
australia,2011,850.78
cameroon,2011,587.87
montenegro,2011,585.48
iceland,2011,325.44
honduras,2011,573.85
haiti,2011,428.91
jordan,2011,417.21
angola,2011,411.96
bulgaria,2011,409.78
oman,2011,408.37
finland,2011,405.44
antigua and barbuda,2011,404.11
northern ireland,2011,402.93
uganda,2011,397.81
guyana,2011,386.68
guinea,2011,435.66
lithuania,2011,382.09
malawi,2011,373.85
botswana,2011,371.1
saudi arabia,2011,363.11
niger,2011,361.49
zimbabwe,2011,354.44
kuwait,2011,351.01
vietnam,2011,350.63
bahrain,2011,350.14
togo,2011,350.37
south africa,2011,577.35
qatar,2011,377.71
zambia,2011,439.1
guatemala,2011,397.14
gabon,2011,445.16
iraq,2011,440.46
ukraine,2011,568.05
romania,2011,562.13
estonia,2011,555.09
cape verde islands,2011,549.02
tunisia,2011,537.18
sierra leone,2011,526.16
burkina faso,2011,517.54
libya,2011,514.28
belarus,2011,501.43
costa rica,2011,495.23
morocco,2011,523.71
jamaica,2011,572.71
trinidad and tobago,2011,447.49
poland,2011,491.67
albania,2011,449.94
georgia,2011,451.44
canada,2011,454.8
uzbekistan,2011,449.46
austria,2011,458.55
el salvador,2011,462.54
latvia,2011,466.2
mali,2011,471.72
china pr,2011,457.18
kazakhstan,2012,200.46
gambia,2012,206.34
chad,2012,212.21
tahiti,2012,214.69
kenya,2012,246.15
thailand,2012,232.67
tajikistan,2012,233.47
rwanda,2012,246.01
liechtenstein,2012,146.33
grenada,2012,221.91
barbados,2012,196.63
luxembourg,2012,171.97
nicaragua,2012,180.39
malta,2012,178.38
philippines,2012,173.52
st lucia,2012,168.37
solomon islands,2012,165.52
aruba,2012,162.71
palestine,2012,152.0
faroe islands,2012,151.31
singapore,2012,145.51
puerto rico,2012,248.34
syria,2012,185.63
cyprus,2012,248.18
bahrain,2012,275.06
tanzania,2012,252.65
indonesia,2012,143.44
congo dr,2012,331.9
new caledonia,2012,330.08
congo,2012,325.02
ethiopia,2012,323.26
malawi,2012,317.77
mozambique,2012,312.45
liberia,2012,311.87
suriname,2012,311.07
antigua and barbuda,2012,292.89
lithuania,2012,283.99
kuwait,2012,280.85
azerbaijan,2012,277.28
são tomé e príncipe,2012,274.77
botswana,2012,273.63
namibia,2012,274.31
st kitts and nevis,2012,270.56
guyana,2012,266.9
st vincent and the grenadines,2012,265.64
saudi arabia,2012,263.91
lebanon,2012,259.36
moldova,2012,255.01
turkmenistan,2012,254.04
vietnam,2012,251.36
bermuda,2012,138.6
latvia,2012,333.67
lesotho,2012,129.84
us virgin islands,2012,39.11
papua new guinea,2012,38.25
pakistan,2012,36.88
sri lanka,2012,36.08
british virgin islands,2012,34.32
cayman islands,2012,33.0
american samoa,2012,30.36
comoros,2012,29.39
somalia,2012,26.82
seychelles,2012,24.19
eritrea,2012,24.02
macau,2012,22.67
kyrgyz republic,2012,20.23
south sudan,2012,19.78
cook islands,2012,15.65
mauritius,2012,13.44
djibouti,2012,13.02
andorra,2012,11.38
anguilla,2012,4.4
mauritania,2012,2.58
bhutan,2012,0.0
san marino,2012,0.0
turks and caicos islands,2012,0.0
afghanistan,2012,39.27
malaysia,2012,132.74
tonga,2012,44.2
timor-leste,2012,51.6
maldives,2012,130.22
dominica,2012,123.77
myanmar,2012,113.86
hong kong,2012,112.23
yemen,2012,108.06
vanuatu,2012,98.56
india,2012,96.06
belize,2012,92.0
bangladesh,2012,89.81
fiji,2012,85.0
chinese taipei,2012,85.02
laos,2012,83.13
nepal,2012,82.91
samoa,2012,74.38
guinea-bissau,2012,65.74
bahamas,2012,66.0
montserrat,2012,66.0
curaçao,2012,64.68
swaziland,2012,61.45
mongolia,2012,55.35
madagascar,2012,54.58
guam,2012,53.07
brunei darussalam,2012,51.6
cambodia,2012,50.25
niger,2012,334.78
spain,2012,1605.76
el salvador,2012,348.06
czech republic,2012,781.44
ghana,2012,776.76
montenegro,2012,756.23
hungary,2012,749.71
romania,2012,700.31
zambia,2012,696.58
south korea,2012,685.96
australia,2012,667.53
paraguay,2012,666.35
serbia,2012,658.79
united states,2012,781.58
haiti,2012,650.34
egypt,2012,615.5
republic of ireland,2012,608.8
bolivia,2012,609.2
gabon,2012,609.23
tunisia,2012,606.0
peru,2012,603.32
slovakia,2012,594.88
ukraine,2012,594.58
slovenia,2012,590.66
bulgaria,2012,584.97
turkey,2012,627.15
chile,2012,792.97
mali,2012,809.5
norway,2012,810.42
burundi,2012,341.9
germany,2012,1437.49
argentina,2012,1289.95
italy,2012,1164.67
colombia,2012,1163.55
england,2012,1150.93
portugal,2012,1143.79
netherlands,2012,1124.02
russia,2012,1069.71
croatia,2012,1064.23
greece,2012,1033.06
switzerland,2012,1003.72
ecuador,2012,998.93
ivory coast,2012,995.37
mexico,2012,994.5
uruguay,2012,974.59
france,2012,949.42
brazil,2012,945.73
algeria,2012,886.86
sweden,2012,870.28
belgium,2012,867.69
japan,2012,840.27
denmark,2012,820.8
panama,2012,582.06
central african republic,2012,581.08
bosnia and herzegovina,2012,788.32
libya,2012,571.65
fyr macedonia,2012,436.51
wales,2012,434.85
finland,2012,430.93
angola,2012,428.44
uganda,2012,427.86
estonia,2012,424.79
south africa,2012,416.06
china pr,2012,410.07
burkina faso,2012,408.14
new zealand,2012,390.02
iraq,2012,384.92
dominican republic,2012,378.04
jordan,2012,374.86
oman,2012,369.37
northern ireland,2012,367.47
united arab emirates,2012,366.81
qatar,2012,364.7
korea dpr,2012,361.16
cuba,2012,355.29
zimbabwe,2012,349.38
nigeria,2012,581.44
sudan,2012,348.9
guatemala,2012,438.28
equatorial guinea,2012,438.82
iceland,2012,392.21
jamaica,2012,551.68
poland,2012,553.18
israel,2012,453.72
venezuela,2012,551.24
honduras,2012,539.72
iran,2012,531.56
guinea,2012,526.57
cameroon,2012,523.16
albania,2012,517.97
canada,2012,517.12
belarus,2012,516.1
costa rica,2012,515.32
sierra leone,2012,520.8
trinidad and tobago,2012,507.05
senegal,2012,454.87
uzbekistan,2012,512.96
benin,2012,457.05
morocco,2012,466.19
georgia,2012,480.78
armenia,2012,456.71
togo,2012,491.17
austria,2012,492.47
cape verde islands,2012,497.66
scotland,2012,489.95
hong kong,2013,183.58
afghanistan,2013,183.62
korea dpr,2013,186.82
rwanda,2013,197.41
palestine,2013,192.2
grenada,2013,193.61
turkmenistan,2013,195.2
suriname,2013,196.88
lesotho,2013,187.37
mauritania,2013,179.95
kyrgyz republic,2013,154.6
vietnam,2013,167.13
antigua and barbuda,2013,163.58
thailand,2013,162.15
st lucia,2013,155.38
st kitts and nevis,2013,149.5
guyana,2013,148.76
singapore,2013,148.66
laos,2013,143.77
st vincent and the grenadines,2013,142.17
malta,2013,198.38
puerto rico,2013,141.18
tahiti,2013,179.05
liechtenstein,2013,141.47
tanzania,2013,255.79
syria,2013,207.17
malaysia,2013,140.77
equatorial guinea,2013,294.21
kenya,2013,292.51
iraq,2013,291.73
bahrain,2013,291.66
canada,2013,290.54
guatemala,2013,287.22
tajikistan,2013,285.71
dominican republic,2013,281.67
malawi,2013,271.97
myanmar,2013,203.8
latvia,2013,271.75
sudan,2013,258.83
new caledonia,2013,249.0
lebanon,2013,248.82
luxembourg,2013,243.28
burundi,2013,238.68
namibia,2013,237.21
cyprus,2013,229.45
philippines,2013,218.68
kazakhstan,2013,216.0
mozambique,2013,263.86
india,2013,140.55
samoa,2013,44.62
belize,2013,135.63
madagascar,2013,33.26
montserrat,2013,33.0
cambodia,2013,27.95
brunei darussalam,2013,25.8
timor-leste,2013,25.8
tonga,2013,25.5
us virgin islands,2013,23.47
cayman islands,2013,21.12
papua new guinea,2013,20.82
british virgin islands,2013,18.48
american samoa,2013,18.21
comoros,2013,17.34
andorra,2013,16.69
eritrea,2013,11.35
south sudan,2013,9.89
macau,2013,9.83
somalia,2013,8.38
djibouti,2013,6.45
cook islands,2013,5.31
anguilla,2013,2.64
bhutan,2013,0.0
san marino,2013,0.0
turks and caicos islands,2013,0.0
swaziland,2013,37.39
são tomé e príncipe,2013,138.72
bahamas,2013,39.6
zimbabwe,2013,298.85
nicaragua,2013,130.13
guam,2013,123.32
indonesia,2013,122.97
maldives,2013,119.84
chad,2013,115.61
bangladesh,2013,115.6
barbados,2013,100.59
chinese taipei,2013,95.4
dominica,2013,94.51
sri lanka,2013,90.13
aruba,2013,87.13
faroe islands,2013,86.65
solomon islands,2013,86.49
nepal,2013,86.07
pakistan,2013,85.6
bermuda,2013,83.16
seychelles,2013,67.14
mauritius,2013,65.85
curaçao,2013,64.75
yemen,2013,54.05
vanuatu,2013,52.76
mongolia,2013,48.59
fiji,2013,46.75
guinea-bissau,2013,41.61
central african republic,2013,309.65
gambia,2013,202.23
niger,2013,318.17
czech republic,2013,766.07
slovenia,2013,761.78
serbia,2013,752.01
costa rica,2013,741.41
romania,2013,733.7
iran,2013,720.22
scotland,2013,716.57
armenia,2013,715.98
venezuela,2013,711.18
nigeria,2013,710.08
sweden,2013,792.66
panama,2013,705.2
peru,2013,697.52
egypt,2013,695.29
honduras,2013,689.83
turkey,2013,677.05
hungary,2013,668.1
mali,2013,664.21
austria,2013,648.48
japan,2013,638.37
tunisia,2013,631.84
iceland,2013,623.77
cape verde islands,2013,698.04
algeria,2013,799.99
denmark,2013,830.61
ghana,2013,848.68
spain,2013,1507.03
germany,2013,1317.51
argentina,2013,1251.01
colombia,2013,1200.39
portugal,2013,1172.48
uruguay,2013,1131.85
italy,2013,1120.41
switzerland,2013,1113.41
netherlands,2013,1105.94
brazil,2013,1102.21
belgium,2013,1098.31
greece,2013,1054.58
england,2013,1041.13
united states,2013,1018.71
chile,2013,1014.23
croatia,2013,970.72
ivory coast,2013,917.86
ukraine,2013,907.01
bosnia and herzegovina,2013,898.68
france,2013,893.16
mexico,2013,891.92
russia,2013,870.06
ecuador,2013,851.73
cameroon,2013,615.11
paraguay,2013,599.83
kuwait,2013,314.94
burkina faso,2013,590.55
belarus,2013,430.97
congo dr,2013,427.14
fyr macedonia,2013,425.38
congo,2013,421.13
oman,2013,407.56
uganda,2013,402.19
saudi arabia,2013,391.18
angola,2013,384.06
northern ireland,2013,380.86
el salvador,2013,377.81
china pr,2013,376.09
ethiopia,2013,374.32
azerbaijan,2013,363.01
estonia,2013,362.87
moldova,2013,358.98
botswana,2013,357.03
liberia,2013,353.94
benin,2013,341.52
cuba,2013,333.59
georgia,2013,329.62
lithuania,2013,326.28
qatar,2013,324.85
montenegro,2013,594.01
jamaica,2013,438.97
haiti,2013,439.55
new zealand,2013,378.49
gabon,2013,452.54
trinidad and tobago,2013,441.38
norway,2013,577.18
wales,2013,574.01
albania,2013,571.44
australia,2013,565.13
libya,2013,557.93
slovakia,2013,556.71
south africa,2013,553.56
israel,2013,548.08
finland,2013,538.52
senegal,2013,536.33
guinea,2013,554.58
republic of ireland,2013,527.65
poland,2013,461.39
jordan,2013,535.63
bulgaria,2013,486.03
morocco,2013,490.37
togo,2013,503.74
sierra leone,2013,470.81
bolivia,2013,518.96
zambia,2013,522.91
uzbekistan,2013,526.25
south korea,2013,577.35
united arab emirates,2013,506.8
thailand,2014,193.8
new zealand,2014,216.5
azerbaijan,2014,214.88
tajikistan,2014,214.63
mauritania,2014,210.86
vietnam,2014,210.86
kazakhstan,2014,204.81
st lucia,2014,201.75
myanmar,2014,200.48
afghanistan,2014,190.34
grenada,2014,137.25
central african republic,2014,178.1
chad,2014,172.27
malta,2014,166.12
turkmenistan,2014,166.07
madagascar,2014,165.8
korea dpr,2014,156.42
syria,2014,154.18
kyrgyz republic,2014,145.55
new caledonia,2014,142.27
malaysia,2014,138.03
guinea-bissau,2014,217.9
barbados,2014,182.77
liechtenstein,2014,218.61
zimbabwe,2014,307.81
maldives,2014,220.12
hong kong,2014,133.63
namibia,2014,294.59
sudan,2014,294.24
ethiopia,2014,290.43
canada,2014,286.5
palestine,2014,271.08
cuba,2014,270.54
liberia,2014,268.13
kenya,2014,261.15
niger,2014,260.65
st kitts and nevis,2014,258.37
st vincent and the grenadines,2014,256.3
equatorial guinea,2014,251.17
moldova,2014,250.01
bahrain,2014,249.49
lesotho,2014,247.24
kuwait,2014,246.16
georgia,2014,238.65
lebanon,2014,237.98
burundi,2014,232.06
luxembourg,2014,230.12
aruba,2014,221.39
philippines,2014,219.97
singapore,2014,131.48
solomon islands,2014,53.39
indonesia,2014,123.16
pakistan,2014,45.21
south sudan,2014,42.91
mauritius,2014,35.99
vanuatu,2014,33.05
fiji,2014,29.75
samoa,2014,29.75
mongolia,2014,28.81
bahamas,2014,26.4
tonga,2014,17.0
us virgin islands,2014,15.64
brunei darussalam,2014,15.48
papua new guinea,2014,13.18
american samoa,2014,12.14
andorra,2014,8.91
british virgin islands,2014,7.92
eritrea,2014,7.57
somalia,2014,5.59
cayman islands,2014,5.28
djibouti,2014,4.3
cook islands,2014,3.54
anguilla,2014,1.76
bhutan,2014,0.0
botswana,2014,309.39
macau,2014,48.94
curaçao,2014,125.47
nepal,2014,49.17
dominica,2014,51.78
laos,2014,120.87
guam,2014,119.4
puerto rico,2014,118.94
suriname,2014,115.11
swaziland,2014,113.03
bangladesh,2014,103.23
tahiti,2014,99.71
guyana,2014,91.78
gambia,2014,90.34
montserrat,2014,85.8
são tomé e príncipe,2014,83.76
india,2014,79.4
sri lanka,2014,78.14
comoros,2014,75.43
nicaragua,2014,75.04
belize,2014,73.75
yemen,2014,69.1
turks and caicos islands,2014,66.0
seychelles,2014,61.49
bermuda,2014,55.44
san marino,2014,55.44
cambodia,2014,55.4
chinese taipei,2014,54.22
timor-leste,2014,50.67
dominican republic,2014,309.58
tanzania,2014,314.04
faroe islands,2014,317.21
bosnia and herzegovina,2014,816.68
denmark,2014,803.74
russia,2014,788.8
israel,2014,788.03
iceland,2014,760.94
wales,2014,747.51
senegal,2014,733.84
scotland,2014,728.86
ghana,2014,714.35
serbia,2014,713.05
ivory coast,2014,833.28
guinea,2014,705.98
poland,2014,679.84
cameroon,2014,665.16
nigeria,2014,655.91
sweden,2014,645.95
hungary,2014,632.41
zambia,2014,624.54
slovenia,2014,621.98
northern ireland,2014,614.91
turkey,2014,604.3
mali,2014,602.67
cape verde islands,2014,693.21
united states,2014,835.79
ecuador,2014,852.2
ukraine,2014,853.96
argentina,2014,1538.29
colombia,2014,1449.77
belgium,2014,1417.27
netherlands,2014,1374.24
brazil,2014,1316.15
portugal,2014,1160.22
france,2014,1159.55
spain,2014,1141.56
uruguay,2014,1135.08
italy,2014,1102.85
switzerland,2014,1090.63
england,2014,1031.53
chile,2014,1021.76
romania,2014,1014.21
costa rica,2014,997.28
czech republic,2014,987.29
algeria,2014,947.76
croatia,2014,946.45
mexico,2014,913.15
slovakia,2014,890.73
tunisia,2014,866.86
austria,2014,862.77
greece,2014,856.07
iran,2014,579.64
south africa,2014,578.72
germany,2014,1725.29
japan,2014,563.27
united arab emirates,2014,393.31
jordan,2014,393.28
estonia,2014,390.3
bolivia,2014,374.71
sierra leone,2014,374.15
cyprus,2014,371.77
venezuela,2014,368.55
benin,2014,361.07
malawi,2014,358.06
lithuania,2014,355.14
morocco,2014,393.48
oman,2014,346.52
qatar,2014,342.12
latvia,2014,338.78
china pr,2014,336.19
mozambique,2014,332.5
belarus,2014,331.24
fyr macedonia,2014,324.47
australia,2014,324.32
saudi arabia,2014,323.33
iraq,2014,320.35
peru,2014,564.94
antigua and barbuda,2014,343.74
angola,2014,395.19
el salvador,2014,357.72
libya,2014,437.49
armenia,2014,436.1
congo dr,2014,548.25
panama,2014,547.4
albania,2014,543.47
montenegro,2014,537.45
egypt,2014,531.02
congo,2014,529.08
burkina faso,2014,522.54
republic of ireland,2014,518.78
gabon,2014,511.47
bulgaria,2014,506.01
togo,2014,524.28
trinidad and tobago,2014,550.64
paraguay,2014,438.05
norway,2014,499.52
jamaica,2014,449.09
uzbekistan,2014,454.13
haiti,2014,457.72
uganda,2014,438.32
honduras,2014,460.78
finland,2014,468.39
south korea,2014,480.71
rwanda,2014,493.62
guatemala,2014,458.2
luxembourg,2015,236.64
sudan,2015,258.99
palestine,2015,258.84
fyr macedonia,2015,257.24
hong kong,2015,252.23
south sudan,2015,245.57
kuwait,2015,239.44
philippines,2015,239.29
lebanon,2015,239.16
st vincent and the grenadines,2015,221.33
moldova,2015,171.59
barbados,2015,213.81
guinea-bissau,2015,207.21
vietnam,2015,199.59
tajikistan,2015,195.69
singapore,2015,194.87
afghanistan,2015,193.99
curaçao,2015,192.23
new zealand,2015,191.88
lesotho,2015,184.61
dominican republic,2015,180.47
thailand,2015,263.31
st lucia,2015,216.1
tanzania,2015,264.09
liberia,2015,329.42
namibia,2015,265.6
são tomé e príncipe,2015,169.59
kyrgyz republic,2015,324.34
malawi,2015,322.44
zimbabwe,2015,318.34
mozambique,2015,316.67
burundi,2015,307.39
central african republic,2015,302.41
chad,2015,300.86
aruba,2015,298.2
mauritania,2015,297.07
azerbaijan,2015,295.56
sierra leone,2015,294.71
turkmenistan,2015,293.55
ethiopia,2015,293.13
st kitts and nevis,2015,288.94
georgia,2015,286.01
armenia,2015,285.02
bahrain,2015,278.0
syria,2015,275.74
lithuania,2015,273.64
belize,2015,273.39
madagascar,2015,271.76
kazakhstan,2015,266.34
swaziland,2015,264.89
guam,2015,161.69
bangladesh,2015,78.03
bermuda,2015,153.91
bhutan,2015,63.75
seychelles,2015,56.46
tahiti,2015,55.69
suriname,2015,55.2
nepal,2015,49.37
vanuatu,2015,46.75
sri lanka,2015,44.74
macau,2015,44.3
cayman islands,2015,42.5
turks and caicos islands,2015,33.0
montserrat,2015,67.45
san marino,2015,27.72
solomon islands,2015,25.64
mongolia,2015,6.45
andorra,2015,5.58
papua new guinea,2015,4.25
anguilla,2015,0.0
bahamas,2015,0.0
djibouti,2015,0.0
somalia,2015,0.0
eritrea,2015,0.0
angola,2015,329.54
british virgin islands,2015,26.53
fiji,2015,68.0
brunei darussalam,2015,74.07
pakistan,2015,75.85
maldives,2015,150.09
guyana,2015,143.91
malta,2015,142.71
grenada,2015,138.62
gambia,2015,135.42
liechtenstein,2015,134.78
india,2015,132.29
cook islands,2015,127.5
american samoa,2015,127.5
samoa,2015,127.5
malaysia,2015,127.39
timor-leste,2015,127.08
comoros,2015,120.3
puerto rico,2015,120.2
yemen,2015,119.02
mauritius,2015,118.61
dominica,2015,106.9
us virgin islands,2015,87.98
laos,2015,87.56
indonesia,2015,84.49
cambodia,2015,83.24
new caledonia,2015,80.24
chinese taipei,2015,77.7
myanmar,2015,154.68
korea dpr,2015,330.23
tonga,2015,0.0
honduras,2015,337.59
algeria,2015,845.37
ukraine,2015,841.57
northern ireland,2015,824.83
republic of ireland,2015,809.57
united states,2015,784.45
ghana,2015,777.58
poland,2015,776.01
sweden,2015,771.18
iceland,2015,760.56
costa rica,2015,759.16
czech republic,2015,860.05
albania,2015,746.21
tunisia,2015,710.54
greece,2015,706.08
denmark,2015,685.32
finland,2015,663.41
senegal,2015,660.73
iran,2015,653.34
paraguay,2015,647.27
peru,2015,644.0
congo,2015,637.62
trinidad and tobago,2015,628.03
cape verde islands,2015,745.03
slovakia,2015,860.21
france,2015,867.73
russia,2015,895.44
belgium,2015,1493.77
argentina,2015,1455.47
spain,2015,1369.63
germany,2015,1347.15
chile,2015,1273.02
brazil,2015,1251.46
portugal,2015,1219.13
colombia,2015,1211.38
england,2015,1105.71
austria,2015,1090.67
uruguay,2015,1073.69
switzerland,2015,1049.59
ecuador,2015,1039.69
netherlands,2015,994.38
italy,2015,990.53
romania,2015,980.48
wales,2015,974.35
croatia,2015,957.56
ivory coast,2015,950.07
hungary,2015,944.53
turkey,2015,933.43
bosnia and herzegovina,2015,898.09
mexico,2015,897.6
guinea,2015,620.68
south korea,2015,616.95
oman,2015,332.7
japan,2015,606.8
libya,2015,426.8
antigua and barbuda,2015,408.75
venezuela,2015,408.43
china pr,2015,405.16
montenegro,2015,403.36
qatar,2015,400.97
jordan,2015,398.61
canada,2015,388.05
burkina faso,2015,381.48
cuba,2015,377.26
saudi arabia,2015,432.21
nicaragua,2015,369.52
guatemala,2015,368.5
botswana,2015,363.99
togo,2015,363.19
faroe islands,2015,357.36
kenya,2015,344.62
el salvador,2015,343.72
niger,2015,338.61
rwanda,2015,338.16
latvia,2015,338.05
scotland,2015,608.77
estonia,2015,368.79
cyprus,2015,441.05
iraq,2015,380.78
haiti,2015,467.36
benin,2015,460.74
jamaica,2015,590.69
serbia,2015,589.54
australia,2015,585.15
egypt,2015,584.83
cameroon,2015,583.06
congo dr,2015,580.21
mali,2015,551.58
uganda,2015,549.75
panama,2015,543.94
united arab emirates,2015,542.62
slovenia,2015,564.99
norway,2015,590.81
gabon,2015,467.7
nigeria,2015,540.85
uzbekistan,2015,470.32
zambia,2015,480.84
south africa,2015,486.87
morocco,2015,469.42
equatorial guinea,2015,498.14
israel,2015,498.46
bolivia,2015,500.38
belarus,2015,514.45
bulgaria,2015,494.37
angola,2016,198.64
india,2016,216.95
sudan,2016,216.71
el salvador,2016,216.34
burundi,2016,212.67
hong kong,2016,209.51
comoros,2016,204.72
lesotho,2016,201.69
turkmenistan,2016,199.99
puerto rico,2016,193.84
tanzania,2016,153.61
afghanistan,2016,189.17
lebanon,2016,185.54
yemen,2016,184.14
tahiti,2016,183.52
suriname,2016,182.5
cuba,2016,180.02
chad,2016,179.39
são tomé e príncipe,2016,177.22
maldives,2016,174.35
barbados,2016,163.09
vietnam,2016,217.75
mauritius,2016,191.48
madagascar,2016,219.73
mauritania,2016,316.8
palestine,2016,228.91
chinese taipei,2016,153.11
new zealand,2016,310.82
gabon,2016,308.36
latvia,2016,303.61
ethiopia,2016,296.23
botswana,2016,295.52
equatorial guinea,2016,292.82
cyprus,2016,290.27
estonia,2016,284.64
canada,2016,281.51
georgia,2016,280.94
iraq,2016,277.57
philippines,2016,272.68
oman,2016,272.08
kyrgyz republic,2016,265.27
bahrain,2016,263.64
nicaragua,2016,261.86
korea dpr,2016,257.29
thailand,2016,253.82
niger,2016,246.22
dominican republic,2016,241.65
tajikistan,2016,231.14
luxembourg,2016,229.91
guyana,2016,220.78
grenada,2016,149.58
macau,2016,81.86
aruba,2016,146.94
liechtenstein,2016,75.27
brunei darussalam,2016,74.38
timor-leste,2016,64.0
american samoa,2016,63.75
cook islands,2016,63.75
samoa,2016,63.75
sri lanka,2016,44.14
us virgin islands,2016,43.99
pakistan,2016,39.64
mongolia,2016,38.3
montserrat,2016,30.42
cayman islands,2016,21.25
turks and caicos islands,2016,19.8
san marino,2016,16.63
andorra,2016,11.68
british virgin islands,2016,10.62
anguilla,2016,0.0
bahamas,2016,0.0
djibouti,2016,0.0
eritrea,2016,0.0
gibraltar,2016,0.0
somalia,2016,0.0
mozambique,2016,319.47
solomon islands,2016,76.5
myanmar,2016,148.23
bermuda,2016,76.96
bangladesh,2016,80.79
malaysia,2016,143.4
fyr macedonia,2016,142.19
belize,2016,140.82
moldova,2016,137.65
kosovo,2016,134.74
singapore,2016,134.58
laos,2016,133.94
new caledonia,2016,123.0
south sudan,2016,122.66
papua new guinea,2016,121.76
kuwait,2016,119.77
indonesia,2016,119.77
cambodia,2016,118.12
dominica,2016,112.86
gambia,2016,106.29
vanuatu,2016,106.25
st lucia,2016,103.16
bhutan,2016,102.71
fiji,2016,102.0
st vincent and the grenadines,2016,101.65
nepal,2016,96.49
guam,2016,88.99
malta,2016,85.13
seychelles,2016,77.67
tonga,2016,0.0
lithuania,2016,323.87
central african republic,2016,325.2
united states,2016,822.0
iran,2016,814.49
ukraine,2016,803.65
austria,2016,773.49
northern ireland,2016,767.31
senegal,2016,754.74
ivory coast,2016,746.44
tunisia,2016,737.54
egypt,2016,718.83
south korea,2016,699.47
hungary,2016,826.32
algeria,2016,692.49
paraguay,2016,683.6
sweden,2016,675.35
greece,2016,674.34
czech republic,2016,671.35
serbia,2016,646.93
japan,2016,644.3
denmark,2016,643.11
australia,2016,641.49
congo dr,2016,638.43
albania,2016,617.93
romania,2016,689.55
slovakia,2016,837.07
turkey,2016,850.58
republic of ireland,2016,857.64
jordan,2016,323.93
argentina,2016,1634.02
brazil,2016,1544.05
germany,2016,1432.54
chile,2016,1403.96
belgium,2016,1367.77
colombia,2016,1344.7
france,2016,1305.41
portugal,2016,1229.12
uruguay,2016,1187.31
spain,2016,1165.66
switzerland,2016,1128.75
wales,2016,1120.86
england,2016,1114.45
croatia,2016,1103.27
poland,2016,1086.72
italy,2016,1082.6
costa rica,2016,1040.55
mexico,2016,1012.0
peru,2016,965.37
ecuador,2016,890.45
iceland,2016,889.28
netherlands,2016,887.14
burkina faso,2016,617.37
nigeria,2016,615.68
bosnia and herzegovina,2016,825.47
ghana,2016,611.1
st kitts and nevis,2016,442.64
china pr,2016,426.52
faroe islands,2016,422.49
norway,2016,421.95
libya,2016,417.45
armenia,2016,412.05
qatar,2016,411.0
zambia,2016,400.56
kenya,2016,394.51
azerbaijan,2016,386.15
togo,2016,385.32
rwanda,2016,373.15
antigua and barbuda,2016,370.44
finland,2016,367.62
bolivia,2016,358.52
sierra leone,2016,355.23
syria,2016,354.88
kazakhstan,2016,354.28
namibia,2016,346.85
swaziland,2016,342.91
liberia,2016,338.19
zimbabwe,2016,334.3
slovenia,2016,615.53
cape verde islands,2016,442.66
guatemala,2016,450.36
malawi,2016,329.76
jamaica,2016,463.27
trinidad and tobago,2016,451.5
israel,2016,594.72
russia,2016,591.98
morocco,2016,586.71
panama,2016,584.11
venezuela,2016,580.98
mali,2016,569.25
south africa,2016,569.12
uzbekistan,2016,562.91
montenegro,2016,549.38
united arab emirates,2016,541.92
cameroon,2016,534.37
saudi arabia,2016,605.09
scotland,2016,524.11
guinea-bissau,2016,515.46
guinea,2016,507.48
congo,2016,504.11
bulgaria,2016,491.98
uganda,2016,490.48
haiti,2016,489.26
belarus,2016,469.76
honduras,2016,467.42
curaçao,2016,466.63
benin,2016,531.39
hong kong,2017,188.99
sudan,2017,220.94
kazakhstan,2017,220.1
andorra,2017,214.8
antigua and barbuda,2017,209.46
myanmar,2017,202.71
angola,2017,200.6
burundi,2017,197.2
ethiopia,2017,195.95
lesotho,2017,188.37
vanuatu,2017,140.84
tanzania,2017,182.47
afghanistan,2017,181.11
lithuania,2017,178.96
botswana,2017,172.31
solomon islands,2017,152.36
tahiti,2017,148.75
south sudan,2017,147.69
new caledonia,2017,145.68
maldives,2017,143.92
barbados,2017,143.76
chinese taipei,2017,223.27
equatorial guinea,2017,187.27
liberia,2017,223.73
niger,2017,309.39
latvia,2017,233.01
belize,2017,134.94
mozambique,2017,304.05
st kitts and nevis,2017,303.41
vietnam,2017,298.08
rwanda,2017,294.83
turkmenistan,2017,291.69
bahrain,2017,282.39
kyrgyz republic,2017,282.39
azerbaijan,2017,281.31
namibia,2017,274.35
nicaragua,2017,272.99
yemen,2017,268.05
new zealand,2017,267.31
togo,2017,266.2
central african republic,2017,265.63
philippines,2017,262.9
malawi,2017,259.71
tajikistan,2017,255.32
korea dpr,2017,255.06
suriname,2017,245.22
guatemala,2017,242.49
thailand,2017,236.38
comoros,2017,234.61
swaziland,2017,225.27
mauritius,2017,133.61
macau,2017,65.38
grenada,2017,124.62
brunei darussalam,2017,45.48
timor-leste,2017,43.75
seychelles,2017,43.33
guam,2017,42.62
american samoa,2017,38.25
cook islands,2017,38.25
samoa,2017,38.25
bangladesh,2017,37.08
us virgin islands,2017,26.39
montserrat,2017,19.58
sri lanka,2017,16.24
pakistan,2017,15.25
turks and caicos islands,2017,13.2
cayman islands,2017,12.75
san marino,2017,11.09
british virgin islands,2017,6.38
anguilla,2017,0.0
bahamas,2017,0.0
eritrea,2017,0.0
gibraltar,2017,0.0
somalia,2017,0.0
tonga,2017,0.0
madagascar,2017,309.49
kuwait,2017,52.3
papua new guinea,2017,125.91
bhutan,2017,54.54
djibouti,2017,63.75
indonesia,2017,121.27
dominican republic,2017,120.56
gambia,2017,119.52
guyana,2017,117.41
puerto rico,2017,111.53
moldova,2017,110.7
fiji,2017,110.15
chad,2017,109.82
dominica,2017,109.55
nepal,2017,101.72
singapore,2017,101.02
cambodia,2017,99.7
malaysia,2017,99.08
st vincent and the grenadines,2017,98.58
st lucia,2017,98.56
kosovo,2017,97.49
são tomé e príncipe,2017,94.48
aruba,2017,91.5
cuba,2017,90.96
liechtenstein,2017,86.1
laos,2017,82.31
bermuda,2017,71.67
malta,2017,65.87
mongolia,2017,55.25
jordan,2017,312.92
kenya,2017,317.02
india,2017,319.67
austria,2017,815.41
paraguay,2017,812.11
egypt,2017,805.32
republic of ireland,2017,798.06
iran,2017,797.79
scotland,2017,797.76
ukraine,2017,781.25
serbia,2017,755.6
bosnia and herzegovina,2017,752.52
australia,2017,747.35
slovakia,2017,816.92
congo dr,2017,740.01
romania,2017,736.67
turkey,2017,735.28
bulgaria,2017,718.88
burkina faso,2017,704.69
cameroon,2017,695.58
montenegro,2017,681.41
greece,2017,679.66
czech republic,2017,676.87
bolivia,2017,673.94
ghana,2017,657.47
morocco,2017,737.91
tunisia,2017,838.34
costa rica,2017,849.67
northern ireland,2017,866.92
brazil,2017,1482.53
portugal,2017,1357.89
argentina,2017,1348.36
belgium,2017,1325.29
spain,2017,1230.83
poland,2017,1208.96
switzerland,2017,1190.44
france,2017,1183.3
chile,2017,1161.85
peru,2017,1128.12
denmark,2017,1098.82
colombia,2017,1077.6
italy,2017,1052.49
england,2017,1046.98
mexico,2017,1032.32
croatia,2017,1017.91
sweden,2017,997.82
wales,2017,984.56
netherlands,2017,952.49
uruguay,2017,924.02
iceland,2017,909.55
senegal,2017,883.91
united states,2017,867.03
nigeria,2017,639.67
venezuela,2017,639.11
germany,2017,1601.91
jamaica,2017,625.38
benin,2017,427.46
luxembourg,2017,407.47
curaçao,2017,406.5
lebanon,2017,403.87
guinea-bissau,2017,403.25
trinidad and tobago,2017,401.67
libya,2017,399.01
estonia,2017,396.53
armenia,2017,382.62
belarus,2017,372.25
gabon,2017,369.93
canada,2017,369.4
faroe islands,2017,363.64
congo,2017,362.0
sierra leone,2017,359.7
israel,2017,355.18
mauritania,2017,353.96
el salvador,2017,351.82
oman,2017,351.32
qatar,2017,328.69
zimbabwe,2017,323.17
georgia,2017,321.71
hungary,2017,630.01
south africa,2017,432.79
palestine,2017,433.67
cyprus,2017,373.47
uzbekistan,2017,440.57
iraq,2017,437.62
haiti,2017,607.18
japan,2017,599.57
algeria,2017,588.29
norway,2017,573.29
south korea,2017,569.73
ivory coast,2017,561.78
saudi arabia,2017,543.38
russia,2017,533.51
guinea,2017,531.52
finland,2017,531.42
albania,2017,552.62
honduras,2017,525.21
syria,2017,442.0
cape verde islands,2017,529.65
uganda,2017,448.19
zambia,2017,467.66
united arab emirates,2017,476.21
fyr macedonia,2017,445.65
china pr,2017,497.76
ecuador,2017,508.29
slovenia,2017,521.72
panama,2017,620.91
mali,2017,493.23
st kitts and nevis,2018,218.06
rwanda,2018,216.13
angola,2018,209.08
myanmar,2018,205.52
botswana,2018,204.52
tanzania,2018,200.32
kosovo,2018,197.2
hong kong,2018,195.06
equatorial guinea,2018,189.97
solomon islands,2018,189.91
south sudan,2018,131.82
guatemala,2018,179.79
lesotho,2018,175.48
burundi,2018,174.16
comoros,2018,171.66
maldives,2018,171.42
ethiopia,2018,165.84
dominican republic,2018,162.4
suriname,2018,154.19
new caledonia,2018,149.6
mauritius,2018,140.37
swaziland,2018,222.13
afghanistan,2018,187.6
yemen,2018,227.43
guinea-bissau,2018,255.11
andorra,2018,228.81
korea dpr,2018,303.11
central african republic,2018,303.08
jordan,2018,296.18
sierra leone,2018,292.16
kenya,2018,290.83
bahrain,2018,289.25
mozambique,2018,281.55
philippines,2018,280.02
namibia,2018,277.06
kazakhstan,2018,272.85
nicaragua,2018,227.69
zimbabwe,2018,264.59
new zealand,2018,255.78
thailand,2018,248.21
malawi,2018,247.19
chinese taipei,2018,246.74
togo,2018,241.13
lithuania,2018,239.38
antigua and barbuda,2018,239.34
sudan,2018,232.17
latvia,2018,230.04
turkmenistan,2018,229.36
tajikistan,2018,263.65
tahiti,2018,129.62
eritrea,2018,0.0
kuwait,2018,128.48
são tomé e príncipe,2018,50.54
seychelles,2018,48.47
aruba,2018,48.45
guam,2018,44.96
timor-leste,2018,44.86
american samoa,2018,38.25
cook islands,2018,38.25
bangladesh,2018,34.76
gibraltar,2018,34.16
brunei darussalam,2018,34.0
djibouti,2018,31.88
samoa,2018,31.88
us virgin islands,2018,17.6
sri lanka,2018,16.76
pakistan,2018,10.17
cayman islands,2018,8.5
san marino,2018,7.92
british virgin islands,2018,4.25
montserrat,2018,4.25
turks and caicos islands,2018,0.0
anguilla,2018,0.0
bahamas,2018,0.0
mauritania,2018,304.17
mongolia,2018,51.0
liberia,2018,129.08
macau,2018,60.11
bhutan,2018,68.0
barbados,2018,127.07
nepal,2018,118.47
vanuatu,2018,116.83
belize,2018,115.31
indonesia,2018,111.49
fiji,2018,103.65
cambodia,2018,103.2
papua new guinea,2018,102.67
grenada,2018,101.53
singapore,2018,98.85
st lucia,2018,94.94
malaysia,2018,93.04
gambia,2018,91.94
st vincent and the grenadines,2018,88.6
puerto rico,2018,88.59
chad,2018,87.98
moldova,2018,87.81
dominica,2018,86.07
bermuda,2018,81.64
laos,2018,81.58
liechtenstein,2018,79.76
cuba,2018,74.88
guyana,2018,73.41
malta,2018,65.11
madagascar,2018,307.7
norway,2018,595.99
haiti,2018,321.93
senegal,2018,837.98
slovakia,2018,804.36
northern ireland,2018,803.22
romania,2018,781.66
republic of ireland,2018,777.11
paraguay,2018,773.18
venezuela,2018,754.55
serbia,2018,750.75
ukraine,2018,732.77
australia,2018,718.33
austria,2018,844.7
iran,2018,708.35
congo dr,2018,705.87
bosnia and herzegovina,2018,692.93
morocco,2018,685.86
scotland,2018,659.61
montenegro,2018,651.58
greece,2018,649.82
egypt,2018,649.43
czech republic,2018,640.7
ghana,2018,623.69
nigeria,2018,617.79
turkey,2018,706.39
united states,2018,872.68
sweden,2018,879.9
costa rica,2018,884.04
somalia,2018,0.0
germany,2018,1558.49
brazil,2018,1430.57
belgium,2018,1298.32
portugal,2018,1273.69
argentina,2018,1241.45
switzerland,2018,1198.72
france,2018,1198.13
poland,2018,1182.61
chile,2018,1134.66
spain,2018,1125.5
peru,2018,1125.39
denmark,2018,1051.44
england,2018,1050.84
uruguay,2018,1018.41
mexico,2018,989.44
colombia,2018,985.97
netherlands,2018,980.98
wales,2018,953.46
italy,2018,951.25
croatia,2018,945.18
tunisia,2018,909.91
iceland,2018,908.01
bulgaria,2018,614.39
cameroon,2018,613.88
hungary,2018,611.82
burkina faso,2018,604.15
curaçao,2018,408.27
uganda,2018,402.91
congo,2018,393.04
oman,2018,391.06
gabon,2018,389.96
luxembourg,2018,389.95
cyprus,2018,383.53
benin,2018,378.77
iraq,2018,376.7
faroe islands,2018,375.91
trinidad and tobago,2018,369.54
kyrgyz republic,2018,362.71
israel,2018,361.87
estonia,2018,359.41
uzbekistan,2018,353.91
georgia,2018,351.51
india,2018,349.92
qatar,2018,347.59
palestine,2018,347.07
armenia,2018,338.21
libya,2018,335.87
vietnam,2018,334.37
niger,2018,323.36
canada,2018,410.93
azerbaijan,2018,321.48
lebanon,2018,411.49
united arab emirates,2018,417.66
jamaica,2018,588.13
panama,2018,571.17
slovenia,2018,558.05
south korea,2018,543.67
albania,2018,537.79
bolivia,2018,536.08
ecuador,2018,523.85
japan,2018,520.75
honduras,2018,503.3
finland,2018,486.43
mali,2018,483.7
cape verde islands,2018,477.77
algeria,2018,473.83
saudi arabia,2018,465.28
ivory coast,2018,463.4
guinea,2018,462.98
russia,2018,456.53
fyr macedonia,2018,451.3
el salvador,2018,441.53
syria,2018,439.65
south africa,2018,427.68
china pr,2018,423.09
zambia,2018,420.31
belarus,2018,417.42
tonga,2018,0.0
